{"type":"FeatureCollection","bbox":[9.836593103560764,45.20471733836376,10.840150472097324,46.354653278740976], "features": [
{"type":"Feature","geometry":{"type":"Polygon","coordinates":[[[10.428392886366547,45.32075198451128],[10.430791677694106,45.31527141554331],[10.431212016255833,45.314230995156876],[10.43153780442254,45.31298466902245],[10.4308911349588,45.312128640117585],[10.430644587509994,45.31195411238316],[10.430565272423035,45.311897983668814],[10.429904067058258,45.31142994555618],[10.429338944162128,45.31077091416776],[10.428609025234257,45.309645862034515],[10.428090196429602,45.3087972323664],[10.425735505926331,45.30493800913847],[10.424903517115535,45.30278806664385],[10.424750630801485,45.302285890839556],[10.424383399757076,45.30035515938066],[10.424359285620755,45.29939231108395],[10.424420923204764,45.29879745906506],[10.42465249874404,45.29785842802185],[10.425091799207616,45.29655675663249],[10.422220904655083,45.29548536231387],[10.42019255219073,45.29495252793009],[10.418399978530845,45.2946687508675],[10.417580997469202,45.294603880554604],[10.416828228161396,45.29454424987771],[10.416426312871033,45.29455538025951],[10.416160668628686,45.29456274630933],[10.407817265981876,45.29271139366078],[10.401844383076027,45.28787010690251],[10.398362084962486,45.28575245174133],[10.397050438050744,45.285729992244825],[10.395006175105943,45.289235497066194],[10.394686371130579,45.28956806496126],[10.394604096745264,45.289652235457496],[10.394027325474038,45.29008025062467],[10.393774578960151,45.29022941195496],[10.393277858772112,45.29048151125321],[10.391466558534983,45.29125342962533],[10.389886156371228,45.29189662324903],[10.388650377960001,45.292363622245794],[10.38559035047748,45.29576101973175],[10.38576082562331,45.29665611078405],[10.385933624379792,45.29727991365835],[10.386162736006963,45.297945028161074],[10.386442997357452,45.29845470470992],[10.390851258821895,45.303999974167276],[10.394587150158069,45.308525921344014],[10.394716735004785,45.30869924616874],[10.394871754706555,45.30898737987029],[10.394885911717683,45.309315895348426],[10.394872603368428,45.309371929984884],[10.394847307540829,45.309465356392224],[10.394776231562313,45.30972785472639],[10.394672430900238,45.310061807513534],[10.394399463690991,45.31049740011147],[10.393235422139961,45.311937781157965],[10.39245875039486,45.312833785350136],[10.39162766226582,45.313748828244194],[10.392417305271248,45.31691458226533],[10.398021760916581,45.31729159871715],[10.39825285091785,45.31749692252922],[10.39994149118636,45.32014139686202],[10.400663678810437,45.32140644370736],[10.40142747044259,45.32376637862231],[10.40321512101407,45.32318477512333],[10.411588044175796,45.32267743156151],[10.413253848405919,45.32262543103122],[10.421056018863867,45.321914482799926],[10.428392886366547,45.32075198451128]]]},"properties":{"name":"Acquafredda","op_id":"2300","minint_elettorale":"1030150010","minint_finloc":"1030150010","prov_name":"Brescia","prov_istat_code":"017","prov_istat_code_num":17,"prov_acr":"BS","reg_name":"Lombardia","reg_istat_code":"03","reg_istat_code_num":3,"opdm_id":"2014","com_catasto_code":"A034","com_istat_code":"017001","com_istat_code_num":17001}},
{"type":"Feature","geometry":{"type":"Polygon","coordinates":[[[10.007640857215874,45.61131228306319],[10.000986164061967,45.59968386307136],[9.99721320125219,45.597885678094734],[9.989468692651695,45.60441435647963],[9.989044736687195,45.60512860450591],[9.98893466064173,45.60526810086237],[9.986894509553478,45.606939947876],[9.985791372278166,45.60771004804281],[9.98397289977247,45.60897597343459],[9.97643346463614,45.61364595147481],[9.976123281708947,45.61370602874786],[9.973183782498545,45.61304590089288],[9.971649001314224,45.612696847625486],[9.971958731498038,45.612318097528885],[9.973034114701896,45.610957111366304],[9.973355116217393,45.61036212066227],[9.973892735470264,45.60906691370168],[9.973909343476778,45.60897519604494],[9.966776225696183,45.60805555475408],[9.955089653411289,45.606832331063444],[9.948285697652148,45.604025955165135],[9.946600213592761,45.604048430927755],[9.94217138594324,45.604736799800655],[9.936032036341592,45.607259978771765],[9.932874242637098,45.60856747961283],[9.930517858326397,45.609423547666445],[9.929754355721418,45.615323445132915],[9.934485431333867,45.618274144559805],[9.935950581550383,45.61905998825805],[9.937905374060156,45.62140238729083],[9.945615007762507,45.62783065629825],[9.94703580671442,45.63229328600179],[9.948544477413545,45.63377456176889],[9.950397282026623,45.635523528508116],[9.952673395219213,45.63763237801928],[9.95444900553773,45.63878464714047],[9.96122798862277,45.64191770098036],[9.961650194064873,45.64207106984873],[9.96205730951886,45.64221234096746],[9.962215230388555,45.64224960688756],[9.96323364674616,45.64248305016297],[9.963629914085764,45.64257273276409],[9.964339410111801,45.6426710213608],[9.973694384070038,45.64558180253491],[9.977971572986254,45.647130976954095],[9.97893070366871,45.64667067188993],[9.976402060055214,45.642838959451026],[9.974692621368964,45.64138387587176],[9.97944646533981,45.633001066132834],[9.979726564891255,45.63209084244847],[9.97923722031729,45.62933837323404],[9.978626295191404,45.6262787412497],[9.977982558644864,45.62349777624748],[9.979672398454062,45.62163124803261],[9.98274559720594,45.62020623425835],[9.987561537892233,45.61914064160069],[9.990167771094981,45.61878372085703],[9.991325792735076,45.61874938341818],[9.991472329598844,45.61874525832176],[9.991633215342691,45.61874671509348],[9.99178408226649,45.618756836554674],[9.991932985643464,45.61877125933134],[9.992075822148399,45.61878859691406],[9.992198381370635,45.6188103949115],[9.992427338678766,45.61886127769401],[9.99945018368757,45.61346615277328],[10.001650090723066,45.6128652174262],[10.003611269967056,45.612330122805744],[10.007640857215874,45.61131228306319]]]},"properties":{"name":"Adro","op_id":"2301","minint_elettorale":"1030150020","minint_finloc":"1030150020","prov_name":"Brescia","prov_istat_code":"017","prov_istat_code_num":17,"prov_acr":"BS","reg_name":"Lombardia","reg_istat_code":"03","reg_istat_code_num":3,"opdm_id":"2015","com_catasto_code":"A060","com_istat_code":"017002","com_istat_code_num":17002}},
{"type":"Feature","geometry":{"type":"Polygon","coordinates":[[[10.373076622378429,45.650044117222194],[10.372880149927472,45.64857514868325],[10.372408765838566,45.63700786916222],[10.373998572253782,45.63031395508583],[10.372502110711196,45.62736872353218],[10.371112123637609,45.62683499813163],[10.361181424105261,45.623322208980674],[10.360033854678226,45.62227133334608],[10.359732659617869,45.6219813410965],[10.359146396924245,45.62106384458309],[10.35918881379338,45.61945014525042],[10.359274707369618,45.61896044092181],[10.359440281423444,45.61806113378688],[10.355735064853455,45.61796189503185],[10.35427738293066,45.618229145422575],[10.352755963271106,45.62021592742114],[10.352684116564273,45.62034634674274],[10.352433595855375,45.62087469242366],[10.352321091947,45.62126482244382],[10.352588322600237,45.62251762267241],[10.341896896521721,45.63045867981134],[10.324017464655988,45.63803756094313],[10.322104270336553,45.63855396478215],[10.32290371708308,45.63924638338938],[10.323031264147028,45.639363417310996],[10.323110843759746,45.63945821178737],[10.323155551476082,45.63951937751774],[10.323210790546934,45.63962236572687],[10.32318829097903,45.64018677981114],[10.322753719064304,45.642494556308925],[10.321513200213719,45.64332487025375],[10.321365153837524,45.643416043513554],[10.320131605248676,45.64414547794483],[10.318050180623088,45.64536573297584],[10.318008154222131,45.64683646085442],[10.318203426358531,45.649718301338545],[10.318505477993462,45.65063300189076],[10.31972641424434,45.65302476489593],[10.327243544474724,45.65062028254649],[10.327623344796182,45.654255223939835],[10.33305617552594,45.66038623095103],[10.333723193496528,45.66077462074045],[10.335835377994925,45.661560373841944],[10.33588364962213,45.66157034939959],[10.33593573251166,45.66157217952217],[10.336757585601399,45.66147859477236],[10.337183951948878,45.66138860847277],[10.337304753830592,45.661341604507015],[10.338834452267823,45.660688399213164],[10.339127377946523,45.66048221939624],[10.339465251858387,45.66021889585864],[10.339803945023505,45.65990933289322],[10.339832370294678,45.659875146955606],[10.341394011354177,45.659079452704226],[10.348014667488993,45.65910348028641],[10.349380571698317,45.65912336793126],[10.357132436679906,45.66026470232336],[10.364083290072339,45.6616736308536],[10.367608767195353,45.65887667478106],[10.372200565052301,45.65194467559192],[10.373076622378429,45.650044117222194]]]},"properties":{"name":"Agnosine","op_id":"2302","minint_elettorale":"1030150030","minint_finloc":"1030150030","prov_name":"Brescia","prov_istat_code":"017","prov_istat_code_num":17,"prov_acr":"BS","reg_name":"Lombardia","reg_istat_code":"03","reg_istat_code_num":3,"opdm_id":"2016","com_catasto_code":"A082","com_istat_code":"017003","com_istat_code_num":17003}},
{"type":"Feature","geometry":{"type":"Polygon","coordinates":[[[10.175640668445661,45.284407015291784],[10.176534696348531,45.26840300697303],[10.173401884493579,45.26302248377396],[10.16009624773895,45.25496261183367],[10.152407884667461,45.250745469785166],[10.151794088682701,45.24880250359361],[10.152661838921647,45.24629535058811],[10.15360652623796,45.24317937574733],[10.153844343599593,45.239585538889564],[10.144991949355076,45.24325160492489],[10.14305875564279,45.24189966267902],[10.142337891600171,45.241792946701814],[10.141365505085062,45.241842637216216],[10.141243247013804,45.24184889183495],[10.136410686488551,45.242950260234565],[10.135279116025258,45.243218518429764],[10.13482542527692,45.24332607936586],[10.133126453734151,45.24374804766552],[10.132231017689394,45.244059127349445],[10.132101509976298,45.24410925821112],[10.12591014690203,45.24680256168672],[10.12503160056422,45.24837018453617],[10.125043732305139,45.24990438738972],[10.127238756154373,45.250276406411274],[10.130911942298427,45.253365776293],[10.131496718944362,45.254117652268036],[10.131817515970234,45.25458381350059],[10.132112725220601,45.25511529056567],[10.132220587190151,45.25531110282744],[10.134063117282803,45.2587598779816],[10.134288565728943,45.25918270020639],[10.134188101627911,45.2597086672301],[10.133183051598651,45.263392725593775],[10.131002229788498,45.26818308879937],[10.130220459147104,45.27029949903433],[10.129155469006067,45.27327372477379],[10.129208887342216,45.27403824824954],[10.129299043184167,45.27509094259276],[10.131203571580532,45.28181734090163],[10.135483037778682,45.28368953026024],[10.136688892726399,45.28365007341556],[10.136811242025262,45.283778947832865],[10.137739915724975,45.286345600410044],[10.13791666732669,45.28912732410137],[10.137969869380312,45.29024319399898],[10.137980416900247,45.29082094806575],[10.138104826096718,45.29084109582137],[10.13816561922572,45.29084034233054],[10.138311953379736,45.29083852736764],[10.141054328204564,45.29061561137872],[10.143723923333143,45.290385455115455],[10.145592102125592,45.290204415299],[10.14613547674055,45.29007489577934],[10.154920009412244,45.28471603318106],[10.157155994914909,45.28092951358067],[10.164452953442327,45.280096831357696],[10.171423968156807,45.279621748612264],[10.171598571184639,45.28123071714833],[10.171969748834432,45.28316142818465],[10.172611919253152,45.28419162461153],[10.175640668445661,45.284407015291784]]]},"properties":{"name":"Alfianello","op_id":"2303","minint_elettorale":"1030150040","minint_finloc":"1030150040","prov_name":"Brescia","prov_istat_code":"017","prov_istat_code_num":17,"prov_acr":"BS","reg_name":"Lombardia","reg_istat_code":"03","reg_istat_code_num":3,"opdm_id":"2017","com_catasto_code":"A188","com_istat_code":"017004","com_istat_code_num":17004}},
{"type":"Feature","geometry":{"type":"Polygon","coordinates":[[[10.519712402400867,45.80144764415514],[10.515721643916907,45.79593775185262],[10.51340403257935,45.79226029537386],[10.511403868722127,45.78871358362125],[10.511368162422452,45.78864204995285],[10.511338887013059,45.78857044019137],[10.511213274857935,45.788207580176724],[10.51106965570963,45.78777295210396],[10.51104841898932,45.78770122692267],[10.510683690186804,45.78646398157977],[10.51066727722897,45.78639219252095],[10.510687716974324,45.786315415722825],[10.510749859609925,45.78617509105482],[10.510794442671456,45.786099771685635],[10.510833008753327,45.786038979904745],[10.512613486578763,45.78325670975662],[10.513486735417134,45.781359508974504],[10.511808389641546,45.7717421424878],[10.502978253212055,45.76364576666252],[10.49537918588009,45.75851625777013],[10.48939804195301,45.75497930693854],[10.484597792036684,45.7553550483633],[10.484081936690226,45.75542327741188],[10.47921931721995,45.757932555895856],[10.477018339730698,45.76201569793988],[10.474757278277544,45.76615418711828],[10.474047301116975,45.766573120762324],[10.468086194786522,45.77003573046351],[10.467887550133767,45.77008426820771],[10.4675116212476,45.77017050133058],[10.46431781089705,45.770824061611755],[10.46244464834894,45.77113070920417],[10.460283705921917,45.7714746771024],[10.458806990918948,45.771635307150085],[10.455019086088276,45.77126683616658],[10.45267771674742,45.77099205726209],[10.451041052005051,45.77087527258621],[10.444107066628302,45.77211693196069],[10.442743362184666,45.77252858633911],[10.441444660476881,45.77333626641012],[10.44132355017292,45.77342412999381],[10.44124011690744,45.773487684047254],[10.441087679406966,45.77368012658952],[10.440639637156382,45.77449029408646],[10.440861280761125,45.77490816783958],[10.443169637965353,45.77923415966647],[10.44101957158238,45.78673352714366],[10.439535376091118,45.78752382947186],[10.438963209663783,45.78790921382339],[10.438726054401148,45.78821702040128],[10.437674025504146,45.79123674104003],[10.437615246291527,45.79290462626447],[10.437977376257571,45.79643952011198],[10.43990775560637,45.79654095697024],[10.445967384001838,45.79749950630305],[10.456876898875825,45.79988108812507],[10.464756466051487,45.80004134259135],[10.467623290862981,45.79846543392872],[10.468995753416541,45.797808744267456],[10.484004489372744,45.804293268671636],[10.491143455347627,45.80753956454597],[10.495792604242235,45.81053899787019],[10.497190992279753,45.81133075804008],[10.500261786232842,45.81256859646148],[10.50226296257224,45.81184024482299],[10.503853606230674,45.811162258648544],[10.50463870033868,45.81068387840152],[10.505258480496893,45.810279692239654],[10.505700065563055,45.809949851052856],[10.509318077047867,45.80667077274633],[10.519712402400867,45.80144764415514]]]},"properties":{"name":"Anfo","op_id":"2304","minint_elettorale":"1030150050","minint_finloc":"1030150050","prov_name":"Brescia","prov_istat_code":"017","prov_istat_code_num":17,"prov_acr":"BS","reg_name":"Lombardia","reg_istat_code":"03","reg_istat_code_num":3,"opdm_id":"2018","com_catasto_code":"A288","com_istat_code":"017005","com_istat_code_num":17005}},
{"type":"Feature","geometry":{"type":"Polygon","coordinates":[[[10.114474575831775,45.93780705740812],[10.114473518735634,45.93810963828852],[10.11965491948214,45.9366307202993],[10.12567976634037,45.9373005634591],[10.126273592981816,45.937321716969585],[10.126775677967359,45.937271752811355],[10.128421061285724,45.93698551074675],[10.129036490587643,45.93679941608231],[10.129574858954504,45.93663208540749],[10.13244842963628,45.935847593265294],[10.13487882187461,45.935472462775444],[10.139062741342315,45.935061823563586],[10.142142475751381,45.93490507253891],[10.145384802787492,45.9357546498014],[10.145931112747375,45.935974201069534],[10.146333336863337,45.93608715959166],[10.14739626905036,45.93633750110419],[10.147966515571827,45.93646679454911],[10.149039776313488,45.9365910099783],[10.149698447914552,45.93662937803194],[10.15013714714028,45.93663395823379],[10.15074330439255,45.93662785532967],[10.151465361476253,45.93661158622543],[10.152134875326443,45.936550829054724],[10.153821406729902,45.93638981313982],[10.154529262707229,45.93631066454939],[10.155246242345275,45.93605140297545],[10.155612584945384,45.93567867164052],[10.157823102510868,45.933424198619356],[10.159073031149486,45.932124448371674],[10.159182518733912,45.93180833877128],[10.159216710727351,45.93159197696171],[10.159206773664271,45.931115051628794],[10.159145820211096,45.930665648936646],[10.158994972910424,45.93023514914463],[10.158788755681226,45.929004189290055],[10.158712271401667,45.928428935608856],[10.15872870259039,45.92797874773345],[10.158783610377954,45.92751915560675],[10.158843414602456,45.92729353889044],[10.158987647109837,45.926788064172484],[10.159171690927014,45.92633617586567],[10.159370519008856,45.925974126202874],[10.15964781839818,45.92566530811295],[10.159927741570995,45.925482450166776],[10.160466873176292,45.925359963811225],[10.16123791428099,45.925226123160755],[10.167995789686064,45.92459924676035],[10.170080112435366,45.924361917328866],[10.171121515309128,45.92420724987917],[10.176739820989074,45.922763444109655],[10.178700672421662,45.921573182869864],[10.178552874919495,45.917029473732555],[10.176669341024857,45.91577079836103],[10.174376011902432,45.91464233255166],[10.173257831795544,45.91420379736987],[10.172906899410021,45.914072396715554],[10.172813122189954,45.914195682922404],[10.172768908964484,45.91425383197891],[10.171258985210457,45.916645457556726],[10.168354348258855,45.917719238045386],[10.164081604122774,45.918743905841346],[10.163579344972366,45.91877602505771],[10.163063071669207,45.91875427793623],[10.16270093887687,45.918703954901666],[10.161096399429816,45.91844125188984],[10.160565529298696,45.91833864693924],[10.159955073907303,45.91812883031061],[10.156537724166533,45.916885403845605],[10.15281184962875,45.91256683191289],[10.151339958164707,45.9106015657181],[10.15085411956111,45.9095534030978],[10.150847660621173,45.90861742335362],[10.15189187342678,45.904871695785765],[10.152748439578536,45.903900007368655],[10.154581415484694,45.902144410533694],[10.161639870844626,45.897518623830905],[10.165181013216662,45.89363935461685],[10.167646592408637,45.88704385157134],[10.160253001483941,45.88168281388673],[10.154818441625643,45.877507673981135],[10.147089026545935,45.87072713811942],[10.143381817676527,45.86854620029121],[10.143004583889745,45.868841910219615],[10.139092246500846,45.870951112217526],[10.137802934394196,45.87153999369491],[10.136100970587911,45.87211495517335],[10.134066687731435,45.87218917292338],[10.123616758258823,45.877287702932115],[10.112108409158013,45.88304362544403],[10.10904256119333,45.885701571912705],[10.109030085509255,45.88895988674037],[10.107295915638824,45.89379196646012],[10.106846181741655,45.894091368684485],[10.106596230756162,45.89425777184211],[10.10602396738913,45.894650332353834],[10.105350387282915,45.895133878451986],[10.10472887859964,45.895643921468626],[10.102908503230767,45.89745260662556],[10.102175417078612,45.898188705662335],[10.101684159236902,45.898769475257936],[10.1006448007509,45.90031857293308],[10.100295285002407,45.90089797087822],[10.096402009087795,45.90744276022686],[10.097964513145204,45.912143997561046],[10.093239375616603,45.92037972522566],[10.095514779633577,45.92591121957085],[10.097020204950926,45.92900191460462],[10.097742155819912,45.92898594011533],[10.098064544301803,45.92898284248392],[10.098400529879761,45.92901561347017],[10.098879254223721,45.92909202238998],[10.09924157852476,45.92915154182597],[10.10423297653576,45.930435626063066],[10.113167789015755,45.93540717512277],[10.114512765095423,45.936222106872826],[10.114474575831775,45.93780705740812]]]},"properties":{"name":"Angolo Terme","op_id":"2305","minint_elettorale":"1030150060","minint_finloc":"1030150060","prov_name":"Brescia","prov_istat_code":"017","prov_istat_code_num":17,"prov_acr":"BS","reg_name":"Lombardia","reg_istat_code":"03","reg_istat_code_num":3,"opdm_id":"2019","com_catasto_code":"A293","com_istat_code":"017006","com_istat_code_num":17006}},
{"type":"Feature","geometry":{"type":"Polygon","coordinates":[[[10.14581053032954,45.85194756391015],[10.14700969079096,45.8543468826304],[10.149177329609559,45.86202955628334],[10.149800181887624,45.86309592276311],[10.15599915419666,45.866092039160385],[10.157347321083543,45.86514569633422],[10.161232518001777,45.8625107277699],[10.166723193269082,45.85955663879812],[10.172769594257428,45.857946645901485],[10.191230252193215,45.85378645000355],[10.223545869557354,45.844894382813266],[10.241698496997964,45.84346537183638],[10.242522904595862,45.84347441835455],[10.243205087079208,45.84345798307637],[10.243732377497798,45.843425239497996],[10.246406965114895,45.843243096546956],[10.246762444376118,45.8430142033756],[10.2530023290667,45.8381576177823],[10.253228809595996,45.83792112729498],[10.253387869870245,45.837550351697345],[10.253630398128369,45.83688164445293],[10.253726509286116,45.836574578971444],[10.254143317365486,45.835066900596175],[10.253619914483574,45.83469462063757],[10.253306712958322,45.834509042021516],[10.252721184666896,45.83423644044726],[10.252339002684854,45.83409662964459],[10.248959648398591,45.83300856275546],[10.246261218314194,45.832678011524465],[10.238783715536139,45.833407373213696],[10.238128408657259,45.8334684681592],[10.237536654632269,45.83349288899544],[10.236852398109976,45.83341028944247],[10.236309942379739,45.83333516468391],[10.235844731417753,45.83325918470363],[10.234402725863506,45.832680744442754],[10.233869788365553,45.832452473209685],[10.227862665089866,45.829790015043486],[10.222615494544701,45.82006259800571],[10.222435859675265,45.815613625024596],[10.211059618423448,45.808367881870815],[10.209539803510335,45.80950013866111],[10.209978282641123,45.81013456142075],[10.210193339053573,45.81055530828508],[10.210224322125706,45.8107980052253],[10.210190419419128,45.811014364895414],[10.210118077028431,45.811240147712404],[10.209885910285012,45.811818545901815],[10.209711628607693,45.8120904204151],[10.209473740611038,45.81239895011645],[10.208996649775294,45.81295305393728],[10.20864470762495,45.81334380311074],[10.206996280775337,45.815089350659555],[10.20557399963255,45.81598641935886],[10.205116544466335,45.81626127444311],[10.195349517361164,45.8211973158695],[10.180625149980225,45.828551341235695],[10.174646447178322,45.83145665005999],[10.173465747973662,45.83225182641443],[10.171199649641988,45.83409320349231],[10.169275509650028,45.83567002033418],[10.165099829545772,45.839636925193965],[10.155770852762275,45.84699512745831],[10.14987996327723,45.849241762428704],[10.146410817544872,45.851526759911096],[10.14581053032954,45.85194756391015]]]},"properties":{"name":"Artogne","op_id":"2306","minint_elettorale":"1030150061","minint_finloc":"1030150061","prov_name":"Brescia","prov_istat_code":"017","prov_istat_code_num":17,"prov_acr":"BS","reg_name":"Lombardia","reg_istat_code":"03","reg_istat_code_num":3,"opdm_id":"2020","com_catasto_code":"A451","com_istat_code":"017007","com_istat_code_num":17007}},
{"type":"Feature","geometry":{"type":"Polygon","coordinates":[[[10.12924340204695,45.478778234626525],[10.128004830910081,45.47831956716846],[10.12472468991975,45.47675019737126],[10.120167897624782,45.473521035692265],[10.119945100379425,45.47285481818911],[10.11983849725843,45.47252893070131],[10.11979412497015,45.47228002336992],[10.119782424063045,45.47209230993605],[10.119768295413282,45.47176973722608],[10.119780579200864,45.47161029544455],[10.119977903872893,45.46918835884504],[10.121537051095546,45.458888672708056],[10.125189139609105,45.45179972004178],[10.12537622766666,45.44929275103273],[10.124918748527959,45.439827781455115],[10.124328632113079,45.43800526788592],[10.122492555665374,45.43697056783033],[10.119752431160562,45.43785199095868],[10.109613169690087,45.437675422517295],[10.10521009605484,45.44239691929773],[10.103581027295304,45.44294887183557],[10.100408952794997,45.44393762050522],[10.098678705425524,45.44446256845546],[10.098257290611441,45.444581532340145],[10.098906287310669,45.448680221341704],[10.099292524065174,45.4504056739948],[10.09959554705414,45.451648033107794],[10.100593730321833,45.45573024401803],[10.100719572578686,45.4562405441466],[10.100764779668195,45.456385550312106],[10.101499406788365,45.45796474506702],[10.101643419116131,45.45826524820763],[10.102112304722427,45.459191181253125],[10.102126542538269,45.45921793502097],[10.102386017089524,45.459207494491125],[10.104202552168339,45.45887912467635],[10.105036716221823,45.458745309001095],[10.105303570488086,45.458786503378214],[10.105337909556356,45.458797467592866],[10.10537060006448,45.45881570273962],[10.105402726092175,45.45884890337631],[10.106200381491181,45.46003300564836],[10.106404216752123,45.46035617342247],[10.106409053438867,45.460395497917055],[10.10543698813208,45.462330487633196],[10.10192716146695,45.4657111511979],[10.101662821787576,45.465920301592476],[10.101022202822973,45.46640416436706],[10.100670167236505,45.46662322651378],[10.10024078204346,45.466864383589225],[10.100039390642479,45.46697535513252],[10.09968784182619,45.46712575729417],[10.099593450214476,45.467154187292664],[10.091174629518873,45.4724070994118],[10.086908555237258,45.478178209984854],[10.09409256034062,45.48222110852616],[10.095328964432996,45.48133861259478],[10.09897981323364,45.47652263826874],[10.100642922310644,45.4727801355295],[10.101813719856542,45.474135409567694],[10.105222438955334,45.47852423292],[10.108755175819665,45.484620712970425],[10.114225897683777,45.48583186186009],[10.117449362303983,45.48565221035749],[10.120012385223314,45.48714241895699],[10.120787468947487,45.48812370987832],[10.125599450212253,45.49487729324439],[10.127207237603466,45.498131426706415],[10.127495684189537,45.496403307839024],[10.131744971098323,45.49242011812031],[10.131997478095638,45.48772964886203],[10.131731048401027,45.48512280083609],[10.131309410663807,45.48293234165047],[10.130425615785464,45.480504562537305],[10.130200152246331,45.479891679245625],[10.129948968026941,45.479407064905665],[10.129836344552329,45.47926457849697],[10.12924340204695,45.478778234626525]]]},"properties":{"name":"Azzano Mella","op_id":"2307","minint_elettorale":"1030150062","minint_finloc":"1030150062","prov_name":"Brescia","prov_istat_code":"017","prov_istat_code_num":17,"prov_acr":"BS","reg_name":"Lombardia","reg_istat_code":"03","reg_istat_code_num":3,"opdm_id":"2021","com_catasto_code":"A529","com_istat_code":"017008","com_istat_code_num":17008}},
{"type":"Feature","geometry":{"type":"Polygon","coordinates":[[[10.207038710726659,45.44868853499818],[10.211379829161514,45.44767875543314],[10.222945815536917,45.44599545089441],[10.221296782135207,45.441016518870065],[10.219171510088842,45.43684968542578],[10.218136090981435,45.43479900571965],[10.216590114433112,45.43136551225103],[10.216765397024512,45.43128244086409],[10.219456655215632,45.43043878575364],[10.222064143469764,45.429949830563686],[10.223157261932933,45.429820184889074],[10.225024868624255,45.42960713986162],[10.226151340788368,45.429436882845685],[10.22913777374101,45.42887936214028],[10.231681914319985,45.428283635763776],[10.23243133559347,45.42809861659186],[10.232370664320216,45.42739619496911],[10.232739717461607,45.42331992064633],[10.232416226257858,45.41996722798418],[10.2323161091711,45.41971104064512],[10.23205818422954,45.41905103318837],[10.231844934894765,45.41879108989334],[10.230849568619384,45.417692772444994],[10.227784045837547,45.41482956688633],[10.22534245467716,45.41235224892125],[10.225161631752533,45.41214600676858],[10.224852510304963,45.4117882892794],[10.224439173500382,45.4112933472856],[10.224246689079102,45.4109137915703],[10.224077447651617,45.41051416101722],[10.223760772789962,45.40957669790078],[10.223382181371795,45.40968953477958],[10.222810779815006,45.40984115130673],[10.220774087966236,45.410289853892685],[10.219883241297772,45.4104731249996],[10.21937052338163,45.410574473262585],[10.21905864057728,45.410584049677105],[10.214691604969671,45.40640035367617],[10.213624269957208,45.40533332582226],[10.210270858454878,45.405264964754956],[10.203596220638527,45.406337456026854],[10.203008581343964,45.40656703027862],[10.20063447724949,45.40750315554327],[10.200669476540432,45.407632730466375],[10.200819467320045,45.40794293176102],[10.201098569168426,45.40848900448945],[10.201267135566745,45.40875654163565],[10.201358720688054,45.40890166945954],[10.201408247982355,45.40903645608117],[10.201003040867251,45.40916874622353],[10.198997738447883,45.40978780634372],[10.197929848605073,45.41011317602646],[10.197590569918741,45.410126581673964],[10.197282311544882,45.4100839700562],[10.193107846439865,45.40841534733063],[10.18923856207928,45.40304203719477],[10.187732185045864,45.400938335572015],[10.187506921182646,45.399291132559014],[10.18381798106373,45.39776493766196],[10.17159472546469,45.39291942696573],[10.164200048393399,45.39295111064746],[10.163346500241923,45.39126439002011],[10.163025781190742,45.39082975078239],[10.159395938844675,45.392234319638604],[10.159332704460216,45.39225699681048],[10.158801051181438,45.392435506014905],[10.156648063171934,45.39313535060463],[10.153769274058908,45.39395817599289],[10.153581737158865,45.39399013484261],[10.153362461046315,45.39400557243769],[10.15226957171042,45.394064788230835],[10.147227873625303,45.39873990108565],[10.143772715439766,45.402167827116614],[10.143709696506088,45.40221976570557],[10.143680518673364,45.402241607039194],[10.143555874178317,45.402305639318286],[10.143388095285083,45.40238503648386],[10.1428274631518,45.402633183705326],[10.142027731508431,45.40297471355442],[10.14154356692798,45.403171344887056],[10.139211668014235,45.40408142017405],[10.138472656291214,45.40430416095199],[10.135552904608168,45.405503848076656],[10.135500498967826,45.40553081316473],[10.135497184072243,45.40557225753767],[10.135531423004554,45.40563949893426],[10.135700239556996,45.40588248486205],[10.13641789258318,45.406790608029226],[10.137260656159597,45.40783791914954],[10.140887872391504,45.41230039478043],[10.142670092955669,45.41449146840438],[10.143527699412784,45.41544325076762],[10.146559805916796,45.42085005637878],[10.147995516526048,45.42546246907909],[10.14584363873471,45.42973270273001],[10.152150949555768,45.439990822191795],[10.155260853832269,45.44334800924454],[10.160545637245775,45.44178962902171],[10.16673154431391,45.44134208802549],[10.16918233286262,45.44159118555134],[10.179535755295667,45.44499952699558],[10.191822515046535,45.44870230797339],[10.203277744703067,45.449170767441245],[10.207038710726659,45.44868853499818]]]},"properties":{"name":"Bagnolo Mella","op_id":"2308","minint_elettorale":"1030150070","minint_finloc":"1030150070","prov_name":"Brescia","prov_istat_code":"017","prov_istat_code_num":17,"prov_acr":"BS","reg_name":"Lombardia","reg_istat_code":"03","reg_istat_code_num":3,"opdm_id":"2022","com_catasto_code":"A569","com_istat_code":"017009","com_istat_code_num":17009}},
{"type":"Feature","geometry":{"type":"Polygon","coordinates":[[[10.519712402400867,45.80144764415514],[10.509318077047867,45.80667077274633],[10.505700065563055,45.809949851052856],[10.505258480496893,45.810279692239654],[10.50463870033868,45.81068387840152],[10.503853606230674,45.811162258648544],[10.50226296257224,45.81184024482299],[10.500261786232842,45.81256859646148],[10.497190992279753,45.81133075804008],[10.495792604242235,45.81053899787019],[10.491143455347627,45.80753956454597],[10.484004489372744,45.804293268671636],[10.468995753416541,45.797808744267456],[10.467623290862981,45.79846543392872],[10.464756466051487,45.80004134259135],[10.456876898875825,45.79988108812507],[10.445967384001838,45.79749950630305],[10.43990775560637,45.79654095697024],[10.437977376257571,45.79643952011198],[10.432699310203137,45.79744163615797],[10.410111066981083,45.80079192404446],[10.404781609898912,45.80122661395932],[10.402353835322195,45.80191349632626],[10.407865900164609,45.807192081327585],[10.410457736056026,45.80942827704399],[10.41427107663482,45.81110024416201],[10.414853278829835,45.81121904425867],[10.415243145857588,45.81136723001013],[10.415557656425738,45.811588349432895],[10.415966798559982,45.811988314817796],[10.41620547396355,45.81226438205716],[10.417413808251009,45.81372550714715],[10.417616630631656,45.81411001665666],[10.41766254555915,45.81439746789303],[10.417607351531851,45.81475817409775],[10.417413331036418,45.815228622134086],[10.417072232772274,45.81598889631968],[10.416889008371026,45.81637819496009],[10.416655937265121,45.816831116382886],[10.416483083610977,45.81712128061917],[10.416334837006449,45.81736614316888],[10.41607212962644,45.81766641601565],[10.402941474973018,45.83095136954401],[10.402474486077242,45.831326136895136],[10.4020953584161,45.83160981447746],[10.401146471323836,45.83227848362422],[10.400741123410569,45.832544469666885],[10.400359468906984,45.83272916848293],[10.399837379170163,45.832960581287374],[10.396571665548114,45.83417963368974],[10.392914454749507,45.83519634353869],[10.390163700668618,45.835904893453176],[10.388245677888397,45.835928217461884],[10.387600930306245,45.8358910541555],[10.377447525486614,45.839272139509326],[10.369311324257783,45.842511172652365],[10.370897039205634,45.849395616537116],[10.37620226514178,45.8592684667316],[10.37549347079437,45.864479342094555],[10.379182379755242,45.86673900828294],[10.391755206520935,45.872868923674645],[10.397738463776477,45.881787430667124],[10.405391744600998,45.890919088286104],[10.416416908221866,45.89820835027217],[10.422633167150078,45.898320127359774],[10.42401987727717,45.898608877325664],[10.433386426240824,45.90191194795965],[10.438099376400965,45.904696868940384],[10.441052074824562,45.9096909624094],[10.44143518335135,45.91004614809986],[10.4416849672233,45.910232007628565],[10.442142629898369,45.91047824866881],[10.442585316076347,45.91064366281428],[10.44422339547791,45.91116300161539],[10.444704271367199,45.911309933545795],[10.445781379268618,45.91157531102161],[10.452006565469565,45.912927450663965],[10.459766285552098,45.91826487454452],[10.466395273723858,45.91926904431056],[10.474986184505303,45.919356464978755],[10.488793293665967,45.92787186291778],[10.488965730918434,45.928049613371016],[10.48963737685119,45.92904892201312],[10.4900405854834,45.929655694509506],[10.490242660961767,45.92997707425796],[10.490421833407197,45.93040676979533],[10.490562590616308,45.93084596134689],[10.490690460607269,45.931285301936825],[10.49123592880267,45.9332279632101],[10.491405488165432,45.933008726154824],[10.493274572802086,45.93161601375833],[10.49642181025919,45.929469475638406],[10.497953703822951,45.928814918395695],[10.50106209566511,45.927675972985035],[10.503029213001403,45.9269111815957],[10.50746477785615,45.924837131297565],[10.508568122550688,45.92356617275588],[10.51067386855797,45.91655689476765],[10.510757561304313,45.916239719512596],[10.510845562724985,45.91558073452826],[10.510698687641172,45.91543870352446],[10.50732058807602,45.90715805321093],[10.506175877782136,45.90344377055791],[10.506162819160197,45.90327293778198],[10.506095324184427,45.90315213236308],[10.505941800208797,45.903030323260374],[10.502406932904607,45.90063784123056],[10.502352231065764,45.90060308921923],[10.501952021135288,45.900348836154684],[10.501072716580705,45.900035409696756],[10.500407856305848,45.8998179923474],[10.500139920980686,45.89973210965846],[10.499758879891257,45.899609971651316],[10.49930668022909,45.89954969485329],[10.49896161758049,45.89950369780074],[10.495935598054876,45.89974091628117],[10.490115844448475,45.887077458537696],[10.490046515424535,45.88504954502938],[10.490042391426249,45.88461082506547],[10.490153196678952,45.88431152064145],[10.490305882167315,45.88390283432178],[10.490871151720766,45.882752408533605],[10.49110595474364,45.8822826359692],[10.503702059283155,45.87356778624721],[10.50352807828235,45.873326407276906],[10.503376663189457,45.87310527863601],[10.50292046781104,45.872393088668275],[10.502758485596921,45.87213816578996],[10.502414982991704,45.87140547115676],[10.502293338446664,45.87104384647275],[10.501772806512818,45.86763285707255],[10.501747726028022,45.86739883070747],[10.501718375863515,45.86711193846609],[10.501696292760975,45.866863373532155],[10.501634242229882,45.86094798626526],[10.503924160803578,45.85570401397754],[10.505092810887243,45.85014794992196],[10.506555034489809,45.842410610824025],[10.503801351665288,45.837124509026765],[10.503710705071429,45.83708375090753],[10.503657803451746,45.83705915348849],[10.503559413638603,45.83700890963323],[10.503504396859299,45.83694909508486],[10.503070516191645,45.83632804153607],[10.50301224142197,45.83624440878234],[10.502964700679005,45.83616120092297],[10.50259172464832,45.83512052044508],[10.502481805792767,45.834733930135464],[10.502244494528085,45.833834619976955],[10.501977118334256,45.832356407165406],[10.501966087890464,45.83226663884295],[10.501959374634135,45.832172847151824],[10.501976606708276,45.83204585479643],[10.502102931007789,45.83131689710879],[10.50215534694145,45.83104556593809],[10.502204905981309,45.8308505307077],[10.502255037651224,45.83065324674546],[10.502359351320383,45.830377602099546],[10.502487139755136,45.83016176877149],[10.502827602254078,45.82973396960363],[10.50805687758852,45.82390339893823],[10.512776548481114,45.82489546170986],[10.51847051086532,45.82639648528467],[10.524285303142378,45.82712858963523],[10.52837304834729,45.82657466027019],[10.52934496159497,45.8262317825477],[10.536768890279538,45.8225763956472],[10.539188676604534,45.821159687158826],[10.543266768261445,45.818364077500476],[10.543627836874391,45.817647819014695],[10.543773067441533,45.81718146063149],[10.543800764616678,45.81705566756586],[10.543350441765707,45.815722253917976],[10.541694117876494,45.81412327885371],[10.537284627179707,45.810754849174174],[10.531752580058672,45.809404973966544],[10.529653207277711,45.80945269820221],[10.526670726781681,45.806674458630496],[10.526051458460682,45.805613874826875],[10.519712402400867,45.80144764415514]]]},"properties":{"name":"Bagolino","op_id":"2309","minint_elettorale":"1030150080","minint_finloc":"1030150080","prov_name":"Brescia","prov_istat_code":"017","prov_istat_code_num":17,"prov_acr":"BS","reg_name":"Lombardia","reg_istat_code":"03","reg_istat_code_num":3,"opdm_id":"2023","com_catasto_code":"A578","com_istat_code":"017010","com_istat_code_num":17010}},
{"type":"Feature","geometry":{"type":"Polygon","coordinates":[[[10.057481651464037,45.419728811577464],[10.057126194714098,45.41857289887318],[10.057445337479777,45.41475547338025],[10.059057213096033,45.414578465419204],[10.060170938920045,45.414496864009685],[10.065697533852035,45.407468408281936],[10.071869116531655,45.397581705867665],[10.072846244514713,45.394968368573196],[10.07299709766942,45.394261301788895],[10.07297511916268,45.39404041329135],[10.07143507378987,45.39008762078849],[10.066648626544728,45.38842711465385],[10.065820701431862,45.39013869669243],[10.065579749111356,45.390447746313995],[10.065524984427798,45.39051785552534],[10.065477922491333,45.3905623785863],[10.065410347284423,45.390575744065146],[10.065037712152229,45.390074647468445],[10.064459865556067,45.389276431959],[10.062886613998456,45.38709183127928],[10.062655267351804,45.38729938818292],[10.059701482252336,45.38979084859231],[10.0589414476444,45.39024595722504],[10.047890680452895,45.39168616824455],[10.043539486425011,45.391474481399285],[10.039517755131886,45.390951571833824],[10.034122083424501,45.3928093619017],[10.031359947321347,45.39538712204267],[10.030424724390208,45.396334143663374],[10.02607451086674,45.403828740902895],[10.026864492529285,45.40568888059532],[10.026382941639902,45.40754538001763],[10.024450107866398,45.41276694986929],[10.024119655877191,45.41410036820705],[10.023287404593939,45.416757527113205],[10.023083641799174,45.41757721834721],[10.022784070796313,45.4189168261084],[10.022721260770323,45.41934499448337],[10.024584085941235,45.427431751224056],[10.036068210943752,45.425932216473505],[10.047429195170677,45.42563883895116],[10.050373922462656,45.42474697255143],[10.05308891153623,45.423000525853936],[10.057481651464037,45.419728811577464]]]},"properties":{"name":"Barbariga","op_id":"2310","minint_elettorale":"1030150090","minint_finloc":"1030150090","prov_name":"Brescia","prov_istat_code":"017","prov_istat_code_num":17,"prov_acr":"BS","reg_name":"Lombardia","reg_istat_code":"03","reg_istat_code_num":3,"opdm_id":"2024","com_catasto_code":"A630","com_istat_code":"017011","com_istat_code_num":17011}},
{"type":"Feature","geometry":{"type":"Polygon","coordinates":[[[10.425646765870956,45.67469216923367],[10.422003852594871,45.67208803144949],[10.41247318139659,45.671029061995725],[10.411599515354554,45.67082260693826],[10.410932999338316,45.67041283084124],[10.410316372653762,45.669741352181624],[10.4098067374694,45.668728450465494],[10.409662725838784,45.66774541819475],[10.409674814337254,45.667499777643755],[10.40976128145209,45.667182399793354],[10.409934020376216,45.66685082462529],[10.409991808581646,45.6667528832346],[10.410962287120524,45.66530232534466],[10.40874601991019,45.66240071326355],[10.407952004422484,45.663739680632965],[10.40570296875392,45.66697050683742],[10.400286404714137,45.67424678744475],[10.399911950609187,45.677807765448364],[10.399144887222084,45.681451056667065],[10.396963745063063,45.68477254318088],[10.393195003361148,45.688126178019104],[10.392478677651743,45.688407072799414],[10.391228280824858,45.68882468415011],[10.388856226751994,45.68878519819868],[10.384382436979244,45.69083406870657],[10.388439407182638,45.69501287910782],[10.394075396174097,45.69723841604131],[10.399814974205482,45.69783777245002],[10.406098110921793,45.69560115057339],[10.409261741065142,45.6908549318307],[10.40808512129369,45.689026871453734],[10.408016109339806,45.68889351876703],[10.408008050813441,45.688782222984365],[10.408171369971646,45.68868469487574],[10.409642049868784,45.68784315895925],[10.410860847216467,45.687153628980745],[10.412365890057458,45.68630576739495],[10.418762279406174,45.682804786369765],[10.422395605773234,45.68226125546736],[10.423699299445504,45.68211829882593],[10.423898270482034,45.68211155223962],[10.424013559096126,45.68210952095926],[10.424113164143174,45.682130088365],[10.424312182346435,45.682187939997576],[10.424414685144505,45.68223311549714],[10.424655553966964,45.68234256889952],[10.425234007542985,45.678308632544876],[10.425646765870956,45.67469216923367]]]},"properties":{"name":"Barghe","op_id":"2311","minint_elettorale":"1030150091","minint_finloc":"1030150091","prov_name":"Brescia","prov_istat_code":"017","prov_istat_code_num":17,"prov_acr":"BS","reg_name":"Lombardia","reg_istat_code":"03","reg_istat_code_num":3,"opdm_id":"2025","com_catasto_code":"A661","com_istat_code":"017012","com_istat_code_num":17012}},
{"type":"Feature","geometry":{"type":"Polygon","coordinates":[[[10.15015552304305,45.32106131116797],[10.148778138594025,45.31958710569518],[10.146055496022415,45.31737239538108],[10.14333149952306,45.3162082634942],[10.136932741805271,45.3146233682755],[10.127716242653857,45.301856198388066],[10.12575428027939,45.30177274874202],[10.124893704868674,45.30172166686397],[10.124036144700261,45.30167386046078],[10.12378241804056,45.30167754567565],[10.119121958881305,45.302002833230354],[10.119341872756033,45.303857886853564],[10.116191321981976,45.3088606872921],[10.115050232422297,45.30998222746275],[10.115528681797107,45.31078298598942],[10.116494930148418,45.31240142884437],[10.11769286932887,45.314435739958185],[10.119100772693395,45.3168674465321],[10.119091349409384,45.31693154812507],[10.119041055561555,45.31696142435531],[10.118952144257829,45.31698773090711],[10.116560732556257,45.31745130713295],[10.110687898044569,45.32023608236463],[10.106968381251594,45.326965012068385],[10.107681823328745,45.331357161863515],[10.107918087098879,45.33764530167897],[10.108826747598476,45.340177220431094],[10.111912207466842,45.3411974156933],[10.118287528369983,45.339055229881524],[10.128390584623622,45.33754632343736],[10.133058543319747,45.33826121170719],[10.139873286792879,45.33826486366905],[10.145766744980614,45.33665443705757],[10.153197101915149,45.33326541794688],[10.15409530464904,45.332797794334816],[10.154743112498625,45.33206774162047],[10.154806400216035,45.331964162344015],[10.154775565094626,45.33172524609606],[10.15467403675287,45.331090401492595],[10.154611699597233,45.33094035155318],[10.154596405875262,45.33090353913582],[10.151371006322108,45.323717354072336],[10.15015552304305,45.32106131116797]]]},"properties":{"name":"Bassano Bresciano","op_id":"2312","minint_elettorale":"1030150100","minint_finloc":"1030150100","prov_name":"Brescia","prov_istat_code":"017","prov_istat_code_num":17,"prov_acr":"BS","reg_name":"Lombardia","reg_istat_code":"03","reg_istat_code_num":3,"opdm_id":"2026","com_catasto_code":"A702","com_istat_code":"017013","com_istat_code_num":17013}},
{"type":"Feature","geometry":{"type":"Polygon","coordinates":[[[10.427723680022602,45.52696477031134],[10.427866865365502,45.526548948504015],[10.428519777486358,45.52603673788751],[10.432086896071825,45.52379579396849],[10.43427601043685,45.523273199034826],[10.437123314860159,45.52345343624326],[10.442836631989476,45.523543417889336],[10.45143383458279,45.51776382213239],[10.45882919505775,45.514591226058364],[10.463293769979739,45.509016430315214],[10.464111883952159,45.50684119053098],[10.461383416384033,45.50298007506579],[10.455463443249247,45.49561718590654],[10.450987067389686,45.492662788794206],[10.449385856713974,45.49198033485139],[10.446195061434851,45.489572675635756],[10.44611814095365,45.48950586164578],[10.445842980089147,45.48919114418951],[10.445672602452296,45.48898331210395],[10.444690597630096,45.48681240768627],[10.444288187238874,45.48592063571514],[10.444110708243418,45.48552143541736],[10.442277853981,45.47998616265352],[10.441746212977515,45.47830619859575],[10.441672315325885,45.47806076195499],[10.441322454021536,45.4768098595182],[10.440938338241423,45.475339821255815],[10.440838582507437,45.474922721233625],[10.440789872750786,45.4747097818503],[10.440759011340363,45.474558599666366],[10.440612345571735,45.47359085647426],[10.440320870002369,45.47084196447437],[10.430619147158323,45.47351864771907],[10.42608935667828,45.47797220666631],[10.418919817707902,45.47897887553876],[10.41578753057431,45.47905627408379],[10.41566085083593,45.479052848767054],[10.414815511763024,45.47901154024756],[10.413794403403585,45.478887142046204],[10.405629024420616,45.479918504227456],[10.383668722075495,45.48314622674716],[10.383199627114717,45.48323214579292],[10.382107822383741,45.48343717039451],[10.380798676466108,45.483687027205896],[10.380501937119782,45.48374365946667],[10.38035796316622,45.4837793297179],[10.378654575780477,45.4842417873455],[10.3766779862271,45.4847848081728],[10.371859640140821,45.48619456341682],[10.369880573131464,45.48677485195682],[10.369992450214493,45.48686247150298],[10.370190644476809,45.48701383340298],[10.370412661414933,45.48717876644411],[10.370600567814224,45.487318357791956],[10.37090819071977,45.48743275230275],[10.371477194736078,45.48761578299145],[10.373418838246655,45.488186474915146],[10.374314605995412,45.48844048738692],[10.376021518724675,45.48860302786591],[10.377964236522283,45.488747467960046],[10.379678039953076,45.4903412133108],[10.379738583809077,45.490416091910205],[10.379815060284752,45.49057395169575],[10.380118807417647,45.49142960452042],[10.38025938870144,45.492013045954124],[10.380481808887842,45.49348966696028],[10.380522724269564,45.493862001550525],[10.380547317161822,45.49415609707526],[10.380611901253863,45.49493179463598],[10.38113083776288,45.501900597516986],[10.381183026498029,45.502923921921],[10.382083031207278,45.50857677940691],[10.388396588106465,45.50934580514706],[10.391785164780691,45.50951852789689],[10.396925662567767,45.509936415380935],[10.397216815109319,45.51014805094577],[10.39879941190649,45.514219931132196],[10.399337837644616,45.51608375760778],[10.399722979834072,45.51782698101689],[10.407139424934499,45.52335437009272],[10.409624414206116,45.5220767004351],[10.41146499198103,45.52138424702636],[10.414405664778002,45.522107815491395],[10.416027826058958,45.52295456097308],[10.41599759096238,45.52300437013056],[10.415977304686947,45.52304302953065],[10.415929947843265,45.52318066809254],[10.415889684618977,45.523342287751504],[10.415872934909506,45.523589792851844],[10.415867238830707,45.5237093086538],[10.415898616994292,45.524056066775756],[10.41594022676827,45.524130800478],[10.416209575520009,45.52442534468696],[10.41649436337711,45.52468542941218],[10.41660205564776,45.52476293020783],[10.416969482377493,45.52494812081443],[10.417326620993892,45.525116178218084],[10.417981337754917,45.525416799561384],[10.419009308038055,45.52582340424572],[10.420001151863726,45.52612198508076],[10.420455516768435,45.52625296324053],[10.420628775674782,45.52629965743125],[10.421211262243439,45.52644984046565],[10.422125128285913,45.52665288992376],[10.424118258860494,45.527078903375006],[10.425398593881821,45.527108810054656],[10.426780518147726,45.52702774540678],[10.427723680022602,45.52696477031134]]]},"properties":{"name":"Bedizzole","op_id":"2313","minint_elettorale":"1030150110","minint_finloc":"1030150110","prov_name":"Brescia","prov_istat_code":"017","prov_istat_code_num":17,"prov_acr":"BS","reg_name":"Lombardia","reg_istat_code":"03","reg_istat_code_num":3,"opdm_id":"2027","com_catasto_code":"A729","com_istat_code":"017014","com_istat_code_num":17014}},
{"type":"Feature","geometry":{"type":"Polygon","coordinates":[[[10.051504986451771,45.508427694330386],[10.0510448254173,45.506497392972115],[10.048926890609383,45.50445882235482],[10.047890140808875,45.504538619665134],[10.047461787048771,45.50457372876201],[10.0471999368516,45.504612521469305],[10.045793857553864,45.50345102382998],[10.044350586527713,45.498800378563764],[10.044296781678185,45.498602592930396],[10.044135079185558,45.49796444868634],[10.044117034684483,45.49781085577944],[10.043990653011512,45.49649904726064],[10.043989513979175,45.496442953411254],[10.043955055535745,45.49380517396382],[10.040591952431619,45.49499030456989],[10.03877824984158,45.492503246996385],[10.036349938995766,45.49115080820095],[10.034257550227755,45.49161690839336],[10.032032098197444,45.493978890885124],[10.03194205833764,45.494609321692664],[10.031808728704458,45.4958730802044],[10.031755969554588,45.496610167110795],[10.031720296078033,45.49721760883644],[10.031598870293006,45.49880714064465],[10.031582804625579,45.49899722823612],[10.03153406309555,45.49900222033023],[10.031134429246949,45.49899788349943],[10.028150879166379,45.498919996758495],[10.027270221190793,45.49889583517728],[10.027102945697132,45.498878855632796],[10.024660255418796,45.496938074842426],[10.023871942922364,45.495429591975366],[10.022880416263897,45.49822289486139],[10.02221478330843,45.503593687614114],[10.017967498964719,45.51250811820644],[10.019191253747438,45.516615530877814],[10.031435134042187,45.516013070717435],[10.033872444093031,45.51787039071469],[10.037877873542405,45.51879555674822],[10.037756697736544,45.51690722028241],[10.04008291281847,45.51453453290328],[10.043230832319537,45.51175364967522],[10.047259680395014,45.51011177075051],[10.051504986451771,45.508427694330386]]]},"properties":{"name":"Berlingo","op_id":"2314","minint_elettorale":"1030150120","minint_finloc":"1030150120","prov_name":"Brescia","prov_istat_code":"017","prov_istat_code_num":17,"prov_acr":"BS","reg_name":"Lombardia","reg_istat_code":"03","reg_istat_code_num":3,"opdm_id":"2028","com_catasto_code":"A799","com_istat_code":"017015","com_istat_code_num":17015}},
{"type":"Feature","geometry":{"type":"Polygon","coordinates":[[[10.387597057147433,46.11271655799105],[10.385162942284085,46.11215206839749],[10.369519188997248,46.111170571311206],[10.369017332096803,46.11128458008328],[10.368244912611742,46.111446837400926],[10.367433454215275,46.111600562632695],[10.366272042821437,46.111731442977806],[10.364735020226453,46.11184882662655],[10.363946071203731,46.11186724082588],[10.363169234731961,46.11184951755133],[10.362583297114254,46.11170349686833],[10.360795852760356,46.1100597584947],[10.360489001393004,46.10968539970121],[10.358103446604913,46.10633870686087],[10.361279146137576,46.10235883601622],[10.356997447882081,46.09026844921173],[10.35675651179072,46.08993830885202],[10.352563138923045,46.08718915190885],[10.346009068113151,46.08416141817939],[10.344714167821024,46.08369207777493],[10.33923444811643,46.08459721615545],[10.335799680616015,46.08227941739469],[10.33111636542691,46.08171940524911],[10.325169417341703,46.08137367644396],[10.32447826882512,46.0815254234712],[10.323667847549615,46.08166495738599],[10.320623284798971,46.08217757430991],[10.317893550375677,46.08229190669943],[10.313159608316946,46.08186032969363],[10.308099625861708,46.080590894850324],[10.311933443932295,46.08973922994362],[10.314279376286727,46.089787877925424],[10.315881468861305,46.09082705733137],[10.314709398306018,46.0937045905541],[10.31205495261488,46.10128673367798],[10.311907529580152,46.102655347565126],[10.31178380174446,46.10459308006801],[10.311820338920944,46.10479095455861],[10.311862883985727,46.10492081705958],[10.311986623052519,46.10528029828853],[10.31219132618239,46.105765789533926],[10.312264764331188,46.105931856235046],[10.312484942095114,46.10633260274028],[10.31276311603525,46.10680465774164],[10.31290587430525,46.10702193125362],[10.314002378490478,46.10863369685273],[10.315233988202221,46.10865472093568],[10.326118821104671,46.11205840785076],[10.341916661814835,46.12173906681121],[10.343426295568076,46.12319172117253],[10.3434871879849,46.123714481103946],[10.344998882974972,46.12433638761487],[10.346297302290852,46.124617495831984],[10.350210413322676,46.1254158528247],[10.352257806034292,46.12531330841817],[10.353483338952563,46.12519726067133],[10.354511175494116,46.124808216572106],[10.355539751330902,46.12425361294794],[10.356949925278185,46.12345516239731],[10.35701591704553,46.12323034476025],[10.357393742873308,46.122944537302125],[10.358599936980266,46.122576711367394],[10.362319954057172,46.121709212412235],[10.362467472755078,46.121679562111716],[10.362822202126253,46.12161603006058],[10.362993270691451,46.12160555679441],[10.36328668132934,46.12160734035156],[10.368541847442842,46.121774245390064],[10.375647664593734,46.12383801561028],[10.377092463780025,46.124216689693206],[10.377340452450277,46.124214151332886],[10.37810535768667,46.1239349590962],[10.378531131830183,46.123656666719256],[10.382486954246403,46.12097256603375],[10.383278381544164,46.120261401994405],[10.3836067424695,46.11992502082141],[10.384550882715521,46.11874145655685],[10.385127586097044,46.11781466928958],[10.387597057147433,46.11271655799105]]]},"properties":{"name":"Berzo Demo","op_id":"2315","minint_elettorale":"1030150130","minint_finloc":"1030150130","prov_name":"Brescia","prov_istat_code":"017","prov_istat_code_num":17,"prov_acr":"BS","reg_name":"Lombardia","reg_istat_code":"03","reg_istat_code_num":3,"opdm_id":"2029","com_catasto_code":"A816","com_istat_code":"017016","com_istat_code_num":17016}},
{"type":"Feature","geometry":{"type":"Polygon","coordinates":[[[10.328899410453516,45.87492242379662],[10.326998052004031,45.874791476993416],[10.325615203153111,45.87390747772614],[10.325340405074293,45.87373064809883],[10.32503836401442,45.873491147462495],[10.314692738531368,45.86097388080126],[10.309870308823452,45.858590104425204],[10.301950482789739,45.86310892216474],[10.29664580176283,45.86656246009545],[10.29443039418888,45.86825268367462],[10.286100871126822,45.8757901934984],[10.283332096867904,45.88033961191703],[10.282406593075327,45.882681145139834],[10.282298906577774,45.88304236952506],[10.279266778092087,45.892427919643396],[10.275839160863477,45.90147576383382],[10.268429058928804,45.918002145340544],[10.264643716973623,45.92450643796031],[10.262405715738064,45.92642784296285],[10.26012057632798,45.928084638893175],[10.258778045728011,45.928603461079454],[10.26328058007206,45.93319801231036],[10.263554255494348,45.933320992561605],[10.276562930368698,45.936974594090884],[10.282563080563673,45.938167462123836],[10.282443750518913,45.936908739482924],[10.284410805511204,45.93271045920104],[10.284844280070184,45.931931531771774],[10.285728658798863,45.930571517669456],[10.286280842775009,45.92990827976616],[10.293416609212228,45.9244904366234],[10.300806698910495,45.91742667427875],[10.303108322353454,45.91318371523972],[10.31086299489539,45.90409449059087],[10.317812559623261,45.89703915066496],[10.325242537294452,45.889662787284294],[10.32776042864471,45.88660936656109],[10.328684501970212,45.885365561147076],[10.328728526246696,45.88505002735517],[10.325883761012006,45.880861823940364],[10.328899410453516,45.87492242379662]]]},"properties":{"name":"Berzo Inferiore","op_id":"2316","minint_elettorale":"1030150140","minint_finloc":"1030150140","prov_name":"Brescia","prov_istat_code":"017","prov_istat_code_num":17,"prov_acr":"BS","reg_name":"Lombardia","reg_istat_code":"03","reg_istat_code_num":3,"opdm_id":"2030","com_catasto_code":"A817","com_istat_code":"017017","com_istat_code_num":17017}},
{"type":"Feature","geometry":{"type":"Polygon","coordinates":[[[10.441052074824562,45.9096909624094],[10.438099376400965,45.904696868940384],[10.433386426240824,45.90191194795965],[10.42401987727717,45.898608877325664],[10.422633167150078,45.898320127359774],[10.416416908221866,45.89820835027217],[10.405391744600998,45.890919088286104],[10.397738463776477,45.881787430667124],[10.391755206520935,45.872868923674645],[10.379182379755242,45.86673900828294],[10.37549347079437,45.864479342094555],[10.362573536014716,45.86824338898453],[10.339910027817755,45.872507670509506],[10.336885700103705,45.86627870961632],[10.328899410453516,45.87492242379662],[10.325883761012006,45.880861823940364],[10.328728526246696,45.88505002735517],[10.328684501970212,45.885365561147076],[10.32776042864471,45.88660936656109],[10.325242537294452,45.889662787284294],[10.317812559623261,45.89703915066496],[10.31086299489539,45.90409449059087],[10.303108322353454,45.91318371523972],[10.300806698910495,45.91742667427875],[10.293416609212228,45.9244904366234],[10.286280842775009,45.92990827976616],[10.285728658798863,45.930571517669456],[10.284844280070184,45.931931531771774],[10.284410805511204,45.93271045920104],[10.282443750518913,45.936908739482924],[10.282563080563673,45.938167462123836],[10.285652323189032,45.94680020879496],[10.289207634764857,45.947111181236465],[10.295975234276689,45.94740364878548],[10.298291520520296,45.946036286159824],[10.304729323551578,45.94162473396336],[10.304838419726195,45.941326478516764],[10.304920469754975,45.94097452426732],[10.304923647686994,45.94056046534481],[10.30487568873548,45.940165000420464],[10.30480337606453,45.93983279914995],[10.304717964402434,45.939491770278806],[10.304630047854927,45.939042752057645],[10.304684403658928,45.93806107619756],[10.304751447964774,45.93761928535554],[10.305069897318155,45.93634657828781],[10.305152993804898,45.93603962411431],[10.305272671739719,45.9356422440836],[10.305838168921339,45.933907652971946],[10.314282837446658,45.93318078938917],[10.324759798043651,45.93114261694642],[10.325403096330987,45.92999209291222],[10.325928807560427,45.92931995509293],[10.328994260288647,45.92860031183873],[10.335731821131002,45.927189667253884],[10.338201839694648,45.9269267581338],[10.341497691395368,45.92668110679216],[10.343570983617557,45.92654872738623],[10.359242903563457,45.925553324668925],[10.369461166165877,45.92779843074031],[10.369972451633283,45.92813432549152],[10.370454864451728,45.92834453692896],[10.370819222914925,45.92847518492567],[10.37144078101239,45.92857571984242],[10.37195742808617,45.92860551675829],[10.37474545393739,45.9286890166628],[10.37522163656657,45.92864728767595],[10.376260945717707,45.928427752239735],[10.377798881779176,45.928031193455716],[10.378396867416381,45.92769996600324],[10.378713861855324,45.92748012478445],[10.379003743830115,45.927206620167865],[10.37912351649191,45.926836146963545],[10.379146144329736,45.92618784385687],[10.378751952600592,45.92225039511617],[10.378707699020595,45.922025917228964],[10.378596540034723,45.921703244174736],[10.37728662009348,45.916714779143035],[10.37679059165929,45.91177947462723],[10.376913934963612,45.91155297686974],[10.377192393349228,45.91134261769041],[10.378576007587426,45.91046188372068],[10.378998495042147,45.91033977252269],[10.38463419860518,45.90883153134787],[10.385275761572045,45.90870674171116],[10.385883377498493,45.908771390187965],[10.398982632425586,45.90824271549102],[10.400231736659237,45.90766939020745],[10.400729658704693,45.90747427392535],[10.404036670505247,45.906704637910714],[10.404703697249097,45.90657043005034],[10.406064466072687,45.90633767525332],[10.409212980422215,45.906442900778934],[10.417319133214065,45.90782770467617],[10.423188907048647,45.90947384000124],[10.42369987834529,45.909791490034735],[10.424222586680957,45.910063995806816],[10.424782360737268,45.910273014961554],[10.425599941761352,45.91047883285346],[10.426118286662076,45.910580381636024],[10.428435247235985,45.910929443524864],[10.43002528952894,45.91108956992077],[10.437774928467789,45.9116043398422],[10.439153760644336,45.9110739520094],[10.441052074824562,45.9096909624094]]]},"properties":{"name":"Bienno","op_id":"2317","minint_elettorale":"1030150150","minint_finloc":"1030150150","prov_name":"Brescia","prov_istat_code":"017","prov_istat_code_num":17,"prov_acr":"BS","reg_name":"Lombardia","reg_istat_code":"03","reg_istat_code_num":3,"opdm_id":"2031","com_catasto_code":"A861","com_istat_code":"017018","com_istat_code_num":17018}},
{"type":"Feature","geometry":{"type":"Polygon","coordinates":[[[10.364083290072339,45.6616736308536],[10.357132436679906,45.66026470232336],[10.349380571698317,45.65912336793126],[10.348014667488993,45.65910348028641],[10.341394011354177,45.659079452704226],[10.339832370294678,45.659875146955606],[10.339803945023505,45.65990933289322],[10.339465251858387,45.66021889585864],[10.339127377946523,45.66048221939624],[10.338834452267823,45.660688399213164],[10.337304753830592,45.661341604507015],[10.337183951948878,45.66138860847277],[10.336757585601399,45.66147859477236],[10.33593573251166,45.66157217952217],[10.33588364962213,45.66157034939959],[10.335835377994925,45.661560373841944],[10.333723193496528,45.66077462074045],[10.33305617552594,45.66038623095103],[10.327623344796182,45.654255223939835],[10.327243544474724,45.65062028254649],[10.31972641424434,45.65302476489593],[10.318828601897179,45.65533213002404],[10.31787748778698,45.656422761256636],[10.317354043700599,45.65699283413303],[10.310639362965015,45.6634013329255],[10.31003240385236,45.663675848184816],[10.309741845343021,45.663804968121084],[10.305826213792926,45.66430087086169],[10.302620094484835,45.66399710788198],[10.296488107457183,45.662587470004745],[10.297421847054128,45.66333227997026],[10.298656067999975,45.66445527866337],[10.298351153349161,45.66622733647557],[10.297890784795618,45.667310428712305],[10.297619961018723,45.668329961543535],[10.297543267017184,45.669131086478714],[10.297540398876063,45.66920308140195],[10.297799344333043,45.67126023352495],[10.300131743467686,45.676729036522154],[10.30049305346833,45.67680684081113],[10.301919030697285,45.6771009033304],[10.302252314815208,45.677167050267464],[10.309967096737365,45.67963603079193],[10.317405891318579,45.68390836565823],[10.33523669426089,45.69090417757428],[10.342296438286612,45.693613295988804],[10.35163184359288,45.696124496796166],[10.353962011072962,45.6952004191462],[10.354349991492041,45.695257001416465],[10.35569215301928,45.695666263913346],[10.357539322966232,45.696263262996304],[10.360778895268785,45.697531842644274],[10.360965104079407,45.69750476379076],[10.362412142880885,45.69728416606624],[10.363578787909871,45.69710282900642],[10.365734228818084,45.696716170081],[10.36580289211215,45.69669912951713],[10.368733772924214,45.69371197355315],[10.375071979238403,45.6882355433022],[10.3732476171338,45.68523330211168],[10.369509808580377,45.68282904993316],[10.367206589255026,45.68211866585448],[10.365016208697043,45.68111302531293],[10.363859827242257,45.680444209579505],[10.363615056002207,45.68016838278625],[10.361981735757983,45.67804664321978],[10.361894356193105,45.67752638831367],[10.36208149696367,45.67673702538627],[10.364110333621776,45.67201404120563],[10.365086544501983,45.67067084566996],[10.366245928917188,45.669209624985555],[10.368139181040904,45.667909949759675],[10.367660623850623,45.666944517632864],[10.366161846388458,45.66452551473121],[10.365916786247105,45.6641714865365],[10.364083290072339,45.6616736308536]]]},"properties":{"name":"Bione","op_id":"2318","minint_elettorale":"1030150160","minint_finloc":"1030150160","prov_name":"Brescia","prov_istat_code":"017","prov_istat_code_num":17,"prov_acr":"BS","reg_name":"Lombardia","reg_istat_code":"03","reg_istat_code_num":3,"opdm_id":"2032","com_catasto_code":"A878","com_istat_code":"017019","com_istat_code_num":17019}},
{"type":"Feature","geometry":{"type":"Polygon","coordinates":[[[10.035459961587245,45.34963041885106],[10.035510635729796,45.3490249858971],[10.025338096204303,45.33571801597324],[10.02462694180529,45.33471736737332],[10.022154314350303,45.33134857623285],[10.02175760603191,45.330870328840945],[10.02157541298154,45.33070189851334],[10.00605502701862,45.33156839190167],[10.003744073596904,45.33170951581737],[10.001352824980842,45.33190904468365],[10.00023580920573,45.332002830672245],[10.0001903379127,45.3320658517506],[9.999945385405308,45.332785094403995],[9.998890574361853,45.33653900204055],[9.998875314209204,45.33659513327004],[9.998805335131472,45.3369442798124],[9.998737311563028,45.337290726770824],[9.998750250778526,45.33749457649894],[9.998817760738024,45.33772285586749],[9.99895698979992,45.33791860690969],[9.999059809225615,45.33804412326418],[9.999473684233225,45.3384454572774],[9.999902510168958,45.33900118598207],[10.000459003527643,45.33991008996997],[10.000265306591757,45.33996363647344],[9.998775825797793,45.34028194385944],[9.992840590487123,45.34146458584287],[9.987492746947039,45.33861065395286],[9.978044871492092,45.32785409969229],[9.976263054170444,45.32400921918689],[9.974912992663112,45.320032607905176],[9.972283639255274,45.315706462192914],[9.968481694225105,45.31232506831049],[9.969190995896172,45.31040953388448],[9.968109474109317,45.312209771445474],[9.968007604367992,45.312323175494534],[9.967332056865008,45.312999578086334],[9.955858059048113,45.31649863462634],[9.944773636725746,45.32048845108783],[9.940626256072205,45.32275510938854],[9.936594775419014,45.325893620181866],[9.932807799179862,45.328861202741535],[9.93274095870736,45.32901900702454],[9.932538040407326,45.32996593892314],[9.932527035159792,45.33003484461278],[9.932593863106458,45.330243797899875],[9.934641058646061,45.331828477500345],[9.934891155607287,45.33189388712079],[9.935137802578772,45.33195357253798],[9.93532455331334,45.33196098167806],[9.937147483824276,45.33199391654963],[9.945545802227276,45.334184591907196],[9.945080419205203,45.33771009798372],[9.940338128180535,45.34096042038103],[9.940124366250469,45.34207671541361],[9.940495560404933,45.344787859259895],[9.940869408950242,45.34672697452817],[9.941035177885933,45.34743266801021],[9.941134671497538,45.34776547569203],[9.941154281329887,45.3478226079406],[9.941220970417476,45.347860512298425],[9.941331403066883,45.3478866513243],[9.94162019892583,45.34793156395977],[9.941828093790068,45.34792910262902],[9.942016773145214,45.34789410636803],[9.944134819367376,45.34907414347579],[9.944158068359863,45.34989965750201],[9.94422405106333,45.3541815379571],[9.944221607725146,45.354475255165525],[9.94415608382482,45.355060751459526],[9.9470429666299,45.35509483640901],[9.954213695538295,45.36119715361831],[9.961617086265875,45.370806657935006],[9.968673574804535,45.37587629324276],[9.972440332852164,45.37644664550729],[9.973514361430555,45.376535438441906],[9.984295623741641,45.37737315863199],[9.988724321579845,45.37778768170324],[9.991651795424914,45.37852374530153],[9.990777234521456,45.37596703845997],[9.993393710027645,45.37100370267878],[9.99720420131991,45.36987086285142],[10.00432740515809,45.366553040638955],[10.009239368430388,45.36190701783075],[10.009542790084689,45.3587261586769],[10.009554835239017,45.35529545631688],[10.014759406965323,45.350379015706224],[10.016000069975167,45.34983269089539],[10.016255806716396,45.3497291949459],[10.016812050130888,45.34951453861619],[10.017417142664243,45.34928379099153],[10.020148185302821,45.34841851005069],[10.022391888838657,45.34798233905283],[10.023322356708093,45.34781071142443],[10.023645824718448,45.34775722480743],[10.023657543345156,45.34779121704461],[10.023814078541761,45.34825603195971],[10.024282626542943,45.349655372438804],[10.024217595619122,45.34981415146448],[10.023808045636052,45.35117974613733],[10.032549938300965,45.35037653269658],[10.035459961587245,45.34963041885106]]]},"properties":{"name":"Borgo San Giacomo","op_id":"2319","minint_elettorale":"1030150170","minint_finloc":"1030150170","prov_name":"Brescia","prov_istat_code":"017","prov_istat_code_num":17,"prov_acr":"BS","reg_name":"Lombardia","reg_istat_code":"03","reg_istat_code_num":3,"opdm_id":"2033","com_catasto_code":"B035","com_istat_code":"017020","com_istat_code_num":17020}},
{"type":"Feature","geometry":{"type":"Polygon","coordinates":[[[10.255650760278375,45.48080362991093],[10.259486570659137,45.475092742919685],[10.259199974106652,45.47156421962491],[10.258347159658234,45.46962481100938],[10.256828755382312,45.46791294569614],[10.255824119976571,45.46770602333679],[10.25535317613311,45.4676344383583],[10.255103699697626,45.46760568497575],[10.25445583723867,45.467542683297],[10.2538931632583,45.4674930636414],[10.250216481894398,45.467209218284395],[10.246967272390025,45.4657237048227],[10.24747936298658,45.46277839754196],[10.244167759112113,45.46135991217272],[10.243559570799825,45.462387309330666],[10.242607674911218,45.463239140537006],[10.238526336353925,45.46346386625399],[10.236411277810102,45.4634287430801],[10.234755734108072,45.4632549725349],[10.232530178155853,45.46303074015067],[10.229031297394831,45.46275393388677],[10.226371258871616,45.464838227289725],[10.226336216822032,45.464866885398],[10.226306895476005,45.464917499058785],[10.22514977350686,45.468291233693954],[10.224900518777476,45.47012641055386],[10.223989625084293,45.470459717575594],[10.221345901202453,45.47089230720788],[10.220899054944566,45.47095058440587],[10.220800065102422,45.47095674083587],[10.219901140621603,45.47098463634676],[10.219806075658896,45.470985282656585],[10.21913372196937,45.470939219429994],[10.217949641219825,45.467285692051256],[10.213899066389098,45.47452215395227],[10.21541710672479,45.47428037610101],[10.216514161481687,45.47440172501725],[10.218854737532613,45.475141666080404],[10.227082899148964,45.482478463482416],[10.232870687167157,45.49229361119375],[10.23397746050202,45.49251049573272],[10.234092868519237,45.49253663937114],[10.234882422480878,45.49274698701773],[10.235220132403251,45.49285263647412],[10.235619434242036,45.49538864682085],[10.23551419905761,45.49601700608235],[10.235469695617214,45.49617200166594],[10.235389152070079,45.49641369932638],[10.235114887421524,45.497175437551384],[10.23500687858561,45.49738104916999],[10.234205911393836,45.49887382059192],[10.236514300315298,45.50022013830194],[10.239835000474338,45.501508784011136],[10.242622834210867,45.50152326755948],[10.242705813000333,45.50140498050826],[10.242803348271122,45.501262987945154],[10.242919635388,45.50108785595715],[10.243069631275892,45.50085023990964],[10.243358965798995,45.50036784576756],[10.249372326611143,45.49019417674629],[10.252996204728655,45.48426128078953],[10.253883099326249,45.482852191885804],[10.254021301379014,45.48263750640492],[10.255369932678917,45.480597084495756],[10.25539578497892,45.480571416950134],[10.255497294961177,45.4805952344384],[10.255650760278375,45.48080362991093]]]},"properties":{"name":"Borgosatollo","op_id":"2320","minint_elettorale":"1030150180","minint_finloc":"1030150180","prov_name":"Brescia","prov_istat_code":"017","prov_istat_code_num":17,"prov_acr":"BS","reg_name":"Lombardia","reg_istat_code":"03","reg_istat_code_num":3,"opdm_id":"2034","com_catasto_code":"B040","com_istat_code":"017021","com_istat_code_num":17021}},
{"type":"Feature","geometry":{"type":"Polygon","coordinates":[[[10.114473518735634,45.93810963828852],[10.114106623107926,45.93978110135717],[10.115388088983787,45.94642890968914],[10.115897144065698,45.948008002772376],[10.118168985520164,45.952549011042876],[10.118530692428086,45.953211504234375],[10.118916592137339,45.953792747868114],[10.119234017450756,45.954176654986014],[10.119603232913063,45.95456904794124],[10.120181036853937,45.955067412408994],[10.120719446241017,45.955530161119725],[10.12132326688332,45.95603725964135],[10.122932003194357,45.95710151429779],[10.123676873942989,45.957562201828786],[10.125153183602858,45.958456725498266],[10.12658793650131,45.95920762506908],[10.127148760439217,45.95949910260195],[10.127669626196965,45.95972796845977],[10.127916957239178,45.95983352485709],[10.133522548823583,45.96196516313387],[10.13471789789231,45.96235830473858],[10.138016100319287,45.96334255364193],[10.139950143883373,45.963881310743716],[10.14110169268857,45.96402280867898],[10.143065804626916,45.9641381983841],[10.14424021806733,45.96413543941955],[10.160066890963844,45.96740501203185],[10.173401353954251,45.971148025833955],[10.178099309671174,45.974168819784786],[10.1774355919511,45.981222951741735],[10.176505442362696,45.982717598557784],[10.181607071000942,45.98684387704206],[10.196746274005875,45.984416660529156],[10.201988154375758,45.98356399247153],[10.202361651894675,45.98344755046531],[10.204115365616829,45.9827540407479],[10.207084481314684,45.981552658302],[10.210358730595392,45.98014096739689],[10.210598657917716,45.9798954264726],[10.210793801998392,45.97937134313844],[10.21117772539924,45.97744117755521],[10.21765515727048,45.96729190151937],[10.220678768906698,45.9639205031103],[10.221210197815976,45.96343780178984],[10.22271953181902,45.96223360989692],[10.223890133778127,45.961474050398],[10.225252646248354,45.96064040384975],[10.224327748399165,45.95087587545476],[10.22565551882996,45.944966339332595],[10.225104644935572,45.94180423699109],[10.224936399604468,45.94159900491811],[10.224713166734565,45.94142138238476],[10.22442506137637,45.94122646348649],[10.224019748705699,45.941055307027334],[10.223632160834022,45.940955939033394],[10.223270228287275,45.94092381503724],[10.219937206353766,45.94130147139305],[10.217159050501891,45.94227613496173],[10.214844878292787,45.94264278506127],[10.214316434277983,45.94266641130835],[10.21373482907292,45.94261858232083],[10.21311396176486,45.94254416481903],[10.212479592783088,45.94244289921683],[10.211920464874746,45.94224182929583],[10.208997248864135,45.94070672115398],[10.204752684851078,45.93771840146076],[10.20437901638127,45.935355224432534],[10.199844969061292,45.930875692005955],[10.192297449168866,45.92717451076135],[10.19180284214464,45.92696367450227],[10.190936199867405,45.92684670246147],[10.190057443917027,45.926765851193096],[10.187900773873087,45.92663528038346],[10.186803578131906,45.926592674212465],[10.184106877252058,45.926539658173844],[10.183295469560504,45.926593058439295],[10.181867803826716,45.9267788559018],[10.181007868355541,45.92697675825349],[10.180508792655695,45.92716191333795],[10.180420189271286,45.927215587952745],[10.180101155568758,45.927409022919264],[10.179732361830458,45.927655832598944],[10.177891876082342,45.93027596393599],[10.178485379807965,45.93150289558054],[10.177073083724926,45.933641569742456],[10.173250147561326,45.93769506752695],[10.172286657842198,45.93849699965164],[10.169297759917484,45.94052571401935],[10.166647880281136,45.941506849084675],[10.162506780699447,45.9427460808032],[10.15057988151412,45.946187970013824],[10.145218847836956,45.94711486230843],[10.13765177483207,45.94743347176839],[10.13710924814864,45.947402872695974],[10.136732034710056,45.94725361403234],[10.134999656023018,45.94645180861664],[10.134595385872991,45.94623980913332],[10.1321639278143,45.94404982526829],[10.131611731992642,45.943542272694344],[10.131203077096158,45.94311428919785],[10.130923234965955,45.94267603430145],[10.129262698495838,45.93904728257926],[10.128853238096802,45.937305255444166],[10.129574858954504,45.93663208540749],[10.129036490587643,45.93679941608231],[10.128421061285724,45.93698551074675],[10.126775677967359,45.937271752811355],[10.126273592981816,45.937321716969585],[10.12567976634037,45.9373005634591],[10.11965491948214,45.9366307202993],[10.114473518735634,45.93810963828852]]]},"properties":{"name":"Borno","op_id":"2321","minint_elettorale":"1030150190","minint_finloc":"1030150190","prov_name":"Brescia","prov_istat_code":"017","prov_istat_code_num":17,"prov_acr":"BS","reg_name":"Lombardia","reg_istat_code":"03","reg_istat_code_num":3,"opdm_id":"2035","com_catasto_code":"B054","com_istat_code":"017022","com_istat_code_num":17022}},
{"type":"Feature","geometry":{"type":"Polygon","coordinates":[[[10.335620765080922,45.56657000228149],[10.335446672058866,45.56080663149995],[10.338849250659568,45.55526627399606],[10.341644346999791,45.54601119621165],[10.342181706485936,45.54395511442649],[10.343157167919419,45.539565199860284],[10.34309659929342,45.537400576284625],[10.342102308349983,45.537287823925155],[10.337778403880566,45.5367914186521],[10.337115355799469,45.53668992741938],[10.336612462178987,45.53661114025173],[10.336104009509409,45.536526871210334],[10.335919645563846,45.53645149216507],[10.330190045338085,45.53392728508337],[10.31502681062912,45.53017844112748],[10.306823028567418,45.52678790544201],[10.305497542917198,45.52497712984576],[10.304679142233613,45.52277350697874],[10.304600857108463,45.52220092064171],[10.304549001441956,45.52183380738866],[10.304435958932038,45.52116445052881],[10.30435970605279,45.52077936595292],[10.304334701390502,45.52065309096005],[10.303959283502627,45.51904230259483],[10.30097657225991,45.51916444729576],[10.300517390786872,45.51918497877199],[10.300311880560052,45.519214250113485],[10.299847016945993,45.51936281284378],[10.296222381688365,45.52414815492876],[10.294935823105897,45.529280677582435],[10.285317832686566,45.53734965054975],[10.284563294111074,45.54040614126822],[10.284090392240248,45.54551119824043],[10.284441243903277,45.54747829646707],[10.284573480296217,45.54784238897411],[10.284626001783918,45.547978939013454],[10.285841975609445,45.54986140040266],[10.28916809218538,45.55475555162976],[10.290749191849041,45.55628645799944],[10.291243539192022,45.55637377057289],[10.291876277368669,45.55668697325255],[10.293047951366948,45.557626911729855],[10.298682152636243,45.563780025651155],[10.302154019740678,45.56762894081844],[10.320183768969173,45.57800949669927],[10.322821874692787,45.579465570034415],[10.32532392075921,45.580337086188564],[10.330555241676533,45.57938727364448],[10.33514431484389,45.570392480171314],[10.335620765080922,45.56657000228149]]]},"properties":{"name":"Botticino","op_id":"2322","minint_elettorale":"1030150200","minint_finloc":"1030150200","prov_name":"Brescia","prov_istat_code":"017","prov_istat_code_num":17,"prov_acr":"BS","reg_name":"Lombardia","reg_istat_code":"03","reg_istat_code_num":3,"opdm_id":"2036","com_catasto_code":"B091","com_istat_code":"017023","com_istat_code_num":17023}},
{"type":"Feature","geometry":{"type":"Polygon","coordinates":[[[10.222435859675265,45.815613625024596],[10.222615494544701,45.82006259800571],[10.227862665089866,45.829790015043486],[10.233869788365553,45.832452473209685],[10.234402725863506,45.832680744442754],[10.235844731417753,45.83325918470363],[10.236309942379739,45.83333516468391],[10.236852398109976,45.83341028944247],[10.237536654632269,45.83349288899544],[10.238128408657259,45.8334684681592],[10.238783715536139,45.833407373213696],[10.246261218314194,45.832678011524465],[10.248959648398591,45.83300856275546],[10.252339002684854,45.83409662964459],[10.252721184666896,45.83423644044726],[10.253306712958322,45.834509042021516],[10.253619914483574,45.83469462063757],[10.254143317365486,45.835066900596175],[10.257180131647509,45.838408734794136],[10.259019405905573,45.84002660437159],[10.261591160132026,45.84214035680696],[10.262085495138189,45.84235991162502],[10.264579265894104,45.843295414304556],[10.270683131891062,45.845540829557756],[10.275636117631894,45.84699772425518],[10.28180066980144,45.850726970672525],[10.2945819963647,45.85313902153549],[10.30127043749456,45.85328805093961],[10.30752802356104,45.85483669739976],[10.308000048311172,45.8551913307393],[10.308480096930765,45.85588788011372],[10.308988883501495,45.856710089073815],[10.309257008698824,45.85715704325326],[10.309593746705453,45.857783230245865],[10.30975778154241,45.858186381193974],[10.309870308823452,45.858590104425204],[10.314692738531368,45.86097388080126],[10.32503836401442,45.873491147462495],[10.325340405074293,45.87373064809883],[10.325615203153111,45.87390747772614],[10.326998052004031,45.874791476993416],[10.328899410453516,45.87492242379662],[10.336885700103705,45.86627870961632],[10.334807791939724,45.86605996850503],[10.3343406746859,45.865921406866306],[10.33394823858955,45.865673989959696],[10.332540646404983,45.86445733081422],[10.332211564099186,45.8641641550056],[10.332013435262002,45.8639594425457],[10.32949127946647,45.86083863046008],[10.327352952581503,45.85759628882644],[10.3200704435906,45.847609032504884],[10.298293731944415,45.826104138773935],[10.297013031569996,45.81641601640099],[10.294521714800133,45.80666958732277],[10.293996204810398,45.806207501086746],[10.293667048733905,45.8058872077054],[10.29337483375603,45.80549447593968],[10.2931859599222,45.80511860209966],[10.293061433829283,45.80474198072121],[10.293038171247153,45.80206904292605],[10.294208609077444,45.80148872531402],[10.297291878133352,45.801264738563546],[10.314659070915228,45.80377538567846],[10.314948673588187,45.80405107762043],[10.315261056044108,45.80420049651555],[10.315724853679747,45.80422216076825],[10.316277228553268,45.80417979758006],[10.316791000918842,45.80413785776857],[10.31735562137271,45.8040683433624],[10.319201039360301,45.803741036661314],[10.31975128791461,45.80360867672923],[10.320261256931257,45.80340477479492],[10.322453240718941,45.802497349302705],[10.322985279529135,45.80214016381528],[10.323210247722054,45.80185855126998],[10.323547600009235,45.801431597738386],[10.323807722836605,45.80100555702273],[10.323956362897272,45.80076080958992],[10.324905701554473,45.7979236010314],[10.324941584546313,45.79726614701518],[10.324783438022504,45.79167856012623],[10.324487473946172,45.78461646134106],[10.319175357535379,45.78574902846113],[10.312204696514028,45.786936383196256],[10.30810709097883,45.78665935490503],[10.303564873504902,45.78607222689071],[10.302803303906956,45.78596391733945],[10.30201372295058,45.78575689847959],[10.3002779242281,45.785245621822064],[10.298554829896807,45.784725178103365],[10.295089809854854,45.78342340982818],[10.294595388537823,45.78322183819297],[10.2945313831655,45.783195734970754],[10.294037452120488,45.782976314978036],[10.289005512040386,45.78009898179507],[10.286099661348082,45.77735953291887],[10.28488494272123,45.775996097675254],[10.284433894314539,45.775398120006194],[10.284287280868606,45.7751747520868],[10.280521494182036,45.76912351988062],[10.28037100102653,45.76872918372772],[10.280322942903863,45.768315680728875],[10.280412438235187,45.76772963763245],[10.280547689521638,45.76745809045402],[10.281679220431622,45.766887365048355],[10.283202496676934,45.766015192437365],[10.283810747046923,45.76562132985317],[10.286187942958376,45.763857457954366],[10.28661553615831,45.763438609081255],[10.28690214288842,45.763039356539416],[10.286947978947852,45.76279581381074],[10.287072018530306,45.762038354667006],[10.281434569866509,45.762380765191594],[10.2693961715767,45.76173211660302],[10.26864865955483,45.76165940617181],[10.268437468373477,45.76141872402554],[10.268166521246902,45.760307399802215],[10.26645295022821,45.76173809857735],[10.262591216326825,45.76675793338779],[10.261212500942495,45.77063447605556],[10.259926038566691,45.77461797764377],[10.259030564033996,45.77597794992307],[10.256213693682326,45.778844183890385],[10.24671441689087,45.787249187663704],[10.238999479105209,45.79148008904485],[10.236954971675884,45.792699323802424],[10.235142808080733,45.79453706803589],[10.231749862205971,45.798218968304006],[10.23158935272987,45.79852671058694],[10.231544623896285,45.798833212678794],[10.232368513355329,45.80017838435856],[10.229392025336331,45.80568785870179],[10.224556454671294,45.81230125486773],[10.222435859675265,45.815613625024596]]]},"properties":{"name":"Bovegno","op_id":"2323","minint_elettorale":"1030150210","minint_finloc":"1030150210","prov_name":"Brescia","prov_istat_code":"017","prov_istat_code_num":17,"prov_acr":"BS","reg_name":"Lombardia","reg_istat_code":"03","reg_istat_code_num":3,"opdm_id":"2037","com_catasto_code":"B100","com_istat_code":"017024","com_istat_code_num":17024}},
{"type":"Feature","geometry":{"type":"Polygon","coordinates":[[[10.250653055511924,45.58380977101448],[10.248317425574154,45.58366244258534],[10.241911645016636,45.58343737084562],[10.238251476898839,45.58481798258869],[10.230175904338745,45.589584505411146],[10.233489320030163,45.59563625837655],[10.235466949508893,45.59949471300178],[10.237728412932418,45.60361976113421],[10.247698834919612,45.61436037687128],[10.249156876388295,45.61550735160892],[10.255320896831105,45.61912434946878],[10.256936203144248,45.61991915011757],[10.257974229286543,45.62028099378285],[10.258574389882744,45.62048647276891],[10.259187974543238,45.62069492395356],[10.263288621499807,45.61596481762988],[10.267527518698364,45.60346643311822],[10.259332538437114,45.59706979304122],[10.254907497711242,45.59402373534914],[10.254376838169106,45.5934279085299],[10.253448986155302,45.592310831560354],[10.25322127487739,45.59199262797952],[10.250455548098063,45.586813551184584],[10.249899619126477,45.58542919134939],[10.24998067034461,45.584526327996],[10.250653055511924,45.58380977101448]]]},"properties":{"name":"Bovezzo","op_id":"2324","minint_elettorale":"1030150220","minint_finloc":"1030150220","prov_name":"Brescia","prov_istat_code":"017","prov_istat_code_num":17,"prov_acr":"BS","reg_name":"Lombardia","reg_istat_code":"03","reg_istat_code_num":3,"opdm_id":"2038","com_catasto_code":"B102","com_istat_code":"017025","com_istat_code_num":17025}},
{"type":"Feature","geometry":{"type":"Polygon","coordinates":[[[10.057557144878373,45.46497468162435],[10.061064538587178,45.46337041067885],[10.061579990062617,45.46300989194989],[10.063276100791555,45.46150763553052],[10.063434786064127,45.46131985990892],[10.063741104900377,45.460766942859],[10.063776836350344,45.46063671345501],[10.06412362182544,45.45871536671275],[10.065304475895315,45.45185996925773],[10.065958699122138,45.44512980096435],[10.06088398165197,45.44394654824257],[10.049223554449513,45.44196681904396],[10.046018055029071,45.438990307802264],[10.045874572911647,45.439051984189746],[10.045105835641191,45.4393230278271],[10.044667130595665,45.43947313166731],[10.044299930871386,45.43955505264528],[10.032419220101897,45.44159024324883],[10.028762411417429,45.44098237619757],[10.0256626547533,45.4396403319311],[10.02728300958576,45.44764005036129],[10.02632959714202,45.449487403488114],[10.021630085547454,45.45418883534666],[10.020994214592745,45.454689363836735],[10.020748591342047,45.45486296063293],[10.018869197853657,45.4561000827381],[10.022079157679965,45.45923684503856],[10.026521461901229,45.462596964057624],[10.034529407136798,45.46912869293407],[10.04512070734958,45.466783281266125],[10.049093253434792,45.46576962712575],[10.057557144878373,45.46497468162435]]]},"properties":{"name":"Brandico","op_id":"2325","minint_elettorale":"1030150230","minint_finloc":"1030150230","prov_name":"Brescia","prov_istat_code":"017","prov_istat_code_num":17,"prov_acr":"BS","reg_name":"Lombardia","reg_istat_code":"03","reg_istat_code_num":3,"opdm_id":"2039","com_catasto_code":"B120","com_istat_code":"017026","com_istat_code_num":17026}},
{"type":"Feature","geometry":{"type":"Polygon","coordinates":[[[10.430806304217711,45.95998833171631],[10.430902148407656,45.95923110580912],[10.43090835096309,45.95897001905627],[10.430604850781497,45.9582087814834],[10.430413586848518,45.957797153937435],[10.429848610705072,45.9569041843026],[10.42563200585131,45.95149360227816],[10.425272646040074,45.95106605473928],[10.423458260842198,45.94924359435273],[10.4229178914794,45.94880030395917],[10.42232941758747,45.948492613024925],[10.418852895449458,45.94725777214856],[10.418319493042503,45.94708437985079],[10.416474886336605,45.94659423675694],[10.415553397348171,45.94638064665023],[10.414982459070822,45.946252715367066],[10.414581012409018,45.946194683486944],[10.414141783743132,45.94617311538372],[10.413715699362085,45.94616039877569],[10.413291445369584,45.94621963686571],[10.412069691452468,45.9468827706295],[10.411814144324142,45.94850601561075],[10.410811956452637,45.94968846103153],[10.406573720493306,45.95301686904749],[10.40619377256415,45.95330056495302],[10.40569523584987,45.95348669684533],[10.405180845868744,45.953556026666696],[10.40461167615166,45.95350002233987],[10.403886785458024,45.953409928378335],[10.397716848301092,45.95641072439396],[10.391962456910672,45.95954110667613],[10.390283559245887,45.96052459179239],[10.387511108002181,45.96423046914524],[10.3856199519046,45.967061553919855],[10.383656480800369,45.96958745998962],[10.380603500704035,45.97346756277633],[10.378399052260113,45.97618529573473],[10.37810916800791,45.9764678095],[10.377196928633921,45.97716283276784],[10.376930821500087,45.97736406261982],[10.376257533270365,45.977804184650005],[10.375847676542872,45.977935126940466],[10.368579327137763,45.980011580161516],[10.36188467818231,45.981288705863165],[10.339350755924444,45.98319314878944],[10.33462895853495,45.98333840407823],[10.327640721800707,45.98230535888292],[10.322036006014981,45.981135591095295],[10.334830870484604,45.99335338191586],[10.336506945265254,45.99324381304068],[10.347386452728559,45.992450182093],[10.356033205097726,45.99172685253443],[10.365262200729708,45.99106773112713],[10.37495010949845,45.9906905585531],[10.377487541831316,45.99095702329182],[10.382598254896287,45.9898152480434],[10.38349220197698,45.98941741317641],[10.394904912662918,45.981839800670116],[10.398084714631121,45.97821422551441],[10.398939168262991,45.97728572077987],[10.399726812070966,45.976781060787516],[10.406536286200234,45.972953271137584],[10.40896091933296,45.971852358405634],[10.412102579268204,45.97052650172159],[10.413525974410538,45.97015788404927],[10.414115187644548,45.9699795923808],[10.414703709601161,45.96977430117937],[10.417588416624696,45.96850548236423],[10.423885998880191,45.96543904307018],[10.429428906410246,45.96115762721374],[10.430806304217711,45.95998833171631]]]},"properties":{"name":"Braone","op_id":"2326","minint_elettorale":"1030150240","minint_finloc":"1030150240","prov_name":"Brescia","prov_istat_code":"017","prov_istat_code_num":17,"prov_acr":"BS","reg_name":"Lombardia","reg_istat_code":"03","reg_istat_code_num":3,"opdm_id":"2040","com_catasto_code":"B124","com_istat_code":"017027","com_istat_code_num":17027}},
{"type":"Feature","geometry":{"type":"Polygon","coordinates":[[[10.49123592880267,45.9332279632101],[10.490690460607269,45.931285301936825],[10.490562590616308,45.93084596134689],[10.490421833407197,45.93040676979533],[10.490242660961767,45.92997707425796],[10.4900405854834,45.929655694509506],[10.48963737685119,45.92904892201312],[10.488965730918434,45.928049613371016],[10.488793293665967,45.92787186291778],[10.474986184505303,45.919356464978755],[10.466395273723858,45.91926904431056],[10.459766285552098,45.91826487454452],[10.452006565469565,45.912927450663965],[10.445781379268618,45.91157531102161],[10.444704271367199,45.911309933545795],[10.44422339547791,45.91116300161539],[10.442585316076347,45.91064366281428],[10.442142629898369,45.91047824866881],[10.4416849672233,45.910232007628565],[10.44143518335135,45.91004614809986],[10.441052074824562,45.9096909624094],[10.439153760644336,45.9110739520094],[10.437774928467789,45.9116043398422],[10.43002528952894,45.91108956992077],[10.428435247235985,45.910929443524864],[10.426118286662076,45.910580381636024],[10.425599941761352,45.91047883285346],[10.424782360737268,45.910273014961554],[10.424222586680957,45.910063995806816],[10.42369987834529,45.909791490034735],[10.423188907048647,45.90947384000124],[10.417319133214065,45.90782770467617],[10.409212980422215,45.906442900778934],[10.406064466072687,45.90633767525332],[10.404703697249097,45.90657043005034],[10.404036670505247,45.906704637910714],[10.400729658704693,45.90747427392535],[10.400231736659237,45.90766939020745],[10.398982632425586,45.90824271549102],[10.385883377498493,45.908771390187965],[10.385275761572045,45.90870674171116],[10.38463419860518,45.90883153134787],[10.378998495042147,45.91033977252269],[10.378576007587426,45.91046188372068],[10.377192393349228,45.91134261769041],[10.376913934963612,45.91155297686974],[10.37679059165929,45.91177947462723],[10.37728662009348,45.916714779143035],[10.378596540034723,45.921703244174736],[10.378707699020595,45.922025917228964],[10.378751952600592,45.92225039511617],[10.379146144329736,45.92618784385687],[10.37912351649191,45.926836146963545],[10.379003743830115,45.927206620167865],[10.378713861855324,45.92748012478445],[10.378396867416381,45.92769996600324],[10.377798881779176,45.928031193455716],[10.376260945717707,45.928427752239735],[10.37522163656657,45.92864728767595],[10.37474545393739,45.9286890166628],[10.37195742808617,45.92860551675829],[10.37144078101239,45.92857571984242],[10.370819222914925,45.92847518492567],[10.370454864451728,45.92834453692896],[10.369972451633283,45.92813432549152],[10.369461166165877,45.92779843074031],[10.359242903563457,45.925553324668925],[10.343570983617557,45.92654872738623],[10.341497691395368,45.92668110679216],[10.338201839694648,45.9269267581338],[10.335731821131002,45.927189667253884],[10.328994260288647,45.92860031183873],[10.325928807560427,45.92931995509293],[10.325403096330987,45.92999209291222],[10.324759798043651,45.93114261694642],[10.314282837446658,45.93318078938917],[10.305838168921339,45.933907652971946],[10.305272671739719,45.9356422440836],[10.305152993804898,45.93603962411431],[10.305069897318155,45.93634657828781],[10.304751447964774,45.93761928535554],[10.304684403658928,45.93806107619756],[10.304630047854927,45.939042752057645],[10.304717964402434,45.939491770278806],[10.30480337606453,45.93983279914995],[10.30487568873548,45.940165000420464],[10.304923647686994,45.94056046534481],[10.304920469754975,45.94097452426732],[10.304838419726195,45.941326478516764],[10.304729323551578,45.94162473396336],[10.298291520520296,45.946036286159824],[10.295975234276689,45.94740364878548],[10.289207634764857,45.947111181236465],[10.285652323189032,45.94680020879496],[10.279271242044747,45.952650044982676],[10.281559083815806,45.95338040946661],[10.289670000311029,45.95759140032039],[10.291447397202019,45.95855238899848],[10.294655119659831,45.96053213160199],[10.29554988377728,45.96126901825628],[10.295185242699967,45.9622361942819],[10.288334070226336,45.965652794020066],[10.292370241542072,45.96716428678318],[10.29424464537386,45.96618002906978],[10.294614432119737,45.965986830095],[10.297365707566337,45.964974573601395],[10.30280843428126,45.96481364365039],[10.305108703561839,45.966038447824616],[10.307754778562488,45.968240307772945],[10.314440329216682,45.972042792132555],[10.31609687933879,45.97168170374445],[10.316244997263537,45.970851928568074],[10.317033498611883,45.969970065701624],[10.318856783982417,45.96905566256307],[10.323683737898351,45.96721988055596],[10.326772578300089,45.966311022054946],[10.335857546921918,45.96249699681423],[10.3483525614923,45.95514084947857],[10.348728647733822,45.954686390565016],[10.349554523751959,45.95309257138729],[10.349993789910652,45.9520523384352],[10.350176789213448,45.95161814675],[10.350305787347445,45.95108558920808],[10.350422766046545,45.950589190836],[10.350281092964812,45.95006884590698],[10.350063137801433,45.949594396521455],[10.349805585772435,45.94908441604787],[10.349753585790245,45.94853600584931],[10.349684489069263,45.947285735533455],[10.349728216374873,45.946961187245805],[10.349832711202275,45.946482927719074],[10.350167651790535,45.94592994563763],[10.35056007437494,45.945619303155446],[10.351148801215027,45.94542333216933],[10.35859488529957,45.943381939589926],[10.364617062762315,45.94274313955686],[10.368886787968053,45.93380863457648],[10.37483854614688,45.92903964023643],[10.379441278020774,45.92768736144264],[10.397076765840035,45.93761660878506],[10.401845760508905,45.940528351208975],[10.407740421970296,45.94558612914622],[10.408186025661173,45.94585965684868],[10.408760135248507,45.946113590220214],[10.409268174605424,45.94630533112193],[10.409892769010227,45.94651364072085],[10.412069691452468,45.9468827706295],[10.413291445369584,45.94621963686571],[10.413715699362085,45.94616039877569],[10.414141783743132,45.94617311538372],[10.414581012409018,45.946194683486944],[10.414982459070822,45.946252715367066],[10.415553397348171,45.94638064665023],[10.416474886336605,45.94659423675694],[10.418319493042503,45.94708437985079],[10.418852895449458,45.94725777214856],[10.42232941758747,45.948492613024925],[10.4229178914794,45.94880030395917],[10.423458260842198,45.94924359435273],[10.425272646040074,45.95106605473928],[10.42563200585131,45.95149360227816],[10.429848610705072,45.9569041843026],[10.430413586848518,45.957797153937435],[10.430604850781497,45.9582087814834],[10.43090835096309,45.95897001905627],[10.430902148407656,45.95923110580912],[10.430806304217711,45.95998833171631],[10.434836807347752,45.95967677820901],[10.445619685285987,45.962925026827875],[10.45151663841459,45.9668374432269],[10.452004470701748,45.97306404088734],[10.453407896568327,45.97655253507667],[10.457951313782303,45.975432189208014],[10.4648536172852,45.97354382409718],[10.476109979144896,45.97050932219792],[10.476200172395476,45.97048557114117],[10.47686927850683,45.97037720453763],[10.478257521993918,45.970152457980845],[10.478943648237712,45.9700554975422],[10.4801672068228,45.96995387624508],[10.482553419212554,45.97030378964164],[10.483250127865157,45.97041330735497],[10.484644748691029,45.97067769576012],[10.485250013031552,45.970796638377344],[10.486002520026291,45.97096093438549],[10.486332731755978,45.97106048878097],[10.486604668520043,45.97115832980362],[10.488558033420215,45.968736717505],[10.489416997920976,45.96377401148351],[10.487926702010961,45.96014555644061],[10.486165641184662,45.957967948816986],[10.48461678702888,45.955287874847436],[10.483261814771453,45.950527715890644],[10.484706148839697,45.945114741720516],[10.48524297484477,45.944219325262175],[10.485708404266962,45.94347849159305],[10.485999763772893,45.94304753742486],[10.486118314717737,45.94287557675945],[10.486150458654738,45.94282899853975],[10.49037269416409,45.942066663407445],[10.491435424235261,45.94195295124936],[10.49123592880267,45.9332279632101]]]},"properties":{"name":"Breno","op_id":"2327","minint_elettorale":"1030150250","minint_finloc":"1030150250","prov_name":"Brescia","prov_istat_code":"017","prov_istat_code_num":17,"prov_acr":"BS","reg_name":"Lombardia","reg_istat_code":"03","reg_istat_code_num":3,"opdm_id":"2041","com_catasto_code":"B149","com_istat_code":"017028","com_istat_code_num":17028}},
{"type":"Feature","geometry":{"type":"Polygon","coordinates":[[[10.255650760278375,45.48080362991093],[10.255497294961177,45.4805952344384],[10.25539578497892,45.480571416950134],[10.255369932678917,45.480597084495756],[10.254021301379014,45.48263750640492],[10.253883099326249,45.482852191885804],[10.252996204728655,45.48426128078953],[10.249372326611143,45.49019417674629],[10.243358965798995,45.50036784576756],[10.243069631275892,45.50085023990964],[10.242919635388,45.50108785595715],[10.242803348271122,45.501262987945154],[10.242705813000333,45.50140498050826],[10.242622834210867,45.50152326755948],[10.239835000474338,45.501508784011136],[10.236514300315298,45.50022013830194],[10.234205911393836,45.49887382059192],[10.23068329356646,45.50105039749494],[10.222305156905486,45.50363742075857],[10.214219778684932,45.50198895025926],[10.21228778456453,45.498016200490795],[10.209782318247496,45.49163441571016],[10.208974033855698,45.48966974080026],[10.20787685734619,45.487755679199324],[10.206154736173282,45.48615942586382],[10.203566199110279,45.485147041686055],[10.19631592547412,45.48316813452213],[10.19442079186641,45.4832811496227],[10.194935400397254,45.48438168013715],[10.195924782467646,45.4874039797449],[10.195368807478832,45.49067115201268],[10.192895921198248,45.491483430830826],[10.183202881716214,45.49220773337391],[10.170654019795162,45.495868223011755],[10.163518815031459,45.49680302224605],[10.161234709626434,45.49754619937471],[10.154219526590806,45.50115968883696],[10.152328831630333,45.50782143723221],[10.15263871413174,45.51231582470878],[10.154476813580915,45.52094722042692],[10.155066597489938,45.52312061144331],[10.159801472808477,45.524482683833604],[10.16461088021029,45.52660384574907],[10.177825723877367,45.5409197435109],[10.17496957774613,45.54306864649399],[10.17480770112948,45.542829922814725],[10.174463553476736,45.54238478417862],[10.173614664527422,45.541597497359184],[10.173160972471726,45.54119150990938],[10.172989257134239,45.54104385518977],[10.172192009147713,45.54042201664894],[10.169150799922805,45.53820789742626],[10.168409253852678,45.53771493396363],[10.168316819111594,45.53767116199344],[10.16281686462275,45.535786702406185],[10.162755536752192,45.535805905041414],[10.147565665729426,45.54069581269035],[10.147487070061185,45.540913792620394],[10.150252125207976,45.54538946152919],[10.151462274015334,45.54690313378967],[10.151545525926867,45.54700713021859],[10.152076712516168,45.54758406332371],[10.15284963975213,45.54822026568758],[10.153125824949345,45.548439496856126],[10.153185748717638,45.54848310702775],[10.159908542050339,45.554285017638044],[10.161236907240745,45.55371735690435],[10.162873268304129,45.55429423753133],[10.168708048974903,45.556942857752446],[10.169833125303887,45.55762547650834],[10.174736305487846,45.561056895320355],[10.177918534809638,45.565772555623354],[10.179738364746363,45.570161552977225],[10.18671361594081,45.57205697552904],[10.189483107387366,45.57277903425966],[10.200293771341062,45.57284332876926],[10.211114239898004,45.57108178857829],[10.21107002915818,45.570942461883455],[10.21101532953476,45.57064366657046],[10.210995105380988,45.57025963019331],[10.210999287247612,45.56996764092001],[10.2110616407463,45.569800407955015],[10.211086137630282,45.56976009618784],[10.21329800465196,45.57004448991292],[10.214305609079005,45.57110296426084],[10.216858198491032,45.57453476095761],[10.217101175995108,45.57491081949348],[10.217845526729995,45.57616373508558],[10.218622608965553,45.577474155121884],[10.21929261283682,45.57860465659196],[10.220242689292157,45.58022092806657],[10.22044596315259,45.58058088637985],[10.220682544830128,45.581094784280225],[10.220833713770114,45.58149295906198],[10.220885076522391,45.581676859479536],[10.220896348547459,45.58171876577257],[10.22104690208087,45.58227848764737],[10.221075833384292,45.58244639886901],[10.221206129321798,45.583300437995696],[10.221257970649555,45.58365641499511],[10.221324741779823,45.58413866093698],[10.221352916329721,45.58488452793526],[10.221307146512407,45.58584180981308],[10.230175904338745,45.589584505411146],[10.238251476898839,45.58481798258869],[10.241911645016636,45.58343737084562],[10.248317425574154,45.58366244258534],[10.250653055511924,45.58380977101448],[10.25198379566193,45.58294914365256],[10.260182917022469,45.57669996367915],[10.2596705807544,45.57178740976997],[10.268554542998636,45.564884882168066],[10.27108379221945,45.56367201474851],[10.2733705600234,45.562945854521416],[10.275125287383986,45.562400336257866],[10.279202558126727,45.561895419676894],[10.286806096874667,45.55903160911903],[10.288121599803356,45.55814917512936],[10.288561763286543,45.55784650828483],[10.290561593188093,45.55642311713692],[10.290749191849041,45.55628645799944],[10.28916809218538,45.55475555162976],[10.285841975609445,45.54986140040266],[10.284626001783918,45.547978939013454],[10.284573480296217,45.54784238897411],[10.284441243903277,45.54747829646707],[10.284090392240248,45.54551119824043],[10.284563294111074,45.54040614126822],[10.285317832686566,45.53734965054975],[10.294935823105897,45.529280677582435],[10.296222381688365,45.52414815492876],[10.299847016945993,45.51936281284378],[10.299754889133638,45.517404915109196],[10.299591972405624,45.516849246969215],[10.299248133915214,45.51567835603408],[10.298841438847242,45.51510067939478],[10.29669837993124,45.515619283596315],[10.296196690587893,45.513976381700175],[10.296115583874425,45.51369309078822],[10.295867390742945,45.512822012194135],[10.294595302722586,45.508122424653614],[10.29308468730614,45.50251805391478],[10.293043573710815,45.5022369943366],[10.293038990157628,45.50218523280039],[10.29331810763774,45.50193700931478],[10.294425611771988,45.50098167112511],[10.295326023913226,45.50018402217826],[10.295351857399282,45.50011329501287],[10.293662913334172,45.498553569246646],[10.293542220011094,45.498457333832874],[10.293335438447851,45.49829245450566],[10.291509960805294,45.49693918128873],[10.288826029061465,45.49569185475354],[10.284378373694771,45.49371698972781],[10.279496420756484,45.49147011532412],[10.276556642737187,45.49211766998866],[10.27184683200701,45.493518013424485],[10.266180036671274,45.489606311601555],[10.265643360142953,45.48918617992356],[10.263559330749692,45.487532838006324],[10.262756026771267,45.4868827813205],[10.257556264329489,45.48245578569501],[10.25681363203007,45.48181979860035],[10.25582160319175,45.480963547162766],[10.255650760278375,45.48080362991093]]]},"properties":{"name":"Brescia","op_id":"2328","minint_elettorale":"1030150260","minint_finloc":"1030150260","prov_name":"Brescia","prov_istat_code":"017","prov_istat_code_num":17,"prov_acr":"BS","reg_name":"Lombardia","reg_istat_code":"03","reg_istat_code_num":3,"opdm_id":"2042","com_catasto_code":"B157","com_istat_code":"017029","com_istat_code_num":17029}},
{"type":"Feature","geometry":{"type":"Polygon","coordinates":[[[10.17558718193343,45.65792027691531],[10.175093379298067,45.65775176052182],[10.173765685969958,45.65720426255996],[10.172742596300006,45.65670834254289],[10.171647824234052,45.656081221978894],[10.168671958248526,45.65416269015274],[10.168432771444474,45.65393611819639],[10.168255910140068,45.65376858270808],[10.16815055133363,45.653625456257664],[10.168080063178556,45.65352422351122],[10.167096639217766,45.65131817262347],[10.162153557106384,45.635653418049294],[10.165839456889978,45.62970245968217],[10.164011233371795,45.62828755792425],[10.163088066779345,45.62776423011961],[10.15815657254331,45.62539050149809],[10.157735326375175,45.62524696677635],[10.15722214324195,45.62517390347422],[10.156790687426128,45.62512067646844],[10.156648849888008,45.62513271593878],[10.156407128072841,45.62518886315161],[10.155749019417437,45.625393194212435],[10.154729764197295,45.62587494652961],[10.154059407886654,45.62633954676143],[10.153839768478814,45.62712215891427],[10.153830267472319,45.627224937970524],[10.153824568291698,45.627342944268875],[10.153829315268213,45.62757928882499],[10.153835244655715,45.62778072466439],[10.153933519807861,45.628530583848324],[10.153952528522158,45.62864604527562],[10.15407075852795,45.62884283614322],[10.154625602614768,45.629441374058025],[10.155271543956125,45.62978526684449],[10.1552680268132,45.63031691034854],[10.155070390142155,45.631495335289365],[10.154467836844317,45.632922606945],[10.154351763974985,45.63319004648335],[10.154259773015523,45.633377228494986],[10.154187656820364,45.63345511794822],[10.153717767356953,45.63339417315477],[10.153411683556634,45.633332126978864],[10.152243868037747,45.63293385166233],[10.15216337784714,45.632900608417046],[10.146239908067074,45.63023247795674],[10.14477008854553,45.62696885333475],[10.143755496839736,45.62462523097761],[10.143715741192713,45.624510362559356],[10.14368223019262,45.62438904991014],[10.143718924870551,45.62416733951841],[10.144054657461504,45.623554341332245],[10.144278464811833,45.62330026121303],[10.143663216532593,45.62167056980702],[10.141641846121896,45.61799457938742],[10.139807473010267,45.61854548843585],[10.141073361594431,45.62051307310045],[10.14444469183832,45.62854562304745],[10.144976587753185,45.630795089043446],[10.144986220683988,45.63085231963522],[10.144923708872138,45.63118843919538],[10.14469624651362,45.6319865121221],[10.144321601617403,45.63274972215352],[10.143851370608731,45.633473608768405],[10.143664398806086,45.633533591114],[10.143309405811411,45.633527459763926],[10.143205587255983,45.63352317927075],[10.14104707346094,45.634176160905966],[10.139874899823013,45.63455264586988],[10.13826276732727,45.63569902622598],[10.132848417947862,45.64021572176531],[10.132176015442955,45.64112832032735],[10.132152719290671,45.641168456931155],[10.132076558443718,45.64143711419339],[10.13313522974303,45.642071626973305],[10.135337411719961,45.64993962687096],[10.138008882893118,45.651961916507766],[10.141386662701475,45.65122857304403],[10.143911259408549,45.64990328719438],[10.148379061376726,45.651032072614534],[10.150514041964515,45.651632472729744],[10.154686895273775,45.65292953563272],[10.160077391585666,45.65503957969747],[10.160532861311363,45.65547289791615],[10.160432087791179,45.655542873311575],[10.15977180650103,45.65597233465674],[10.158950512578727,45.65639514500745],[10.157815766733094,45.65712505223299],[10.159827392385058,45.66003459890198],[10.160533035504189,45.66078754185706],[10.1609221185023,45.66117340644599],[10.161003994898595,45.661079102447324],[10.161115597896835,45.661050695302],[10.16169456306,45.66091376442461],[10.162385704429271,45.66085819162101],[10.163638219758973,45.66087606681936],[10.16499851634714,45.66091738901673],[10.165261412414523,45.66100682294348],[10.166978121332452,45.661640424498366],[10.167971452105991,45.66278300203196],[10.168600223472664,45.66292114404731],[10.173512363732101,45.66270041674946],[10.176258624260605,45.6618458683062],[10.177960579670781,45.660108433926595],[10.178340741722312,45.658810324085565],[10.17558718193343,45.65792027691531]]]},"properties":{"name":"Brione","op_id":"8229","minint_elettorale":"1030150270","minint_finloc":"1030150270","prov_name":"Brescia","prov_istat_code":"017","prov_istat_code_num":17,"prov_acr":"BS","reg_name":"Lombardia","reg_istat_code":"03","reg_istat_code_num":3,"opdm_id":"2043","com_catasto_code":"B184","com_istat_code":"017030","com_istat_code_num":17030}},
{"type":"Feature","geometry":{"type":"Polygon","coordinates":[[[10.322104270336553,45.63855396478215],[10.324017464655988,45.63803756094313],[10.341896896521721,45.63045867981134],[10.352588322600237,45.62251762267241],[10.352321091947,45.62126482244382],[10.352433595855375,45.62087469242366],[10.352684116564273,45.62034634674274],[10.352755963271106,45.62021592742114],[10.35427738293066,45.618229145422575],[10.355735064853455,45.61796189503185],[10.359440281423444,45.61806113378688],[10.360927106109594,45.61411539036149],[10.361989862521447,45.610439105137466],[10.362044513398434,45.60609292561773],[10.35931249356487,45.601616275459776],[10.35748010015069,45.60010559849146],[10.3418109528289,45.601297163976035],[10.334747611235503,45.600608360349966],[10.330499888530147,45.60005683661189],[10.33005577449886,45.599694694359414],[10.329755639649232,45.5995725616583],[10.328340598595867,45.59946334568501],[10.326259115275288,45.599369089353566],[10.321044409633835,45.599321616650926],[10.312323171864564,45.60174080650071],[10.29870447277591,45.606951220040095],[10.291002166068559,45.61826712546843],[10.287032607130529,45.62308130085782],[10.289203073814923,45.623668350103564],[10.29129037989864,45.62664448060689],[10.293909211019512,45.62913907959068],[10.301093594916862,45.632486715537695],[10.303371734561917,45.63335273945759],[10.3054303164802,45.63379224999792],[10.308140394316627,45.63419284162496],[10.309954543895229,45.63432270895282],[10.322104270336553,45.63855396478215]]]},"properties":{"name":"Caino","op_id":"2330","minint_elettorale":"1030150271","minint_finloc":"1030150271","prov_name":"Brescia","prov_istat_code":"017","prov_istat_code_num":17,"prov_acr":"BS","reg_name":"Lombardia","reg_istat_code":"03","reg_istat_code_num":3,"opdm_id":"2044","com_catasto_code":"B365","com_istat_code":"017031","com_istat_code_num":17031}},
{"type":"Feature","geometry":{"type":"Polygon","coordinates":[[[10.369880573131464,45.48677485195682],[10.371859640140821,45.48619456341682],[10.3766779862271,45.4847848081728],[10.378654575780477,45.4842417873455],[10.38035796316622,45.4837793297179],[10.380501937119782,45.48374365946667],[10.380798676466108,45.483687027205896],[10.382107822383741,45.48343717039451],[10.383199627114717,45.48323214579292],[10.383668722075495,45.48314622674716],[10.405629024420616,45.479918504227456],[10.413794403403585,45.478887142046204],[10.414815511763024,45.47901154024756],[10.41566085083593,45.479052848767054],[10.41578753057431,45.47905627408379],[10.418919817707902,45.47897887553876],[10.42608935667828,45.47797220666631],[10.430619147158323,45.47351864771907],[10.440320870002369,45.47084196447437],[10.442850774819389,45.468706959914755],[10.44393393562701,45.45410522376454],[10.445186559731894,45.43956412650904],[10.445366841166177,45.438971217530685],[10.4455283283235,45.4384535807119],[10.44572974274794,45.437819321739724],[10.44576520884853,45.43772516049165],[10.445948233328068,45.43730964880937],[10.44604500316544,45.437152836498214],[10.446244841422901,45.43699321567827],[10.44936545162266,45.43460139500091],[10.451590169435226,45.432948290626086],[10.452573348561382,45.43226339361325],[10.454713386899712,45.430792167530264],[10.456153075733727,45.42700278400477],[10.451185279050234,45.41859545151663],[10.450379986288755,45.417414296359496],[10.44977439755598,45.41702912851799],[10.44972121246932,45.4170294472417],[10.449683648854815,45.417039624796374],[10.449374939684397,45.41720972619902],[10.448668712261012,45.41760608526538],[10.447960813029058,45.41801367675425],[10.446044288706423,45.419131618807576],[10.440816055205952,45.42220309952436],[10.424346808830366,45.43203606826894],[10.411815248683206,45.438785337376856],[10.405549256041738,45.44205365820658],[10.405196928978047,45.44223658350635],[10.40480934212951,45.442434523495585],[10.40355794770994,45.44266338397047],[10.394990044951639,45.44418167713771],[10.394350644176644,45.444047022615784],[10.394278832201392,45.44400188491967],[10.394253540679923,45.44398325503891],[10.393565347677162,45.44336917877356],[10.393553486719426,45.4432452365993],[10.384403312261137,45.44450763002476],[10.372365981319065,45.44836442038604],[10.362964475094742,45.45315403088418],[10.346007436035661,45.460049049547564],[10.343574998233787,45.46105475767258],[10.343374998213879,45.461138459928755],[10.341473932648396,45.4619430452228],[10.350092867936137,45.47178871593634],[10.354059974874515,45.475477425504685],[10.354294597451434,45.475726920521524],[10.354674941243427,45.476138373697054],[10.35558199898952,45.47719321484345],[10.356030377864126,45.47775715994622],[10.356331823692878,45.47814169449155],[10.357339954902114,45.47956758835927],[10.357558433852716,45.4798803758299],[10.36080872065306,45.48453921493566],[10.36096562981911,45.48477077602447],[10.361017317536387,45.48484705461529],[10.36135566045051,45.48535731455702],[10.362650945683178,45.48750556609194],[10.369880573131464,45.48677485195682]]]},"properties":{"name":"Calcinato","op_id":"2331","minint_elettorale":"1030150280","minint_finloc":"1030150280","prov_name":"Brescia","prov_istat_code":"017","prov_istat_code_num":17,"prov_acr":"BS","reg_name":"Lombardia","reg_istat_code":"03","reg_istat_code_num":3,"opdm_id":"2045","com_catasto_code":"B394","com_istat_code":"017032","com_istat_code_num":17032}},
{"type":"Feature","geometry":{"type":"Polygon","coordinates":[[[10.464111883952159,45.50684119053098],[10.463293769979739,45.509016430315214],[10.45882919505775,45.514591226058364],[10.45143383458279,45.51776382213239],[10.442836631989476,45.523543417889336],[10.437123314860159,45.52345343624326],[10.43427601043685,45.523273199034826],[10.432086896071825,45.52379579396849],[10.428519777486358,45.52603673788751],[10.427866865365502,45.526548948504015],[10.427723680022602,45.52696477031134],[10.433240223900475,45.53290833420842],[10.436669519971513,45.542343371325984],[10.436503132168482,45.54971555183113],[10.437672392124025,45.5495226282112],[10.443381826584172,45.54885653819848],[10.448554984725282,45.54876405430085],[10.45038671132452,45.54925386528015],[10.4511822133578,45.55029688358776],[10.452817275422545,45.550609127527835],[10.453201937235965,45.550622244098754],[10.45355960786087,45.55058167194895],[10.454004705579537,45.55046230792936],[10.458200574292954,45.54873125529536],[10.461642097373316,45.54680247080872],[10.462758534799821,45.54517158167421],[10.46522002857424,45.54081052687063],[10.46675454043936,45.538738660045304],[10.465336883043898,45.5374157340869],[10.464407921568721,45.53616748851763],[10.465339926379578,45.533095183856275],[10.469250542306423,45.529822553304584],[10.469846393526701,45.529737514329334],[10.47244029327205,45.52936744283234],[10.472963779796164,45.52930668028114],[10.476429092618213,45.53008997938104],[10.481451444311643,45.529682969095106],[10.483734244513691,45.529320282717485],[10.485010415790342,45.52866461961298],[10.487132145456311,45.527538840689154],[10.487094120298792,45.52707121063151],[10.48695543098153,45.52666797932076],[10.486752983716691,45.526274555578475],[10.484069597973773,45.52260098980006],[10.482225227256066,45.52160783409351],[10.481960025176582,45.52126023255117],[10.481823984750008,45.52095595315162],[10.481666887123188,45.520336923491286],[10.482472906758481,45.51885028781742],[10.48295291510943,45.51860101939032],[10.48349903550596,45.51843190779511],[10.483944418661302,45.5183271115538],[10.48463179853571,45.518174150499924],[10.485334359228727,45.51811102194262],[10.485964342369186,45.518202020500446],[10.474750116391206,45.50651097149081],[10.464111883952159,45.50684119053098]]]},"properties":{"name":"Calvagese della Riviera","op_id":"2332","minint_elettorale":"1030150290","minint_finloc":"1030150290","prov_name":"Brescia","prov_istat_code":"017","prov_istat_code_num":17,"prov_acr":"BS","reg_name":"Lombardia","reg_istat_code":"03","reg_istat_code_num":3,"opdm_id":"2046","com_catasto_code":"B436","com_istat_code":"017033","com_istat_code_num":17033}},
{"type":"Feature","geometry":{"type":"Polygon","coordinates":[[[10.40142747044259,45.32376637862231],[10.400663678810437,45.32140644370736],[10.39994149118636,45.32014139686202],[10.39825285091785,45.31749692252922],[10.398021760916581,45.31729159871715],[10.392417305271248,45.31691458226533],[10.39162766226582,45.313748828244194],[10.38096619599195,45.32309130756039],[10.371627814541547,45.332134569272505],[10.364952437170436,45.330582076938775],[10.356602323130996,45.32774106165707],[10.35358119886744,45.32615980336445],[10.351476423924431,45.32381821803473],[10.349604324152539,45.32084080798015],[10.348860454006282,45.31912683547849],[10.34671253992089,45.31902572629901],[10.34468996665744,45.319025625533584],[10.343787616194817,45.3190898149098],[10.342127453353747,45.31922350376413],[10.335869408414911,45.3210383727014],[10.335333662958007,45.32076620320997],[10.331805640778942,45.32143768448309],[10.32826382197063,45.32233445204889],[10.326398581314702,45.322934474436316],[10.318457294045452,45.32561080677096],[10.3146942270308,45.327720312168516],[10.313696717123825,45.3294559975271],[10.3132145326243,45.330655249789544],[10.302689978765608,45.356822235759715],[10.302522306224256,45.36690979871092],[10.308534141223568,45.371967424132905],[10.310199254031009,45.37343412509569],[10.316968587000623,45.37952552317777],[10.317006143955233,45.379583526857914],[10.317925635835286,45.381434147039585],[10.317999543253245,45.38159917100194],[10.318225953723793,45.38214031137933],[10.318641797192688,45.38313473238435],[10.320632312154386,45.39867101922927],[10.320850562514542,45.400860804582315],[10.323155644711097,45.399056206641816],[10.324369546304343,45.398138753812425],[10.3259381192548,45.39699826729146],[10.327333080534896,45.39601723720993],[10.3295910175314,45.394442031603056],[10.331652042339684,45.39316244865296],[10.340810651852928,45.3880847931232],[10.34496369467892,45.385829296155585],[10.34623889691338,45.385245646725515],[10.346687862411718,45.385077986993466],[10.358908194059685,45.37976985417284],[10.364438307355142,45.37734667594233],[10.376844670683248,45.370032541906234],[10.379489728102351,45.368271961466874],[10.385663480384384,45.36434964175875],[10.38939441243897,45.36223888028776],[10.393987538479156,45.36015172499332],[10.399854033391135,45.3580417249091],[10.403077555646467,45.35709378053803],[10.403700088370417,45.35250283587439],[10.40456779834763,45.34525297320351],[10.404574089086468,45.34510012031111],[10.404543163831416,45.34486147994613],[10.4044974481912,45.34453844602085],[10.40420772213786,45.343817539434596],[10.403976278452769,45.34325397309559],[10.403842908099332,45.34292921071064],[10.40374512809268,45.34279472540498],[10.402886492928266,45.341617297265735],[10.40260573943423,45.34135334090878],[10.400453145281679,45.335268561024414],[10.397467415657376,45.32536916902925],[10.40142747044259,45.32376637862231]]]},"properties":{"name":"Calvisano","op_id":"2333","minint_elettorale":"1030150300","minint_finloc":"1030150300","prov_name":"Brescia","prov_istat_code":"017","prov_istat_code_num":17,"prov_acr":"BS","reg_name":"Lombardia","reg_istat_code":"03","reg_istat_code_num":3,"opdm_id":"2047","com_catasto_code":"B450","com_istat_code":"017034","com_istat_code_num":17034}},
{"type":"Feature","geometry":{"type":"Polygon","coordinates":[[[10.296914964178997,46.07636242998954],[10.298025821234729,46.07251574909315],[10.29674624637114,46.06557317371707],[10.29620283650545,46.06452182746512],[10.296057388633402,46.06280233214742],[10.296038821086796,46.062391257451786],[10.296005030692402,46.06150061083273],[10.295996152151993,46.05886757282161],[10.296709639799131,46.05772995528467],[10.298658110498016,46.056128288597435],[10.300334981313853,46.05590220365336],[10.302311002866427,46.05596068720276],[10.304020610472014,46.05623368485552],[10.333120359532515,46.04965604903994],[10.340133999850401,46.0479043949054],[10.340236288587903,46.04785819352833],[10.340407580783637,46.04772567932386],[10.342756743774048,46.045790033807606],[10.343712969232884,46.044646170751854],[10.344068452130475,46.04431656419438],[10.344332093503798,46.04412895562704],[10.344432634533943,46.04407827083431],[10.34454643697528,46.04404093046419],[10.344663578727724,46.04400805086804],[10.344904759149468,46.04396021086869],[10.345394234437235,46.04389143766591],[10.345529172620573,46.04387595326547],[10.346140721777248,46.04382863546664],[10.346514997549626,46.04380622523808],[10.346765125820639,46.04379427732317],[10.349418513722838,46.043686436557394],[10.35016794985529,46.04420858777741],[10.352099364325248,46.04611321590653],[10.356307672481659,46.04386298168942],[10.356470954697219,46.04344754889825],[10.356851782565165,46.04240027247317],[10.357100649048947,46.041713847455476],[10.357438412081445,46.0406832718377],[10.357968811848506,46.03902155913772],[10.358090267924075,46.03863913904892],[10.358122958262845,46.03841947448259],[10.358161232304877,46.03719831704893],[10.357974069302776,46.03578012022628],[10.357846515345019,46.03499390501196],[10.357277193752896,46.031935589414296],[10.357230640635212,46.03171464294928],[10.357206220972678,46.0316941781006],[10.356468729827814,46.03139427390425],[10.351635187462877,46.02587225737866],[10.349774316203625,46.025858288292866],[10.346353141795923,46.02520791001722],[10.34527492337949,46.02467809192518],[10.342478864807811,46.02179482471958],[10.342159754787241,46.02142055662402],[10.34213767416324,46.021042817358726],[10.342168150708416,46.020700440757324],[10.342562995108795,46.01939974527021],[10.34267183883317,46.019092465480846],[10.342880730634647,46.018648990394354],[10.344167075086974,46.01689972323244],[10.344799782114672,46.01627731656364],[10.345479522770406,46.01578664046833],[10.344437287223698,46.015570408815115],[10.340502705709577,46.015195453426436],[10.338763281452362,46.015151285293506],[10.329743109654192,46.02280631965622],[10.320668033638562,46.03030181392013],[10.31818095124487,46.03168676103636],[10.312756625042734,46.03470307175782],[10.306665193533599,46.03622523950207],[10.296842022043755,46.036775636584494],[10.292936883969826,46.03698239731408],[10.28896729808148,46.03685254379354],[10.285814872965863,46.03669637703489],[10.283988602910949,46.03637248532746],[10.281287729649751,46.03670235012585],[10.280242945622796,46.03753164372421],[10.27626978918413,46.0431843444318],[10.274439494661076,46.045979462307145],[10.275880123493677,46.04659739880795],[10.276776393802734,46.04696560136286],[10.2774191300401,46.04713828152279],[10.2793625183927,46.04934437938526],[10.277972510618996,46.05365372541777],[10.275394126069799,46.058773425404326],[10.271026700169793,46.06743765143455],[10.27500528719369,46.06853289345257],[10.278981159253451,46.070356158051744],[10.2820524012244,46.07301839787865],[10.283796886905703,46.07393822169424],[10.28750070318264,46.075273313762665],[10.289405549068992,46.07584244711171],[10.290306894252305,46.07607833339592],[10.291466437514467,46.07625357608193],[10.296914964178997,46.07636242998954]]]},"properties":{"name":"Capo di Ponte","op_id":"2334","minint_elettorale":"1030150310","minint_finloc":"1030150310","prov_name":"Brescia","prov_istat_code":"017","prov_istat_code_num":17,"prov_acr":"BS","reg_name":"Lombardia","reg_istat_code":"03","reg_istat_code_num":3,"opdm_id":"2048","com_catasto_code":"B664","com_istat_code":"017035","com_istat_code_num":17035}},
{"type":"Feature","geometry":{"type":"Polygon","coordinates":[[[10.547196469793835,45.77430609741296],[10.5525447383195,45.76996267520135],[10.553101671448802,45.769640074806254],[10.554834632822958,45.7690584623597],[10.556058073526945,45.768654773346604],[10.5568555033512,45.768193876177534],[10.558679527547655,45.7667288813892],[10.559942823819883,45.76545152195803],[10.5649264826986,45.75925386536828],[10.567007593112864,45.756426092623755],[10.570133877211887,45.75075769431788],[10.570269908866802,45.75044959388878],[10.570393749684644,45.75016904768723],[10.570849308206594,45.74899269548624],[10.570884554250409,45.748416162429656],[10.57086562124778,45.74774136710128],[10.570134151451734,45.742287954689935],[10.56949918797808,45.74118957911799],[10.568165093583731,45.739452756797405],[10.566372042953594,45.73738918457286],[10.565536382911564,45.736923598040995],[10.563884506096274,45.7357671219552],[10.563369597735802,45.7352791366619],[10.563151731611606,45.73484107601545],[10.562998814993064,45.73212493158691],[10.563020792878193,45.731530590076545],[10.56313948264721,45.73117793454013],[10.56496421110589,45.728866732536495],[10.564196743433499,45.728076181358354],[10.562628309921514,45.726675532376596],[10.561958600067863,45.72616263350991],[10.55484842063327,45.721408223704856],[10.547005642573028,45.718463449232274],[10.545210265300948,45.715796490098995],[10.544368497243473,45.716434403344884],[10.543875308972568,45.71677764896361],[10.543606446902102,45.71694734057685],[10.542898980609243,45.717287416270416],[10.542602079487711,45.71733020565401],[10.53749682766332,45.71744073273032],[10.532491502152357,45.717680579707476],[10.5300174172127,45.71883399324523],[10.521625730494552,45.724323644559625],[10.51701538823774,45.72655235894073],[10.51450512299751,45.731778965729454],[10.514217999114265,45.732320248682115],[10.513251408570715,45.73396517169799],[10.510024601425416,45.737081129303405],[10.509265328909521,45.73758792905584],[10.507979648651625,45.73820479685057],[10.505899276192142,45.73925406784226],[10.505724675616289,45.7393786305235],[10.50502283840567,45.740092797951945],[10.50310321829437,45.742351168027575],[10.501633266680154,45.75229170336233],[10.507667285990916,45.75664432061871],[10.508565891372362,45.756550287566185],[10.50980317709127,45.756420801551144],[10.514345036199376,45.75802745180001],[10.517198695336532,45.75907083854971],[10.517275129002675,45.75910390758394],[10.51991174111158,45.76036754156442],[10.520618808082158,45.760756668916166],[10.520994167841101,45.76103096645908],[10.52211504076826,45.76195905665751],[10.523458322225698,45.763071247775336],[10.531782461507344,45.772266007695535],[10.531829236366514,45.77231245367453],[10.532878883604182,45.773354668558284],[10.533035129785459,45.773413097553416],[10.537983894081478,45.775009779402254],[10.539438050479319,45.775190627469875],[10.542720175204977,45.77391856067941],[10.543123826478565,45.77392388248898],[10.546904453249228,45.774258719866694],[10.547196469793835,45.77430609741296]]]},"properties":{"name":"Capovalle","op_id":"2335","minint_elettorale":"1030150320","minint_finloc":"1030150320","prov_name":"Brescia","prov_istat_code":"017","prov_istat_code_num":17,"prov_acr":"BS","reg_name":"Lombardia","reg_istat_code":"03","reg_istat_code_num":3,"opdm_id":"2049","com_catasto_code":"B676","com_istat_code":"017036","com_istat_code_num":17036}},
{"type":"Feature","geometry":{"type":"Polygon","coordinates":[[[10.122492555665374,45.43697056783033],[10.124328632113079,45.43800526788592],[10.124918748527959,45.439827781455115],[10.12537622766666,45.44929275103273],[10.125189139609105,45.45179972004178],[10.121537051095546,45.458888672708056],[10.119977903872893,45.46918835884504],[10.119780579200864,45.47161029544455],[10.119768295413282,45.47176973722608],[10.119782424063045,45.47209230993605],[10.11979412497015,45.47228002336992],[10.11983849725843,45.47252893070131],[10.119945100379425,45.47285481818911],[10.120167897624782,45.473521035692265],[10.12472468991975,45.47675019737126],[10.128004830910081,45.47831956716846],[10.12924340204695,45.478778234626525],[10.130486874911721,45.47840593071726],[10.131077155670999,45.478322316279105],[10.13138959603395,45.47831608929817],[10.1316485879188,45.47834990630253],[10.132252502755739,45.47847502346436],[10.132663026882245,45.478594467444225],[10.136055101277089,45.48010931643971],[10.139058529709079,45.482246547847524],[10.14372365950145,45.481716654125925],[10.143733652409592,45.48113432902471],[10.146064461199291,45.47715884457382],[10.149229837823118,45.47470975740683],[10.154713176753598,45.47167686186811],[10.154751618827335,45.471659856975855],[10.154845781741393,45.471662559392094],[10.15526736502013,45.47176027682703],[10.154038897080449,45.46889543518401],[10.149175292504436,45.46379224205955],[10.148953098399678,45.463825369685715],[10.148592506000751,45.463305197612556],[10.148212308973044,45.46275152087826],[10.148102830755409,45.462564504921545],[10.14677743636219,45.45915839062433],[10.146708788279994,45.45897011353216],[10.1466242017692,45.458085327497336],[10.146604820089685,45.45787227487841],[10.146572587886048,45.457489585378724],[10.146488666060574,45.45624293837995],[10.146475273986283,45.45602086842258],[10.146671000503614,45.45598593921632],[10.147306530760332,45.45588029213922],[10.149072333052603,45.45559051493895],[10.150577478036633,45.45535201435343],[10.151816208995392,45.45515682155441],[10.155047598152805,45.45465299097223],[10.158103678396985,45.45183003987563],[10.155260853832269,45.44334800924454],[10.152150949555768,45.439990822191795],[10.14584363873471,45.42973270273001],[10.147995516526048,45.42546246907909],[10.146559805916796,45.42085005637878],[10.139680348452208,45.42240310370771],[10.137549191223133,45.42066465344165],[10.136420063239974,45.41925371806952],[10.133360897226849,45.42014826718533],[10.129005245252957,45.42421496247232],[10.122875981001842,45.43580590629033],[10.122492555665374,45.43697056783033]]]},"properties":{"name":"Capriano del Colle","op_id":"2336","minint_elettorale":"1030150330","minint_finloc":"1030150330","prov_name":"Brescia","prov_istat_code":"017","prov_istat_code_num":17,"prov_acr":"BS","reg_name":"Lombardia","reg_istat_code":"03","reg_istat_code_num":3,"opdm_id":"2050","com_catasto_code":"B698","com_istat_code":"017037","com_istat_code_num":17037}},
{"type":"Feature","geometry":{"type":"Polygon","coordinates":[[[9.902214368112595,45.62416551012465],[9.902162049739058,45.62461208928123],[9.902168401859191,45.625008071487194],[9.902377544513588,45.626050530885216],[9.903166461128704,45.62884356309433],[9.903328765296983,45.62936434409082],[9.903872929096641,45.63049414354755],[9.904356244489517,45.631030387086206],[9.904773974161394,45.63147712140999],[9.907414056416671,45.63368840495414],[9.90812849976083,45.63423177720269],[9.90962095261566,45.63528200362736],[9.9111821051925,45.6363880668301],[9.91333661416588,45.63812364879804],[9.91409346888131,45.63890066329222],[9.916338875342824,45.64125891582217],[9.916679495022695,45.64168821532145],[9.916941542187121,45.642019154910656],[9.916989436413647,45.64208663390946],[9.917782958487964,45.64325450248204],[9.91784324248815,45.64380306872512],[9.917752527271608,45.643934063552905],[9.917567438542049,45.644201333511255],[9.917457948502895,45.644329921734936],[9.917324381087038,45.644480579962455],[9.917291682366876,45.64451376074022],[9.91707511457782,45.64470032557058],[9.91666907669633,45.64498261697292],[9.916381141998743,45.6454259744992],[9.91618363525463,45.645904606166056],[9.916037151958557,45.64636481745275],[9.91589166743837,45.646888028799104],[9.915824530756463,45.64746467768715],[9.915873456192735,45.64813033776232],[9.916003461085136,45.64840232224614],[9.916695537291515,45.64975283818936],[9.916985183613829,45.65020055694756],[9.917031302891473,45.6502550914566],[9.917325422953205,45.65060287037192],[9.917726316749789,45.65078867158329],[9.91861516176028,45.65084796054354],[9.922532672211004,45.64967572559306],[9.926154586211467,45.64667031990296],[9.926638474072192,45.64644137435089],[9.927290631704281,45.64630107383334],[9.927585168943056,45.64626268065046],[9.928006791064108,45.646222816032605],[9.928169856892136,45.6462150915565],[9.92829646467399,45.64621027428988],[9.92897018320414,45.646206411368226],[9.929330501846545,45.646266487141126],[9.929898191442735,45.646450886915254],[9.93120655493039,45.64718733844995],[9.93232124084293,45.64793950793069],[9.933687071392537,45.64895823672745],[9.934117271020622,45.64935974603293],[9.934407499809927,45.64983441959366],[9.934608357372014,45.65033682907326],[9.935144700963964,45.651718565527595],[9.935511592008408,45.652669793172706],[9.938202679017014,45.65724296091259],[9.938402928727273,45.65722507125991],[9.938787999598823,45.65718960581328],[9.939144509348823,45.656706893477434],[9.939107490050384,45.65656780066294],[9.938890364607564,45.65581502975852],[9.937426614749363,45.652695946768404],[9.936137871243487,45.65027132481484],[9.935505774976926,45.64885682322064],[9.934970710723876,45.647386356977314],[9.935236741010478,45.647257383227355],[9.93753503690108,45.64659127097847],[9.93808284887412,45.646432729998715],[9.943427935906168,45.647272001424184],[9.95954064067837,45.64620329817812],[9.97084369629676,45.64786988052778],[9.975741409577287,45.65023483700602],[9.977697953357815,45.6523255863504],[9.979128243188848,45.650045592652354],[9.977971572986254,45.647130976954095],[9.973694384070038,45.64558180253491],[9.964339410111801,45.6426710213608],[9.963629914085764,45.64257273276409],[9.96323364674616,45.64248305016297],[9.962215230388555,45.64224960688756],[9.96205730951886,45.64221234096746],[9.961650194064873,45.64207106984873],[9.96122798862277,45.64191770098036],[9.95444900553773,45.63878464714047],[9.952673395219213,45.63763237801928],[9.950397282026623,45.635523528508116],[9.948544477413545,45.63377456176889],[9.94703580671442,45.63229328600179],[9.945615007762507,45.62783065629825],[9.937905374060156,45.62140238729083],[9.935950581550383,45.61905998825805],[9.930960139235626,45.61922833716525],[9.927697171953584,45.61894762581678],[9.925080711836811,45.61888260902283],[9.921626553731368,45.619302213081085],[9.903212434381524,45.62278327047443],[9.902214368112595,45.62416551012465]]]},"properties":{"name":"Capriolo","op_id":"2337","minint_elettorale":"1030150340","minint_finloc":"1030150340","prov_name":"Brescia","prov_istat_code":"017","prov_istat_code_num":17,"prov_acr":"BS","reg_name":"Lombardia","reg_istat_code":"03","reg_istat_code_num":3,"opdm_id":"2051","com_catasto_code":"B711","com_istat_code":"017038","com_istat_code_num":17038}},
{"type":"Feature","geometry":{"type":"Polygon","coordinates":[[[10.428392886366547,45.32075198451128],[10.421056018863867,45.321914482799926],[10.413253848405919,45.32262543103122],[10.411588044175796,45.32267743156151],[10.40321512101407,45.32318477512333],[10.40142747044259,45.32376637862231],[10.397467415657376,45.32536916902925],[10.400453145281679,45.335268561024414],[10.40260573943423,45.34135334090878],[10.402886492928266,45.341617297265735],[10.40374512809268,45.34279472540498],[10.403842908099332,45.34292921071064],[10.403976278452769,45.34325397309559],[10.40420772213786,45.343817539434596],[10.4044974481912,45.34453844602085],[10.404543163831416,45.34486147994613],[10.404574089086468,45.34510012031111],[10.40456779834763,45.34525297320351],[10.403700088370417,45.35250283587439],[10.403077555646467,45.35709378053803],[10.403359265139786,45.35810522579586],[10.403522908098662,45.359901539121154],[10.40273205614788,45.36205397304394],[10.40154024473615,45.3628556944394],[10.40065544887005,45.36334555319939],[10.400668481229584,45.36423091145272],[10.401498332328774,45.365774269203335],[10.411018500371547,45.37027623563424],[10.412754476498371,45.37103931445473],[10.416191674091683,45.37254121390875],[10.41870743365278,45.37358936164916],[10.42231308282954,45.37494513077984],[10.426867958958546,45.37632849220446],[10.432558472559421,45.37731228453249],[10.436767622895186,45.37767158466443],[10.437552771380554,45.377898312595555],[10.442560407929495,45.37943044402436],[10.44496295806918,45.38025493209337],[10.445707789786157,45.38059663016893],[10.448173921422644,45.38178664042585],[10.448777738017984,45.382114842064055],[10.45030847091729,45.38312038738823],[10.452016735194553,45.38230210108181],[10.459566849570265,45.378564822710864],[10.46120193913122,45.375676893517515],[10.461770277747945,45.374672981345874],[10.463913545167566,45.370886688898445],[10.464037598865698,45.3706674084257],[10.468547630399543,45.35939396981308],[10.468614287808752,45.358001535186574],[10.468622199484777,45.357835766397564],[10.46867340383025,45.35226029402411],[10.468401707105887,45.34832420906423],[10.468070860017718,45.34540301559196],[10.467929662897767,45.34339754349922],[10.467955619397351,45.34292013664256],[10.468109370032439,45.34195501667913],[10.468437329896153,45.34081662036051],[10.46929426508986,45.33792516471732],[10.4713182287696,45.33230019954207],[10.469913779482034,45.33326337809227],[10.468706639708897,45.334084529935566],[10.467967235253433,45.334485591429925],[10.467407518068837,45.334555795241336],[10.466143533010301,45.334536028519686],[10.464750802279818,45.334472880437595],[10.463886495944148,45.333619832696584],[10.463927115214377,45.33321426296759],[10.464117311792762,45.33267174056003],[10.464774447025842,45.33192520318988],[10.465438511059515,45.3309535381058],[10.465780145958023,45.329850974006895],[10.465906477978045,45.32633883056816],[10.465863320304948,45.325160202157434],[10.46551773408272,45.32508811475777],[10.464965287789735,45.324973699162605],[10.456450367596315,45.32482158324632],[10.454984565914534,45.32488526808604],[10.454956891969667,45.32529968517924],[10.453403698000384,45.32643563719964],[10.447180484686337,45.32709076291316],[10.446380725371387,45.32073692057578],[10.44566554555539,45.32070999893274],[10.44490881632511,45.320740665921555],[10.444696853819321,45.32074926526423],[10.442810683146005,45.32083612316041],[10.437675333968134,45.32109889537855],[10.42906362991066,45.321639048327775],[10.428616961067762,45.321635641159276],[10.428504745190411,45.32123197721921],[10.428392886366547,45.32075198451128]]]},"properties":{"name":"Carpenedolo","op_id":"2338","minint_elettorale":"1030150350","minint_finloc":"1030150350","prov_name":"Brescia","prov_istat_code":"017","prov_istat_code_num":17,"prov_acr":"BS","reg_name":"Lombardia","reg_istat_code":"03","reg_istat_code_num":3,"opdm_id":"2052","com_catasto_code":"B817","com_istat_code":"017039","com_istat_code_num":17039}},
{"type":"Feature","geometry":{"type":"Polygon","coordinates":[[[10.126430788503795,45.5688796176978],[10.128277247467155,45.56730658274975],[10.130449511729537,45.56530360703276],[10.130077845322699,45.56241502794113],[10.130059993846348,45.56231524769005],[10.130014917492009,45.562179264447664],[10.129949756446633,45.562072400311834],[10.12992111644297,45.562033357962136],[10.13602673078876,45.55638490200196],[10.14163231203452,45.55316914642789],[10.138070079645765,45.54985693604468],[10.137464496441284,45.54991819364932],[10.131482759956294,45.55045689621268],[10.129492183819963,45.5506181578957],[10.12911870964791,45.55064689148739],[10.127620832382409,45.54667318912339],[10.126188097750102,45.54246945354266],[10.125576403324805,45.54070228710839],[10.124840351594008,45.53890262979417],[10.124741251979927,45.538678461070035],[10.12130101944491,45.53924715850317],[10.120938032123222,45.53931468323854],[10.119416812574384,45.53970394005537],[10.114875782451696,45.54087197992354],[10.105869998463563,45.54346901920023],[10.104509160845629,45.54408083775813],[10.10288043724626,45.544985815585385],[10.103708169502342,45.54862003607999],[10.104345407106058,45.55081148299291],[10.098220899105437,45.55351994005239],[10.090862029939899,45.55421578841519],[10.090724254895889,45.557138332475255],[10.090660733581098,45.560297351313494],[10.087583829688027,45.5640095879765],[10.087198967242166,45.56560120490023],[10.094070040619856,45.57381249492387],[10.09846984660345,45.571924068971],[10.102799001258804,45.57017316180328],[10.105580441860154,45.569713421885744],[10.109001901475667,45.5696104145516],[10.109745216629765,45.57037304650205],[10.110224399816506,45.57080377996248],[10.110643761613545,45.57103796098315],[10.111383698232208,45.5713322451244],[10.111593396442606,45.57138524781889],[10.113094761630567,45.571688092315206],[10.119271956679015,45.57288930734142],[10.119986684072758,45.573015652948364],[10.12014848008056,45.573040413354796],[10.12019418631247,45.57304579509898],[10.120263502615748,45.57305310101828],[10.12121260648446,45.57313671538739],[10.121844833271343,45.572712551923054],[10.123790377789703,45.57109391277566],[10.126430788503795,45.5688796176978]]]},"properties":{"name":"Castegnato","op_id":"2339","minint_elettorale":"1030150360","minint_finloc":"1030150360","prov_name":"Brescia","prov_istat_code":"017","prov_istat_code_num":17,"prov_acr":"BS","reg_name":"Lombardia","reg_istat_code":"03","reg_istat_code_num":3,"opdm_id":"2053","com_catasto_code":"C055","com_istat_code":"017040","com_istat_code_num":17040}},
{"type":"Feature","geometry":{"type":"Polygon","coordinates":[[[9.948072588469273,45.50684876090762],[9.950962688704923,45.506175308276],[9.959688965215351,45.505495316176955],[9.961866219632267,45.50458512321538],[9.963269849640058,45.50392315040366],[9.966179581859386,45.50249079425562],[9.966202244138605,45.502464193174205],[9.966204076196899,45.50242238532659],[9.965999462233963,45.50135355485447],[9.965231230097224,45.49899486980206],[9.964569328586542,45.49703092677455],[9.963939011958225,45.495280877391906],[9.96378739743367,45.49481339422418],[9.963684351401254,45.494433451429174],[9.963417538753466,45.4927235608008],[9.963684024107927,45.49268400560201],[9.964918119142968,45.492573223694606],[9.965241046993306,45.49254436747418],[9.964961659142988,45.49119911373521],[9.964520868393583,45.48915360412199],[9.964458528716056,45.48911984596469],[9.961628744975675,45.48827645138056],[9.95838739466241,45.48903414003171],[9.950647968693143,45.48550931100487],[9.947736862794835,45.485340794186286],[9.945346662817842,45.48537434943095],[9.940832752941958,45.48613540468482],[9.930854288974478,45.49160746867463],[9.922545135065958,45.49257867588116],[9.922136865686834,45.49602124147085],[9.925536969278332,45.50208431888247],[9.92958971818651,45.504195031194826],[9.940294378489654,45.509036664110354],[9.9414668876416,45.510743556397856],[9.944218903444538,45.510953186201114],[9.94774447898565,45.507966230517525],[9.948056664784344,45.50735666563274],[9.948072588469273,45.50684876090762]]]},"properties":{"name":"Castelcovati","op_id":"2341","minint_elettorale":"1030150370","minint_finloc":"1030150370","prov_name":"Brescia","prov_istat_code":"017","prov_istat_code_num":17,"prov_acr":"BS","reg_name":"Lombardia","reg_istat_code":"03","reg_istat_code_num":3,"opdm_id":"2054","com_catasto_code":"C072","com_istat_code":"017041","com_istat_code_num":17041}},
{"type":"Feature","geometry":{"type":"Polygon","coordinates":[[[10.12924340204695,45.478778234626525],[10.129836344552329,45.47926457849697],[10.129948968026941,45.479407064905665],[10.130200152246331,45.479891679245625],[10.130425615785464,45.480504562537305],[10.131309410663807,45.48293234165047],[10.131731048401027,45.48512280083609],[10.131997478095638,45.48772964886203],[10.131744971098323,45.49242011812031],[10.127495684189537,45.496403307839024],[10.127207237603466,45.498131426706415],[10.129105110684694,45.5030580274003],[10.13390628933266,45.510201620247],[10.135881677508877,45.51508328642274],[10.1360179017084,45.515378429174476],[10.136445001709399,45.516293795332395],[10.136470969027489,45.51634445190126],[10.138224167428032,45.51655469936852],[10.155066597489938,45.52312061144331],[10.154476813580915,45.52094722042692],[10.15263871413174,45.51231582470878],[10.152328831630333,45.50782143723221],[10.154219526590806,45.50115968883696],[10.161234709626434,45.49754619937471],[10.163518815031459,45.49680302224605],[10.14372365950145,45.481716654125925],[10.139058529709079,45.482246547847524],[10.136055101277089,45.48010931643971],[10.132663026882245,45.478594467444225],[10.132252502755739,45.47847502346436],[10.1316485879188,45.47834990630253],[10.13138959603395,45.47831608929817],[10.131077155670999,45.478322316279105],[10.130486874911721,45.47840593071726],[10.12924340204695,45.478778234626525]]]},"properties":{"name":"Castel Mella","op_id":"2340","minint_elettorale":"1030150380","minint_finloc":"1030150380","prov_name":"Brescia","prov_istat_code":"017","prov_istat_code_num":17,"prov_acr":"BS","reg_name":"Lombardia","reg_istat_code":"03","reg_istat_code_num":3,"opdm_id":"2055","com_catasto_code":"C208","com_istat_code":"017042","com_istat_code_num":17042}},
{"type":"Feature","geometry":{"type":"Polygon","coordinates":[[[10.24747936298658,45.46277839754196],[10.246967272390025,45.4657237048227],[10.250216481894398,45.467209218284395],[10.2538931632583,45.4674930636414],[10.25445583723867,45.467542683297],[10.255103699697626,45.46760568497575],[10.25535317613311,45.4676344383583],[10.255824119976571,45.46770602333679],[10.256828755382312,45.46791294569614],[10.258347159658234,45.46962481100938],[10.259199974106652,45.47156421962491],[10.259486570659137,45.475092742919685],[10.255650760278375,45.48080362991093],[10.25582160319175,45.480963547162766],[10.25681363203007,45.48181979860035],[10.257556264329489,45.48245578569501],[10.262756026771267,45.4868827813205],[10.263559330749692,45.487532838006324],[10.265643360142953,45.48918617992356],[10.266180036671274,45.489606311601555],[10.27184683200701,45.493518013424485],[10.276556642737187,45.49211766998866],[10.279496420756484,45.49147011532412],[10.285857452646757,45.48878667204414],[10.301956217814258,45.4787981663438],[10.303494817517763,45.47810491387073],[10.310151841950129,45.48067198133295],[10.315373985993844,45.4836019387738],[10.315408413934248,45.483676163086514],[10.31553474047897,45.48394815273596],[10.31556109223971,45.48400331637652],[10.315846091824266,45.4845376656558],[10.316362185128872,45.48547351354371],[10.31662405239747,45.48583162294548],[10.318956772368105,45.48837046124772],[10.319347183499115,45.488698599904716],[10.319929890676729,45.48911053936537],[10.320302687334697,45.48884103724434],[10.322831783409825,45.48667442986957],[10.326769317861979,45.48448629975894],[10.32704056458611,45.48433228828446],[10.334083832104813,45.47867428460418],[10.335579771089915,45.47697698609899],[10.342040557096164,45.47447003994847],[10.350092867936137,45.47178871593634],[10.341473932648396,45.4619430452228],[10.334773394351258,45.46517135150752],[10.332997597518151,45.46377381350361],[10.33289817572432,45.4636877078728],[10.331649308723552,45.46247569594016],[10.33062056388125,45.46142718113695],[10.328988264778625,45.459707120204435],[10.324054316284752,45.45447307735107],[10.323768359144614,45.45412993440914],[10.323274414249054,45.453523295072735],[10.321409133306728,45.45121306112141],[10.321839077346208,45.44772121402266],[10.317109588834313,45.43725963803103],[10.317025755295933,45.43721298812833],[10.315943924204108,45.43724088060942],[10.315224302130341,45.43725942898767],[10.310012636293326,45.43741893702795],[10.310340167306476,45.44046500613448],[10.310344168139721,45.44143365802794],[10.310346484574548,45.44320377419393],[10.305163809022151,45.44636171229791],[10.286191143111372,45.450564726468535],[10.283912226473788,45.45149089818029],[10.283724067073848,45.45155579697619],[10.283586436917036,45.45157508534425],[10.282980935225497,45.45163019868078],[10.282487655932526,45.45166733335672],[10.27692857164215,45.45173909264001],[10.272481718100186,45.451155181550526],[10.264157618241564,45.45001553303299],[10.256397785799939,45.45374907763276],[10.25024507294803,45.45905637210615],[10.24747936298658,45.46277839754196]]]},"properties":{"name":"Castenedolo","op_id":"2342","minint_elettorale":"1030150390","minint_finloc":"1030150390","prov_name":"Brescia","prov_istat_code":"017","prov_istat_code_num":17,"prov_acr":"BS","reg_name":"Lombardia","reg_istat_code":"03","reg_istat_code_num":3,"opdm_id":"2056","com_catasto_code":"C293","com_istat_code":"017043","com_istat_code_num":17043}},
{"type":"Feature","geometry":{"type":"Polygon","coordinates":[[[10.360778895268785,45.697531842644274],[10.357539322966232,45.696263262996304],[10.35569215301928,45.695666263913346],[10.354349991492041,45.695257001416465],[10.353962011072962,45.6952004191462],[10.35163184359288,45.696124496796166],[10.342296438286612,45.693613295988804],[10.33523669426089,45.69090417757428],[10.317405891318579,45.68390836565823],[10.309967096737365,45.67963603079193],[10.302252314815208,45.677167050267464],[10.301919030697285,45.6771009033304],[10.30049305346833,45.67680684081113],[10.300131743467686,45.676729036522154],[10.297799344333043,45.67126023352495],[10.297540398876063,45.66920308140195],[10.297543267017184,45.669131086478714],[10.297619961018723,45.668329961543535],[10.297890784795618,45.667310428712305],[10.298351153349161,45.66622733647557],[10.298656067999975,45.66445527866337],[10.297421847054128,45.66333227997026],[10.296488107457183,45.662587470004745],[10.295724949240203,45.66141464045895],[10.295274276025891,45.6611920525416],[10.294031816150962,45.66067191146523],[10.2872417258927,45.66227373431435],[10.270529717959015,45.66695543484923],[10.264871762583882,45.66866726700257],[10.256736378109371,45.67202798495409],[10.255764480982558,45.672682202653746],[10.252597992364654,45.67582635969644],[10.251632434769286,45.67812261492667],[10.251977154191149,45.67980720991426],[10.252113427567112,45.68017041376528],[10.254044032999035,45.680972879650504],[10.260738678580088,45.68384089660372],[10.26631709282899,45.68782258145767],[10.268580896305165,45.68955494941916],[10.271534646636782,45.69066181848774],[10.272924251693633,45.691181345422244],[10.276292090688017,45.69139592603886],[10.277994803984427,45.69138878813381],[10.27822754359431,45.69136758820622],[10.278861761045516,45.69130559320815],[10.29212726695162,45.7019051651792],[10.294201975681094,45.70388131092855],[10.29899534184284,45.709809091946205],[10.299612852861893,45.711257020647054],[10.299747596615614,45.71158820420243],[10.299874816167355,45.71190234457549],[10.30175760650826,45.717052937153674],[10.301931889763424,45.719691519823144],[10.297574235903292,45.72506521471683],[10.31006381193057,45.724240921565624],[10.312065075868249,45.723278490379194],[10.315560025694833,45.71938508794577],[10.321842517899835,45.70894339983858],[10.321944690926667,45.708061636201094],[10.322037168247702,45.70589290144817],[10.322200188382734,45.70411185381147],[10.325329364529928,45.70112335059094],[10.3266311846063,45.700166846685114],[10.33080300269719,45.69864988127508],[10.332613582729216,45.69885406512907],[10.347864995482576,45.70062171440104],[10.353413433410465,45.70267788601334],[10.353688064814218,45.702860328791644],[10.353832125311706,45.702914831941435],[10.3540408729365,45.70294568792617],[10.35437131693048,45.70293369667302],[10.354595139398784,45.70291534515404],[10.362495393969759,45.70140665560343],[10.364675824878372,45.6990387157565],[10.360778895268785,45.697531842644274]]]},"properties":{"name":"Casto","op_id":"2343","minint_elettorale":"1030150400","minint_finloc":"1030150400","prov_name":"Brescia","prov_istat_code":"017","prov_istat_code_num":17,"prov_acr":"BS","reg_name":"Lombardia","reg_istat_code":"03","reg_istat_code_num":3,"opdm_id":"2057","com_catasto_code":"C330","com_istat_code":"017044","com_istat_code_num":17044}},
{"type":"Feature","geometry":{"type":"Polygon","coordinates":[[[9.965241046993306,45.49254436747418],[9.964918119142968,45.492573223694606],[9.963684024107927,45.49268400560201],[9.963417538753466,45.4927235608008],[9.963684351401254,45.494433451429174],[9.96378739743367,45.49481339422418],[9.963939011958225,45.495280877391906],[9.964569328586542,45.49703092677455],[9.965231230097224,45.49899486980206],[9.965999462233963,45.50135355485447],[9.966204076196899,45.50242238532659],[9.966202244138605,45.502464193174205],[9.966179581859386,45.50249079425562],[9.963269849640058,45.50392315040366],[9.961866219632267,45.50458512321538],[9.959688965215351,45.505495316176955],[9.950962688704923,45.506175308276],[9.948072588469273,45.50684876090762],[9.950454742879826,45.50774985512033],[9.953941164622854,45.50997048840124],[9.954525419789487,45.51362428168732],[9.95458965553452,45.514095503308845],[9.954606460340981,45.51431931106964],[9.961380233421758,45.5196526178124],[9.967349375119646,45.52407524759849],[9.967608383763189,45.531888342177965],[9.9813149142507,45.52940845576212],[9.986323570093095,45.527550149729905],[9.985772838401656,45.52422347360489],[9.985279742635512,45.52180365680761],[9.992188640677885,45.51996146376943],[10.005360883917033,45.517261194172754],[10.010663731170805,45.516996460346896],[10.010555737303795,45.510977734810496],[10.012368659562224,45.507293921488056],[10.012585277965346,45.50317767465655],[10.012828403567598,45.49756162311151],[10.011465613034249,45.49543769279321],[10.011133716435305,45.495354277855014],[10.011078567322476,45.4953521557183],[10.011014255678806,45.495366985541935],[10.010963359897195,45.495385408664966],[10.010605053872155,45.49554672998491],[10.009118685515967,45.4962309444866],[10.00888846720994,45.49634964230851],[10.00727536422728,45.49726527382096],[10.006409731157836,45.497970220782456],[10.005501192427925,45.49894806511776],[10.002831611201547,45.501861977508845],[10.001821472757216,45.503211392755865],[9.998635206440367,45.50341551970008],[9.99578761286848,45.49760106080909],[9.994702246281797,45.49381928192454],[9.985689332562556,45.48716870876394],[9.982039327971457,45.487473353169065],[9.980765560067638,45.487591879845],[9.98058808000708,45.487620668243956],[9.9783861298761,45.488346764491126],[9.972336251617733,45.49058005907062],[9.965241046993306,45.49254436747418]]]},"properties":{"name":"Castrezzato","op_id":"2344","minint_elettorale":"1030150410","minint_finloc":"1030150410","prov_name":"Brescia","prov_istat_code":"017","prov_istat_code_num":17,"prov_acr":"BS","reg_name":"Lombardia","reg_istat_code":"03","reg_istat_code_num":3,"opdm_id":"2058","com_catasto_code":"C332","com_istat_code":"017045","com_istat_code_num":17045}},
{"type":"Feature","geometry":{"type":"Polygon","coordinates":[[[10.000986164061967,45.59968386307136],[10.007640857215874,45.61131228306319],[10.008937280496705,45.61020857606308],[10.0098001249589,45.60975367449462],[10.010012889365811,45.60964595078975],[10.010181043057239,45.609565048115584],[10.010428617489993,45.60947833913043],[10.011398314056084,45.60915091533206],[10.011757988936335,45.60907303993069],[10.013113330815852,45.60888539088582],[10.013175653505577,45.60888087768242],[10.014188527779762,45.60891838840813],[10.014544908273276,45.60893691608777],[10.015042543543338,45.60905598875305],[10.015258731464584,45.609111700835015],[10.01535032383031,45.60913725963315],[10.01586533027483,45.60921530980315],[10.016475428312946,45.609271125153654],[10.01666048577751,45.60925544570638],[10.01717482809066,45.60916960584167],[10.0173907256513,45.60907080546276],[10.017779646288863,45.60886044404809],[10.020217192466667,45.60745903628721],[10.020390073651017,45.60733378243014],[10.02072274762881,45.60708791837833],[10.021582084384036,45.606448357437955],[10.022339737726282,45.60581100700937],[10.022920560761728,45.605290861954344],[10.02304423126936,45.60519839968825],[10.023406228098901,45.60493456013559],[10.024300569986169,45.604365868156],[10.024437988604165,45.604281113751405],[10.030178630478307,45.601402996266636],[10.031381133796927,45.60155796146283],[10.034755332670748,45.6022074441441],[10.041911653517603,45.60311706634182],[10.044525759793373,45.603241411666666],[10.046103877703333,45.60283808174472],[10.04965916927117,45.59987225532261],[10.05477977994534,45.59325563413399],[10.060295381674754,45.58787249883268],[10.059166048307366,45.577710632776096],[10.060454806052434,45.57478520487313],[10.062911388730672,45.5686160941108],[10.063516315509963,45.56707298385427],[10.063526936276077,45.56704058016884],[10.059764728269066,45.56690890856697],[10.05856446832767,45.565406251856984],[10.051444077379648,45.55322883142926],[10.050043353626265,45.55025644093548],[10.051259406788496,45.5470154768414],[10.05289616396844,45.54604006941123],[10.05531634311438,45.5454154410318],[10.057539391876627,45.5447818429086],[10.058443139182417,45.54219045770212],[10.059315811193281,45.53836076493783],[10.05903787984763,45.53607138588654],[10.057431805792017,45.5340345176516],[10.051491627924126,45.52730799870489],[10.049140978388497,45.52399588720954],[10.044975856408396,45.521639002069655],[10.042444690411926,45.52046927749425],[10.040584641433597,45.52014936213684],[10.040343197708673,45.521099407273795],[10.040306449121012,45.52145859890284],[10.040292990699498,45.521906653519366],[10.039455241811796,45.52329506201542],[10.037597437496734,45.5284991189095],[10.037611203401735,45.52889848315345],[10.037672208971241,45.53066814014776],[10.037684739766634,45.53072207798606],[10.038732053029738,45.53434878162755],[10.043108618139115,45.5409034643616],[10.043132962608114,45.54668956727747],[10.043020819616721,45.54865854390341],[10.04276582396327,45.54972068405753],[10.037526390991731,45.55894406850342],[10.033741897244855,45.56209372257303],[10.024816745860633,45.56537086550057],[10.018330627615626,45.5714286887241],[10.010179491331007,45.5760064852393],[10.00829714168759,45.578864277579974],[10.008928427932002,45.5800349668229],[10.009056860242907,45.58036606954025],[10.009118231327232,45.58054056149699],[10.009205266810126,45.580942674341735],[10.009096222648182,45.58234818135079],[10.008682031736683,45.58667142409419],[10.007312127790378,45.5893677798691],[10.005711296632773,45.59143534208422],[10.002441133843693,45.59288721101868],[10.000872318823793,45.59559711331002],[10.000986164061967,45.59968386307136]]]},"properties":{"name":"Cazzago San Martino","op_id":"2345","minint_elettorale":"1030150420","minint_finloc":"1030150420","prov_name":"Brescia","prov_istat_code":"017","prov_istat_code_num":17,"prov_acr":"BS","reg_name":"Lombardia","reg_istat_code":"03","reg_istat_code_num":3,"opdm_id":"2059","com_catasto_code":"C408","com_istat_code":"017046","com_istat_code_num":17046}},
{"type":"Feature","geometry":{"type":"Polygon","coordinates":[[[10.344714167821024,46.08369207777493],[10.346009068113151,46.08416141817939],[10.348452738504331,46.081468584429345],[10.355364817386727,46.077471715275756],[10.365172651942865,46.07347586639861],[10.368849493110027,46.072603826558],[10.375539021532328,46.071200483072296],[10.377983346078377,46.0706940189801],[10.380994160423478,46.070090671114976],[10.38266768537856,46.06979142144299],[10.390671227127728,46.06976630163269],[10.396269968635542,46.070273904053806],[10.401541199876718,46.07009238588394],[10.409148303199688,46.0682077811188],[10.414728272088796,46.06645577917783],[10.415367898017037,46.06618685362391],[10.415853338559998,46.06595583353904],[10.417755098461486,46.06498721803541],[10.418172878076438,46.06464003560677],[10.424648792670688,46.05703514403591],[10.426390175498351,46.05387232229386],[10.428323260816532,46.05013105657801],[10.428734778021303,46.049045872069286],[10.427752008618704,46.049031169373386],[10.420314582091114,46.048331822189006],[10.419070181401286,46.048194274125066],[10.415632344982908,46.045680826047644],[10.415315336743378,46.04541475157711],[10.415089010030796,46.04515654918066],[10.41478127196641,46.044746344396046],[10.414566484121565,46.04443399045847],[10.414350119569702,46.04405865212188],[10.413175852303999,46.04311914412],[10.409639520268918,46.04331583186824],[10.408943386865175,46.04338741962853],[10.408597290460904,46.043499683583015],[10.408278849548898,46.043683621234905],[10.407974919907618,46.04393038268956],[10.407748747317864,46.04418516152014],[10.407573113064657,46.04439434164575],[10.407488835477901,46.04463837707999],[10.407393473737766,46.04495456540436],[10.407373333062012,46.04517981996571],[10.407595485505427,46.04629312392722],[10.40771007696295,46.046732730311994],[10.407900122603488,46.047090396461975],[10.408103543467682,46.047465906296],[10.408369505603286,46.04775963359377],[10.408807148143298,46.0481952577845],[10.409141861580377,46.048650139488885],[10.409621599445867,46.04972426263367],[10.410577129117664,46.05222356414461],[10.410660401247362,46.05244754247646],[10.410719192493849,46.05272581250317],[10.410624522560054,46.0530689983371],[10.41050193296925,46.05333151648061],[10.410147730912948,46.05373191254421],[10.409691352885758,46.05398955417609],[10.404227758814239,46.056615303837155],[10.391240081732061,46.060515962971024],[10.390953649485498,46.060554731074006],[10.386538697223031,46.0596994210528],[10.384612951111782,46.05913886391762],[10.371964146736392,46.05405472210678],[10.368210345838314,46.05076708596014],[10.366873573635353,46.048700904780965],[10.363991512706267,46.0477618266462],[10.354045797825352,46.047033397015674],[10.352933208865426,46.047777522446616],[10.353478073869821,46.049354438220654],[10.353553898754383,46.04966449338256],[10.353564188149482,46.04990576100842],[10.35351781035131,46.0507158741186],[10.352091380574688,46.056699721025915],[10.350632975605947,46.0669654784702],[10.350136078019391,46.07339144269486],[10.347472243308422,46.07897159445903],[10.344714167821024,46.08369207777493]]]},"properties":{"name":"Cedegolo","op_id":"2346","minint_elettorale":"1030150430","minint_finloc":"1030150430","prov_name":"Brescia","prov_istat_code":"017","prov_istat_code_num":17,"prov_acr":"BS","reg_name":"Lombardia","reg_istat_code":"03","reg_istat_code_num":3,"opdm_id":"2060","com_catasto_code":"C417","com_istat_code":"017047","com_istat_code_num":17047}},
{"type":"Feature","geometry":{"type":"Polygon","coordinates":[[[10.189483107387366,45.57277903425966],[10.18671361594081,45.57205697552904],[10.179738364746363,45.570161552977225],[10.177918534809638,45.565772555623354],[10.174736305487846,45.561056895320355],[10.169833125303887,45.55762547650834],[10.168708048974903,45.556942857752446],[10.162873268304129,45.55429423753133],[10.161236907240745,45.55371735690435],[10.159908542050339,45.554285017638044],[10.16274434231611,45.55663369786773],[10.166872989328546,45.56110636290874],[10.167479367395066,45.56886923938174],[10.164961743383264,45.5747537657259],[10.164079530671827,45.57503968918216],[10.163209890568794,45.57637445744989],[10.162820609487556,45.582171025582454],[10.162971496759676,45.58329035286613],[10.163555721488631,45.58376033291721],[10.168361047558589,45.586622234289734],[10.1726673099318,45.58923961143017],[10.17639702398806,45.59288238279025],[10.176831985971482,45.595069003371435],[10.176917104560246,45.595201971562624],[10.179700849056234,45.59510490110962],[10.182107129991428,45.59477420935452],[10.185322654494126,45.59424559144144],[10.191078857317304,45.59266608755046],[10.198529596166761,45.5905702062127],[10.19751100058309,45.58954077926265],[10.195389647219784,45.5867237409625],[10.194912631311874,45.58542043151582],[10.194808849941154,45.58334752473303],[10.193654021453808,45.5800546139186],[10.191730294103799,45.57483051895719],[10.191630651184315,45.574576074439975],[10.19085025754911,45.57372639309703],[10.190798389886295,45.57367064125225],[10.190623264076802,45.57349773839282],[10.190599836271769,45.57347472387198],[10.190468869586963,45.573375466152115],[10.190326379617176,45.57327126977525],[10.189483107387366,45.57277903425966]]]},"properties":{"name":"Cellatica","op_id":"2347","minint_elettorale":"1030150440","minint_finloc":"1030150440","prov_name":"Brescia","prov_istat_code":"017","prov_istat_code_num":17,"prov_acr":"BS","reg_name":"Lombardia","reg_istat_code":"03","reg_istat_code_num":3,"opdm_id":"2061","com_catasto_code":"C439","com_istat_code":"017048","com_istat_code_num":17048}},
{"type":"Feature","geometry":{"type":"Polygon","coordinates":[[[10.262210024363501,46.020760038749174],[10.25865473877915,46.02285684176133],[10.255011098964125,46.025128981315945],[10.254631304889124,46.02547516880404],[10.254484451018483,46.025836788943145],[10.254528500377916,46.02607032599054],[10.25485063558183,46.02717381652381],[10.255210380637665,46.02936595962933],[10.255241294495004,46.02959062757552],[10.255234902862986,46.029878706986416],[10.255078594103766,46.030393440480076],[10.254916144993937,46.03063822193158],[10.249242828497954,46.03576756489749],[10.241795454409381,46.035020705827996],[10.233404267496795,46.03482357270199],[10.229817623678798,46.03741830235769],[10.226137875137436,46.04107595859982],[10.225925403648544,46.04140224623054],[10.22587013799068,46.04182584835779],[10.225693083080309,46.044338836583236],[10.225698854749924,46.04459977932085],[10.2258081936303,46.04486860703241],[10.226636886234262,46.04668676972421],[10.22677107008795,46.046910336133294],[10.22726455899832,46.0475980657003],[10.228087699331663,46.04821919190801],[10.228543352545339,46.0481756082309],[10.231434855618115,46.04823927413339],[10.23428053002457,46.04957487145015],[10.236383426126968,46.05059045483528],[10.239485079381518,46.05284507488441],[10.240031781888021,46.053245734159795],[10.24051873782483,46.053686559833835],[10.24058692341606,46.05378331487313],[10.244864223053957,46.05831411468826],[10.246469404348156,46.05981819536101],[10.252391807474224,46.05496967144155],[10.262250496530129,46.048247836135374],[10.264801463902648,46.04176110599259],[10.269263951883373,46.0351146975866],[10.280437720077813,46.02442422515466],[10.287566020793864,46.0189468948579],[10.288585260836026,46.01816422544171],[10.306690851028177,46.01217779435787],[10.312055046737708,46.01129477204829],[10.31235301567172,46.011255195770275],[10.313561418039052,46.011228782878185],[10.316396198810665,46.0116845776666],[10.32061703593094,46.0125318754441],[10.324214914407236,46.01264640466707],[10.328171251628046,46.01255833082503],[10.339516382668617,46.01208750575488],[10.342721096997375,46.011672233351966],[10.343764540998325,46.00713619438597],[10.343686964616783,46.006066055143854],[10.342023937429332,46.00138744498427],[10.336950653423703,45.995047651442874],[10.334830870484604,45.99335338191586],[10.323236306546116,45.99448733942631],[10.314578447525305,45.993696104653274],[10.304046277981385,45.98895658411561],[10.29775477721335,45.98273693138442],[10.288351269095106,45.97530101308474],[10.286145418305482,45.97202273435651],[10.283120679568292,45.97015771315214],[10.274249872631676,45.97451419084524],[10.277912111070373,45.981646537983266],[10.281992677707523,45.987838092992256],[10.287608124186033,45.99836835213186],[10.287516345919693,46.00331958626796],[10.285006491634679,46.00703797450131],[10.278599162754556,46.01820726468051],[10.27697054855983,46.01985453635365],[10.272468355254455,46.02183082391595],[10.271072251116541,46.02235938057616],[10.26672713363473,46.021615614559714],[10.262210024363501,46.020760038749174]]]},"properties":{"name":"Cerveno","op_id":"2348","minint_elettorale":"1030150450","minint_finloc":"1030150450","prov_name":"Brescia","prov_istat_code":"017","prov_istat_code_num":17,"prov_acr":"BS","reg_name":"Lombardia","reg_istat_code":"03","reg_istat_code_num":3,"opdm_id":"2062","com_catasto_code":"C549","com_istat_code":"017049","com_istat_code_num":17049}},
{"type":"Feature","geometry":{"type":"Polygon","coordinates":[[[10.430806304217711,45.95998833171631],[10.429428906410246,45.96115762721374],[10.423885998880191,45.96543904307018],[10.417588416624696,45.96850548236423],[10.414703709601161,45.96977430117937],[10.414115187644548,45.9699795923808],[10.413525974410538,45.97015788404927],[10.412102579268204,45.97052650172159],[10.40896091933296,45.971852358405634],[10.406536286200234,45.972953271137584],[10.399726812070966,45.976781060787516],[10.398939168262991,45.97728572077987],[10.398084714631121,45.97821422551441],[10.394904912662918,45.981839800670116],[10.38349220197698,45.98941741317641],[10.382598254896287,45.9898152480434],[10.377487541831316,45.99095702329182],[10.37495010949845,45.9906905585531],[10.365262200729708,45.99106773112713],[10.356033205097726,45.99172685253443],[10.347386452728559,45.992450182093],[10.336506945265254,45.99324381304068],[10.334830870484604,45.99335338191586],[10.336950653423703,45.995047651442874],[10.342023937429332,46.00138744498427],[10.343686964616783,46.006066055143854],[10.343764540998325,46.00713619438597],[10.342721096997375,46.011672233351966],[10.345479522770406,46.01578664046833],[10.344799782114672,46.01627731656364],[10.344167075086974,46.01689972323244],[10.342880730634647,46.018648990394354],[10.34267183883317,46.019092465480846],[10.342562995108795,46.01939974527021],[10.342168150708416,46.020700440757324],[10.34213767416324,46.021042817358726],[10.342159754787241,46.02142055662402],[10.342478864807811,46.02179482471958],[10.34527492337949,46.02467809192518],[10.346353141795923,46.02520791001722],[10.349774316203625,46.025858288292866],[10.351635187462877,46.02587225737866],[10.35158440814259,46.02537786084266],[10.351565328097628,46.02459506599818],[10.351645844267582,46.023658085458536],[10.351726168779074,46.02324311813407],[10.351859033069822,46.022863528956826],[10.352079894197766,46.02238389769981],[10.353198636038455,46.02057958792326],[10.35848054269368,46.01310964722531],[10.361156023191022,46.01053969727315],[10.372740243812434,46.00679199217113],[10.383118776726077,46.00241838871264],[10.389683039458179,46.00255475712457],[10.393088592439709,46.003422318140835],[10.394390805284504,46.003847456736985],[10.406009882576615,46.00314704423203],[10.40778582559458,46.00238714820927],[10.415059529060054,46.000776249945446],[10.42002111852357,46.001056698939394],[10.420428496947943,46.00133065270054],[10.430191584150672,46.009327204562716],[10.43666150280209,46.013764216718116],[10.447240925991752,46.01969695676428],[10.45481610301482,46.02371840799761],[10.457187701920594,46.02500673525537],[10.459025685076451,46.02614433776947],[10.460709912723429,46.02732885294046],[10.472124999805336,46.0214599310438],[10.471859079240815,46.02142466384762],[10.471532447968242,46.02136221269561],[10.470815724083545,46.021082650432604],[10.470374942393075,46.02079749913462],[10.465862460168927,46.01785778686743],[10.465387513113164,46.01754739160602],[10.465051343369222,46.017305161887634],[10.4648799918874,46.01716700258907],[10.46469959986251,46.0170175553853],[10.462982435010739,46.015404669637654],[10.462699144157689,46.015108422109584],[10.462491742149442,46.0148899193791],[10.45829212948825,46.01042516759698],[10.458061718190823,46.010139109611245],[10.457952196041239,46.01000290405027],[10.457573442455407,46.00950798008178],[10.457327062727911,46.00910294869466],[10.45730488769672,46.00906416784763],[10.457158634530932,46.00855449452432],[10.457093812650697,46.00804787690666],[10.45725968750111,46.00478168272785],[10.457401661239357,46.00280864772641],[10.453354470967861,45.99105972118177],[10.45300035158515,45.98888857238244],[10.452270943522414,45.98241010582067],[10.452167914566344,45.980348773305124],[10.45232715426317,45.97910397871371],[10.452488421694094,45.97809715379699],[10.452866714081901,45.977430716772105],[10.453008653844238,45.97718263908474],[10.453407896568327,45.97655253507667],[10.452004470701748,45.97306404088734],[10.45151663841459,45.9668374432269],[10.445619685285987,45.962925026827875],[10.434836807347752,45.95967677820901],[10.430806304217711,45.95998833171631]]]},"properties":{"name":"Ceto","op_id":"2349","minint_elettorale":"1030150460","minint_finloc":"1030150460","prov_name":"Brescia","prov_istat_code":"017","prov_istat_code_num":17,"prov_acr":"BS","reg_name":"Lombardia","reg_istat_code":"03","reg_istat_code_num":3,"opdm_id":"2063","com_catasto_code":"C585","com_istat_code":"017050","com_istat_code_num":17050}},
{"type":"Feature","geometry":{"type":"Polygon","coordinates":[[[10.346009068113151,46.08416141817939],[10.352563138923045,46.08718915190885],[10.35675651179072,46.08993830885202],[10.356997447882081,46.09026844921173],[10.361279146137576,46.10235883601622],[10.358103446604913,46.10633870686087],[10.360489001393004,46.10968539970121],[10.360795852760356,46.1100597584947],[10.362583297114254,46.11170349686833],[10.363169234731961,46.11184951755133],[10.363946071203731,46.11186724082588],[10.364735020226453,46.11184882662655],[10.366272042821437,46.111731442977806],[10.367433454215275,46.111600562632695],[10.368244912611742,46.111446837400926],[10.369017332096803,46.11128458008328],[10.369519188997248,46.111170571311206],[10.385162942284085,46.11215206839749],[10.387597057147433,46.11271655799105],[10.394422982512062,46.11193146611363],[10.395124510433133,46.11203991329737],[10.396045744694433,46.11213665879981],[10.396459948041027,46.11214061122491],[10.399665298404457,46.11198439086924],[10.403074404672068,46.11169957456663],[10.40477994973265,46.11120179036796],[10.401386683966585,46.10740019505786],[10.398851736163593,46.10438018624008],[10.396934088957721,46.10171257925482],[10.395749775490565,46.0993869953902],[10.395327029320576,46.09852813644298],[10.392937359718266,46.09199620668037],[10.38924196954768,46.081348907598844],[10.389280570289404,46.07461306823664],[10.38933756386378,46.07433657128258],[10.393216017531364,46.07326333632753],[10.396700353510216,46.07297780719264],[10.399604726938334,46.07277127431163],[10.409327621860253,46.07016771527034],[10.412616080978097,46.06785089537768],[10.41314989397393,46.06755527312128],[10.416837600315176,46.066403749896864],[10.421032670228094,46.06534624130827],[10.42123110247624,46.065343773622224],[10.423378447102637,46.0654483416499],[10.423793455866793,46.06549718006463],[10.424379749350607,46.06566986711198],[10.424865167574946,46.06594282890445],[10.432376294092876,46.067396968396665],[10.438039143062849,46.068369884710116],[10.447645718655869,46.06982363496781],[10.450969060311403,46.070321505159185],[10.456591852320141,46.07048397288755],[10.461165538240659,46.070398579349906],[10.470460116341329,46.072848947288655],[10.475696195649327,46.075838520398364],[10.47846260966708,46.07773184193137],[10.48435919744741,46.081683003031756],[10.484701138464452,46.0818945715021],[10.485750703018573,46.0824479510562],[10.48619432262484,46.08262219534432],[10.486817091531758,46.082695086537704],[10.487502106609456,46.08267717707775],[10.488905021983008,46.082451890762464],[10.49047441353376,46.082134428974165],[10.490897917787638,46.08201189493266],[10.491239162984812,46.0817464374598],[10.49472848714609,46.07983347342884],[10.504291888518917,46.07673316440718],[10.509191437406512,46.075232306232785],[10.50367539487301,46.07227161634928],[10.489406254103239,46.065056438712446],[10.483040034806855,46.05724077654225],[10.482087891481163,46.049738483296984],[10.483813314244866,46.04396005672847],[10.485107906004348,46.03741384529271],[10.485948295436614,46.03005459074472],[10.485392300280017,46.02722692823288],[10.484760246807955,46.02510645366561],[10.484399616221964,46.02399594597858],[10.48329223745805,46.02186371436723],[10.483044321940653,46.02159144220529],[10.482763845025012,46.021464855105556],[10.482662938095778,46.02141931280176],[10.482572230559958,46.02139374680088],[10.482041586664883,46.02124418435909],[10.48149987680243,46.02110707459038],[10.480982156443629,46.02108255613],[10.480773979987445,46.02107269666915],[10.474172686803016,46.02132440029088],[10.472124999805336,46.0214599310438],[10.460709912723429,46.02732885294046],[10.45573126640029,46.03206356090413],[10.442668067013273,46.041067563257855],[10.439130991558654,46.043218223078085],[10.435071526181913,46.04267526496554],[10.429079963058092,46.045891457638675],[10.428098480130355,46.04642574012342],[10.42789546626951,46.04657229106056],[10.42771966672008,46.046772491234364],[10.427557476406552,46.04699952492267],[10.427411934603983,46.04737036349835],[10.427392106441484,46.04760461353108],[10.427462293324371,46.047819748317465],[10.427624759964965,46.04810572866837],[10.428734778021303,46.049045872069286],[10.428323260816532,46.05013105657801],[10.426390175498351,46.05387232229386],[10.424648792670688,46.05703514403591],[10.418172878076438,46.06464003560677],[10.417755098461486,46.06498721803541],[10.415853338559998,46.06595583353904],[10.415367898017037,46.06618685362391],[10.414728272088796,46.06645577917783],[10.409148303199688,46.0682077811188],[10.401541199876718,46.07009238588394],[10.396269968635542,46.070273904053806],[10.390671227127728,46.06976630163269],[10.38266768537856,46.06979142144299],[10.380994160423478,46.070090671114976],[10.377983346078377,46.0706940189801],[10.375539021532328,46.071200483072296],[10.368849493110027,46.072603826558],[10.365172651942865,46.07347586639861],[10.355364817386727,46.077471715275756],[10.348452738504331,46.081468584429345],[10.346009068113151,46.08416141817939]]]},"properties":{"name":"Cevo","op_id":"2350","minint_elettorale":"1030150461","minint_finloc":"1030150461","prov_name":"Brescia","prov_istat_code":"017","prov_istat_code_num":17,"prov_acr":"BS","reg_name":"Lombardia","reg_istat_code":"03","reg_istat_code_num":3,"opdm_id":"2064","com_catasto_code":"C591","com_istat_code":"017051","com_istat_code_num":17051}},
{"type":"Feature","geometry":{"type":"Polygon","coordinates":[[[9.948072588469273,45.50684876090762],[9.948056664784344,45.50735666563274],[9.94774447898565,45.507966230517525],[9.944218903444538,45.510953186201114],[9.9414668876416,45.510743556397856],[9.940294378489654,45.509036664110354],[9.92958971818651,45.504195031194826],[9.925536969278332,45.50208431888247],[9.922136865686834,45.49602124147085],[9.922545135065958,45.49257867588116],[9.918723078719582,45.4895891098119],[9.916752166256735,45.489412691535485],[9.918011063207318,45.496779888234485],[9.911490920626337,45.499875180510415],[9.903781398280342,45.50036329179618],[9.906010276667574,45.50363348778391],[9.905408735693147,45.50458843224849],[9.903137503231068,45.5051282321365],[9.90231544143013,45.5053100264279],[9.901665600905988,45.50542541313824],[9.900507803301629,45.50562197775058],[9.897275409938453,45.506162668204844],[9.895763254073616,45.50641142009235],[9.895170086205919,45.50650755797225],[9.89475422712334,45.50657224914833],[9.894458649872156,45.506612035917954],[9.894284934319613,45.506623171372105],[9.893683763716531,45.506635356517975],[9.891022437994472,45.50666299603443],[9.889539352229043,45.506677662836616],[9.88718027710151,45.50669245502898],[9.893736511214643,45.515260201533195],[9.894117228668478,45.52197477727587],[9.894087672367288,45.523815891129196],[9.892283817947465,45.52584466389328],[9.892073170164354,45.5258666400349],[9.89088910582041,45.52594775698033],[9.88923762970402,45.526041212703646],[9.886609384249436,45.526185228749824],[9.88431351098101,45.52631458610069],[9.883777096527119,45.52634587607639],[9.883580276137065,45.52635917220629],[9.88297931390667,45.52640480143612],[9.881134373498622,45.526562589105325],[9.87771458457646,45.52690924100767],[9.87751684993289,45.52693148981639],[9.877388950624399,45.52694913337623],[9.877167068758332,45.527005474242564],[9.87705503563202,45.52705113305695],[9.876939544360603,45.52710665652432],[9.876715650406853,45.52723467880016],[9.870104316916294,45.533561306595374],[9.870056447449805,45.533608098904594],[9.869795873453713,45.533914932665716],[9.869508521679416,45.53425785704021],[9.869105764242684,45.53475503753691],[9.8689831244797,45.534908671534325],[9.868955912019157,45.534942761387455],[9.868501632842905,45.5355439882633],[9.86737505009525,45.537078666402614],[9.867376393552687,45.53934936192361],[9.867560879791087,45.54255699032157],[9.869278727074331,45.54537069537818],[9.874165087626887,45.552354184412174],[9.877268738520737,45.55421160311658],[9.878927889483359,45.55462188806984],[9.883599619367702,45.55268668179025],[9.883708304540122,45.552879249717954],[9.884105543483829,45.55372477871015],[9.884471414986717,45.554512969253175],[9.885997064096463,45.55786262083817],[9.886969951216285,45.56001363313998],[9.887169125259643,45.560434739246034],[9.88769876970565,45.56038677215225],[9.889120097034645,45.56022329370908],[9.890334921916207,45.560080471575475],[9.890483700565577,45.56005549502583],[9.890544422077387,45.560035966395404],[9.89112235483765,45.55951637350961],[9.891395019483635,45.559484704550165],[9.892379767874624,45.55939407081054],[9.894159731725026,45.55925941098734],[9.895072137024945,45.559197547631676],[9.896497893311963,45.55926501787914],[9.898060344484637,45.55944670830093],[9.898248476231828,45.55948580582115],[9.89855810096557,45.559572175063565],[9.898875998104216,45.56023999639729],[9.89949004140511,45.56154956758423],[9.902355355170094,45.56347780981424],[9.913147339024917,45.56124054190497],[9.926150033745273,45.56310096686128],[9.930311194951784,45.56437962327573],[9.93776805027192,45.56352134324775],[9.938134489400227,45.56347241089226],[9.94355121439471,45.562633208682655],[9.943014805205545,45.560406851590216],[9.948872688181604,45.55287656249366],[9.952949905643944,45.544194408604554],[9.956520067227283,45.54054726337877],[9.96113526422721,45.536063762337164],[9.967608383763189,45.531888342177965],[9.967349375119646,45.52407524759849],[9.961380233421758,45.5196526178124],[9.954606460340981,45.51431931106964],[9.95458965553452,45.514095503308845],[9.954525419789487,45.51362428168732],[9.953941164622854,45.50997048840124],[9.950454742879826,45.50774985512033],[9.948072588469273,45.50684876090762]]]},"properties":{"name":"Chiari","op_id":"2351","minint_elettorale":"1030150470","minint_finloc":"1030150470","prov_name":"Brescia","prov_istat_code":"017","prov_istat_code_num":17,"prov_acr":"BS","reg_name":"Lombardia","reg_istat_code":"03","reg_istat_code_num":3,"opdm_id":"2065","com_catasto_code":"C618","com_istat_code":"017052","com_istat_code_num":17052}},
{"type":"Feature","geometry":{"type":"Polygon","coordinates":[[[10.179027329607539,45.335360445327886],[10.179379438382549,45.33407627709326],[10.188263555292203,45.33096481113033],[10.195172033769555,45.32981199114378],[10.194447936281883,45.32399211372981],[10.194114527769443,45.323940421611184],[10.193969482055738,45.323874706437266],[10.193863450256888,45.323793496831335],[10.193806580414973,45.323728689616914],[10.193723047258727,45.32363349679716],[10.193680575833625,45.32355725751697],[10.193654279356537,45.32349476537523],[10.193650329345918,45.32330426430114],[10.193676124638579,45.32319223287214],[10.193726794148924,45.32305008367376],[10.193886769001981,45.322782445977815],[10.194015350876278,45.32266773760919],[10.194272900463416,45.32245736343359],[10.197331007710734,45.320613327556806],[10.198103451936657,45.32033519308411],[10.198598481500666,45.32021297447465],[10.199893341423932,45.31993597863203],[10.203340397262169,45.320709056291484],[10.201693320935522,45.317137876096595],[10.202220130124148,45.306799834964835],[10.201904473896407,45.30429518741879],[10.200075714640256,45.300908499821155],[10.198231041310152,45.29861853353365],[10.19875813670694,45.29431821799351],[10.200254158463444,45.29181539900158],[10.195369021755889,45.29214611230987],[10.181212442247787,45.29374175442299],[10.176381493945172,45.29390475359496],[10.173706868809646,45.2932011348035],[10.171254026750066,45.29474200466069],[10.16723625307311,45.308372195583836],[10.167513869262255,45.312777417856374],[10.16910566299827,45.31679212793987],[10.1719030429751,45.323078020654556],[10.170538679777534,45.3280615893078],[10.171886103408042,45.332831998167414],[10.175948527697757,45.335961301961994],[10.17613957295062,45.33600069430769],[10.177409148845467,45.33608403004483],[10.178161603476422,45.33582561651447],[10.179027329607539,45.335360445327886]]]},"properties":{"name":"Cigole","op_id":"2352","minint_elettorale":"1030150480","minint_finloc":"1030150480","prov_name":"Brescia","prov_istat_code":"017","prov_istat_code_num":17,"prov_acr":"BS","reg_name":"Lombardia","reg_istat_code":"03","reg_istat_code_num":3,"opdm_id":"2066","com_catasto_code":"C685","com_istat_code":"017053","com_istat_code_num":17053}},
{"type":"Feature","geometry":{"type":"Polygon","coordinates":[[[10.351635187462877,46.02587225737866],[10.356468729827814,46.03139427390425],[10.357458834587712,46.0304832938119],[10.357876083311838,46.03010933337536],[10.358536131325094,46.02962446879824],[10.358777368387791,46.029450582469956],[10.360879637211788,46.02823752556799],[10.364033166810806,46.02721890206807],[10.376965622301954,46.02664968034189],[10.381466720487698,46.02683835086009],[10.382269152967616,46.026891649019625],[10.402015076421323,46.03058422947033],[10.403082291473291,46.03088614608014],[10.403541477888865,46.03115952089345],[10.404506116992405,46.0320026866027],[10.404717833852523,46.03219810533005],[10.404872242108302,46.03268222170849],[10.404648609362983,46.03303598412235],[10.404050319719564,46.033394350070736],[10.402801646714302,46.03409370312856],[10.399757944274073,46.035355066463694],[10.397766866854953,46.035829453001654],[10.396444606001793,46.036178642153324],[10.397510563427135,46.03796564166649],[10.397833090247936,46.0384567229931],[10.400718555940315,46.0426875074378],[10.401040458241507,46.04315158411524],[10.401708132680017,46.04399841154096],[10.401959082463554,46.04421134461441],[10.402156986697388,46.044370921307966],[10.406657148165289,46.0470067023148],[10.408807148143298,46.0481952577845],[10.408369505603286,46.04775963359377],[10.408103543467682,46.047465906296],[10.407900122603488,46.047090396461975],[10.40771007696295,46.046732730311994],[10.407595485505427,46.04629312392722],[10.407373333062012,46.04517981996571],[10.407393473737766,46.04495456540436],[10.407488835477901,46.04463837707999],[10.407573113064657,46.04439434164575],[10.407748747317864,46.04418516152014],[10.407974919907618,46.04393038268956],[10.408278849548898,46.043683621234905],[10.408597290460904,46.043499683583015],[10.408943386865175,46.04338741962853],[10.409639520268918,46.04331583186824],[10.413175852303999,46.04311914412],[10.414350119569702,46.04405865212188],[10.414566484121565,46.04443399045847],[10.41478127196641,46.044746344396046],[10.415089010030796,46.04515654918066],[10.415315336743378,46.04541475157711],[10.415632344982908,46.045680826047644],[10.419070181401286,46.048194274125066],[10.420314582091114,46.048331822189006],[10.427752008618704,46.049031169373386],[10.428734778021303,46.049045872069286],[10.427624759964965,46.04810572866837],[10.427462293324371,46.047819748317465],[10.427392106441484,46.04760461353108],[10.427411934603983,46.04737036349835],[10.427557476406552,46.04699952492267],[10.42771966672008,46.046772491234364],[10.42789546626951,46.04657229106056],[10.428098480130355,46.04642574012342],[10.429079963058092,46.045891457638675],[10.435071526181913,46.04267526496554],[10.439130991558654,46.043218223078085],[10.442668067013273,46.041067563257855],[10.45573126640029,46.03206356090413],[10.460709912723429,46.02732885294046],[10.459025685076451,46.02614433776947],[10.457187701920594,46.02500673525537],[10.45481610301482,46.02371840799761],[10.447240925991752,46.01969695676428],[10.43666150280209,46.013764216718116],[10.430191584150672,46.009327204562716],[10.420428496947943,46.00133065270054],[10.42002111852357,46.001056698939394],[10.415059529060054,46.000776249945446],[10.40778582559458,46.00238714820927],[10.406009882576615,46.00314704423203],[10.394390805284504,46.003847456736985],[10.393088592439709,46.003422318140835],[10.389683039458179,46.00255475712457],[10.383118776726077,46.00241838871264],[10.372740243812434,46.00679199217113],[10.361156023191022,46.01053969727315],[10.35848054269368,46.01310964722531],[10.353198636038455,46.02057958792326],[10.352079894197766,46.02238389769981],[10.351859033069822,46.022863528956826],[10.351726168779074,46.02324311813407],[10.351645844267582,46.023658085458536],[10.351565328097628,46.02459506599818],[10.35158440814259,46.02537786084266],[10.351635187462877,46.02587225737866]]]},"properties":{"name":"Cimbergo","op_id":"2353","minint_elettorale":"1030150490","minint_finloc":"1030150490","prov_name":"Brescia","prov_istat_code":"017","prov_istat_code_num":17,"prov_acr":"BS","reg_name":"Lombardia","reg_istat_code":"03","reg_istat_code_num":3,"opdm_id":"2067","com_catasto_code":"C691","com_istat_code":"017054","com_istat_code_num":17054}},
{"type":"Feature","geometry":{"type":"Polygon","coordinates":[[[10.282563080563673,45.938167462123836],[10.276562930368698,45.936974594090884],[10.263554255494348,45.933320992561605],[10.26328058007206,45.93319801231036],[10.258778045728011,45.928603461079454],[10.246905899865396,45.93236083695119],[10.246221268522397,45.935770488213585],[10.24699247688486,45.93762517020786],[10.250074630108406,45.93904964178552],[10.252588120538578,45.940102154893495],[10.253668942080196,45.94054933534683],[10.254137713123582,45.940742196843956],[10.254762290433526,45.94097835977881],[10.255750057491161,45.941300549656],[10.262047215264978,45.943643260223446],[10.269304958809789,45.94395885304854],[10.269731209254227,45.94398112048808],[10.272289618040073,45.94415068724762],[10.274312898962018,45.944682816289735],[10.277914478720714,45.945657009764396],[10.278339410656299,45.94587459590553],[10.278358741237607,45.94590022007643],[10.278391204686084,45.94594794924981],[10.278431226420247,45.94601257869254],[10.278488897760027,45.94612449008026],[10.278571677419018,45.946357570533735],[10.278603072033524,45.946600238130806],[10.27860928040472,45.94687017284579],[10.279271242044747,45.952650044982676],[10.285652323189032,45.94680020879496],[10.282563080563673,45.938167462123836]]]},"properties":{"name":"Cividate Camuno","op_id":"2354","minint_elettorale":"1030150500","minint_finloc":"1030150500","prov_name":"Brescia","prov_istat_code":"017","prov_istat_code_num":17,"prov_acr":"BS","reg_name":"Lombardia","reg_istat_code":"03","reg_istat_code_num":3,"opdm_id":"2068","com_catasto_code":"C760","com_istat_code":"017055","com_istat_code_num":17055}},
{"type":"Feature","geometry":{"type":"Polygon","coordinates":[[[9.9813149142507,45.52940845576212],[9.967608383763189,45.531888342177965],[9.96113526422721,45.536063762337164],[9.956520067227283,45.54054726337877],[9.952949905643944,45.544194408604554],[9.948872688181604,45.55287656249366],[9.943014805205545,45.560406851590216],[9.94355121439471,45.562633208682655],[9.945117631172739,45.562565253246255],[9.947196917009874,45.5625443126347],[9.94801527551392,45.56377902154509],[9.949309901763014,45.56573644031312],[9.951183310453853,45.56810533951724],[9.954666056381237,45.57202726153574],[9.959578373221031,45.57045144905784],[9.963503745236407,45.57434277123047],[9.965585590036898,45.576993126996705],[9.965700443625934,45.577139584047515],[9.96703163764045,45.57885725907679],[9.967591523894987,45.5795832307353],[9.968719869440665,45.58104889143801],[9.969049358131066,45.58148762426713],[9.980431870115806,45.57312986255182],[9.981277928297752,45.57237414259438],[9.983521585481553,45.57036137511358],[9.984113943244893,45.56979945927771],[9.984229706888557,45.569689432139846],[9.984529268469947,45.56938638651277],[9.984913794927646,45.56882316121077],[9.984913226326674,45.56879011695408],[9.98488476571892,45.56759494252752],[9.98436064426226,45.563649451439524],[9.982467144973484,45.56090649434655],[9.981817288108674,45.55910066459906],[9.983563351518463,45.55603711614959],[9.986086267300546,45.55274537302265],[9.986503457195573,45.55194738068976],[9.986582036210653,45.551759551611035],[9.98683569536479,45.55069403603373],[9.98707074135942,45.549086824462535],[9.987064874976278,45.547492015608675],[9.986884339096202,45.5448563140805],[9.985381083562299,45.54392524006716],[9.981681868806422,45.53670146309158],[9.981561237433716,45.53303596344382],[9.9813149142507,45.52940845576212]]]},"properties":{"name":"Coccaglio","op_id":"2355","minint_elettorale":"1030150510","minint_finloc":"1030150510","prov_name":"Brescia","prov_istat_code":"017","prov_istat_code_num":17,"prov_acr":"BS","reg_name":"Lombardia","reg_istat_code":"03","reg_istat_code_num":3,"opdm_id":"2069","com_catasto_code":"C806","com_istat_code":"017056","com_istat_code_num":17056}},
{"type":"Feature","geometry":{"type":"Polygon","coordinates":[[[10.221307146512407,45.58584180981308],[10.221352916329721,45.58488452793526],[10.221324741779823,45.58413866093698],[10.221257970649555,45.58365641499511],[10.221206129321798,45.583300437995696],[10.221075833384292,45.58244639886901],[10.22104690208087,45.58227848764737],[10.220896348547459,45.58171876577257],[10.220885076522391,45.581676859479536],[10.220833713770114,45.58149295906198],[10.220682544830128,45.581094784280225],[10.22044596315259,45.58058088637985],[10.220242689292157,45.58022092806657],[10.21929261283682,45.57860465659196],[10.218622608965553,45.577474155121884],[10.217845526729995,45.57616373508558],[10.217101175995108,45.57491081949348],[10.216858198491032,45.57453476095761],[10.214305609079005,45.57110296426084],[10.21329800465196,45.57004448991292],[10.211086137630282,45.56976009618784],[10.2110616407463,45.569800407955015],[10.210999287247612,45.56996764092001],[10.210995105380988,45.57025963019331],[10.21101532953476,45.57064366657046],[10.21107002915818,45.570942461883455],[10.211114239898004,45.57108178857829],[10.200293771341062,45.57284332876926],[10.189483107387366,45.57277903425966],[10.190326379617176,45.57327126977525],[10.190468869586963,45.573375466152115],[10.190599836271769,45.57347472387198],[10.190623264076802,45.57349773839282],[10.190798389886295,45.57367064125225],[10.19085025754911,45.57372639309703],[10.191630651184315,45.574576074439975],[10.191730294103799,45.57483051895719],[10.193654021453808,45.5800546139186],[10.194808849941154,45.58334752473303],[10.194912631311874,45.58542043151582],[10.195389647219784,45.5867237409625],[10.19751100058309,45.58954077926265],[10.198529596166761,45.5905702062127],[10.202457491226962,45.59313401358591],[10.202370999914011,45.59431234821591],[10.202117139501688,45.59517811039328],[10.202214340695349,45.59550782096146],[10.203128098709502,45.597110093769054],[10.204541887432084,45.59890540627707],[10.204742267166434,45.59911599603396],[10.207659439713657,45.60089458377161],[10.211594031459585,45.600131673809095],[10.212181723461926,45.60000833524908],[10.214035378783162,45.59949347543633],[10.214753498823013,45.59926133712514],[10.215182461057099,45.599111884930636],[10.215504667855068,45.5989234676767],[10.22006719090129,45.595530881757604],[10.220388704705964,45.59527965785042],[10.220574446696592,45.59511755394232],[10.221545896927513,45.594233061341],[10.221833683402028,45.59387105832414],[10.222086285889942,45.593454740765324],[10.222288318167685,45.593007082140495],[10.222328644241125,45.59283544565134],[10.222355508554763,45.592721102534995],[10.222353927895945,45.59250067526369],[10.222298252060488,45.592179646308644],[10.222236008004304,45.59202375747175],[10.222084019891001,45.59176273368932],[10.221918732852219,45.591562302881236],[10.221307146512407,45.58584180981308]]]},"properties":{"name":"Collebeato","op_id":"2356","minint_elettorale":"1030150520","minint_finloc":"1030150520","prov_name":"Brescia","prov_istat_code":"017","prov_istat_code_num":17,"prov_acr":"BS","reg_name":"Lombardia","reg_istat_code":"03","reg_istat_code_num":3,"opdm_id":"2070","com_catasto_code":"C850","com_istat_code":"017057","com_istat_code_num":17057}},
{"type":"Feature","geometry":{"type":"Polygon","coordinates":[[[10.37549347079437,45.864479342094555],[10.37620226514178,45.8592684667316],[10.370897039205634,45.849395616537116],[10.369311324257783,45.842511172652365],[10.377447525486614,45.839272139509326],[10.387600930306245,45.8358910541555],[10.388245677888397,45.835928217461884],[10.390163700668618,45.835904893453176],[10.392914454749507,45.83519634353869],[10.396571665548114,45.83417963368974],[10.399837379170163,45.832960581287374],[10.400359468906984,45.83272916848293],[10.400741123410569,45.832544469666885],[10.401146471323836,45.83227848362422],[10.4020953584161,45.83160981447746],[10.402474486077242,45.831326136895136],[10.402941474973018,45.83095136954401],[10.41607212962644,45.81766641601565],[10.416334837006449,45.81736614316888],[10.416483083610977,45.81712128061917],[10.416655937265121,45.816831116382886],[10.416889008371026,45.81637819496009],[10.417072232772274,45.81598889631968],[10.417413331036418,45.815228622134086],[10.417607351531851,45.81475817409775],[10.41766254555915,45.81439746789303],[10.417616630631656,45.81411001665666],[10.417413808251009,45.81372550714715],[10.41620547396355,45.81226438205716],[10.415966798559982,45.811988314817796],[10.415557656425738,45.811588349432895],[10.415243145857588,45.81136723001013],[10.414853278829835,45.81121904425867],[10.41427107663482,45.81110024416201],[10.410457736056026,45.80942827704399],[10.407865900164609,45.807192081327585],[10.402353835322195,45.80191349632626],[10.399060715225701,45.801449836562064],[10.387104970330537,45.796231227414836],[10.386831067432833,45.79608155653051],[10.384635216244554,45.794704086422705],[10.383447477112513,45.79350338456756],[10.381899143453893,45.791766989957324],[10.381587531675978,45.79113171252349],[10.380544547691779,45.791099311460826],[10.379901210030216,45.7910980708738],[10.379258318196712,45.79111484796833],[10.378565087432149,45.79117720742824],[10.374893733531337,45.791518470330146],[10.37258377991788,45.79176226924385],[10.369532217236348,45.79219493556303],[10.364328325035393,45.79248221947151],[10.364019831195886,45.792494898649366],[10.36336384030788,45.79250272930799],[10.362282263407561,45.792470636423275],[10.357537387797334,45.79205907840456],[10.355129231665636,45.791439626380985],[10.354688865848846,45.79131883886361],[10.350414011610129,45.79011836016048],[10.341460434926413,45.788018717916074],[10.33719284799821,45.787708469548534],[10.3370312921367,45.78768586674627],[10.324487473946172,45.78461646134106],[10.324783438022504,45.79167856012623],[10.324941584546313,45.79726614701518],[10.324905701554473,45.7979236010314],[10.323956362897272,45.80076080958992],[10.323807722836605,45.80100555702273],[10.323547600009235,45.801431597738386],[10.323210247722054,45.80185855126998],[10.322985279529135,45.80214016381528],[10.322453240718941,45.802497349302705],[10.320261256931257,45.80340477479492],[10.31975128791461,45.80360867672923],[10.319201039360301,45.803741036661314],[10.31735562137271,45.8040683433624],[10.316791000918842,45.80413785776857],[10.316277228553268,45.80417979758006],[10.315724853679747,45.80422216076825],[10.315261056044108,45.80420049651555],[10.314948673588187,45.80405107762043],[10.314659070915228,45.80377538567846],[10.297291878133352,45.801264738563546],[10.294208609077444,45.80148872531402],[10.293038171247153,45.80206904292605],[10.293061433829283,45.80474198072121],[10.2931859599222,45.80511860209966],[10.29337483375603,45.80549447593968],[10.293667048733905,45.8058872077054],[10.293996204810398,45.806207501086746],[10.294521714800133,45.80666958732277],[10.297013031569996,45.81641601640099],[10.298293731944415,45.826104138773935],[10.3200704435906,45.847609032504884],[10.327352952581503,45.85759628882644],[10.32949127946647,45.86083863046008],[10.332013435262002,45.8639594425457],[10.332211564099186,45.8641641550056],[10.332540646404983,45.86445733081422],[10.33394823858955,45.865673989959696],[10.3343406746859,45.865921406866306],[10.334807791939724,45.86605996850503],[10.336885700103705,45.86627870961632],[10.339910027817755,45.872507670509506],[10.362573536014716,45.86824338898453],[10.37549347079437,45.864479342094555]]]},"properties":{"name":"Collio","op_id":"2357","minint_elettorale":"1030150530","minint_finloc":"1030150530","prov_name":"Brescia","prov_istat_code":"017","prov_istat_code_num":17,"prov_acr":"BS","reg_name":"Lombardia","reg_istat_code":"03","reg_istat_code_num":3,"opdm_id":"2071","com_catasto_code":"C883","com_istat_code":"017058","com_istat_code_num":17058}},
{"type":"Feature","geometry":{"type":"Polygon","coordinates":[[[9.94355121439471,45.562633208682655],[9.938134489400227,45.56347241089226],[9.93776805027192,45.56352134324775],[9.930311194951784,45.56437962327573],[9.926150033745273,45.56310096686128],[9.913147339024917,45.56124054190497],[9.902355355170094,45.56347780981424],[9.89949004140511,45.56154956758423],[9.898875998104216,45.56023999639729],[9.89855810096557,45.559572175063565],[9.898248476231828,45.55948580582115],[9.898060344484637,45.55944670830093],[9.896497893311963,45.55926501787914],[9.895072137024945,45.559197547631676],[9.894159731725026,45.55925941098734],[9.892379767874624,45.55939407081054],[9.891395019483635,45.559484704550165],[9.89112235483765,45.55951637350961],[9.893655729018631,45.56543813414358],[9.897195413163738,45.56705592903257],[9.902595156068774,45.56772947942885],[9.906875198108512,45.573403024856546],[9.909060215927996,45.57915690494385],[9.907979234743632,45.58294111003189],[9.90822768092742,45.58516505213459],[9.910759680058172,45.590429066073206],[9.913378661167986,45.590769167348746],[9.927887064699265,45.59386901811202],[9.935733640057384,45.59473668708792],[9.94081978120743,45.59511038171244],[9.952261570746918,45.58882631449542],[9.963619344392582,45.583834423656285],[9.969049358131066,45.58148762426713],[9.968719869440665,45.58104889143801],[9.967591523894987,45.5795832307353],[9.96703163764045,45.57885725907679],[9.965700443625934,45.577139584047515],[9.965585590036898,45.576993126996705],[9.963503745236407,45.57434277123047],[9.959578373221031,45.57045144905784],[9.954666056381237,45.57202726153574],[9.951183310453853,45.56810533951724],[9.949309901763014,45.56573644031312],[9.94801527551392,45.56377902154509],[9.947196917009874,45.5625443126347],[9.945117631172739,45.562565253246255],[9.94355121439471,45.562633208682655]]]},"properties":{"name":"Cologne","op_id":"2358","minint_elettorale":"1030150540","minint_finloc":"1030150540","prov_name":"Brescia","prov_istat_code":"017","prov_istat_code_num":17,"prov_acr":"BS","reg_name":"Lombardia","reg_istat_code":"03","reg_istat_code_num":3,"opdm_id":"2072","com_catasto_code":"C893","com_istat_code":"017059","com_istat_code_num":17059}},
{"type":"Feature","geometry":{"type":"Polygon","coordinates":[[[9.922545135065958,45.49257867588116],[9.930854288974478,45.49160746867463],[9.940832752941958,45.48613540468482],[9.945346662817842,45.48537434943095],[9.947736862794835,45.485340794186286],[9.950647968693143,45.48550931100487],[9.95838739466241,45.48903414003171],[9.961628744975675,45.48827645138056],[9.964458528716056,45.48911984596469],[9.964520868393583,45.48915360412199],[9.964961659142988,45.49119911373521],[9.965241046993306,45.49254436747418],[9.972336251617733,45.49058005907062],[9.97191634078441,45.487670394323416],[9.970032175641197,45.47637730626279],[9.973413848494484,45.46873897881332],[9.974781065580908,45.46084449763562],[9.974907580453527,45.45653195950978],[9.981426620708069,45.454337496720875],[9.98152608209578,45.45432412582681],[9.983949138931104,45.454011799597],[9.98354006714177,45.45066485631448],[9.980403347890833,45.450504429473376],[9.980528755239677,45.448464771401156],[9.980718725111254,45.44724671323339],[9.980768567045004,45.44688119503839],[9.980840775970366,45.44621034271667],[9.980810540131454,45.4459989742263],[9.980329335415895,45.44505494184852],[9.977638140898039,45.44332224391119],[9.971738319148395,45.44265955547888],[9.968380026791747,45.442368312685836],[9.965722720376116,45.440451793135516],[9.965686606510355,45.44036468466658],[9.965664284015258,45.44026588667842],[9.965624963613662,45.43993293890366],[9.966362385549557,45.43743929651956],[9.966503657100974,45.437113305352234],[9.964130221731638,45.438790183973744],[9.961688934488803,45.44675805385329],[9.959291149700215,45.45019613080328],[9.956236616989534,45.450576621873],[9.952467422865523,45.4487729725141],[9.947851903175977,45.452133505541035],[9.943473471477622,45.4556892111927],[9.941745148738436,45.45789074902757],[9.940199181065587,45.46029779497781],[9.938008454565555,45.463141590756614],[9.937225939041888,45.463805678047436],[9.93402358932117,45.465083068604535],[9.930544793825108,45.465894573262766],[9.927941028174418,45.47170348942445],[9.924235732567002,45.486081291572475],[9.923278902992031,45.48782623952645],[9.918723078719582,45.4895891098119],[9.922545135065958,45.49257867588116]]]},"properties":{"name":"Comezzano-Cizzago","op_id":"2359","minint_elettorale":"1030150550","minint_finloc":"1030150550","prov_name":"Brescia","prov_istat_code":"017","prov_istat_code_num":17,"prov_acr":"BS","reg_name":"Lombardia","reg_istat_code":"03","reg_istat_code_num":3,"opdm_id":"2073","com_catasto_code":"C925","com_istat_code":"017060","com_istat_code_num":17060}},
{"type":"Feature","geometry":{"type":"Polygon","coordinates":[[[10.259187974543238,45.62069492395356],[10.258574389882744,45.62048647276891],[10.257974229286543,45.62028099378285],[10.256936203144248,45.61991915011757],[10.255320896831105,45.61912434946878],[10.249156876388295,45.61550735160892],[10.247698834919612,45.61436037687128],[10.237728412932418,45.60361976113421],[10.235466949508893,45.59949471300178],[10.233489320030163,45.59563625837655],[10.230175904338745,45.589584505411146],[10.221307146512407,45.58584180981308],[10.221918732852219,45.591562302881236],[10.222084019891001,45.59176273368932],[10.222236008004304,45.59202375747175],[10.222298252060488,45.592179646308644],[10.222353927895945,45.59250067526369],[10.222355508554763,45.592721102534995],[10.222328644241125,45.59283544565134],[10.222288318167685,45.593007082140495],[10.222086285889942,45.593454740765324],[10.221833683402028,45.59387105832414],[10.221545896927513,45.594233061341],[10.220574446696592,45.59511755394232],[10.220388704705964,45.59527965785042],[10.22006719090129,45.595530881757604],[10.215504667855068,45.5989234676767],[10.215182461057099,45.599111884930636],[10.214753498823013,45.59926133712514],[10.214035378783162,45.59949347543633],[10.212181723461926,45.60000833524908],[10.211594031459585,45.600131673809095],[10.207659439713657,45.60089458377161],[10.204742267166434,45.59911599603396],[10.204541887432084,45.59890540627707],[10.203128098709502,45.597110093769054],[10.202214340695349,45.59550782096146],[10.202117139501688,45.59517811039328],[10.202370999914011,45.59431234821591],[10.202457491226962,45.59313401358591],[10.198529596166761,45.5905702062127],[10.191078857317304,45.59266608755046],[10.185322654494126,45.59424559144144],[10.182107129991428,45.59477420935452],[10.179700849056234,45.59510490110962],[10.176917104560246,45.595201971562624],[10.176831985971482,45.595069003371435],[10.176618874188751,45.59625069262266],[10.174446974616194,45.60758414757559],[10.172702703492513,45.61302113781613],[10.17266984073094,45.620305947523605],[10.172718288662988,45.62086621226617],[10.172871382007074,45.62110858502624],[10.172973672932995,45.621174690983615],[10.173044713201474,45.6211945611035],[10.173084738284926,45.62120575592414],[10.173796652242684,45.62130382863662],[10.175823288868019,45.620396295220054],[10.184097413321513,45.61871216679194],[10.186401429998625,45.61859268146702],[10.194128226405619,45.6189559016561],[10.198004107739665,45.61926760636861],[10.202947902290182,45.61995782461189],[10.213164411703483,45.622804517592265],[10.213466903908976,45.62293543710509],[10.214174155133332,45.623251920780426],[10.215774523558252,45.624134994463645],[10.215900724823047,45.624232634027194],[10.216279361527498,45.62464818626994],[10.219339343781057,45.62802990207434],[10.22055017623891,45.62938850345587],[10.22187679414257,45.63170459063187],[10.223640602585641,45.634646874657214],[10.224051113301964,45.63508363161623],[10.224617136582722,45.635615777314754],[10.226681169323118,45.63666703997298],[10.22815021422804,45.63696844823463],[10.232051903138546,45.63700934140548],[10.232652112446706,45.63646257143059],[10.234183114857107,45.635094166760744],[10.235764990532793,45.63370584776968],[10.236754342406861,45.63287264957249],[10.24604685940102,45.6271882013644],[10.25449024806294,45.62638316214792],[10.255506732262845,45.62411604549261],[10.259187974543238,45.62069492395356]]]},"properties":{"name":"Concesio","op_id":"2360","minint_elettorale":"1030150560","minint_finloc":"1030150560","prov_name":"Brescia","prov_istat_code":"017","prov_istat_code_num":17,"prov_acr":"BS","reg_name":"Lombardia","reg_istat_code":"03","reg_istat_code_num":3,"opdm_id":"2074","com_catasto_code":"C948","com_istat_code":"017061","com_istat_code_num":17061}},
{"type":"Feature","geometry":{"type":"Polygon","coordinates":[[[10.007640857215874,45.61131228306319],[10.003611269967056,45.612330122805744],[10.001650090723066,45.6128652174262],[9.99945018368757,45.61346615277328],[9.992427338678766,45.61886127769401],[9.992198381370635,45.6188103949115],[9.992075822148399,45.61878859691406],[9.991932985643464,45.61877125933134],[9.99178408226649,45.618756836554674],[9.991633215342691,45.61874671509348],[9.991472329598844,45.61874525832176],[9.991325792735076,45.61874938341818],[9.990167771094981,45.61878372085703],[9.987561537892233,45.61914064160069],[9.98274559720594,45.62020623425835],[9.979672398454062,45.62163124803261],[9.977982558644864,45.62349777624748],[9.978626295191404,45.6262787412497],[9.97923722031729,45.62933837323404],[9.979726564891255,45.63209084244847],[9.97944646533981,45.633001066132834],[9.974692621368964,45.64138387587176],[9.976402060055214,45.642838959451026],[9.97893070366871,45.64667067188993],[9.977971572986254,45.647130976954095],[9.979128243188848,45.650045592652354],[9.984071604773703,45.651046865678964],[9.98940190734551,45.65173141017284],[9.993592731757126,45.65161027393864],[10.003345277136994,45.6489346089383],[10.010447749673126,45.646184614594965],[10.02129906647581,45.64539321419033],[10.025585091091882,45.64496100536753],[10.028188320080936,45.64402722187095],[10.027566191715394,45.64177308894354],[10.027429433859995,45.641583859135714],[10.02673945452847,45.64065914043176],[10.026245266667528,45.6407062727093],[10.02440785239155,45.63927011171571],[10.02182374819028,45.63682867100529],[10.020672276952462,45.63517198042754],[10.016633665126527,45.62695647504704],[10.016659075601355,45.62688428619036],[10.01669549196152,45.62681807502151],[10.016795218693682,45.62666255081036],[10.017216587385166,45.62611943452169],[10.01733139887159,45.62598525179551],[10.018634995137456,45.62540245129038],[10.018982373615863,45.6253749604355],[10.01923743575809,45.62536140667636],[10.019417900030005,45.62535484578059],[10.02320679952158,45.625321752955784],[10.025430978160331,45.623415063272624],[10.029532036809252,45.619505018414756],[10.028311138629833,45.61696184424501],[10.027160765746551,45.613832768839906],[10.027062408602633,45.613556800956296],[10.026648711882196,45.61227152471118],[10.02649452468066,45.61175916735191],[10.026481640453943,45.61171635112291],[10.026097601553284,45.6104278266455],[10.026049733407342,45.60844559934438],[10.024627423869617,45.60609841363442],[10.022920560761728,45.605290861954344],[10.022339737726282,45.60581100700937],[10.021582084384036,45.606448357437955],[10.02072274762881,45.60708791837833],[10.020390073651017,45.60733378243014],[10.020217192466667,45.60745903628721],[10.017779646288863,45.60886044404809],[10.0173907256513,45.60907080546276],[10.01717482809066,45.60916960584167],[10.01666048577751,45.60925544570638],[10.016475428312946,45.609271125153654],[10.01586533027483,45.60921530980315],[10.01535032383031,45.60913725963315],[10.015258731464584,45.609111700835015],[10.015042543543338,45.60905598875305],[10.014544908273276,45.60893691608777],[10.014188527779762,45.60891838840813],[10.013175653505577,45.60888087768242],[10.013113330815852,45.60888539088582],[10.011757988936335,45.60907303993069],[10.011398314056084,45.60915091533206],[10.010428617489993,45.60947833913043],[10.010181043057239,45.609565048115584],[10.010012889365811,45.60964595078975],[10.0098001249589,45.60975367449462],[10.008937280496705,45.61020857606308],[10.007640857215874,45.61131228306319]]]},"properties":{"name":"Corte Franca","op_id":"2361","minint_elettorale":"1030150570","minint_finloc":"1030150570","prov_name":"Brescia","prov_istat_code":"017","prov_istat_code_num":17,"prov_acr":"BS","reg_name":"Lombardia","reg_istat_code":"03","reg_istat_code_num":3,"opdm_id":"2075","com_catasto_code":"D058","com_istat_code":"017062","com_istat_code_num":17062}},
{"type":"Feature","geometry":{"type":"Polygon","coordinates":[[[10.174798666040413,46.093202958636454],[10.174577605084036,46.096861008282076],[10.171292509152437,46.1030148491044],[10.16489568820367,46.10706731614134],[10.16507621250846,46.11256458497985],[10.168461504912905,46.123951233726565],[10.171812985058017,46.136224705301956],[10.17164597392905,46.13640166036435],[10.171422844123086,46.1366382109665],[10.168152083786577,46.14053274916989],[10.167432886133208,46.141422100094424],[10.165339276575015,46.1446745107741],[10.163675937968737,46.147463501908284],[10.163431648023192,46.14788375205499],[10.163276068421819,46.148151573567226],[10.162893488316618,46.149046480987884],[10.160810099480159,46.15466562150664],[10.15938583738084,46.15954963242505],[10.16095603867774,46.160370232757806],[10.161348290744185,46.16054625661129],[10.161987925400878,46.1607827656057],[10.162523002486086,46.16097532288227],[10.163449047003379,46.16128090801662],[10.164828716534524,46.16159985139565],[10.171594906768751,46.16306071565746],[10.174581244372144,46.165226077177856],[10.175942069123069,46.167084113797465],[10.177587779928372,46.172575219759594],[10.177659445043432,46.172898483081475],[10.178264331440872,46.174530259489366],[10.178687784016464,46.17555190092421],[10.179219485954738,46.176788430882],[10.179598887801946,46.17756753277038],[10.179905101209938,46.17795137373289],[10.180300233926804,46.17825328635619],[10.182684018797241,46.178849662192135],[10.183217991443053,46.17897913173568],[10.186600542008714,46.17964189524407],[10.18709340033953,46.179649927827576],[10.191008379783282,46.18034720579041],[10.19178891426496,46.180492075173255],[10.192661273218679,46.18068998736351],[10.199200892957993,46.18231356033516],[10.201986234091756,46.182999821224676],[10.203615130513112,46.18331117819678],[10.211157124059568,46.18452753029847],[10.217486633611166,46.18531513992108],[10.217809164298334,46.18532984743469],[10.218848546040052,46.18545376640833],[10.21977152405963,46.18558793090904],[10.220902767419593,46.185764837267456],[10.224284620044058,46.186340684532205],[10.225027853399565,46.18654871021159],[10.225706725942791,46.186775446695734],[10.226336163158633,46.18711068500808],[10.226535916160818,46.187351550656906],[10.226635210953816,46.18773748623394],[10.226555689815859,46.19066827091339],[10.22844534697415,46.192209067662056],[10.232078180889006,46.192069155929865],[10.246272645188267,46.19016972484371],[10.251744897790422,46.18756189229579],[10.26679179874042,46.17992067487061],[10.269884342204188,46.17716674715165],[10.270228099782333,46.17685203520023],[10.270346296068892,46.1766967290011],[10.27068899971324,46.17616891271469],[10.270872551265661,46.17587004692547],[10.270934424620403,46.175736642680945],[10.270970476761077,46.175654394397384],[10.2707731606009,46.17563073086329],[10.270215664602267,46.175605976151054],[10.269580928617144,46.17548389400093],[10.267469652473109,46.17494750229191],[10.26426746138023,46.17312248576242],[10.263758064009066,46.172711843784256],[10.26403174135574,46.17224829743594],[10.264368960643166,46.17187539013101],[10.264859096980713,46.17164448624468],[10.266425544286147,46.171640744631674],[10.284907205873226,46.172048947369404],[10.288769957292793,46.17243347007938],[10.293877924579077,46.17247894813316],[10.2944112625073,46.17243790778899],[10.298460672331286,46.171994583966864],[10.299961814649878,46.171753821642724],[10.29987774735855,46.17167174222763],[10.299387984069087,46.171234939505396],[10.29229573969079,46.1648103353888],[10.28666183067595,46.159546258410515],[10.28058326802794,46.14708633123708],[10.277757755031848,46.13981438140484],[10.270046822401195,46.13003151831571],[10.263464933266956,46.121367415888756],[10.258597914902435,46.115065903485736],[10.251431481201722,46.105185829939224],[10.249889556082373,46.10133238423035],[10.248485982049987,46.09982019170069],[10.245691727653062,46.09963161573984],[10.241529137993439,46.098604456931525],[10.23468681450456,46.0953075582382],[10.232871762749307,46.09436783161042],[10.231517685359623,46.093475806270014],[10.227484742745583,46.090745983144004],[10.222891565856171,46.08780409164757],[10.212392872882871,46.08562558979238],[10.203931873220391,46.08151521516008],[10.189908717543451,46.080018805910804],[10.184983331008786,46.08100918916417],[10.180676838528132,46.08380185091309],[10.178598969961552,46.08644236316921],[10.17912345619965,46.08859699500268],[10.179380120421756,46.08910735776675],[10.179439904297757,46.08948475318315],[10.179428030120281,46.090141898294355],[10.179294787839918,46.09056627970521],[10.17904784566905,46.0911178377502],[10.178849533901138,46.09152489829738],[10.178533877299705,46.0918881573399],[10.178035233210435,46.09216329640603],[10.17702060311783,46.09250676920514],[10.174798666040413,46.093202958636454]]]},"properties":{"name":"Corteno Golgi","op_id":"2362","minint_elettorale":"1030150580","minint_finloc":"1030150580","prov_name":"Brescia","prov_istat_code":"017","prov_istat_code_num":17,"prov_acr":"BS","reg_name":"Lombardia","reg_istat_code":"03","reg_istat_code_num":3,"opdm_id":"2076","com_catasto_code":"D064","com_istat_code":"017063","com_istat_code_num":17063}},
{"type":"Feature","geometry":{"type":"Polygon","coordinates":[[[10.057481651464037,45.419728811577464],[10.05308891153623,45.423000525853936],[10.050373922462656,45.42474697255143],[10.047429195170677,45.42563883895116],[10.036068210943752,45.425932216473505],[10.024584085941235,45.427431751224056],[10.022721260770323,45.41934499448337],[10.022784070796313,45.4189168261084],[10.023083641799174,45.41757721834721],[10.023287404593939,45.416757527113205],[10.024119655877191,45.41410036820705],[10.023042856891376,45.41408379694869],[10.020155842518207,45.41406071659575],[10.020120277835344,45.41406868535481],[10.018070820089243,45.415030505471016],[10.01792402421037,45.41700655224518],[10.016124260448674,45.41927601392837],[10.01385161503584,45.42194488394219],[10.004921645357465,45.431716667590266],[9.997650392706413,45.43961322502854],[9.987415888584874,45.44800835781246],[9.98354006714177,45.45066485631448],[9.983949138931104,45.454011799597],[9.985338679692948,45.45876680563814],[9.985411990305298,45.459005200564],[9.986825319176063,45.46077484339291],[9.986911550475348,45.46087259054212],[9.989109727221033,45.46098278711801],[9.992004295062737,45.46112184774945],[9.995371505176612,45.46028797897133],[9.996749733717134,45.45974577886813],[10.00083839495867,45.45668631601215],[10.014792629033218,45.45287314320109],[10.018869197853657,45.4561000827381],[10.020748591342047,45.45486296063293],[10.020994214592745,45.454689363836735],[10.021630085547454,45.45418883534666],[10.02632959714202,45.449487403488114],[10.02728300958576,45.44764005036129],[10.0256626547533,45.4396403319311],[10.028762411417429,45.44098237619757],[10.032419220101897,45.44159024324883],[10.044299930871386,45.43955505264528],[10.044667130595665,45.43947313166731],[10.045105835641191,45.4393230278271],[10.045874572911647,45.439051984189746],[10.046018055029071,45.438990307802264],[10.048526176048616,45.437478304248565],[10.049917045194944,45.43331862916454],[10.050603096180371,45.43156938790278],[10.05231212447857,45.427637270346466],[10.055579900927425,45.423190284754725],[10.058627133161025,45.42292799343777],[10.057481651464037,45.419728811577464]]]},"properties":{"name":"Corzano","op_id":"2363","minint_elettorale":"1030150590","minint_finloc":"1030150590","prov_name":"Brescia","prov_istat_code":"017","prov_istat_code_num":17,"prov_acr":"BS","reg_name":"Lombardia","reg_istat_code":"03","reg_istat_code_num":3,"opdm_id":"2077","com_catasto_code":"D082","com_istat_code":"017064","com_istat_code_num":17064}},
{"type":"Feature","geometry":{"type":"Polygon","coordinates":[[[10.149800181887624,45.86309592276311],[10.143381817676527,45.86854620029121],[10.147089026545935,45.87072713811942],[10.154818441625643,45.877507673981135],[10.160253001483941,45.88168281388673],[10.167646592408637,45.88704385157134],[10.165181013216662,45.89363935461685],[10.161639870844626,45.897518623830905],[10.154581415484694,45.902144410533694],[10.152748439578536,45.903900007368655],[10.15189187342678,45.904871695785765],[10.150847660621173,45.90861742335362],[10.15085411956111,45.9095534030978],[10.151339958164707,45.9106015657181],[10.15281184962875,45.91256683191289],[10.156537724166533,45.916885403845605],[10.159955073907303,45.91812883031061],[10.160565529298696,45.91833864693924],[10.161096399429816,45.91844125188984],[10.16270093887687,45.918703954901666],[10.163063071669207,45.91875427793623],[10.163579344972366,45.91877602505771],[10.164081604122774,45.918743905841346],[10.168354348258855,45.917719238045386],[10.171258985210457,45.916645457556726],[10.172768908964484,45.91425383197891],[10.172813122189954,45.914195682922404],[10.172906899410021,45.914072396715554],[10.173257831795544,45.91420379736987],[10.174376011902432,45.91464233255166],[10.176669341024857,45.91577079836103],[10.178552874919495,45.917029473732555],[10.178700672421662,45.921573182869864],[10.176739820989074,45.922763444109655],[10.171121515309128,45.92420724987917],[10.170080112435366,45.924361917328866],[10.167995789686064,45.92459924676035],[10.16928343738958,45.92572915226651],[10.170013670037076,45.92610869420003],[10.170573812295716,45.92637296283062],[10.172318192686394,45.92713812780423],[10.179074223775654,45.925196627402585],[10.186933850129067,45.92363018514497],[10.191288934452087,45.925249945717205],[10.194126781773265,45.924671297641694],[10.19785669454782,45.923597190460846],[10.21193958761651,45.912927031149664],[10.216234286302097,45.91001035427137],[10.216740885560357,45.9095909372073],[10.216917223902025,45.90940004682029],[10.217040205788855,45.909128731250725],[10.217109885163348,45.90877696848413],[10.216820791421899,45.90440567327364],[10.214693739182156,45.90323125972945],[10.213895545128617,45.90269069774754],[10.21310770156574,45.90203304267757],[10.211019828837204,45.90028208319756],[10.20977764548271,45.89888216737053],[10.221707740196427,45.88798164968106],[10.224013132761321,45.886732909677676],[10.22906565778001,45.884995583558414],[10.230756930472504,45.88454534230671],[10.232192635600876,45.88419685691106],[10.234463839865002,45.88374930098833],[10.236517565109908,45.88337607103367],[10.246730605758511,45.876163680839525],[10.252128340021278,45.87093831140489],[10.252206626775079,45.86639218188249],[10.252273027453482,45.86418631675499],[10.252417373849328,45.862582636368536],[10.252729693919596,45.86042808270459],[10.253047489216897,45.859092507523826],[10.25361443894582,45.85623311147338],[10.253867207477908,45.85487126082865],[10.252554018301916,45.84973733473222],[10.252106742145468,45.849319215337495],[10.251696916925582,45.849422710399715],[10.250879482239364,45.84972867711579],[10.247746272232996,45.85130203546895],[10.229621791722245,45.85411778301049],[10.225997336013009,45.85682089702071],[10.218751967219376,45.860669653711604],[10.213554926847964,45.862192067339954],[10.207769244843252,45.86212736658246],[10.20199632608356,45.86362383765499],[10.19865049699338,45.865220569856014],[10.197301984515269,45.8660177672032],[10.194936248143565,45.86684358218671],[10.192297629199098,45.86756419678349],[10.188396550811015,45.86829782732144],[10.182869258117208,45.86890417321045],[10.174995432069606,45.868823462040034],[10.167219984901484,45.86913716497349],[10.165537220961001,45.86937935598007],[10.16276307368723,45.86980363855929],[10.161188214714143,45.87027867664506],[10.158302926882593,45.87155905542322],[10.156444016679023,45.86828368820962],[10.15599915419666,45.866092039160385],[10.149800181887624,45.86309592276311]]]},"properties":{"name":"Darfo Boario Terme","op_id":"2364","minint_elettorale":"1030150600","minint_finloc":"1030150600","prov_name":"Brescia","prov_istat_code":"017","prov_istat_code_num":17,"prov_acr":"BS","reg_name":"Lombardia","reg_istat_code":"03","reg_istat_code_num":3,"opdm_id":"2078","com_catasto_code":"D251","com_istat_code":"017065","com_istat_code_num":17065}},
{"type":"Feature","geometry":{"type":"Polygon","coordinates":[[[10.098257290611441,45.444581532340145],[10.098678705425524,45.44446256845546],[10.100408952794997,45.44393762050522],[10.103581027295304,45.44294887183557],[10.10521009605484,45.44239691929773],[10.109613169690087,45.437675422517295],[10.119752431160562,45.43785199095868],[10.122492555665374,45.43697056783033],[10.122875981001842,45.43580590629033],[10.129005245252957,45.42421496247232],[10.133360897226849,45.42014826718533],[10.136420063239974,45.41925371806952],[10.137549191223133,45.42066465344165],[10.139680348452208,45.42240310370771],[10.146559805916796,45.42085005637878],[10.143527699412784,45.41544325076762],[10.142670092955669,45.41449146840438],[10.140887872391504,45.41230039478043],[10.137260656159597,45.40783791914954],[10.13641789258318,45.406790608029226],[10.135700239556996,45.40588248486205],[10.135531423004554,45.40563949893426],[10.135497184072243,45.40557225753767],[10.135500498967826,45.40553081316473],[10.135552904608168,45.405503848076656],[10.138472656291214,45.40430416095199],[10.138313933545078,45.40199664838085],[10.137687849309579,45.401090423683556],[10.12603059664415,45.39887348674399],[10.113812909349328,45.400600630535024],[10.112046694536447,45.402637079193454],[10.108157459261859,45.401727998270204],[10.103366734124055,45.400091190074555],[10.099146005628052,45.397520120345085],[10.090450627153038,45.394072957553306],[10.080968887840184,45.39340215829052],[10.076241692819018,45.3930901601312],[10.07531269818806,45.39326061134546],[10.073532695654333,45.39360530192372],[10.07297511916268,45.39404041329135],[10.07299709766942,45.394261301788895],[10.072846244514713,45.394968368573196],[10.071869116531655,45.397581705867665],[10.065697533852035,45.407468408281936],[10.060170938920045,45.414496864009685],[10.059057213096033,45.414578465419204],[10.057445337479777,45.41475547338025],[10.057126194714098,45.41857289887318],[10.057481651464037,45.419728811577464],[10.058627133161025,45.42292799343777],[10.063263051459506,45.424828601756474],[10.070997848854036,45.428113680955875],[10.071893712277426,45.430193526064066],[10.072054958922697,45.43283434308213],[10.073688410068009,45.43197294405602],[10.080101456024188,45.43261290848835],[10.091619162309012,45.43465323937595],[10.09651475529424,45.43822768455149],[10.099697840834057,45.44234383163208],[10.098257290611441,45.444581532340145]]]},"properties":{"name":"Dello","op_id":"2365","minint_elettorale":"1030150610","minint_finloc":"1030150610","prov_name":"Brescia","prov_istat_code":"017","prov_istat_code_num":17,"prov_acr":"BS","reg_name":"Lombardia","reg_istat_code":"03","reg_istat_code_num":3,"opdm_id":"2079","com_catasto_code":"D270","com_istat_code":"017066","com_istat_code_num":17066}},
{"type":"Feature","geometry":{"type":"Polygon","coordinates":[[[10.578660414392912,45.50309335274986],[10.592190675844495,45.46705703508575],[10.597810935084597,45.46165873925617],[10.603642184862796,45.4601234351043],[10.605053998958168,45.4595139737595],[10.609945142937805,45.45559663720157],[10.614464945980252,45.451009829045354],[10.614947477398493,45.44710096583633],[10.618347674005843,45.44417857074026],[10.623645985976266,45.44361601020423],[10.627251691050837,45.438271973067906],[10.627145564150906,45.437292140067626],[10.626733282385766,45.43490463468955],[10.622133537084968,45.43187651197566],[10.609895862781487,45.42323751079195],[10.608897478665412,45.421940406310576],[10.607759006397036,45.42068310674471],[10.605792621249082,45.41860261408157],[10.602385512064615,45.41622743737223],[10.600354875106959,45.41528722787037],[10.597229953780642,45.4149776563348],[10.59446828569821,45.41543514707672],[10.591764789586499,45.41499335416396],[10.591006727576087,45.41472046687232],[10.590709572573981,45.414611388016],[10.59038225341989,45.414459396146356],[10.587777447715885,45.413186788873546],[10.58680711537476,45.41246258771829],[10.586027263935414,45.4116756022275],[10.584805684855258,45.41022344734896],[10.584784295151172,45.410196605209364],[10.584625902685303,45.40971078755723],[10.58461556013393,45.40944997821986],[10.58556173432427,45.404788060074054],[10.585840691419214,45.40431166163223],[10.58686844760368,45.40345555279362],[10.591707373000755,45.39933907721204],[10.582011489524893,45.39705887614454],[10.581709806495155,45.39700469948863],[10.58146068942258,45.39697810328419],[10.57585221164261,45.39669776239151],[10.57541167503809,45.39671195015698],[10.574839631695106,45.39703368134474],[10.570140092747987,45.39969308534084],[10.56958922484228,45.400024481361534],[10.569556084842048,45.40004524837705],[10.569179114762562,45.40029767954865],[10.568869205394892,45.40051004225792],[10.568482860607256,45.400776037096335],[10.568241785984045,45.400944873591875],[10.567296154438292,45.40165608778602],[10.567238766820218,45.40173468563183],[10.56612837946259,45.40338744095369],[10.563416082718122,45.40759033109693],[10.563078762781098,45.408209802212724],[10.562942398853163,45.408522997428584],[10.562244465196287,45.410195928928644],[10.562236458805922,45.41029580009787],[10.56242814329855,45.41089843090001],[10.56251157039761,45.41116070853585],[10.562544889696698,45.41124420793681],[10.56323429614342,45.41206323604176],[10.563626340745982,45.41245202734263],[10.559527179380346,45.420487969295216],[10.55126171872675,45.42827803495306],[10.536938636065008,45.43740165284185],[10.535617338838543,45.4382180933416],[10.532205735547528,45.440219850290184],[10.531071459449983,45.440290439094305],[10.525330725370521,45.44057282328235],[10.515454273980668,45.44179377359402],[10.512251673258078,45.446706255959405],[10.510419982498473,45.450103890629386],[10.512623013967264,45.45324731500052],[10.51481721302372,45.45597085374244],[10.514391618452928,45.456836960174705],[10.51364726510165,45.45790799468216],[10.513118102915943,45.458658933203814],[10.511926307151048,45.45990609725855],[10.51091387750928,45.46094600737548],[10.50933252545598,45.46252150468616],[10.509216887850682,45.46260234287655],[10.508990257629684,45.46269461196899],[10.50860800937742,45.46284929876052],[10.507670495832528,45.46316993600499],[10.50756225425875,45.463199187776276],[10.506991924032032,45.463229780008476],[10.506177989381449,45.46354878766745],[10.504577148202598,45.46437059565762],[10.504344670612575,45.4645126886734],[10.504278772224767,45.464552966833665],[10.503730604965948,45.46489632825682],[10.50362340943904,45.46496786112184],[10.503386709105072,45.465125814840825],[10.503297454424558,45.46522231287844],[10.503032013484535,45.46579129136563],[10.502880964059218,45.46612285949282],[10.50257530438087,45.467104694624865],[10.5024308104461,45.46775781688853],[10.502003179167604,45.46971708720571],[10.502008422026252,45.46987157836603],[10.502026925158624,45.4700123572701],[10.50206110059274,45.470211429024786],[10.502198316170706,45.47076310974553],[10.502263900465369,45.4710088986932],[10.503207916634945,45.472210469598316],[10.503795196775267,45.47279998993985],[10.50441444985241,45.47309387015558],[10.504970166271312,45.473219199264555],[10.506163827722572,45.47332515937515],[10.506225789067008,45.47333049001324],[10.506874916251698,45.473376519183276],[10.506965884214683,45.47338138926887],[10.50754633862331,45.47335518222687],[10.510956424599794,45.475612187711405],[10.51504316367273,45.47882417335512],[10.515911687235127,45.47962372058347],[10.518119961338416,45.481832358790335],[10.51886429320268,45.48269820774418],[10.5189502193015,45.48282634031867],[10.519273314119346,45.483323193976716],[10.520487355405217,45.487471805626484],[10.520787696747293,45.49094512938713],[10.520739732005953,45.491982988861935],[10.520771436382907,45.492270567210824],[10.530492783550201,45.494206507404314],[10.551583809606331,45.498170439537724],[10.575888088553214,45.50270274544984],[10.578660414392912,45.50309335274986]]]},"properties":{"name":"Desenzano del Garda","op_id":"2366","minint_elettorale":"1030150620","minint_finloc":"1030150620","prov_name":"Brescia","prov_istat_code":"017","prov_istat_code_num":17,"prov_acr":"BS","reg_name":"Lombardia","reg_istat_code":"03","reg_istat_code_num":3,"opdm_id":"2080","com_catasto_code":"D284","com_istat_code":"017067","com_istat_code_num":17067}},
{"type":"Feature","geometry":{"type":"Polygon","coordinates":[[[10.24161787477894,46.202265861819996],[10.248059073292838,46.202778657668816],[10.253399249254716,46.20334123848187],[10.259660631817653,46.20507241169097],[10.267228022495384,46.20833678849652],[10.268249672122733,46.208793448655996],[10.270290235206804,46.210147794953656],[10.270803785521656,46.21049308887105],[10.271133608439042,46.21074142442401],[10.27135809701299,46.21091893522479],[10.27156693447084,46.2110891523041],[10.281895818420988,46.21337840742869],[10.291575329963523,46.2078337443927],[10.295939964828353,46.20557164801969],[10.297288465089133,46.2049792370023],[10.308003571644232,46.20203643423246],[10.31428144695421,46.201538292804294],[10.321207519482845,46.20093849936892],[10.32473555489048,46.20056019626974],[10.32581316080841,46.20044324029289],[10.327518709349011,46.2002581096497],[10.328098415617909,46.20019517864051],[10.328377775513175,46.200164850995236],[10.33060859447718,46.19984470740429],[10.333560893020856,46.199121782413634],[10.338245958207677,46.19788227571281],[10.341737061587796,46.196464427278],[10.34285366409991,46.196131215729906],[10.34320379097849,46.19604393153579],[10.34460032133151,46.19589561480028],[10.344860343519358,46.19616690679149],[10.34509649543428,46.1964201638162],[10.345560232946031,46.19707402839653],[10.345768329167292,46.197476332460155],[10.345847978597606,46.19763683902563],[10.347805544848514,46.2018193622674],[10.348160576643883,46.20297731382037],[10.348192141737679,46.203147478573726],[10.34819019210764,46.20347998415283],[10.348174528731057,46.20365938836314],[10.350120586161816,46.205364088277946],[10.35047324325507,46.20548459550102],[10.350818003036004,46.20549646810133],[10.350870567170256,46.20549827782461],[10.3512119780206,46.20548664629794],[10.353700901695378,46.20497392621682],[10.35771658721576,46.203946543864035],[10.360182968330736,46.20315098254166],[10.361931432345322,46.20248135606755],[10.375429953964822,46.19759147390597],[10.391050517258419,46.19226102400218],[10.398626958235113,46.191852966267085],[10.398628955798527,46.19647813455284],[10.399414667581318,46.198476111342984],[10.401322166043732,46.198989559034224],[10.427780566691554,46.20455486530707],[10.431457489772093,46.204818858478056],[10.431671589964838,46.20481975000774],[10.432559414512722,46.20479399184062],[10.432635888340629,46.20463773601208],[10.43625115707595,46.203029068224936],[10.443783642718662,46.2030233155133],[10.45525963255167,46.20484795820506],[10.455421870353478,46.204873744304486],[10.456305395898042,46.20509473914804],[10.458984139942105,46.20578741059727],[10.459214439451523,46.20586188986998],[10.459780072055572,46.20623126901366],[10.46009065432618,46.2064554464498],[10.46052675757836,46.20637046650791],[10.465490277861221,46.20506353818977],[10.475638756227708,46.20232325046682],[10.489573522924031,46.19725316414744],[10.50244812670503,46.195297831490194],[10.502566171973347,46.1954994961144],[10.502631676299632,46.19561139976331],[10.502940710846095,46.196012346404004],[10.50389823777995,46.19714033427116],[10.504435211463536,46.197370916728985],[10.505991396009083,46.19779692051469],[10.50657358844707,46.19783436572772],[10.507630170026502,46.19784542714962],[10.50782262502039,46.19783729030059],[10.508133385330115,46.19776749810111],[10.511935339307115,46.196790997905566],[10.51172767920005,46.19637749719487],[10.511290039582628,46.19469624139108],[10.511154284041911,46.194155541623296],[10.512520550387553,46.18879185573409],[10.513186663341981,46.18821737792429],[10.513692626298441,46.187846531158755],[10.516158598970236,46.18410140511226],[10.51430677202478,46.17487021224635],[10.513714779398738,46.17045460214941],[10.513627974767049,46.16438305358381],[10.51468798625075,46.161235505915066],[10.514409810461768,46.16070837770557],[10.507510733689845,46.15847062841837],[10.501221018405328,46.15644629706302],[10.496201431073283,46.156035325081355],[10.495825587807746,46.15576287606566],[10.494253216909266,46.15453358875768],[10.493648022339455,46.15405122802376],[10.491292302538678,46.15158248353358],[10.48922097648827,46.15130601390535],[10.481888737888847,46.150323669633906],[10.48151614605266,46.15028456103367],[10.47954896151409,46.150084633986104],[10.478989319194962,46.150077612232366],[10.478196035868523,46.15012612616178],[10.477179439960311,46.15021314399048],[10.472738627317606,46.15067075791859],[10.463711372887698,46.15177623834774],[10.463167389082551,46.1520405291161],[10.462424061854229,46.15257728471915],[10.460484256130965,46.15424817495637],[10.449595664201656,46.16666161787524],[10.44942259001363,46.16689876294223],[10.44794551086236,46.16825573286714],[10.442743028750217,46.171968228363916],[10.441589891504345,46.17268211106281],[10.441354877764347,46.17276504168444],[10.441164853851419,46.17274572946417],[10.440667372543741,46.17267945978174],[10.440027837993158,46.172476113959405],[10.438960659102378,46.172080802354465],[10.432251442809806,46.16952259299316],[10.428576221430735,46.166768579272805],[10.39868659137293,46.161370860585556],[10.398193433235209,46.16133417071502],[10.397796124225374,46.16133229830802],[10.397122301336287,46.16150562766063],[10.389696682381965,46.16461219282218],[10.385678070347222,46.16646351446371],[10.379072914998769,46.16836152946672],[10.371375088512474,46.1694292035863],[10.348309551272408,46.17166820255239],[10.347475504500318,46.171641974708834],[10.347182416069908,46.17161969814063],[10.345480982886514,46.17143614688402],[10.344877657600609,46.17132249222492],[10.34015041075419,46.16989097336621],[10.340107396411849,46.16987329105996],[10.339961258388424,46.16981232450294],[10.338981231793852,46.169385618244604],[10.338716233524295,46.16894009972264],[10.335916577260235,46.16337653726852],[10.3342029949827,46.16069767980056],[10.333884234196095,46.16106504113632],[10.333420478423234,46.16118460180301],[10.329166668446517,46.16036601859801],[10.328211406677012,46.160104264930624],[10.328148477040564,46.16008410227894],[10.326918403062411,46.159689974569886],[10.32346032423201,46.15852120894272],[10.317831935349203,46.15657958824248],[10.30710002493315,46.152231511030784],[10.293823169915056,46.14659770024497],[10.277757755031848,46.13981438140484],[10.28058326802794,46.14708633123708],[10.28666183067595,46.159546258410515],[10.29229573969079,46.1648103353888],[10.299387984069087,46.171234939505396],[10.29987774735855,46.17167174222763],[10.299961814649878,46.171753821642724],[10.298460672331286,46.171994583966864],[10.2944112625073,46.17243790778899],[10.293877924579077,46.17247894813316],[10.288769957292793,46.17243347007938],[10.284907205873226,46.172048947369404],[10.266425544286147,46.171640744631674],[10.264859096980713,46.17164448624468],[10.264368960643166,46.17187539013101],[10.26403174135574,46.17224829743594],[10.263758064009066,46.172711843784256],[10.26426746138023,46.17312248576242],[10.267469652473109,46.17494750229191],[10.269580928617144,46.17548389400093],[10.270215664602267,46.175605976151054],[10.2707731606009,46.17563073086329],[10.270970476761077,46.175654394397384],[10.270934424620403,46.175736642680945],[10.270872551265661,46.17587004692547],[10.27068899971324,46.17616891271469],[10.270346296068892,46.1766967290011],[10.270228099782333,46.17685203520023],[10.269884342204188,46.17716674715165],[10.26679179874042,46.17992067487061],[10.251744897790422,46.18756189229579],[10.246272645188267,46.19016972484371],[10.232078180889006,46.192069155929865],[10.22844534697415,46.192209067662056],[10.228355978225261,46.19634104648738],[10.228371160214111,46.19818589990983],[10.228483639946035,46.19858070512902],[10.228739284762247,46.19900095637073],[10.229018026491506,46.199294955296494],[10.22965977461287,46.19959406351492],[10.240108259206323,46.201974193937374],[10.24161787477894,46.202265861819996]]]},"properties":{"name":"Edolo","op_id":"2367","minint_elettorale":"1030150630","minint_finloc":"1030150630","prov_name":"Brescia","prov_istat_code":"017","prov_istat_code_num":17,"prov_acr":"BS","reg_name":"Lombardia","reg_istat_code":"03","reg_istat_code_num":3,"opdm_id":"2081","com_catasto_code":"D391","com_istat_code":"017068","com_istat_code_num":17068}},
{"type":"Feature","geometry":{"type":"Polygon","coordinates":[[[9.932874242637098,45.60856747961283],[9.936032036341592,45.607259978771765],[9.94217138594324,45.604736799800655],[9.946600213592761,45.604048430927755],[9.948285697652148,45.604025955165135],[9.955089653411289,45.606832331063444],[9.966776225696183,45.60805555475408],[9.973909343476778,45.60897519604494],[9.973892735470264,45.60906691370168],[9.973355116217393,45.61036212066227],[9.973034114701896,45.610957111366304],[9.971958731498038,45.612318097528885],[9.971649001314224,45.612696847625486],[9.973183782498545,45.61304590089288],[9.976123281708947,45.61370602874786],[9.97643346463614,45.61364595147481],[9.98397289977247,45.60897597343459],[9.985791372278166,45.60771004804281],[9.986894509553478,45.606939947876],[9.98893466064173,45.60526810086237],[9.989044736687195,45.60512860450591],[9.989468692651695,45.60441435647963],[9.99721320125219,45.597885678094734],[10.000986164061967,45.59968386307136],[10.000872318823793,45.59559711331002],[10.002441133843693,45.59288721101868],[10.005711296632773,45.59143534208422],[10.007312127790378,45.5893677798691],[10.008682031736683,45.58667142409419],[10.009096222648182,45.58234818135079],[10.009205266810126,45.580942674341735],[10.009118231327232,45.58054056149699],[10.009056860242907,45.58036606954025],[10.008928427932002,45.5800349668229],[10.00829714168759,45.578864277579974],[10.008018036206265,45.57889973786465],[10.005094462935448,45.57921614377961],[10.004766532659131,45.57924623895563],[9.991102929122476,45.57776806176193],[9.987613718459393,45.57658693243181],[9.981953835682338,45.574560070265896],[9.980431870115806,45.57312986255182],[9.969049358131066,45.58148762426713],[9.963619344392582,45.583834423656285],[9.952261570746918,45.58882631449542],[9.94081978120743,45.59511038171244],[9.935733640057384,45.59473668708792],[9.927887064699265,45.59386901811202],[9.913378661167986,45.590769167348746],[9.910759680058172,45.590429066073206],[9.909949462953037,45.59101404528892],[9.909542766519715,45.59135128489498],[9.909450727487231,45.59142822928654],[9.909407777983208,45.59149882412932],[9.909386729436463,45.591560909664835],[9.909377589517641,45.59162527665931],[9.909346894533902,45.5920252019549],[9.912205293020651,45.59613040891117],[9.915777820317038,45.6005073536644],[9.920943429476102,45.60337138400852],[9.927270663441721,45.604886694502426],[9.929587744512189,45.605346490636286],[9.930154216241327,45.605717672585946],[9.930603864496172,45.60601793508068],[9.931355700709025,45.60677270633918],[9.931420415962448,45.60684508669613],[9.931704502418738,45.607181009127224],[9.932874242637098,45.60856747961283]]]},"properties":{"name":"Erbusco","op_id":"2368","minint_elettorale":"1030150640","minint_finloc":"1030150640","prov_name":"Brescia","prov_istat_code":"017","prov_istat_code_num":17,"prov_acr":"BS","reg_name":"Lombardia","reg_istat_code":"03","reg_istat_code_num":3,"opdm_id":"2082","com_catasto_code":"D421","com_istat_code":"017069","com_istat_code_num":17069}},
{"type":"Feature","geometry":{"type":"Polygon","coordinates":[[[10.258778045728011,45.928603461079454],[10.26012057632798,45.928084638893175],[10.262405715738064,45.92642784296285],[10.264643716973623,45.92450643796031],[10.268429058928804,45.918002145340544],[10.275839160863477,45.90147576383382],[10.279266778092087,45.892427919643396],[10.282298906577774,45.88304236952506],[10.282406593075327,45.882681145139834],[10.283332096867904,45.88033961191703],[10.286100871126822,45.8757901934984],[10.29443039418888,45.86825268367462],[10.29664580176283,45.86656246009545],[10.301950482789739,45.86310892216474],[10.309870308823452,45.858590104425204],[10.30975778154241,45.858186381193974],[10.309593746705453,45.857783230245865],[10.309257008698824,45.85715704325326],[10.308988883501495,45.856710089073815],[10.308480096930765,45.85588788011372],[10.308000048311172,45.8551913307393],[10.30752802356104,45.85483669739976],[10.30127043749456,45.85328805093961],[10.2945819963647,45.85313902153549],[10.28180066980144,45.850726970672525],[10.275636117631894,45.84699772425518],[10.270683131891062,45.845540829557756],[10.269829889431195,45.84596434160363],[10.269499226955148,45.84614801669898],[10.26879291866478,45.84680391854137],[10.268478797977119,45.84714941591774],[10.26573694689232,45.85118509946818],[10.26568053507712,45.85153672874782],[10.265712221126238,45.851797409817316],[10.265794567863164,45.85202151083589],[10.265980972324147,45.852289454793386],[10.266244855269827,45.85256555390097],[10.26657270542173,45.852822932987266],[10.266975787786544,45.85298946866728],[10.267286456193252,45.85305804080421],[10.267803199252183,45.85312430842362],[10.26828046494915,45.85315501119003],[10.268799435394035,45.85332025390678],[10.269125254924944,45.85348765710762],[10.269935543584623,45.854000681330696],[10.270421011986661,45.85439130229197],[10.271029166587619,45.85507758817245],[10.27120212163292,45.85531868650911],[10.271259370456809,45.855570049327575],[10.271331952969195,45.85592927880883],[10.271391225675025,45.858529777996246],[10.269796573391016,45.863173808892704],[10.267419344711794,45.8655208244756],[10.25704550082161,45.86844512565948],[10.25536346901124,45.86927366317155],[10.25438235236205,45.869761469792635],[10.252128340021278,45.87093831140489],[10.246730605758511,45.876163680839525],[10.236517565109908,45.88337607103367],[10.234463839865002,45.88374930098833],[10.232192635600876,45.88419685691106],[10.230756930472504,45.88454534230671],[10.22906565778001,45.884995583558414],[10.224013132761321,45.886732909677676],[10.221707740196427,45.88798164968106],[10.20977764548271,45.89888216737053],[10.211019828837204,45.90028208319756],[10.21310770156574,45.90203304267757],[10.213895545128617,45.90269069774754],[10.214693739182156,45.90323125972945],[10.216820791421899,45.90440567327364],[10.219772079548255,45.905535250421934],[10.22389552021172,45.90895634475345],[10.22903342406286,45.91508451917781],[10.229893562718901,45.917428878144726],[10.230893014046064,45.92045578859658],[10.232097465128636,45.923016953873095],[10.23228475171775,45.92332093959056],[10.232614864892465,45.92366839684815],[10.24270509377686,45.93023752732006],[10.245501220178237,45.93184508704094],[10.246905899865396,45.93236083695119],[10.258778045728011,45.928603461079454]]]},"properties":{"name":"Esine","op_id":"2369","minint_elettorale":"1030150650","minint_finloc":"1030150650","prov_name":"Brescia","prov_istat_code":"017","prov_istat_code_num":17,"prov_acr":"BS","reg_name":"Lombardia","reg_istat_code":"03","reg_istat_code_num":3,"opdm_id":"2083","com_catasto_code":"D434","com_istat_code":"017070","com_istat_code_num":17070}},
{"type":"Feature","geometry":{"type":"Polygon","coordinates":[[[10.361902949086028,45.24588609643],[10.360000766243562,45.243368815186344],[10.359368012778962,45.23820949965676],[10.35724444881366,45.23099572876197],[10.357669774517335,45.22521351477424],[10.36135821640922,45.215375976398704],[10.360416239715487,45.215396174410664],[10.359715750080573,45.21539550243319],[10.358592324985002,45.215282851503574],[10.357084174506301,45.21505775503597],[10.345573805064717,45.21192641311102],[10.343559497309434,45.21129301090281],[10.343336751547984,45.20994540375653],[10.34317766279326,45.208597047127334],[10.343113226218913,45.20748161145794],[10.334021006228298,45.20529279339008],[10.332914544238962,45.20535073292853],[10.328244330744447,45.205477149475115],[10.326997038334026,45.205433138481226],[10.317696455771191,45.20471733836376],[10.317032653453898,45.206309122993765],[10.317729546108762,45.21001871812522],[10.31841887876314,45.21505161329013],[10.317030963877036,45.21616582884098],[10.307096182569575,45.22282340993936],[10.305527955898574,45.22391326056449],[10.304348308269791,45.22914272642946],[10.304706442233199,45.2291391932686],[10.305539085740618,45.22912241267955],[10.305785191121622,45.229108157761296],[10.306004348226566,45.22908976373626],[10.308623596183683,45.2288073286654],[10.310620009968057,45.22780595204367],[10.311507918638371,45.22735002654785],[10.31154171177796,45.22718656576119],[10.31116660836143,45.22663795557711],[10.311223150614826,45.22627857973319],[10.311269475684917,45.226138271199346],[10.311301281744175,45.22608006178906],[10.311375883237075,45.2259773431743],[10.311437946599495,45.225907147201845],[10.311796887716326,45.225524849842245],[10.313759416036255,45.22412428956459],[10.313814019773991,45.22409155268909],[10.313883910903684,45.224062231527824],[10.314032359516252,45.2240425022319],[10.3163916476053,45.230756515312926],[10.316420838830366,45.23089636036266],[10.31640596111382,45.231150790414745],[10.315990402128394,45.23294431022267],[10.315977525544971,45.232986946044],[10.314351205276536,45.23823740684503],[10.312216605683103,45.24214729145487],[10.31035368289323,45.24473489253318],[10.308448033623584,45.247722665554626],[10.308384371941775,45.247847625391316],[10.308344290471942,45.24795147643842],[10.30833275087703,45.248053560218786],[10.308339805209668,45.248164882593294],[10.308433912294262,45.24890461395927],[10.308532145625136,45.24959694972811],[10.308602117610622,45.250088478606266],[10.308769802936684,45.25126047299229],[10.308861090108666,45.25126840396647],[10.310675767930693,45.25124934558371],[10.321078616457916,45.25102224563155],[10.327368439621837,45.25039753032955],[10.337126099464342,45.24856498114202],[10.337391477166232,45.24851457029426],[10.339496607905955,45.24794613964],[10.340117162703857,45.247759052793384],[10.340300801154942,45.24769998974004],[10.34805533147118,45.245183642164335],[10.349562884043415,45.24388046254506],[10.354596733114331,45.244567620408745],[10.361902949086028,45.24588609643]]]},"properties":{"name":"Fiesse","op_id":"2370","minint_elettorale":"1030150660","minint_finloc":"1030150660","prov_name":"Brescia","prov_istat_code":"017","prov_istat_code_num":17,"prov_acr":"BS","reg_name":"Lombardia","reg_istat_code":"03","reg_istat_code_num":3,"opdm_id":"2084","com_catasto_code":"D576","com_istat_code":"017071","com_istat_code_num":17071}},
{"type":"Feature","geometry":{"type":"Polygon","coordinates":[[[10.163518815031459,45.49680302224605],[10.170654019795162,45.495868223011755],[10.183202881716214,45.49220773337391],[10.192895921198248,45.491483430830826],[10.195368807478832,45.49067115201268],[10.195924782467646,45.4874039797449],[10.194935400397254,45.48438168013715],[10.19442079186641,45.4832811496227],[10.193745655169057,45.48188675833321],[10.19336044308408,45.480440835354536],[10.192621878081415,45.47713372342252],[10.19391726778429,45.47457139067142],[10.194758753139157,45.47289442447246],[10.192641311540742,45.46933689976766],[10.192512623106543,45.46911784159744],[10.192479091247998,45.46906114921628],[10.192270127955432,45.468713678648356],[10.192232832037362,45.468651662561165],[10.191483103145885,45.46745982422541],[10.191268880608572,45.46713902139764],[10.190878375910211,45.46667164610616],[10.190752390188257,45.46654368510153],[10.190302370990064,45.46609696228041],[10.189850552547934,45.465823258018254],[10.182328693118512,45.46594955345254],[10.171734093794615,45.465267143905606],[10.163825679460327,45.468139371756514],[10.159171706756313,45.47064115126881],[10.15526736502013,45.47176027682703],[10.154845781741393,45.471662559392094],[10.154751618827335,45.471659856975855],[10.154713176753598,45.47167686186811],[10.149229837823118,45.47470975740683],[10.146064461199291,45.47715884457382],[10.143733652409592,45.48113432902471],[10.14372365950145,45.481716654125925],[10.163518815031459,45.49680302224605]]]},"properties":{"name":"Flero","op_id":"2371","minint_elettorale":"1030150661","minint_finloc":"1030150661","prov_name":"Brescia","prov_istat_code":"017","prov_istat_code_num":17,"prov_acr":"BS","reg_name":"Lombardia","reg_istat_code":"03","reg_istat_code_num":3,"opdm_id":"2085","com_catasto_code":"D634","com_istat_code":"017072","com_istat_code_num":17072}},
{"type":"Feature","geometry":{"type":"Polygon","coordinates":[[[10.361902949086028,45.24588609643],[10.354596733114331,45.244567620408745],[10.349562884043415,45.24388046254506],[10.34805533147118,45.245183642164335],[10.340300801154942,45.24769998974004],[10.340117162703857,45.247759052793384],[10.339496607905955,45.24794613964],[10.337391477166232,45.24851457029426],[10.337126099464342,45.24856498114202],[10.327368439621837,45.25039753032955],[10.321078616457916,45.25102224563155],[10.310675767930693,45.25124934558371],[10.308861090108666,45.25126840396647],[10.308769802936684,45.25126047299229],[10.308602117610622,45.250088478606266],[10.308532145625136,45.24959694972811],[10.308433912294262,45.24890461395927],[10.308339805209668,45.248164882593294],[10.30833275087703,45.248053560218786],[10.308344290471942,45.24795147643842],[10.308384371941775,45.247847625391316],[10.308448033623584,45.247722665554626],[10.31035368289323,45.24473489253318],[10.312216605683103,45.24214729145487],[10.314351205276536,45.23823740684503],[10.315977525544971,45.232986946044],[10.315990402128394,45.23294431022267],[10.31640596111382,45.231150790414745],[10.316420838830366,45.23089636036266],[10.3163916476053,45.230756515312926],[10.314032359516252,45.2240425022319],[10.313883910903684,45.224062231527824],[10.313814019773991,45.22409155268909],[10.313759416036255,45.22412428956459],[10.311796887716326,45.225524849842245],[10.311437946599495,45.225907147201845],[10.311375883237075,45.2259773431743],[10.311301281744175,45.22608006178906],[10.311269475684917,45.226138271199346],[10.311223150614826,45.22627857973319],[10.31116660836143,45.22663795557711],[10.31154171177796,45.22718656576119],[10.311507918638371,45.22735002654785],[10.310620009968057,45.22780595204367],[10.308623596183683,45.2288073286654],[10.306004348226566,45.22908976373626],[10.305785191121622,45.229108157761296],[10.305539085740618,45.22912241267955],[10.304706442233199,45.2291391932686],[10.304348308269791,45.22914272642946],[10.305527955898574,45.22391326056449],[10.29551177900082,45.225363965991164],[10.290684825140856,45.22648531726455],[10.285079621116417,45.22872689935014],[10.278288091015012,45.23205266151649],[10.26944588319629,45.24172890974257],[10.267750658156306,45.24628447868337],[10.266347212996939,45.25079180295891],[10.263546621844725,45.25148890706204],[10.263663314595057,45.25692183430576],[10.261847564682189,45.26337779164526],[10.262046740852067,45.265370265642794],[10.263763779173651,45.26717011549902],[10.265539895052987,45.270280446275336],[10.267733269029351,45.27282384421628],[10.27175060897219,45.2734157303897],[10.275294270804672,45.273933968513184],[10.282809940830937,45.27436975295679],[10.288522897574309,45.2755505502049],[10.290539183976216,45.27948349655642],[10.291839668149459,45.27971607622251],[10.294535752093493,45.279886929446064],[10.296161602200039,45.27973194334929],[10.300961473339472,45.27903530322231],[10.301219531447392,45.27871456491945],[10.304399013286705,45.280405678489586],[10.307821905179267,45.28493866269361],[10.310526681905149,45.28473061481953],[10.325395595759208,45.2842506431974],[10.334196651620262,45.28732947325791],[10.337125662238044,45.28662595370966],[10.337555515812474,45.286327371965946],[10.339121360744885,45.285231181613824],[10.340014463392409,45.284600240892935],[10.342290444234477,45.282983342149876],[10.34532197337949,45.28075696374732],[10.345873311497895,45.27943862391231],[10.345847044905847,45.274927183826456],[10.346850502127934,45.268617581431414],[10.354387520788407,45.25970120086115],[10.354470461242087,45.25605022498381],[10.354511650376544,45.25591185082492],[10.355322433775324,45.25411030280672],[10.355881463897529,45.25341142975615],[10.360810718567008,45.24731255788052],[10.361270034358103,45.24675618827163],[10.361692587141683,45.24625407634856],[10.361962660550644,45.246101273985026],[10.361902949086028,45.24588609643]]]},"properties":{"name":"Gambara","op_id":"2372","minint_elettorale":"1030150670","minint_finloc":"1030150670","prov_name":"Brescia","prov_istat_code":"017","prov_istat_code_num":17,"prov_acr":"BS","reg_name":"Lombardia","reg_istat_code":"03","reg_istat_code_num":3,"opdm_id":"2086","com_catasto_code":"D891","com_istat_code":"017073","com_istat_code_num":17073}},
{"type":"Feature","geometry":{"type":"Polygon","coordinates":[[[10.631043073923806,45.609508673381576],[10.628467659341535,45.60205660926904],[10.577022899213306,45.612823640577425],[10.559206364920836,45.61514748345157],[10.551702634838021,45.617914000451066],[10.546470262774607,45.62027132295496],[10.544285602876196,45.625728458588604],[10.546917175230206,45.63092238111071],[10.548086074055064,45.63190564246002],[10.54794461399297,45.63422965211619],[10.544461839327967,45.63915529250972],[10.536131682723648,45.64516324540248],[10.532487482315414,45.647525445264876],[10.533486784769961,45.65216548791297],[10.535076464937013,45.670883981306275],[10.533508644514573,45.67411834522497],[10.533159592141216,45.6745010701481],[10.532706144981999,45.674822189275325],[10.532453123765992,45.67496059281012],[10.531931768921197,45.67514759156158],[10.533518557051027,45.675423302048515],[10.543364496820203,45.67674883199812],[10.545369511598741,45.67682072879889],[10.54766811849218,45.67589851758543],[10.560681480635937,45.669672877908],[10.561581957157475,45.66881447727207],[10.564461075289849,45.6634016706559],[10.565293328445849,45.66148209247569],[10.566204529281904,45.659174368638006],[10.566585180697468,45.65211245653249],[10.567291839421319,45.647080255413364],[10.568139742651688,45.64526853096624],[10.575360813581208,45.63918354998292],[10.583488654522808,45.62936802839979],[10.584612271200527,45.6262036900957],[10.585234131559336,45.625131303576424],[10.631043073923806,45.609508673381576]]]},"properties":{"name":"Gardone Riviera","op_id":"2373","minint_elettorale":"1030150680","minint_finloc":"1030150680","prov_name":"Brescia","prov_istat_code":"017","prov_istat_code_num":17,"prov_acr":"BS","reg_name":"Lombardia","reg_istat_code":"03","reg_istat_code_num":3,"opdm_id":"2087","com_catasto_code":"D917","com_istat_code":"017074","com_istat_code_num":17074}},
{"type":"Feature","geometry":{"type":"Polygon","coordinates":[[[10.211689541988502,45.68297816869364],[10.208556014658578,45.68004659324273],[10.204044361588307,45.67711400405841],[10.202715196211877,45.6764069442452],[10.202113043866946,45.67611082535158],[10.200882201632862,45.67555320443032],[10.200634344301312,45.675465593794314],[10.200262623325385,45.675341354365855],[10.200047504723239,45.6752733624521],[10.19919929134413,45.6751207219965],[10.1990428971186,45.675096324113596],[10.198862044122713,45.6750791674162],[10.197801407677666,45.675008745796866],[10.196946094033322,45.675071754463026],[10.183096170824342,45.67519368022969],[10.172774819677349,45.67502656424058],[10.166071780629457,45.67595277297603],[10.159003657908919,45.67905300258169],[10.15794298642219,45.67943645922949],[10.157032050724782,45.67916283646052],[10.155503986655415,45.6782945779187],[10.155385915646274,45.67815402611031],[10.154977135000129,45.67754327280968],[10.154937864821557,45.67747501102627],[10.154853015370291,45.67731328568619],[10.154748055847456,45.67701909036361],[10.154679303084178,45.67670039754816],[10.154606597678697,45.676346182082206],[10.154591459190307,45.67607723617068],[10.154591591014634,45.6760441916437],[10.153583259367801,45.67623819515093],[10.147528826949214,45.67844885514583],[10.145798484791474,45.68072918790916],[10.142678746488832,45.682739219677536],[10.141368942883268,45.683514443492165],[10.141532118389472,45.68524284138335],[10.141664156303696,45.696150503180505],[10.142030872380168,45.69649786958327],[10.142399610205409,45.69694422138557],[10.14635460834066,45.701918049361566],[10.150728831383061,45.707877601459934],[10.153154297109813,45.71274955093611],[10.161975738297073,45.7124980940939],[10.15957231811532,45.719291104882466],[10.160751004679927,45.72532764560633],[10.162111813390158,45.725259800154866],[10.162449221522863,45.725418379392245],[10.161468899614384,45.72710250442762],[10.161193692166602,45.72746532687424],[10.16082536768078,45.72767608005021],[10.158174545000936,45.72875607238282],[10.161699108341027,45.73221421519991],[10.167705568849469,45.72955132638523],[10.173020064036741,45.73354167991003],[10.175663668363693,45.736449452199054],[10.18173900905042,45.74122046016131],[10.182441034483507,45.74162050913428],[10.183629280101764,45.742099485524434],[10.183684122279214,45.74211543375713],[10.186738686102073,45.740664764990505],[10.188560518377697,45.739490717542665],[10.190575056808667,45.73809859342173],[10.191845659082315,45.73694190876025],[10.191884904647194,45.73690157171966],[10.192568604536996,45.73586464484478],[10.193326018566365,45.733631889661],[10.192892501195818,45.7326274603499],[10.191823033822349,45.73021563023767],[10.191016937408737,45.72682836973699],[10.191043625396626,45.72664072134973],[10.191129495897007,45.72624700307166],[10.191232758175895,45.72581967428334],[10.19160115741951,45.72547121751924],[10.19282609667567,45.724465003426594],[10.206082817040722,45.725034301935246],[10.207418123236792,45.71818148980493],[10.20506363893717,45.70688565456057],[10.20444595968737,45.70189532803294],[10.20071517188944,45.69456507687989],[10.200787275493843,45.69051340280186],[10.206038688844712,45.687127225614525],[10.211689541988502,45.68297816869364]]]},"properties":{"name":"Gardone Val Trompia","op_id":"2374","minint_elettorale":"1030150690","minint_finloc":"1030150690","prov_name":"Brescia","prov_istat_code":"017","prov_istat_code_num":17,"prov_acr":"BS","reg_name":"Lombardia","reg_istat_code":"03","reg_istat_code_num":3,"opdm_id":"2088","com_catasto_code":"D918","com_istat_code":"017075","com_istat_code_num":17075}},
{"type":"Feature","geometry":{"type":"Polygon","coordinates":[[[10.545210265300948,45.715796490098995],[10.547005642573028,45.718463449232274],[10.55484842063327,45.721408223704856],[10.561958600067863,45.72616263350991],[10.562628309921514,45.726675532376596],[10.564196743433499,45.728076181358354],[10.56496421110589,45.728866732536495],[10.568454561384552,45.72729772322571],[10.569102421343917,45.72702780505822],[10.569674978850458,45.72682190693341],[10.571711233056966,45.72610985209353],[10.572499399454534,45.72626101797067],[10.577207438604253,45.72778924932321],[10.581748201290356,45.72930159302616],[10.595114375282288,45.73246401742632],[10.604752278385446,45.73340815783188],[10.615855720613377,45.739490112736135],[10.617921347927583,45.74024394997553],[10.621546392937743,45.741578659293175],[10.625239269615813,45.7430293045348],[10.63916476642456,45.75077348757501],[10.641626168581478,45.75211975017798],[10.645121117921635,45.75116938735973],[10.653310567548122,45.747234822660545],[10.657214574359427,45.743181901029345],[10.666860792776685,45.73470681949312],[10.670362974284687,45.73232444879561],[10.673791569305042,45.73050110776038],[10.676206309189812,45.72959260472113],[10.684225310006711,45.726576394087374],[10.686651960293739,45.726072586890176],[10.688028600471446,45.726124251727576],[10.707951793582463,45.71227300467563],[10.727533240835633,45.701118882692555],[10.718775745562132,45.69135458644617],[10.712251169965288,45.68377484953492],[10.705606595392293,45.6764125473078],[10.702007049357494,45.67273538486539],[10.695965918896809,45.667424717501184],[10.689486540907152,45.66178261464936],[10.68140497233013,45.654721893717635],[10.655744901268987,45.66743427203686],[10.649003163917948,45.669539671896274],[10.645119039040683,45.6705401341856],[10.635532590513634,45.67683463750819],[10.634318022644209,45.67877820541261],[10.63034531310177,45.680815174907075],[10.62794892419287,45.681425411967055],[10.62743529204551,45.68143258674205],[10.623775283546868,45.68090812617354],[10.619518421853783,45.67986196863251],[10.616725665332025,45.67964934290351],[10.61115668767115,45.68291433016196],[10.60868703894396,45.685010349194684],[10.60848808708354,45.685238171484556],[10.608408803242446,45.68560831318193],[10.608426666045666,45.686679173045235],[10.608441883291395,45.68720999862706],[10.592518440032787,45.69855817710436],[10.59174389460946,45.69887500870893],[10.584515856126638,45.70127972236489],[10.57737802586355,45.701432512354316],[10.56979901584999,45.70142892392498],[10.563801529970569,45.7000980663886],[10.556960386281697,45.698904411079376],[10.553355434957771,45.69860246015931],[10.547402092143267,45.700708449650804],[10.545449871619809,45.701184921291116],[10.544864896591234,45.70139984433381],[10.542220961725924,45.702416671121114],[10.537164251021041,45.70445602251341],[10.53487985101831,45.705476834177716],[10.53438665166371,45.70576247173428],[10.533793918987818,45.70616648042198],[10.535215307611624,45.70787554212764],[10.536405135828291,45.709101659415744],[10.537025541653374,45.70923731693002],[10.537607638365543,45.70938250025281],[10.53902009535412,45.70982251287233],[10.53970941466864,45.710128253858215],[10.541844093060043,45.71113454555496],[10.542458108299533,45.71150429340497],[10.542945206280482,45.71192976217748],[10.543370557198747,45.71244605753813],[10.54365139313867,45.71284730470141],[10.545210265300948,45.715796490098995]]]},"properties":{"name":"Gargnano","op_id":"2375","minint_elettorale":"1030150700","minint_finloc":"1030150700","prov_name":"Brescia","prov_istat_code":"017","prov_istat_code_num":17,"prov_acr":"BS","reg_name":"Lombardia","reg_istat_code":"03","reg_istat_code_num":3,"opdm_id":"2089","com_catasto_code":"D924","com_istat_code":"017076","com_istat_code_num":17076}},
{"type":"Feature","geometry":{"type":"Polygon","coordinates":[[[10.44608005139326,45.62534100857137],[10.446630882432778,45.62315407186695],[10.45004580837748,45.6114501519995],[10.451230325527197,45.60379764116803],[10.44333933337268,45.60135059263351],[10.440273823313536,45.59860128330684],[10.44013950424484,45.59838854535243],[10.440061529308345,45.5981608842086],[10.440080858008239,45.598008261972225],[10.440223368399689,45.59778801890482],[10.442475282215916,45.595190281347506],[10.444258985696653,45.59461668747941],[10.453096436941442,45.592127625493816],[10.457811917509503,45.59082710189678],[10.471442094431602,45.595823334231916],[10.47546074931373,45.59761437245991],[10.476989731806542,45.59892687194654],[10.477679955763481,45.60005948251742],[10.47770411039791,45.60150393507774],[10.477545911579424,45.602078756182685],[10.483253304682131,45.60110064800026],[10.486996254232348,45.60079866777314],[10.490702161454664,45.5991224494893],[10.492386635044978,45.59833536685332],[10.494163486735394,45.597251736514835],[10.495747706653358,45.59357489428121],[10.495739063606575,45.59180180281121],[10.495648357857197,45.5903178362465],[10.495565737303593,45.58919825923752],[10.495356160922343,45.587522364323235],[10.495005758556518,45.58542971150674],[10.49375176757336,45.582133736645076],[10.491230104361085,45.580330508745604],[10.483006616321408,45.580545568025016],[10.482761253661161,45.57999067415685],[10.482660662400164,45.57957793280132],[10.482599937986246,45.57921868562343],[10.482538083596713,45.57881448192706],[10.482528846627167,45.578463561086544],[10.482503881889635,45.57703264945315],[10.478232716314333,45.57691695865683],[10.458993675406754,45.57322088848486],[10.456659869965446,45.572612631013065],[10.45661496290835,45.57259552473573],[10.45490251293211,45.57160344719404],[10.454059767713598,45.57096264643138],[10.45372740642206,45.570498835687495],[10.453694574295522,45.57022021746751],[10.453848361242443,45.56972321325437],[10.454032862227324,45.56942381721956],[10.454333834508681,45.56916795492985],[10.454698153277935,45.568884296182105],[10.454973718077275,45.568637751467186],[10.455121657617552,45.56841084242185],[10.455111665288115,45.56802392774335],[10.454960515602021,45.566144573957644],[10.454749116906509,45.56542729343956],[10.454721949368173,45.56533762682441],[10.454547070580444,45.565015818651396],[10.454295763212443,45.56471297658102],[10.454045413310395,45.56444614140224],[10.453340676842124,45.56395104955401],[10.452015199485043,45.56304979935315],[10.449643764905517,45.56220682970527],[10.447888714522037,45.56172503133663],[10.445871595114335,45.56151656476063],[10.44361443387654,45.56055783877405],[10.44353701952771,45.560524013629085],[10.44336511946076,45.560215995039556],[10.442858709432722,45.55895326122946],[10.442469888334799,45.557779035510876],[10.441769792120626,45.5553633092562],[10.441607459221858,45.55521559719265],[10.441209771674254,45.555208833782864],[10.44026591828707,45.555230533367045],[10.439978207405385,45.555238148676594],[10.439794035697078,45.55524939065502],[10.439704896738252,45.5552663022687],[10.439642927174257,45.55528901909461],[10.436118804438369,45.556748782119925],[10.433383662076771,45.55910173352621],[10.43322729897823,45.56001013100687],[10.433426830917073,45.561630867392694],[10.426826922640977,45.56610382453258],[10.412661536264732,45.56457372750715],[10.41220200266898,45.564530402187934],[10.409658051992665,45.56924848129089],[10.40627553723332,45.576578372925695],[10.40469424121445,45.57937062723185],[10.402124021881034,45.58024007683077],[10.401373492400001,45.581205366937844],[10.400758326100732,45.58311706859614],[10.399925142485268,45.58778373479636],[10.400118626275948,45.590691185212066],[10.401062982738821,45.592570813902874],[10.401520462603202,45.592483583350145],[10.401588386586958,45.59258763628075],[10.40287022544698,45.59433124149833],[10.405245495132945,45.606034686831194],[10.415189142269137,45.606520194616614],[10.419497605250893,45.607217181109014],[10.420732427648261,45.612703891955654],[10.418970133869594,45.61502602188724],[10.416166007654864,45.61593818840115],[10.416891810028591,45.62043205629232],[10.417530785407918,45.622118183555216],[10.42832213634473,45.626229816878215],[10.432147949056695,45.62721348712924],[10.43268913858125,45.62731409088825],[10.433831741008435,45.62742572193177],[10.435136795102517,45.627548765961215],[10.435457511735102,45.627571261681325],[10.43810615465362,45.62745085735969],[10.438163380222596,45.62688435334785],[10.441111865393903,45.62610703995237],[10.442508979836203,45.6258593824364],[10.445677411728743,45.62531886765239],[10.44608005139326,45.62534100857137]]]},"properties":{"name":"Gavardo","op_id":"2376","minint_elettorale":"1030150710","minint_finloc":"1030150710","prov_name":"Brescia","prov_istat_code":"017","prov_istat_code_num":17,"prov_acr":"BS","reg_name":"Lombardia","reg_istat_code":"03","reg_istat_code_num":3,"opdm_id":"2090","com_catasto_code":"D940","com_istat_code":"017077","com_istat_code_num":17077}},
{"type":"Feature","geometry":{"type":"Polygon","coordinates":[[[10.223760772789962,45.40957669790078],[10.224077447651617,45.41051416101722],[10.224246689079102,45.4109137915703],[10.224439173500382,45.4112933472856],[10.224852510304963,45.4117882892794],[10.225161631752533,45.41214600676858],[10.22534245467716,45.41235224892125],[10.227784045837547,45.41482956688633],[10.230849568619384,45.417692772444994],[10.231844934894765,45.41879108989334],[10.23205818422954,45.41905103318837],[10.2323161091711,45.41971104064512],[10.232416226257858,45.41996722798418],[10.232739717461607,45.42331992064633],[10.232370664320216,45.42739619496911],[10.234670817587972,45.42657783851602],[10.239530238071062,45.425335273000755],[10.246716753698902,45.42360553759025],[10.247374743128034,45.423462841229544],[10.249021278186131,45.42317808007693],[10.249593211075023,45.42512820240963],[10.251413718028276,45.431625337150344],[10.25193221172535,45.43359722948825],[10.252297299567019,45.43515578771087],[10.252465385706,45.43597945611091],[10.252489025095867,45.43612042673475],[10.252374416383951,45.43648907023757],[10.251746041973904,45.43807509595673],[10.250483651852248,45.44152357302509],[10.24743991278088,45.44997229004308],[10.245853772296897,45.45447652452126],[10.245011765870913,45.45778657663113],[10.244167759112113,45.46135991217272],[10.24747936298658,45.46277839754196],[10.25024507294803,45.45905637210615],[10.256397785799939,45.45374907763276],[10.264157618241564,45.45001553303299],[10.272481718100186,45.451155181550526],[10.27692857164215,45.45173909264001],[10.282487655932526,45.45166733335672],[10.282980935225497,45.45163019868078],[10.283586436917036,45.45157508534425],[10.283724067073848,45.45155579697619],[10.283912226473788,45.45149089818029],[10.286191143111372,45.450564726468535],[10.305163809022151,45.44636171229791],[10.310346484574548,45.44320377419393],[10.310344168139721,45.44143365802794],[10.310340167306476,45.44046500613448],[10.310012636293326,45.43741893702795],[10.309631940213102,45.430063448663276],[10.313039606745413,45.415839072565205],[10.313278859493693,45.412752214461754],[10.313352989381613,45.41188197094973],[10.313425854776662,45.41105373920273],[10.313592065459584,45.410760439928396],[10.313926502306646,45.410191535595956],[10.317395966843415,45.40480573640661],[10.317773676992012,45.40428060300941],[10.31809911254729,45.40383735806585],[10.319683151466231,45.40203254572748],[10.320543350772185,45.40110129012969],[10.320850562514542,45.400860804582315],[10.320632312154386,45.39867101922927],[10.318641797192688,45.38313473238435],[10.318225953723793,45.38214031137933],[10.317999543253245,45.38159917100194],[10.317925635835286,45.381434147039585],[10.317006143955233,45.379583526857914],[10.316968587000623,45.37952552317777],[10.310199254031009,45.37343412509569],[10.308534141223568,45.371967424132905],[10.302522306224256,45.36690979871092],[10.302689978765608,45.356822235759715],[10.3132145326243,45.330655249789544],[10.313696717123825,45.3294559975271],[10.314109327845516,45.32787352454306],[10.312411514410647,45.3267105308909],[10.305387103650931,45.32784690094346],[10.296701081073177,45.32799522286249],[10.296591319885692,45.328536599952436],[10.295438199995596,45.33294166699448],[10.294225931146793,45.33459779808723],[10.292287835073509,45.33910246097502],[10.29198189579935,45.348196533654054],[10.287506016686661,45.35061080501647],[10.281982148259088,45.352847018678645],[10.281438610424848,45.353059556902366],[10.281401999428132,45.35304500739063],[10.281115447096965,45.35270526024767],[10.280826450561664,45.35235774457324],[10.277247479233067,45.34792805901463],[10.270905178822511,45.34377321595948],[10.268282516013532,45.34268515404162],[10.267616944393769,45.342771819157676],[10.267424970122267,45.34279928255277],[10.267326060845937,45.34283650917585],[10.264585024060233,45.34471510818659],[10.263649268906999,45.345961620023196],[10.263627010166056,45.348085980917794],[10.26366701046437,45.34817344597654],[10.264174691641108,45.348685398654176],[10.264420006289996,45.348868768736565],[10.265015959402458,45.34902759656629],[10.268141644934714,45.35441104945546],[10.269475075512917,45.361118802095106],[10.269204788746894,45.361378921712664],[10.268153283696664,45.36161101975437],[10.267255386044507,45.36172291853034],[10.261944647241673,45.36235271067728],[10.258967963498586,45.3678212959887],[10.253781255626494,45.3776178299068],[10.249218110852642,45.383968905854026],[10.246896732543684,45.38692859522715],[10.245328976653802,45.39173805798707],[10.245521335247465,45.39709379424067],[10.245378107407719,45.39715470193086],[10.243831135656961,45.39776932075164],[10.242790107694498,45.39808796734547],[10.241660685273775,45.398374445136234],[10.239274587164665,45.39890903065043],[10.23756431802798,45.39925185898223],[10.234206759342948,45.399880616880615],[10.233302913788732,45.40003769667386],[10.232241885782175,45.400217807492716],[10.22992980518695,45.40074113374311],[10.224415980305205,45.40206575955752],[10.220444230586923,45.40302833257824],[10.220463157483243,45.4033049747485],[10.220516211520273,45.403899502639895],[10.221126892103829,45.40506027570946],[10.223760772789962,45.40957669790078]]]},"properties":{"name":"Ghedi","op_id":"2377","minint_elettorale":"1030150720","minint_finloc":"1030150720","prov_name":"Brescia","prov_istat_code":"017","prov_istat_code_num":17,"prov_acr":"BS","reg_name":"Lombardia","reg_istat_code":"03","reg_istat_code_num":3,"opdm_id":"2091","com_catasto_code":"D999","com_istat_code":"017078","com_istat_code_num":17078}},
{"type":"Feature","geometry":{"type":"Polygon","coordinates":[[[10.254143317365486,45.835066900596175],[10.253726509286116,45.836574578971444],[10.253630398128369,45.83688164445293],[10.253387869870245,45.837550351697345],[10.253228809595996,45.83792112729498],[10.2530023290667,45.8381576177823],[10.246762444376118,45.8430142033756],[10.246406965114895,45.843243096546956],[10.243732377497798,45.843425239497996],[10.243205087079208,45.84345798307637],[10.242522904595862,45.84347441835455],[10.241698496997964,45.84346537183638],[10.223545869557354,45.844894382813266],[10.191230252193215,45.85378645000355],[10.172769594257428,45.857946645901485],[10.166723193269082,45.85955663879812],[10.161232518001777,45.8625107277699],[10.157347321083543,45.86514569633422],[10.15599915419666,45.866092039160385],[10.156444016679023,45.86828368820962],[10.158302926882593,45.87155905542322],[10.161188214714143,45.87027867664506],[10.16276307368723,45.86980363855929],[10.165537220961001,45.86937935598007],[10.167219984901484,45.86913716497349],[10.174995432069606,45.868823462040034],[10.182869258117208,45.86890417321045],[10.188396550811015,45.86829782732144],[10.192297629199098,45.86756419678349],[10.194936248143565,45.86684358218671],[10.197301984515269,45.8660177672032],[10.19865049699338,45.865220569856014],[10.20199632608356,45.86362383765499],[10.207769244843252,45.86212736658246],[10.213554926847964,45.862192067339954],[10.218751967219376,45.860669653711604],[10.225997336013009,45.85682089702071],[10.229621791722245,45.85411778301049],[10.247746272232996,45.85130203546895],[10.250879482239364,45.84972867711579],[10.251696916925582,45.849422710399715],[10.252106742145468,45.849319215337495],[10.252554018301916,45.84973733473222],[10.253867207477908,45.85487126082865],[10.25361443894582,45.85623311147338],[10.253047489216897,45.859092507523826],[10.252729693919596,45.86042808270459],[10.252417373849328,45.862582636368536],[10.252273027453482,45.86418631675499],[10.252206626775079,45.86639218188249],[10.252128340021278,45.87093831140489],[10.25438235236205,45.869761469792635],[10.25536346901124,45.86927366317155],[10.25704550082161,45.86844512565948],[10.267419344711794,45.8655208244756],[10.269796573391016,45.863173808892704],[10.271391225675025,45.858529777996246],[10.271331952969195,45.85592927880883],[10.271259370456809,45.855570049327575],[10.27120212163292,45.85531868650911],[10.271029166587619,45.85507758817245],[10.270421011986661,45.85439130229197],[10.269935543584623,45.854000681330696],[10.269125254924944,45.85348765710762],[10.268799435394035,45.85332025390678],[10.26828046494915,45.85315501119003],[10.267803199252183,45.85312430842362],[10.267286456193252,45.85305804080421],[10.266975787786544,45.85298946866728],[10.26657270542173,45.852822932987266],[10.266244855269827,45.85256555390097],[10.265980972324147,45.852289454793386],[10.265794567863164,45.85202151083589],[10.265712221126238,45.851797409817316],[10.26568053507712,45.85153672874782],[10.26573694689232,45.85118509946818],[10.268478797977119,45.84714941591774],[10.26879291866478,45.84680391854137],[10.269499226955148,45.84614801669898],[10.269829889431195,45.84596434160363],[10.270683131891062,45.845540829557756],[10.264579265894104,45.843295414304556],[10.262085495138189,45.84235991162502],[10.261591160132026,45.84214035680696],[10.259019405905573,45.84002660437159],[10.257180131647509,45.838408734794136],[10.254143317365486,45.835066900596175]]]},"properties":{"name":"Gianico","op_id":"2378","minint_elettorale":"1030150730","minint_finloc":"1030150730","prov_name":"Brescia","prov_istat_code":"017","prov_istat_code_num":17,"prov_acr":"BS","reg_name":"Lombardia","reg_istat_code":"03","reg_istat_code_num":3,"opdm_id":"2092","com_catasto_code":"E010","com_istat_code":"017079","com_istat_code_num":17079}},
{"type":"Feature","geometry":{"type":"Polygon","coordinates":[[[10.307821905179267,45.28493866269361],[10.304399013286705,45.280405678489586],[10.301219531447392,45.27871456491945],[10.300961473339472,45.27903530322231],[10.296161602200039,45.27973194334929],[10.294535752093493,45.279886929446064],[10.291839668149459,45.27971607622251],[10.290539183976216,45.27948349655642],[10.288522897574309,45.2755505502049],[10.282809940830937,45.27436975295679],[10.275294270804672,45.273933968513184],[10.27175060897219,45.2734157303897],[10.267733269029351,45.27282384421628],[10.265539895052987,45.270280446275336],[10.263763779173651,45.26717011549902],[10.262046740852067,45.265370265642794],[10.26088478859406,45.265155110474154],[10.257984123824007,45.267751499518305],[10.254202737445652,45.27475808017473],[10.244285414532651,45.283059743366614],[10.240236650083313,45.28608078394251],[10.237039348508283,45.28668467868651],[10.236202699778445,45.287781682920475],[10.237563601012019,45.2914885716637],[10.23951041996947,45.29570828913179],[10.242309017645027,45.29501256709061],[10.242493259916168,45.29553750380369],[10.242563762370251,45.30642614763839],[10.242789091688273,45.311530456635175],[10.243049016984887,45.31662290741811],[10.247398456062635,45.31915702380391],[10.254411712477436,45.321773650146575],[10.263912741686198,45.32539110220673],[10.267805894782034,45.337014731990514],[10.268282516013532,45.34268515404162],[10.270905178822511,45.34377321595948],[10.277247479233067,45.34792805901463],[10.280826450561664,45.35235774457324],[10.281115447096965,45.35270526024767],[10.281401999428132,45.35304500739063],[10.281438610424848,45.353059556902366],[10.281982148259088,45.352847018678645],[10.287506016686661,45.35061080501647],[10.29198189579935,45.348196533654054],[10.292287835073509,45.33910246097502],[10.294225931146793,45.33459779808723],[10.295438199995596,45.33294166699448],[10.296591319885692,45.328536599952436],[10.296701081073177,45.32799522286249],[10.290685979034015,45.327918909419296],[10.289955392512374,45.32789763052093],[10.28830021281618,45.32783912760342],[10.288025053359934,45.32626748488371],[10.28774653806051,45.324666975324],[10.287551359997389,45.32329507975939],[10.287118542691072,45.319940378323174],[10.286485169184672,45.3122469480976],[10.29403747213128,45.311358949266186],[10.299035220543084,45.3047079805755],[10.298686760660608,45.30352607265712],[10.298564099119096,45.30300095546537],[10.298446761541475,45.302456568426585],[10.298429696974294,45.30237726057563],[10.298353528357927,45.30202325895304],[10.298338855995494,45.301891221177954],[10.29816418403861,45.29851066055694],[10.29818927458484,45.29388993795492],[10.30080651912142,45.29174167935861],[10.307775175312228,45.288241332681174],[10.307821905179267,45.28493866269361]]]},"properties":{"name":"Gottolengo","op_id":"2379","minint_elettorale":"1030150740","minint_finloc":"1030150740","prov_name":"Brescia","prov_istat_code":"017","prov_istat_code_num":17,"prov_acr":"BS","reg_name":"Lombardia","reg_istat_code":"03","reg_istat_code_num":3,"opdm_id":"2093","com_catasto_code":"E116","com_istat_code":"017080","com_istat_code_num":17080}},
{"type":"Feature","geometry":{"type":"Polygon","coordinates":[[[10.159908542050339,45.554285017638044],[10.153185748717638,45.54848310702775],[10.138070079645765,45.54985693604468],[10.14163231203452,45.55316914642789],[10.13602673078876,45.55638490200196],[10.12992111644297,45.562033357962136],[10.129949756446633,45.562072400311834],[10.130014917492009,45.562179264447664],[10.130059993846348,45.56231524769005],[10.130077845322699,45.56241502794113],[10.130449511729537,45.56530360703276],[10.128277247467155,45.56730658274975],[10.126430788503795,45.5688796176978],[10.126869631863421,45.56909523624927],[10.1269305574522,45.56912578782788],[10.12742620828024,45.5693787589047],[10.127596474301864,45.56946857122353],[10.127676946589844,45.56951191256189],[10.1280398540599,45.56971534264185],[10.128321645713841,45.56988635537742],[10.1283901149092,45.56992791195676],[10.130243184864414,45.571180498344305],[10.12960496006945,45.57621208088122],[10.12926829039342,45.57709164379346],[10.128014492944109,45.57996776067745],[10.125780396160557,45.58371190139838],[10.130860666429589,45.58834591797951],[10.131980694846467,45.59616292824852],[10.130027979672743,45.59677718183735],[10.130683980450927,45.60495421862862],[10.13494879635502,45.61173860633998],[10.139807473010267,45.61854548843585],[10.141641846121896,45.61799457938742],[10.143663216532593,45.62167056980702],[10.144278464811833,45.62330026121303],[10.144054657461504,45.623554341332245],[10.143718924870551,45.62416733951841],[10.14368223019262,45.62438904991014],[10.143715741192713,45.624510362559356],[10.143755496839736,45.62462523097761],[10.14477008854553,45.62696885333475],[10.146239908067074,45.63023247795674],[10.15216337784714,45.632900608417046],[10.152243868037747,45.63293385166233],[10.153411683556634,45.633332126978864],[10.153717767356953,45.63339417315477],[10.154187656820364,45.63345511794822],[10.154259773015523,45.633377228494986],[10.154351763974985,45.63319004648335],[10.154467836844317,45.632922606945],[10.155070390142155,45.631495335289365],[10.1552680268132,45.63031691034854],[10.155271543956125,45.62978526684449],[10.154625602614768,45.629441374058025],[10.15407075852795,45.62884283614322],[10.153952528522158,45.62864604527562],[10.153933519807861,45.628530583848324],[10.153835244655715,45.62778072466439],[10.153829315268213,45.62757928882499],[10.153824568291698,45.627342944268875],[10.153830267472319,45.627224937970524],[10.153839768478814,45.62712215891427],[10.154059407886654,45.62633954676143],[10.154729764197295,45.62587494652961],[10.155749019417437,45.625393194212435],[10.156407128072841,45.62518886315161],[10.156648849888008,45.62513271593878],[10.156790687426128,45.62512067646844],[10.15722214324195,45.62517390347422],[10.157735326375175,45.62524696677635],[10.15815657254331,45.62539050149809],[10.163088066779345,45.62776423011961],[10.164011233371795,45.62828755792425],[10.165839456889978,45.62970245968217],[10.173796652242684,45.62130382863662],[10.173084738284926,45.62120575592414],[10.173044713201474,45.6211945611035],[10.172973672932995,45.621174690983615],[10.172871382007074,45.62110858502624],[10.172718288662988,45.62086621226617],[10.17266984073094,45.620305947523605],[10.172702703492513,45.61302113781613],[10.174446974616194,45.60758414757559],[10.176618874188751,45.59625069262266],[10.176831985971482,45.595069003371435],[10.17639702398806,45.59288238279025],[10.1726673099318,45.58923961143017],[10.168361047558589,45.586622234289734],[10.163555721488631,45.58376033291721],[10.162971496759676,45.58329035286613],[10.162820609487556,45.582171025582454],[10.163209890568794,45.57637445744989],[10.164079530671827,45.57503968918216],[10.164961743383264,45.5747537657259],[10.167479367395066,45.56886923938174],[10.166872989328546,45.56110636290874],[10.16274434231611,45.55663369786773],[10.159908542050339,45.554285017638044]]]},"properties":{"name":"Gussago","op_id":"2380","minint_elettorale":"1030150750","minint_finloc":"1030150750","prov_name":"Brescia","prov_istat_code":"017","prov_istat_code_num":17,"prov_acr":"BS","reg_name":"Lombardia","reg_istat_code":"03","reg_istat_code_num":3,"opdm_id":"2094","com_catasto_code":"E271","com_istat_code":"017081","com_istat_code_num":17081}},
{"type":"Feature","geometry":{"type":"Polygon","coordinates":[[[10.477018339730698,45.76201569793988],[10.47921931721995,45.757932555895856],[10.484081936690226,45.75542327741188],[10.484597792036684,45.7553550483633],[10.48939804195301,45.75497930693854],[10.49537918588009,45.75851625777013],[10.502978253212055,45.76364576666252],[10.511808389641546,45.7717421424878],[10.513486735417134,45.781359508974504],[10.512613486578763,45.78325670975662],[10.510833008753327,45.786038979904745],[10.510794442671456,45.786099771685635],[10.510749859609925,45.78617509105482],[10.510687716974324,45.786315415722825],[10.51066727722897,45.78639219252095],[10.510683690186804,45.78646398157977],[10.51104841898932,45.78770122692267],[10.51106965570963,45.78777295210396],[10.511213274857935,45.788207580176724],[10.511338887013059,45.78857044019137],[10.511368162422452,45.78864204995285],[10.511403868722127,45.78871358362125],[10.51340403257935,45.79226029537386],[10.515721643916907,45.79593775185262],[10.519712402400867,45.80144764415514],[10.526051458460682,45.805613874826875],[10.531096122690816,45.80444215120092],[10.533671455443525,45.8006480045999],[10.532904412763243,45.78858961081956],[10.532978035747288,45.787961792565426],[10.536028948413238,45.78645974209086],[10.537797622569611,45.78563441411053],[10.538058901621989,45.7855871473442],[10.538416433186516,45.785522467872916],[10.545423851039647,45.784659203671126],[10.548194883504435,45.78194765889881],[10.548840400511343,45.78110184431988],[10.550052192772071,45.77933926118491],[10.550777432218375,45.7781233160524],[10.551586134325904,45.776672219274026],[10.550069683099643,45.775792738562224],[10.547196469793835,45.77430609741296],[10.546904453249228,45.774258719866694],[10.543123826478565,45.77392388248898],[10.542720175204977,45.77391856067941],[10.539438050479319,45.775190627469875],[10.537983894081478,45.775009779402254],[10.533035129785459,45.773413097553416],[10.532878883604182,45.773354668558284],[10.531829236366514,45.77231245367453],[10.531782461507344,45.772266007695535],[10.523458322225698,45.763071247775336],[10.52211504076826,45.76195905665751],[10.520994167841101,45.76103096645908],[10.520618808082158,45.760756668916166],[10.51991174111158,45.76036754156442],[10.517275129002675,45.75910390758394],[10.517198695336532,45.75907083854971],[10.514345036199376,45.75802745180001],[10.50980317709127,45.756420801551144],[10.508565891372362,45.756550287566185],[10.507667285990916,45.75664432061871],[10.501633266680154,45.75229170336233],[10.50310321829437,45.742351168027575],[10.50502283840567,45.740092797951945],[10.505724675616289,45.7393786305235],[10.505899276192142,45.73925406784226],[10.507979648651625,45.73820479685057],[10.509265328909521,45.73758792905584],[10.510024601425416,45.737081129303405],[10.513251408570715,45.73396517169799],[10.514217999114265,45.732320248682115],[10.51450512299751,45.731778965729454],[10.51303848870633,45.73245379487325],[10.512384557086285,45.73275467087298],[10.510776031993425,45.73304917721986],[10.50934276067805,45.73322134607565],[10.494484670004326,45.72829480322477],[10.48413685705683,45.726022001164594],[10.471289717009997,45.72087574274307],[10.467644530828826,45.720951852675476],[10.465334241842086,45.721338747872146],[10.460029901001827,45.7229673548154],[10.4576807145308,45.72454911301044],[10.456186328824147,45.726152439622936],[10.451442335075644,45.728783125860105],[10.44808820565183,45.73030767518225],[10.443321343709286,45.7306500647066],[10.442916283359406,45.73190301327861],[10.443261594018885,45.73234245516643],[10.443345030613115,45.732444082482104],[10.44630252552474,45.73570457073209],[10.446410982204723,45.73582382752617],[10.446687758539884,45.7358084144692],[10.447608435096909,45.73556276501902],[10.454043890653693,45.73902918301983],[10.462333906897715,45.74639886559601],[10.464632540154778,45.748837791154536],[10.466333344275744,45.751244471628915],[10.467757462725702,45.75385524727463],[10.470234057256185,45.756620325202995],[10.474536405101396,45.76028035681422],[10.477018339730698,45.76201569793988]]]},"properties":{"name":"Idro","op_id":"2381","minint_elettorale":"1030150760","minint_finloc":"1030150760","prov_name":"Brescia","prov_istat_code":"017","prov_istat_code_num":17,"prov_acr":"BS","reg_name":"Lombardia","reg_istat_code":"03","reg_istat_code_num":3,"opdm_id":"2095","com_catasto_code":"E280","com_istat_code":"017082","com_istat_code_num":17082}},
{"type":"Feature","geometry":{"type":"Polygon","coordinates":[[[10.399414667581318,46.198476111342984],[10.398628955798527,46.19647813455284],[10.398626958235113,46.191852966267085],[10.391050517258419,46.19226102400218],[10.375429953964822,46.19759147390597],[10.361931432345322,46.20248135606755],[10.360182968330736,46.20315098254166],[10.35771658721576,46.203946543864035],[10.353700901695378,46.20497392621682],[10.3512119780206,46.20548664629794],[10.350870567170256,46.20549827782461],[10.350818003036004,46.20549646810133],[10.35047324325507,46.20548459550102],[10.350120586161816,46.205364088277946],[10.348174528731057,46.20365938836314],[10.350870811937114,46.210449725580304],[10.353309206383159,46.21862459750729],[10.35150174343384,46.22139048195259],[10.347102411455321,46.2246862091232],[10.345848982124311,46.225851149545655],[10.34421983523468,46.22774744997001],[10.344054426243742,46.22794867493636],[10.343884275480303,46.22832120904311],[10.343674272747807,46.228868623988966],[10.343355130153004,46.229863788339344],[10.343234982292845,46.23032641853644],[10.341784583300754,46.23907160092541],[10.341763878335481,46.25249675587403],[10.341902589419407,46.262377056976554],[10.33894670935323,46.26895438756568],[10.33844299083844,46.27134135939729],[10.33839276187676,46.27407320119559],[10.338798046352967,46.27651350755175],[10.33887688443604,46.276773779902605],[10.339318118013187,46.27741573290446],[10.339448737684046,46.27760235675315],[10.339667144974173,46.277864784802254],[10.339878325276244,46.2780074439835],[10.341329833281279,46.27854997066359],[10.342705470423851,46.27846375632158],[10.344712110544759,46.278152691354414],[10.34699028196744,46.2771792310288],[10.347296058677333,46.2770099013957],[10.348202534779963,46.276431862441555],[10.348918176139444,46.27596566140695],[10.349101313422414,46.27572516543709],[10.349142039185901,46.275327275583344],[10.357396128610072,46.260400000533906],[10.362582526439217,46.255419790931626],[10.370434094044594,46.24853099783775],[10.37284128487962,46.24037364923484],[10.372593236112637,46.23350610375849],[10.375051503730488,46.231205909189356],[10.38620627398613,46.2210138411766],[10.386377295133414,46.22086837737004],[10.387957013144916,46.22041436720129],[10.388947701261497,46.22013200527309],[10.389364047622976,46.219968867502615],[10.389494704528271,46.2199176707147],[10.390587348610078,46.21948535623882],[10.391549508563529,46.219103688455085],[10.392362871170324,46.21757263925593],[10.392521048449021,46.21718176359681],[10.39380142561539,46.21392915944148],[10.39634534908531,46.20608206317831],[10.39583044302248,46.20404873410805],[10.39573514080017,46.20393399420866],[10.395666678775717,46.203749958499166],[10.395606613159794,46.20354479591833],[10.395634673191307,46.20310247485491],[10.395807492145583,46.202597680197734],[10.397744846380421,46.19997377646013],[10.398155652970848,46.199599557467586],[10.399414667581318,46.198476111342984]]]},"properties":{"name":"Incudine","op_id":"2382","minint_elettorale":"1030150770","minint_finloc":"1030150770","prov_name":"Brescia","prov_istat_code":"017","prov_istat_code_num":17,"prov_acr":"BS","reg_name":"Lombardia","reg_istat_code":"03","reg_istat_code_num":3,"opdm_id":"2096","com_catasto_code":"E297","com_istat_code":"017083","com_istat_code_num":17083}},
{"type":"Feature","geometry":{"type":"Polygon","coordinates":[[[10.287072018530306,45.762038354667006],[10.286947978947852,45.76279581381074],[10.28690214288842,45.763039356539416],[10.28661553615831,45.763438609081255],[10.286187942958376,45.763857457954366],[10.283810747046923,45.76562132985317],[10.283202496676934,45.766015192437365],[10.281679220431622,45.766887365048355],[10.280547689521638,45.76745809045402],[10.280412438235187,45.76772963763245],[10.280322942903863,45.768315680728875],[10.28037100102653,45.76872918372772],[10.280521494182036,45.76912351988062],[10.284287280868606,45.7751747520868],[10.284433894314539,45.775398120006194],[10.28488494272123,45.775996097675254],[10.286099661348082,45.77735953291887],[10.289005512040386,45.78009898179507],[10.294037452120488,45.782976314978036],[10.2945313831655,45.783195734970754],[10.294595388537823,45.78322183819297],[10.295089809854854,45.78342340982818],[10.298554829896807,45.784725178103365],[10.3002779242281,45.785245621822064],[10.30201372295058,45.78575689847959],[10.302803303906956,45.78596391733945],[10.303564873504902,45.78607222689071],[10.30810709097883,45.78665935490503],[10.312204696514028,45.786936383196256],[10.319175357535379,45.78574902846113],[10.315336097680998,45.78304969961914],[10.31312592348076,45.7781776273168],[10.314669892997385,45.775519002163186],[10.313387151761543,45.77097243987087],[10.312813142545926,45.76967745470611],[10.312690830137726,45.76940660497768],[10.312677727782313,45.76938262447124],[10.31207598066405,45.7684916475801],[10.311773157363058,45.76804908303726],[10.311390799778055,45.767565586111665],[10.308588243157153,45.76751286430356],[10.30132968070737,45.76645560714497],[10.295583317823242,45.76434453447271],[10.29003936679272,45.76231364423646],[10.287072018530306,45.762038354667006]]]},"properties":{"name":"Irma","op_id":"2383","minint_elettorale":"1030150771","minint_finloc":"1030150771","prov_name":"Brescia","prov_istat_code":"017","prov_istat_code_num":17,"prov_acr":"BS","reg_name":"Lombardia","reg_istat_code":"03","reg_istat_code_num":3,"opdm_id":"2097","com_catasto_code":"E325","com_istat_code":"017084","com_istat_code_num":17084}},
{"type":"Feature","geometry":{"type":"Polygon","coordinates":[[[9.999832460782736,45.67210668230344],[10.006133050908058,45.67263647993139],[10.0250013946613,45.67377384015864],[10.027725315170755,45.67388439354013],[10.044371775781554,45.67493951438915],[10.04671520494076,45.6752961042925],[10.04941066739941,45.67593743761532],[10.054545170593057,45.67791533380034],[10.055631689621944,45.678337347466716],[10.056055000356322,45.678531398626056],[10.057418769918858,45.67913988286783],[10.058741148320934,45.67981170819296],[10.059572146805227,45.68029903945869],[10.061065767746166,45.68119426867705],[10.062198046161043,45.68199381370311],[10.062693598449,45.68239424809176],[10.063164149541633,45.68283089491152],[10.06366534443633,45.68352829346086],[10.063998608127807,45.684173262212774],[10.064943109523584,45.6865766719019],[10.065400162396669,45.68832757071168],[10.065509200735178,45.689293186171724],[10.080749846545487,45.689146414226364],[10.080490498111963,45.680967173263866],[10.081018151343153,45.679377133268915],[10.081126404701033,45.6792422394988],[10.081435329465645,45.67885728979657],[10.08191898990664,45.67858473559432],[10.081952950631837,45.67856730325588],[10.083904532348301,45.677626592914024],[10.086890446122583,45.675574469714476],[10.091728294470876,45.67190519431489],[10.097327133584898,45.66765591292766],[10.100515384447966,45.66520894798545],[10.10596231453909,45.6604966859989],[10.102729672651964,45.659631410416694],[10.099665167627336,45.65844301991772],[10.094624526842603,45.656017367619405],[10.091818368977803,45.65437429058021],[10.086538408362655,45.652126499324304],[10.084075971244303,45.651139629571276],[10.079341884068546,45.651024018143985],[10.061169945952729,45.647766458407574],[10.057264364572266,45.645690630538134],[10.047028853023194,45.64570648113576],[10.044745503889558,45.64599747822444],[10.041603526268231,45.64669150218991],[10.041212861753293,45.64815226988949],[10.040565755142548,45.648884562278695],[10.033562773409635,45.650413412367875],[10.028713995527465,45.64819934867666],[10.026576409973599,45.64706451234735],[10.026196724319027,45.64626955901682],[10.025783261444522,45.64539238705917],[10.025585091091882,45.64496100536753],[10.02129906647581,45.64539321419033],[10.010447749673126,45.646184614594965],[10.003345277136994,45.6489346089383],[9.993592731757126,45.65161027393864],[9.98940190734551,45.65173141017284],[9.984071604773703,45.651046865678964],[9.979128243188848,45.650045592652354],[9.977697953357815,45.6523255863504],[9.979184036319174,45.6531585285059],[9.97938569001179,45.653566224695645],[9.979405011985857,45.653607196844504],[9.979450980788622,45.65370467512292],[9.98024881018301,45.65620704475485],[9.98018059035475,45.65666679387298],[9.980096512219207,45.65706539174256],[9.979873541498874,45.657600545746405],[9.976391750143497,45.66328250784297],[9.973224723639708,45.666505854594945],[9.974015412662846,45.66702830463147],[9.975133701304138,45.66743280377765],[9.983824244940312,45.66927546524381],[9.999832460782736,45.67210668230344]]]},"properties":{"name":"Iseo","op_id":"2384","minint_elettorale":"1030150780","minint_finloc":"1030150780","prov_name":"Brescia","prov_istat_code":"017","prov_istat_code_num":17,"prov_acr":"BS","reg_name":"Lombardia","reg_istat_code":"03","reg_istat_code_num":3,"opdm_id":"2098","com_catasto_code":"E333","com_istat_code":"017085","com_istat_code_num":17085}},
{"type":"Feature","geometry":{"type":"Polygon","coordinates":[[[10.313696717123825,45.3294559975271],[10.3146942270308,45.327720312168516],[10.318457294045452,45.32561080677096],[10.326398581314702,45.322934474436316],[10.32826382197063,45.32233445204889],[10.331805640778942,45.32143768448309],[10.335333662958007,45.32076620320997],[10.335869408414911,45.3210383727014],[10.342127453353747,45.31922350376413],[10.342072654364934,45.319132756110825],[10.341939458109698,45.318885548428085],[10.341495189142979,45.31801823997152],[10.341351774295124,45.317727602593465],[10.341322518390836,45.31762810216797],[10.340671242783904,45.31335990768082],[10.33953221947115,45.30261279106439],[10.339765134502025,45.302532024964705],[10.341918737494524,45.301886417216245],[10.337011194458473,45.29371143873735],[10.336969642638712,45.293630506801115],[10.33693809125579,45.293475303545414],[10.336810417093083,45.29247739036673],[10.336737627650724,45.291691908624806],[10.336715380576612,45.29135793483047],[10.33670886324318,45.29126009294106],[10.33665497071566,45.290410587239535],[10.336647735563854,45.2902850021436],[10.33655524214431,45.28835361061622],[10.337125662238044,45.28662595370966],[10.334196651620262,45.28732947325791],[10.325395595759208,45.2842506431974],[10.310526681905149,45.28473061481953],[10.307821905179267,45.28493866269361],[10.307775175312228,45.288241332681174],[10.30080651912142,45.29174167935861],[10.29818927458484,45.29388993795492],[10.29816418403861,45.29851066055694],[10.298338855995494,45.301891221177954],[10.298353528357927,45.30202325895304],[10.298429696974294,45.30237726057563],[10.298446761541475,45.302456568426585],[10.298564099119096,45.30300095546537],[10.298686760660608,45.30352607265712],[10.299035220543084,45.3047079805755],[10.29403747213128,45.311358949266186],[10.286485169184672,45.3122469480976],[10.287118542691072,45.319940378323174],[10.287551359997389,45.32329507975939],[10.28774653806051,45.324666975324],[10.288025053359934,45.32626748488371],[10.28830021281618,45.32783912760342],[10.289955392512374,45.32789763052093],[10.290685979034015,45.327918909419296],[10.296701081073177,45.32799522286249],[10.305387103650931,45.32784690094346],[10.312411514410647,45.3267105308909],[10.314109327845516,45.32787352454306],[10.313696717123825,45.3294559975271]]]},"properties":{"name":"Isorella","op_id":"2385","minint_elettorale":"1030150790","minint_finloc":"1030150790","prov_name":"Brescia","prov_istat_code":"017","prov_istat_code_num":17,"prov_acr":"BS","reg_name":"Lombardia","reg_istat_code":"03","reg_istat_code_num":3,"opdm_id":"2099","com_catasto_code":"E364","com_istat_code":"017086","com_istat_code_num":17086}},
{"type":"Feature","geometry":{"type":"Polygon","coordinates":[[[10.437977376257571,45.79643952011198],[10.437615246291527,45.79290462626447],[10.437674025504146,45.79123674104003],[10.438726054401148,45.78821702040128],[10.438963209663783,45.78790921382339],[10.439535376091118,45.78752382947186],[10.44101957158238,45.78673352714366],[10.443169637965353,45.77923415966647],[10.440861280761125,45.77490816783958],[10.440639637156382,45.77449029408646],[10.441087679406966,45.77368012658952],[10.44124011690744,45.773487684047254],[10.44132355017292,45.77342412999381],[10.441444660476881,45.77333626641012],[10.442743362184666,45.77252858633911],[10.444107066628302,45.77211693196069],[10.451041052005051,45.77087527258621],[10.45267771674742,45.77099205726209],[10.455019086088276,45.77126683616658],[10.458806990918948,45.771635307150085],[10.460283705921917,45.7714746771024],[10.46244464834894,45.77113070920417],[10.46431781089705,45.770824061611755],[10.4675116212476,45.77017050133058],[10.467887550133767,45.77008426820771],[10.468086194786522,45.77003573046351],[10.474047301116975,45.766573120762324],[10.474757278277544,45.76615418711828],[10.477018339730698,45.76201569793988],[10.474536405101396,45.76028035681422],[10.470234057256185,45.756620325202995],[10.467757462725702,45.75385524727463],[10.466333344275744,45.751244471628915],[10.464632540154778,45.748837791154536],[10.462333906897715,45.74639886559601],[10.454043890653693,45.73902918301983],[10.447608435096909,45.73556276501902],[10.446687758539884,45.7358084144692],[10.446410982204723,45.73582382752617],[10.44630252552474,45.73570457073209],[10.443345030613115,45.732444082482104],[10.443261594018885,45.73234245516643],[10.442916283359406,45.73190301327861],[10.443321343709286,45.7306500647066],[10.435554809521692,45.72183847345182],[10.431253102685835,45.72350000543434],[10.425065813403924,45.72589850537467],[10.419766424496217,45.731393175942166],[10.422077152155994,45.73338832426296],[10.423747850689672,45.737652394452155],[10.421763391980019,45.74101690296931],[10.420407485205892,45.74260083189131],[10.419102832395827,45.74363492446232],[10.412544601139231,45.748167055773415],[10.407856115055342,45.75057753936724],[10.404102694287202,45.7503496079332],[10.403318047599997,45.75022844105931],[10.402150463634928,45.750080956611605],[10.402039772232872,45.75006697426248],[10.400955047920172,45.75063602825402],[10.399549893440406,45.75145723132207],[10.397951159449029,45.75244692290822],[10.397867589579247,45.752523255293795],[10.397263042443516,45.753133489217454],[10.39463497426909,45.75965359465522],[10.394588020829842,45.759838657101454],[10.394581313739172,45.759979241333454],[10.39460711337305,45.760195638411155],[10.394662892786709,45.760345657665106],[10.397807131922349,45.76592804738783],[10.400964645061677,45.772218291868796],[10.397398213504726,45.78743259626041],[10.394558968416058,45.78860095406757],[10.394326949589558,45.78869587465885],[10.393735011914986,45.7889380337271],[10.383183497775253,45.79098452549032],[10.382288846419492,45.79108543913539],[10.381587531675978,45.79113171252349],[10.381899143453893,45.791766989957324],[10.383447477112513,45.79350338456756],[10.384635216244554,45.794704086422705],[10.386831067432833,45.79608155653051],[10.387104970330537,45.796231227414836],[10.399060715225701,45.801449836562064],[10.402353835322195,45.80191349632626],[10.404781609898912,45.80122661395932],[10.410111066981083,45.80079192404446],[10.432699310203137,45.79744163615797],[10.437977376257571,45.79643952011198]]]},"properties":{"name":"Lavenone","op_id":"2386","minint_elettorale":"1030150800","minint_finloc":"1030150800","prov_name":"Brescia","prov_istat_code":"017","prov_istat_code_num":17,"prov_acr":"BS","reg_name":"Lombardia","reg_istat_code":"03","reg_istat_code_num":3,"opdm_id":"2100","com_catasto_code":"E497","com_istat_code":"017087","com_istat_code_num":17087}},
{"type":"Feature","geometry":{"type":"Polygon","coordinates":[[[10.163346500241923,45.39126439002011],[10.164200048393399,45.39295111064746],[10.17159472546469,45.39291942696573],[10.18381798106373,45.39776493766196],[10.187506921182646,45.399291132559014],[10.187732185045864,45.400938335572015],[10.18923856207928,45.40304203719477],[10.193107846439865,45.40841534733063],[10.197282311544882,45.4100839700562],[10.197590569918741,45.410126581673964],[10.197929848605073,45.41011317602646],[10.198997738447883,45.40978780634372],[10.201003040867251,45.40916874622353],[10.201408247982355,45.40903645608117],[10.201358720688054,45.40890166945954],[10.201267135566745,45.40875654163565],[10.201098569168426,45.40848900448945],[10.200819467320045,45.40794293176102],[10.200669476540432,45.407632730466375],[10.20063447724949,45.40750315554327],[10.203008581343964,45.40656703027862],[10.203596220638527,45.406337456026854],[10.210270858454878,45.405264964754956],[10.213624269957208,45.40533332582226],[10.214691604969671,45.40640035367617],[10.21905864057728,45.410584049677105],[10.21937052338163,45.410574473262585],[10.219883241297772,45.4104731249996],[10.220774087966236,45.410289853892685],[10.222810779815006,45.40984115130673],[10.223382181371795,45.40968953477958],[10.223760772789962,45.40957669790078],[10.221126892103829,45.40506027570946],[10.220516211520273,45.403899502639895],[10.220463157483243,45.4033049747485],[10.220444230586923,45.40302833257824],[10.224415980305205,45.40206575955752],[10.22992980518695,45.40074113374311],[10.232241885782175,45.400217807492716],[10.233302913788732,45.40003769667386],[10.234206759342948,45.399880616880615],[10.23756431802798,45.39925185898223],[10.239274587164665,45.39890903065043],[10.241660685273775,45.398374445136234],[10.242790107694498,45.39808796734547],[10.243831135656961,45.39776932075164],[10.245378107407719,45.39715470193086],[10.245521335247465,45.39709379424067],[10.245328976653802,45.39173805798707],[10.246896732543684,45.38692859522715],[10.249218110852642,45.383968905854026],[10.253781255626494,45.3776178299068],[10.258967963498586,45.3678212959887],[10.261944647241673,45.36235271067728],[10.267255386044507,45.36172291853034],[10.268153283696664,45.36161101975437],[10.269204788746894,45.361378921712664],[10.269475075512917,45.361118802095106],[10.268141644934714,45.35441104945546],[10.265015959402458,45.34902759656629],[10.264420006289996,45.348868768736565],[10.264174691641108,45.348685398654176],[10.26366701046437,45.34817344597654],[10.263627010166056,45.348085980917794],[10.263649268906999,45.345961620023196],[10.264585024060233,45.34471510818659],[10.267326060845937,45.34283650917585],[10.267424970122267,45.34279928255277],[10.267616944393769,45.342771819157676],[10.268282516013532,45.34268515404162],[10.267805894782034,45.337014731990514],[10.263912741686198,45.32539110220673],[10.254411712477436,45.321773650146575],[10.247398456062635,45.31915702380391],[10.243049016984887,45.31662290741811],[10.242789091688273,45.311530456635175],[10.23865117813299,45.31236136577392],[10.228294385805452,45.31600708315012],[10.217686211955957,45.321527852093354],[10.215279858704388,45.3234193025944],[10.210514042847603,45.32428302745853],[10.209244855904325,45.324478968624966],[10.209024116261764,45.324510969982356],[10.20838387588967,45.32456349605201],[10.207559908342905,45.324527391682786],[10.2040283573796,45.32385330703232],[10.20121836092308,45.3213701925467],[10.199893341423932,45.31993597863203],[10.198598481500666,45.32021297447465],[10.198103451936657,45.32033519308411],[10.197331007710734,45.320613327556806],[10.194272900463416,45.32245736343359],[10.194015350876278,45.32266773760919],[10.193886769001981,45.322782445977815],[10.193726794148924,45.32305008367376],[10.193676124638579,45.32319223287214],[10.193650329345918,45.32330426430114],[10.193654279356537,45.32349476537523],[10.193680575833625,45.32355725751697],[10.193723047258727,45.32363349679716],[10.193806580414973,45.323728689616914],[10.193863450256888,45.323793496831335],[10.193969482055738,45.323874706437266],[10.194114527769443,45.323940421611184],[10.194447936281883,45.32399211372981],[10.195172033769555,45.32981199114378],[10.188263555292203,45.33096481113033],[10.179379438382549,45.33407627709326],[10.179027329607539,45.335360445327886],[10.180377924477554,45.33738827200178],[10.182156638404054,45.34103509842089],[10.176445041116141,45.35163346521165],[10.175841963183984,45.356867366543796],[10.171711683910793,45.3665664835325],[10.171093009727104,45.36808867747002],[10.171077748185354,45.36816471547806],[10.17114865578892,45.36853885021734],[10.171387682111035,45.36894324248832],[10.171707295614405,45.36946221394736],[10.171878217113303,45.36973448872937],[10.172249791038153,45.37032058415725],[10.17276036499365,45.37110796168699],[10.174198570976312,45.37327652664662],[10.174552168805947,45.37380846236951],[10.175243140485678,45.37483724803885],[10.175996054880756,45.37595660225519],[10.1760623516437,45.37605695976283],[10.176265087251013,45.37707004445673],[10.17628087435,45.37715077700833],[10.176292920321591,45.37724572521901],[10.176283629082613,45.37732735516263],[10.175981119426213,45.378595790424455],[10.175846582378593,45.37915648623594],[10.175518452706928,45.38036743731068],[10.175498861981222,45.38042777695693],[10.168439230273504,45.38528489514852],[10.166896680306332,45.385608530289794],[10.165653775407405,45.38725948429403],[10.16387921798589,45.38979779422199],[10.163346500241923,45.39126439002011]]]},"properties":{"name":"Leno","op_id":"2387","minint_elettorale":"1030150810","minint_finloc":"1030150810","prov_name":"Brescia","prov_istat_code":"017","prov_istat_code_num":17,"prov_acr":"BS","reg_name":"Lombardia","reg_istat_code":"03","reg_istat_code_num":3,"opdm_id":"2101","com_catasto_code":"E526","com_istat_code":"017088","com_istat_code_num":17088}},
{"type":"Feature","geometry":{"type":"Polygon","coordinates":[[[10.798776391604246,45.83604498175351],[10.7988929902193,45.83596580234904],[10.799536293520527,45.83554566043754],[10.800803931555123,45.834822112507794],[10.80186415873038,45.83463108416183],[10.803300147035335,45.83443733407534],[10.803582894345947,45.83441493339776],[10.804005272006586,45.83445634548535],[10.820269533363941,45.83687504251412],[10.82288678920309,45.837348847460966],[10.824120894362157,45.837547121698485],[10.825072717135212,45.83769997415942],[10.825385177982533,45.83774488054019],[10.825530180568892,45.837728976677774],[10.825861305378808,45.83768802164843],[10.837333029101115,45.833748227454585],[10.838733510046966,45.8332583442607],[10.839369168800138,45.833035146409216],[10.839917837575298,45.832841594154225],[10.840150472097324,45.83275599762336],[10.840022012843251,45.832390060104295],[10.83986491828384,45.831942558123764],[10.839551660813354,45.83105018914025],[10.838608246974946,45.8283625230668],[10.838334486161571,45.827582562978044],[10.83810789116218,45.827020473985755],[10.834549782621911,45.818192694873225],[10.833512748018537,45.81679623930535],[10.832468511338181,45.815570898658514],[10.830261565951318,45.81342811517724],[10.82699987384336,45.81110414153557],[10.826601630460708,45.81093050163602],[10.824996427707308,45.81025410524171],[10.819319676838816,45.807068412871665],[10.816267840989813,45.805037816475355],[10.815531146614127,45.80454548485138],[10.815362043177148,45.80443247117684],[10.814873399835573,45.80410590144855],[10.814781320821238,45.804044362602276],[10.814733906362035,45.80399241636977],[10.80959101201359,45.79835725460389],[10.80874381047087,45.79732408830539],[10.808119608037565,45.796562408381185],[10.783664593542156,45.799845129279205],[10.783154373724619,45.79987093855547],[10.782998049788656,45.79987362722875],[10.782709755742223,45.79976111150085],[10.777042265489564,45.80080350382383],[10.77289428873904,45.80269510248148],[10.7678580564087,45.80499626133885],[10.756971447088576,45.813210848052606],[10.75522150577514,45.81814311874106],[10.755000624222372,45.820126664920146],[10.7548337673227,45.82219039396698],[10.75476943162062,45.8238295016974],[10.755061834456011,45.82821733164924],[10.755859137177685,45.82982520603473],[10.755945299296489,45.82995822378104],[10.756350437366498,45.83002690384183],[10.7596256421319,45.835819942261175],[10.759839215776413,45.83663102484502],[10.760042613965494,45.83714672415996],[10.76034095413043,45.83763913147229],[10.76306494723209,45.839960982548064],[10.764195433759868,45.84059620492543],[10.76479842777646,45.84084785018049],[10.765423425771731,45.841076961814295],[10.767872840909178,45.841898220928975],[10.769623424879368,45.842384333873916],[10.770552058827843,45.84262687752557],[10.77119841720186,45.842716276478534],[10.77263434446734,45.84291458508049],[10.77463094199446,45.84307647061587],[10.776571829393669,45.843040980254706],[10.777204778688635,45.84302818772616],[10.778144518065726,45.84260357809294],[10.780255091358997,45.84023487828658],[10.781969728289392,45.83798317305566],[10.783813688926758,45.83645860015154],[10.788646117726522,45.834356608948426],[10.791214673849492,45.83345736510794],[10.792212344158008,45.8336263969252],[10.79568343601851,45.83576566662901],[10.798776391604246,45.83604498175351]]]},"properties":{"name":"Limone sul Garda","op_id":"2388","minint_elettorale":"1030150820","minint_finloc":"1030150820","prov_name":"Brescia","prov_istat_code":"017","prov_istat_code_num":17,"prov_acr":"BS","reg_name":"Lombardia","reg_istat_code":"03","reg_istat_code_num":3,"opdm_id":"2102","com_catasto_code":"E596","com_istat_code":"017089","com_istat_code_num":17089}},
{"type":"Feature","geometry":{"type":"Polygon","coordinates":[[[10.297574235903292,45.72506521471683],[10.301931889763424,45.719691519823144],[10.30175760650826,45.717052937153674],[10.299874816167355,45.71190234457549],[10.299747596615614,45.71158820420243],[10.299612852861893,45.711257020647054],[10.29899534184284,45.709809091946205],[10.294201975681094,45.70388131092855],[10.29212726695162,45.7019051651792],[10.278861761045516,45.69130559320815],[10.27822754359431,45.69136758820622],[10.277994803984427,45.69138878813381],[10.276292090688017,45.69139592603886],[10.272924251693633,45.691181345422244],[10.271534646636782,45.69066181848774],[10.268580896305165,45.68955494941916],[10.268146236425967,45.692341122471994],[10.267964102409843,45.692936309560125],[10.267068501136945,45.69510080558469],[10.266762132077911,45.69583584871643],[10.266696502305527,45.69599135555781],[10.266462959575115,45.69651280050655],[10.259879892197723,45.69879572448656],[10.252954311698915,45.69982953643684],[10.25123839679616,45.69995956832147],[10.25019534753301,45.69998739717115],[10.2448693450638,45.6995089758765],[10.241587280108451,45.69911281606254],[10.24048283264064,45.70487999474923],[10.24483054136012,45.71112407326257],[10.247797147063947,45.716819124997286],[10.246644498138439,45.72469974621315],[10.246435670805962,45.72824202365741],[10.247249630431467,45.73042628928913],[10.247097891557393,45.73285577319709],[10.245754819606315,45.735188205252676],[10.249119202982866,45.737677837587015],[10.249620653452176,45.738023150981874],[10.251131360157844,45.73831069889982],[10.251805754979076,45.73784325238746],[10.253396397334479,45.736743076249034],[10.260603750510642,45.733916648765685],[10.263056134767169,45.733197406081835],[10.26347086328001,45.73314423341226],[10.271671048015623,45.732161288573614],[10.281102038439718,45.73005731125334],[10.292169042717488,45.7297190680199],[10.29610259388537,45.73010947952766],[10.297574235903292,45.72506521471683]]]},"properties":{"name":"Lodrino","op_id":"2389","minint_elettorale":"1030150830","minint_finloc":"1030150830","prov_name":"Brescia","prov_istat_code":"017","prov_istat_code_num":17,"prov_acr":"BS","reg_name":"Lombardia","reg_istat_code":"03","reg_istat_code_num":3,"opdm_id":"2103","com_catasto_code":"E652","com_istat_code":"017090","com_istat_code_num":17090}},
{"type":"Feature","geometry":{"type":"Polygon","coordinates":[[[10.09409256034062,45.48222110852616],[10.086908555237258,45.478178209984854],[10.087954253774985,45.4808814295232],[10.088362484198989,45.482482488302345],[10.088635795219881,45.48360216963892],[10.088533713970905,45.48366623188745],[10.087082864371474,45.48424919499733],[10.086753267291558,45.48437598084534],[10.073950963159415,45.47858466299256],[10.075767237324943,45.47313067591187],[10.074997630869392,45.46767804249121],[10.07135184640301,45.46691082099046],[10.066375759745558,45.464878125116265],[10.066020772825773,45.46165149006911],[10.058164236569377,45.46547403219681],[10.05700840854818,45.46621188594676],[10.05582719362567,45.46867916328125],[10.055275156989355,45.47079957554758],[10.055519720006494,45.47356316919392],[10.050706943344824,45.47923620864293],[10.04623804651344,45.48588457056183],[10.046574266526454,45.491900144976064],[10.046633806879747,45.493464497937055],[10.043955055535745,45.49380517396382],[10.043989513979175,45.496442953411254],[10.043990653011512,45.49649904726064],[10.044117034684483,45.49781085577944],[10.044135079185558,45.49796444868634],[10.044296781678185,45.498602592930396],[10.044350586527713,45.498800378563764],[10.045793857553864,45.50345102382998],[10.0471999368516,45.504612521469305],[10.047461787048771,45.50457372876201],[10.047890140808875,45.504538619665134],[10.048926890609383,45.50445882235482],[10.0510448254173,45.506497392972115],[10.051504986451771,45.508427694330386],[10.054873646464493,45.50821706862522],[10.063058335272084,45.505884452775135],[10.070906026645345,45.499326988258595],[10.074797419220433,45.496931420123346],[10.077202487020278,45.49577286958231],[10.0789414650852,45.49539396066295],[10.083039145903696,45.496958929238524],[10.088410945746586,45.49942181543622],[10.08886699189319,45.49939418630464],[10.092342153576833,45.498167526698424],[10.096896720378535,45.49598261657668],[10.105708916535464,45.490705131721484],[10.10520320386044,45.48895030507644],[10.10357734212507,45.48520881572726],[10.10279617418442,45.485390488809294],[10.10146224796944,45.48570888780956],[10.100006783643039,45.48605060271379],[10.098479611008138,45.48631838692217],[10.09765307099424,45.4860190328686],[10.093824008749042,45.483511946938684],[10.09409256034062,45.48222110852616]]]},"properties":{"name":"Lograto","op_id":"2390","minint_elettorale":"1030150840","minint_finloc":"1030150840","prov_name":"Brescia","prov_istat_code":"017","prov_istat_code_num":17,"prov_acr":"BS","reg_name":"Lombardia","reg_istat_code":"03","reg_istat_code_num":3,"opdm_id":"2104","com_catasto_code":"E654","com_istat_code":"017091","com_istat_code_num":17091}},
{"type":"Feature","geometry":{"type":"Polygon","coordinates":[[[10.440320870002369,45.47084196447437],[10.440612345571735,45.47359085647426],[10.440759011340363,45.474558599666366],[10.440789872750786,45.4747097818503],[10.440838582507437,45.474922721233625],[10.440938338241423,45.475339821255815],[10.441322454021536,45.4768098595182],[10.441672315325885,45.47806076195499],[10.441746212977515,45.47830619859575],[10.442277853981,45.47998616265352],[10.444110708243418,45.48552143541736],[10.444288187238874,45.48592063571514],[10.444690597630096,45.48681240768627],[10.445672602452296,45.48898331210395],[10.445842980089147,45.48919114418951],[10.44611814095365,45.48950586164578],[10.446195061434851,45.489572675635756],[10.449385856713974,45.49198033485139],[10.450987067389686,45.492662788794206],[10.455463443249247,45.49561718590654],[10.461383416384033,45.50298007506579],[10.464111883952159,45.50684119053098],[10.474750116391206,45.50651097149081],[10.475209280697435,45.50644213394242],[10.475706004767781,45.50634570219006],[10.477954554772408,45.50568654239685],[10.478232778515931,45.505556924168395],[10.479833590822645,45.50356605917652],[10.482976575721091,45.499315094591864],[10.482866467784266,45.49553799673565],[10.483078357999794,45.49453190051133],[10.48347131062643,45.493689424946325],[10.483870988261776,45.493448176299175],[10.49035140485163,45.491895912772804],[10.497946997695559,45.493333906761315],[10.504675229703418,45.489798530564826],[10.515223323623426,45.489234103356665],[10.518165588399768,45.490136256724334],[10.518280538032196,45.490171718111526],[10.520787696747293,45.49094512938713],[10.520487355405217,45.487471805626484],[10.519273314119346,45.483323193976716],[10.5189502193015,45.48282634031867],[10.51886429320268,45.48269820774418],[10.518119961338416,45.481832358790335],[10.515911687235127,45.47962372058347],[10.51504316367273,45.47882417335512],[10.510956424599794,45.475612187711405],[10.50754633862331,45.47335518222687],[10.506965884214683,45.47338138926887],[10.506874916251698,45.473376519183276],[10.506225789067008,45.47333049001324],[10.506163827722572,45.47332515937515],[10.504970166271312,45.473219199264555],[10.50441444985241,45.47309387015558],[10.503795196775267,45.47279998993985],[10.503207916634945,45.472210469598316],[10.502263900465369,45.4710088986932],[10.502198316170706,45.47076310974553],[10.50206110059274,45.470211429024786],[10.502026925158624,45.4700123572701],[10.502008422026252,45.46987157836603],[10.502003179167604,45.46971708720571],[10.5024308104461,45.46775781688853],[10.50257530438087,45.467104694624865],[10.502880964059218,45.46612285949282],[10.503032013484535,45.46579129136563],[10.503297454424558,45.46522231287844],[10.503386709105072,45.465125814840825],[10.50362340943904,45.46496786112184],[10.503730604965948,45.46489632825682],[10.504278772224767,45.464552966833665],[10.504344670612575,45.4645126886734],[10.504577148202598,45.46437059565762],[10.506177989381449,45.46354878766745],[10.506991924032032,45.463229780008476],[10.50756225425875,45.463199187776276],[10.507670495832528,45.46316993600499],[10.50860800937742,45.46284929876052],[10.508990257629684,45.46269461196899],[10.509216887850682,45.46260234287655],[10.50933252545598,45.46252150468616],[10.51091387750928,45.46094600737548],[10.511926307151048,45.45990609725855],[10.513118102915943,45.458658933203814],[10.51364726510165,45.45790799468216],[10.514391618452928,45.456836960174705],[10.51481721302372,45.45597085374244],[10.512623013967264,45.45324731500052],[10.510419982498473,45.450103890629386],[10.512251673258078,45.446706255959405],[10.515454273980668,45.44179377359402],[10.525330725370521,45.44057282328235],[10.531071459449983,45.440290439094305],[10.532205735547528,45.440219850290184],[10.535617338838543,45.4382180933416],[10.536938636065008,45.43740165284185],[10.55126171872675,45.42827803495306],[10.559527179380346,45.420487969295216],[10.563626340745982,45.41245202734263],[10.56323429614342,45.41206323604176],[10.562544889696698,45.41124420793681],[10.56251157039761,45.41116070853585],[10.56242814329855,45.41089843090001],[10.562236458805922,45.41029580009787],[10.562244465196287,45.410195928928644],[10.562942398853163,45.408522997428584],[10.563078762781098,45.408209802212724],[10.563416082718122,45.40759033109693],[10.56612837946259,45.40338744095369],[10.567238766820218,45.40173468563183],[10.567296154438292,45.40165608778602],[10.568241785984045,45.400944873591875],[10.568482860607256,45.400776037096335],[10.568869205394892,45.40051004225792],[10.569179114762562,45.40029767954865],[10.569556084842048,45.40004524837705],[10.56958922484228,45.400024481361534],[10.570140092747987,45.39969308534084],[10.574839631695106,45.39703368134474],[10.57541167503809,45.39671195015698],[10.57585221164261,45.39669776239151],[10.58146068942258,45.39697810328419],[10.581709806495155,45.39700469948863],[10.582011489524893,45.39705887614454],[10.591707373000755,45.39933907721204],[10.590671535167205,45.396840458957406],[10.594009378996159,45.39569403215513],[10.594169319942557,45.39578019264426],[10.594343857226376,45.39584792139713],[10.595652084428991,45.396305576722625],[10.595964081035875,45.396408254357],[10.596485341362772,45.39656539286626],[10.596757711682303,45.396640337399646],[10.597148318136709,45.396699495542116],[10.598102792059146,45.39631833805804],[10.598172640118849,45.39628389353782],[10.600454767796922,45.39508548336538],[10.601355172971227,45.39323079776574],[10.601595971545331,45.392018134532655],[10.600446245354238,45.390372046643556],[10.597927322124113,45.38728401810376],[10.592223337579522,45.385082283569595],[10.590774913695688,45.38490444569813],[10.585361816256203,45.38363853149585],[10.583166056988293,45.38276886829734],[10.582065440526845,45.38223504599571],[10.57999148433423,45.38114762825717],[10.575863403656141,45.38243785268818],[10.565831050502089,45.387328552720604],[10.555872961125845,45.38800474538227],[10.554203738332335,45.38722636274317],[10.552926745341566,45.38677566168095],[10.551162071415469,45.386241574430684],[10.549748356447614,45.385927710676626],[10.548111233515652,45.38584216676292],[10.546658744058934,45.386915001784246],[10.543413812453556,45.38972224200957],[10.541125947984472,45.39109418265052],[10.532335888566914,45.39815245988602],[10.527505701613784,45.402870827519926],[10.523976768948625,45.405636359400404],[10.520464574748718,45.40808651079869],[10.519217549658848,45.40876020744587],[10.518310684257353,45.409238122645384],[10.517692857641004,45.409563628228184],[10.51558547933813,45.41056376209602],[10.51143921243356,45.412265935688],[10.500096139074754,45.414395904367844],[10.498938312205247,45.414591140145134],[10.493999948192279,45.41501561216857],[10.493489727860963,45.414805118583196],[10.493381624320378,45.414751464998595],[10.492861603203464,45.41448969837917],[10.492581162700274,45.41433784665789],[10.481183092508083,45.413976687182554],[10.456223720443102,45.41548580063999],[10.455089398958542,45.415608285870526],[10.454352907264592,45.41579760102471],[10.453633965027153,45.41617567226234],[10.453414858811378,45.41634170421362],[10.45296949505722,45.41667918299876],[10.451185279050234,45.41859545151663],[10.456153075733727,45.42700278400477],[10.454713386899712,45.430792167530264],[10.452573348561382,45.43226339361325],[10.451590169435226,45.432948290626086],[10.44936545162266,45.43460139500091],[10.446244841422901,45.43699321567827],[10.44604500316544,45.437152836498214],[10.445948233328068,45.43730964880937],[10.44576520884853,45.43772516049165],[10.44572974274794,45.437819321739724],[10.4455283283235,45.4384535807119],[10.445366841166177,45.438971217530685],[10.445186559731894,45.43956412650904],[10.44393393562701,45.45410522376454],[10.442850774819389,45.468706959914755],[10.440320870002369,45.47084196447437]]]},"properties":{"name":"Lonato del Garda","op_id":"2391","minint_elettorale":"1030150850","minint_finloc":"1030150850","prov_name":"Brescia","prov_istat_code":"017","prov_istat_code_num":17,"prov_acr":"BS","reg_name":"Lombardia","reg_istat_code":"03","reg_istat_code_num":3,"opdm_id":"2105","com_catasto_code":"M312","com_istat_code":"017092","com_istat_code_num":17092}},
{"type":"Feature","geometry":{"type":"Polygon","coordinates":[[[10.046018055029071,45.438990307802264],[10.049223554449513,45.44196681904396],[10.06088398165197,45.44394654824257],[10.065958699122138,45.44512980096435],[10.068808361196682,45.44453625653428],[10.07275410139226,45.435194210096235],[10.072054958922697,45.43283434308213],[10.071893712277426,45.430193526064066],[10.070997848854036,45.428113680955875],[10.063263051459506,45.424828601756474],[10.058627133161025,45.42292799343777],[10.055579900927425,45.423190284754725],[10.05231212447857,45.427637270346466],[10.050603096180371,45.43156938790278],[10.049917045194944,45.43331862916454],[10.048526176048616,45.437478304248565],[10.046018055029071,45.438990307802264]]]},"properties":{"name":"Longhena","op_id":"2392","minint_elettorale":"1030150860","minint_finloc":"1030150860","prov_name":"Brescia","prov_istat_code":"017","prov_istat_code_num":17,"prov_acr":"BS","reg_name":"Lombardia","reg_istat_code":"03","reg_istat_code_num":3,"opdm_id":"2106","com_catasto_code":"E673","com_istat_code":"017093","com_istat_code_num":17093}},
{"type":"Feature","geometry":{"type":"Polygon","coordinates":[[[10.334830870484604,45.99335338191586],[10.322036006014981,45.981135591095295],[10.31609687933879,45.97168170374445],[10.314440329216682,45.972042792132555],[10.307754778562488,45.968240307772945],[10.305108703561839,45.966038447824616],[10.30280843428126,45.96481364365039],[10.297365707566337,45.964974573601395],[10.294614432119737,45.965986830095],[10.29424464537386,45.96618002906978],[10.292370241542072,45.96716428678318],[10.288334070226336,45.965652794020066],[10.283120679568292,45.97015771315214],[10.286145418305482,45.97202273435651],[10.288351269095106,45.97530101308474],[10.29775477721335,45.98273693138442],[10.304046277981385,45.98895658411561],[10.314578447525305,45.993696104653274],[10.323236306546116,45.99448733942631],[10.334830870484604,45.99335338191586]]]},"properties":{"name":"Losine","op_id":"2393","minint_elettorale":"1030150870","minint_finloc":"1030150870","prov_name":"Brescia","prov_istat_code":"017","prov_istat_code_num":17,"prov_acr":"BS","reg_name":"Lombardia","reg_istat_code":"03","reg_istat_code_num":3,"opdm_id":"2107","com_catasto_code":"E698","com_istat_code":"017094","com_istat_code_num":17094}},
{"type":"Feature","geometry":{"type":"Polygon","coordinates":[[[10.192776429719995,45.999479573601214],[10.192640145962976,46.000290037488476],[10.19272069796791,46.00077071503695],[10.19276774741355,46.00081973339858],[10.1945649529156,46.00211500901838],[10.197692103779877,46.003990355134256],[10.20002989803737,46.00518987037825],[10.204977786305609,46.00702787184953],[10.20620083271756,46.007437980321235],[10.221614300346708,46.00939831524745],[10.22734006085109,46.0101470032818],[10.229580712224513,46.010419921864866],[10.236999190764323,46.011185880584705],[10.242431320852054,46.01149597004407],[10.245676795928453,46.01164065108254],[10.24785260393403,46.01131988735977],[10.250081431858034,46.011061523864356],[10.252919235221201,46.01202947732349],[10.253427562884573,46.012230920028294],[10.253806746920628,46.01243375950325],[10.255575010313187,46.01351237849868],[10.256494085370706,46.014168304907614],[10.261355752784652,46.01777788713744],[10.262210024363501,46.020760038749174],[10.26672713363473,46.021615614559714],[10.271072251116541,46.02235938057616],[10.272468355254455,46.02183082391595],[10.27697054855983,46.01985453635365],[10.278599162754556,46.01820726468051],[10.285006491634679,46.00703797450131],[10.287516345919693,46.00331958626796],[10.287608124186033,45.99836835213186],[10.281992677707523,45.987838092992256],[10.277912111070373,45.981646537983266],[10.274249872631676,45.97451419084524],[10.26773568009909,45.97257984581983],[10.264634452375297,45.97174093894369],[10.257954507989867,45.97145463132586],[10.257011667081652,45.97142900704351],[10.254664584359956,45.97152677455152],[10.254464544885556,45.97181692162722],[10.253874678752574,45.972561427158944],[10.251587207917057,45.97530462466967],[10.24670335384914,45.979138173901255],[10.245141472849548,45.97972222835486],[10.240128829336259,45.98013675076469],[10.222762565973543,45.98061191721151],[10.222178972453921,45.98049215438926],[10.22144525721984,45.980590006678824],[10.216999168683188,45.98153748116433],[10.209137563450161,45.98334901102098],[10.206444547227353,45.985375584287496],[10.205925488765628,45.98584907133207],[10.205932133132167,45.9861550213127],[10.206346924736103,45.99335996244952],[10.209110467859164,45.993366753763915],[10.210636625401774,45.99288265432352],[10.213198096178882,45.993098485411615],[10.21341034431365,45.99335723956315],[10.21355923581289,45.99367067320285],[10.213551480697591,45.993868761233415],[10.213542480787734,45.994084869618575],[10.213435323588453,45.99450002510664],[10.213350853189338,45.99477094275881],[10.213201444898306,45.995024523746864],[10.21301231853487,45.99523354835321],[10.212632656807534,45.99558859242303],[10.208581267431594,45.998124512372506],[10.204679516991574,45.99923674484167],[10.203510309468056,45.9983220286029],[10.201025715967097,45.99808716255163],[10.20066361652243,45.99806396376748],[10.200189708635396,45.99807334334197],[10.198125379660183,45.998333622303235],[10.19755885009493,45.99841155874262],[10.195627765899442,45.998692788205986],[10.194649811027885,45.99885602508453],[10.194161107630428,45.99895114083489],[10.193647562472764,45.99909150793722],[10.193301653012673,45.99922112639383],[10.192776429719995,45.999479573601214]]]},"properties":{"name":"Lozio","op_id":"2394","minint_elettorale":"1030150880","minint_finloc":"1030150880","prov_name":"Brescia","prov_istat_code":"017","prov_istat_code_num":17,"prov_acr":"BS","reg_name":"Lombardia","reg_istat_code":"03","reg_istat_code_num":3,"opdm_id":"2108","com_catasto_code":"E706","com_istat_code":"017095","com_istat_code_num":17095}},
{"type":"Feature","geometry":{"type":"Polygon","coordinates":[[[10.31972641424434,45.65302476489593],[10.318505477993462,45.65063300189076],[10.318203426358531,45.649718301338545],[10.318008154222131,45.64683646085442],[10.318050180623088,45.64536573297584],[10.320131605248676,45.64414547794483],[10.321365153837524,45.643416043513554],[10.321513200213719,45.64332487025375],[10.322753719064304,45.642494556308925],[10.32318829097903,45.64018677981114],[10.323210790546934,45.63962236572687],[10.323155551476082,45.63951937751774],[10.323110843759746,45.63945821178737],[10.323031264147028,45.639363417310996],[10.32290371708308,45.63924638338938],[10.322104270336553,45.63855396478215],[10.309954543895229,45.63432270895282],[10.308140394316627,45.63419284162496],[10.3054303164802,45.63379224999792],[10.303371734561917,45.63335273945759],[10.301093594916862,45.632486715537695],[10.293909211019512,45.62913907959068],[10.29129037989864,45.62664448060689],[10.289203073814923,45.623668350103564],[10.287032607130529,45.62308130085782],[10.28517880347066,45.622376310972115],[10.279027457812312,45.61985989507487],[10.273976531270238,45.62147347714077],[10.26800015023521,45.624119259825484],[10.259818406109654,45.62425733134968],[10.255506732262845,45.62411604549261],[10.25449024806294,45.62638316214792],[10.24604685940102,45.6271882013644],[10.236754342406861,45.63287264957249],[10.235764990532793,45.63370584776968],[10.234183114857107,45.635094166760744],[10.232652112446706,45.63646257143059],[10.232051903138546,45.63700934140548],[10.231667310252684,45.63909943189025],[10.232267860497203,45.64456578726211],[10.232074263286627,45.64476637357117],[10.2319043224456,45.644938009390664],[10.231027720366232,45.64581200293316],[10.231622569540372,45.646019586412564],[10.231770760171448,45.646121242864695],[10.23027725689451,45.64913425820467],[10.230171599115469,45.64933405956043],[10.229680729053912,45.64958480065916],[10.228982908521353,45.649884229290265],[10.228672818671813,45.65001108509007],[10.228147632015402,45.65010804755292],[10.227948957169774,45.650134792065984],[10.227710737125769,45.6501449224875],[10.22731640843683,45.65014345344079],[10.226812571938394,45.65011689446154],[10.225102678246577,45.652813511695115],[10.223056785718727,45.65678557688089],[10.222638131364786,45.6576093594364],[10.225159435224844,45.66040703422674],[10.231156086276005,45.669729330617606],[10.233513356930514,45.67390038934101],[10.234812217690791,45.67654667699822],[10.235635294203426,45.67708082809736],[10.23805895113733,45.678550832211826],[10.239367305501844,45.6792212941866],[10.240126241068088,45.679591494784034],[10.24065244250164,45.6796466368951],[10.252113427567112,45.68017041376528],[10.251977154191149,45.67980720991426],[10.251632434769286,45.67812261492667],[10.252597992364654,45.67582635969644],[10.255764480982558,45.672682202653746],[10.256736378109371,45.67202798495409],[10.264871762583882,45.66866726700257],[10.270529717959015,45.66695543484923],[10.2872417258927,45.66227373431435],[10.294031816150962,45.66067191146523],[10.295274276025891,45.6611920525416],[10.295724949240203,45.66141464045895],[10.296488107457183,45.662587470004745],[10.302620094484835,45.66399710788198],[10.305826213792926,45.66430087086169],[10.309741845343021,45.663804968121084],[10.31003240385236,45.663675848184816],[10.310639362965015,45.6634013329255],[10.317354043700599,45.65699283413303],[10.31787748778698,45.656422761256636],[10.318828601897179,45.65533213002404],[10.31972641424434,45.65302476489593]]]},"properties":{"name":"Lumezzane","op_id":"2395","minint_elettorale":"1030150890","minint_finloc":"1030150890","prov_name":"Brescia","prov_istat_code":"017","prov_istat_code_num":17,"prov_acr":"BS","reg_name":"Lombardia","reg_istat_code":"03","reg_istat_code_num":3,"opdm_id":"2109","com_catasto_code":"E738","com_istat_code":"017096","com_istat_code_num":17096}},
{"type":"Feature","geometry":{"type":"Polygon","coordinates":[[[10.023871942922364,45.495429591975366],[10.024660255418796,45.496938074842426],[10.027102945697132,45.498878855632796],[10.027270221190793,45.49889583517728],[10.028150879166379,45.498919996758495],[10.031134429246949,45.49899788349943],[10.03153406309555,45.49900222033023],[10.031582804625579,45.49899722823612],[10.031598870293006,45.49880714064465],[10.031720296078033,45.49721760883644],[10.031755969554588,45.496610167110795],[10.031808728704458,45.4958730802044],[10.03194205833764,45.494609321692664],[10.032032098197444,45.493978890885124],[10.034257550227755,45.49161690839336],[10.036349938995766,45.49115080820095],[10.03877824984158,45.492503246996385],[10.040591952431619,45.49499030456989],[10.043955055535745,45.49380517396382],[10.046633806879747,45.493464497937055],[10.046574266526454,45.491900144976064],[10.04623804651344,45.48588457056183],[10.050706943344824,45.47923620864293],[10.055519720006494,45.47356316919392],[10.055275156989355,45.47079957554758],[10.05582719362567,45.46867916328125],[10.05700840854818,45.46621188594676],[10.057557144878373,45.46497468162435],[10.049093253434792,45.46576962712575],[10.04512070734958,45.466783281266125],[10.034529407136798,45.46912869293407],[10.03514554688121,45.46965294846542],[10.035432806669743,45.46990562783523],[10.03531678560364,45.47030935747363],[10.035077210608055,45.47111301406131],[10.0349591374846,45.471424472517086],[10.03445896160811,45.47265597554955],[10.034286938737628,45.473063649604065],[10.032372409377341,45.47555929753824],[10.030488541229145,45.47937545247038],[10.029254530255967,45.48201871581822],[10.02566849760125,45.49261406412249],[10.023871942922364,45.495429591975366]]]},"properties":{"name":"Maclodio","op_id":"2396","minint_elettorale":"1030150900","minint_finloc":"1030150900","prov_name":"Brescia","prov_istat_code":"017","prov_istat_code_num":17,"prov_acr":"BS","reg_name":"Lombardia","reg_istat_code":"03","reg_istat_code_num":3,"opdm_id":"2110","com_catasto_code":"E787","com_istat_code":"017097","com_istat_code_num":17097}},
{"type":"Feature","geometry":{"type":"Polygon","coordinates":[[[10.641409401011211,45.80188521312028],[10.642012615382,45.80189611504082],[10.64329942846545,45.801901462472124],[10.643383826435773,45.80189552921271],[10.648391590781282,45.801085319193724],[10.648903744663345,45.80099691162987],[10.64927331386621,45.800874561077535],[10.64964049406194,45.80067124779631],[10.66150895879535,45.7899774053436],[10.662610979590237,45.788962296078545],[10.665449825631548,45.78492462036863],[10.666726019698919,45.78285383615673],[10.668753836143507,45.7770907706235],[10.668887479427216,45.77682779955724],[10.66912449743398,45.77614928297429],[10.667425892781063,45.7735368660584],[10.666795097151498,45.77265499759509],[10.660805830490236,45.770204035028705],[10.65461875716952,45.768439672782016],[10.650839164069753,45.76457004457518],[10.651249649206045,45.7627909530015],[10.650807049836931,45.7604301529165],[10.65033448590067,45.75923089346686],[10.650169643716657,45.758873230519924],[10.648867193576253,45.756128814794735],[10.648598998398649,45.755754650448615],[10.647628565259355,45.75511160762801],[10.64714350358038,45.754794560132396],[10.646739247598385,45.75460237430496],[10.645169304797557,45.75412097038593],[10.643509225824285,45.75888826926617],[10.642882763093352,45.76120147427188],[10.642752465624099,45.761581383374946],[10.642642311451977,45.76177196662629],[10.642341730053975,45.76204632132068],[10.641950136434826,45.76228596495178],[10.641620925409173,45.762461723008705],[10.641135120622717,45.76255869664659],[10.639106245453606,45.762659848364684],[10.633682777741793,45.76233250612682],[10.631620575167396,45.76129090088028],[10.629142166318342,45.76052519258296],[10.624660754963452,45.759418934222325],[10.623349704069318,45.75943757400985],[10.62247928560305,45.759575953135155],[10.62207396525027,45.75978871846716],[10.621875620467405,45.76004355771329],[10.620152310090349,45.763146266222606],[10.620004024693047,45.76601961089743],[10.620218641961424,45.76854577397483],[10.616770465331113,45.76938670181524],[10.61296171496583,45.77021460679406],[10.604507633208211,45.766931399918114],[10.601075584344956,45.769688770677064],[10.604564334185994,45.78056670654551],[10.611498370314923,45.78772367360478],[10.612572025690191,45.790156704886556],[10.613262026320122,45.79444928911867],[10.612979168793629,45.79579438905026],[10.608748856918654,45.79858127762277],[10.601942096128184,45.798145888471446],[10.597677619760754,45.79973524732045],[10.599329824409068,45.80144271285377],[10.601743351626512,45.80311605346186],[10.611431089757959,45.805162140931],[10.623502744855953,45.806034226574056],[10.632191189020523,45.80611554451196],[10.635147502135615,45.806671748365765],[10.641409401011211,45.80188521312028]]]},"properties":{"name":"Magasa","op_id":"2397","minint_elettorale":"1030150910","minint_finloc":"1030150910","prov_name":"Brescia","prov_istat_code":"017","prov_istat_code_num":17,"prov_acr":"BS","reg_name":"Lombardia","reg_istat_code":"03","reg_istat_code_num":3,"opdm_id":"2111","com_catasto_code":"E800","com_istat_code":"017098","com_istat_code_num":17098}},
{"type":"Feature","geometry":{"type":"Polygon","coordinates":[[[10.086908555237258,45.478178209984854],[10.091174629518873,45.4724070994118],[10.099593450214476,45.467154187292664],[10.09968784182619,45.46712575729417],[10.100039390642479,45.46697535513252],[10.10024078204346,45.466864383589225],[10.100670167236505,45.46662322651378],[10.101022202822973,45.46640416436706],[10.101662821787576,45.465920301592476],[10.10192716146695,45.4657111511979],[10.10543698813208,45.462330487633196],[10.106409053438867,45.460395497917055],[10.106404216752123,45.46035617342247],[10.106200381491181,45.46003300564836],[10.105402726092175,45.45884890337631],[10.10537060006448,45.45881570273962],[10.105337909556356,45.458797467592866],[10.105303570488086,45.458786503378214],[10.105036716221823,45.458745309001095],[10.104202552168339,45.45887912467635],[10.102386017089524,45.459207494491125],[10.102126542538269,45.45921793502097],[10.102112304722427,45.459191181253125],[10.101643419116131,45.45826524820763],[10.101499406788365,45.45796474506702],[10.100764779668195,45.456385550312106],[10.100719572578686,45.4562405441466],[10.100593730321833,45.45573024401803],[10.09959554705414,45.451648033107794],[10.099292524065174,45.4504056739948],[10.098906287310669,45.448680221341704],[10.098257290611441,45.444581532340145],[10.099697840834057,45.44234383163208],[10.09651475529424,45.43822768455149],[10.091619162309012,45.43465323937595],[10.080101456024188,45.43261290848835],[10.073688410068009,45.43197294405602],[10.072054958922697,45.43283434308213],[10.07275410139226,45.435194210096235],[10.068808361196682,45.44453625653428],[10.065958699122138,45.44512980096435],[10.065304475895315,45.45185996925773],[10.06412362182544,45.45871536671275],[10.063776836350344,45.46063671345501],[10.063741104900377,45.460766942859],[10.063434786064127,45.46131985990892],[10.063276100791555,45.46150763553052],[10.061579990062617,45.46300989194989],[10.061064538587178,45.46337041067885],[10.057557144878373,45.46497468162435],[10.05700840854818,45.46621188594676],[10.058164236569377,45.46547403219681],[10.066020772825773,45.46165149006911],[10.066375759745558,45.464878125116265],[10.07135184640301,45.46691082099046],[10.074997630869392,45.46767804249121],[10.075767237324943,45.47313067591187],[10.073950963159415,45.47858466299256],[10.086753267291558,45.48437598084534],[10.087082864371474,45.48424919499733],[10.088533713970905,45.48366623188745],[10.088635795219881,45.48360216963892],[10.088362484198989,45.482482488302345],[10.087954253774985,45.4808814295232],[10.086908555237258,45.478178209984854]]]},"properties":{"name":"Mairano","op_id":"2398","minint_elettorale":"1030150920","minint_finloc":"1030150920","prov_name":"Brescia","prov_istat_code":"017","prov_istat_code_num":17,"prov_acr":"BS","reg_name":"Lombardia","reg_istat_code":"03","reg_istat_code_num":3,"opdm_id":"2112","com_catasto_code":"E841","com_istat_code":"017099","com_istat_code_num":17099}},
{"type":"Feature","geometry":{"type":"Polygon","coordinates":[[[10.288334070226336,45.965652794020066],[10.295185242699967,45.9622361942819],[10.29554988377728,45.96126901825628],[10.294655119659831,45.96053213160199],[10.291447397202019,45.95855238899848],[10.289670000311029,45.95759140032039],[10.281559083815806,45.95338040946661],[10.279271242044747,45.952650044982676],[10.27860928040472,45.94687017284579],[10.278603072033524,45.946600238130806],[10.278571677419018,45.946357570533735],[10.278488897760027,45.94612449008026],[10.278431226420247,45.94601257869254],[10.278391204686084,45.94594794924981],[10.278358741237607,45.94590022007643],[10.278339410656299,45.94587459590553],[10.277914478720714,45.945657009764396],[10.274312898962018,45.944682816289735],[10.272289618040073,45.94415068724762],[10.269731209254227,45.94398112048808],[10.269304958809789,45.94395885304854],[10.262047215264978,45.943643260223446],[10.259687369717867,45.947674578552025],[10.25780083280815,45.95154746571354],[10.256736319468056,45.95582544454714],[10.253982020350005,45.96129195684195],[10.253105272505982,45.96132857927466],[10.251688447145158,45.961452106739046],[10.251227990944937,45.96163716462341],[10.250674265528996,45.962264246740475],[10.250547405159445,45.962472845883624],[10.250387904609038,45.962735299965296],[10.250192379648453,45.96322345767343],[10.250208230060936,45.964501342984185],[10.25034860505305,45.96500383421041],[10.250524426918801,45.965361921706815],[10.252698956307476,45.96907327391287],[10.254664584359956,45.97152677455152],[10.257011667081652,45.97142900704351],[10.257954507989867,45.97145463132586],[10.264634452375297,45.97174093894369],[10.26773568009909,45.97257984581983],[10.274249872631676,45.97451419084524],[10.283120679568292,45.97015771315214],[10.288334070226336,45.965652794020066]]]},"properties":{"name":"Malegno","op_id":"2399","minint_elettorale":"1030150930","minint_finloc":"1030150930","prov_name":"Brescia","prov_istat_code":"017","prov_istat_code_num":17,"prov_acr":"BS","reg_name":"Lombardia","reg_istat_code":"03","reg_istat_code_num":3,"opdm_id":"2113","com_catasto_code":"E851","com_istat_code":"017100","com_istat_code_num":17100}},
{"type":"Feature","geometry":{"type":"Polygon","coordinates":[[[10.3434871879849,46.123714481103946],[10.343426295568076,46.12319172117253],[10.341916661814835,46.12173906681121],[10.326118821104671,46.11205840785076],[10.315233988202221,46.10865472093568],[10.314002378490478,46.10863369685273],[10.31290587430525,46.10702193125362],[10.31276311603525,46.10680465774164],[10.312484942095114,46.10633260274028],[10.312264764331188,46.105931856235046],[10.31219132618239,46.105765789533926],[10.311986623052519,46.10528029828853],[10.311862883985727,46.10492081705958],[10.311820338920944,46.10479095455861],[10.31178380174446,46.10459308006801],[10.311907529580152,46.102655347565126],[10.31205495261488,46.10128673367798],[10.314709398306018,46.0937045905541],[10.315881468861305,46.09082705733137],[10.314279376286727,46.089787877925424],[10.311933443932295,46.08973922994362],[10.308417198212123,46.090354605318666],[10.303883093641327,46.09195511360564],[10.300746502978384,46.093438641732845],[10.298839841722739,46.094130613645234],[10.298619884571655,46.09418642188964],[10.29832471775383,46.09425326796396],[10.297721491128845,46.094366743789394],[10.295496194993733,46.094550386549095],[10.29420219187372,46.09459118708747],[10.274550470249354,46.095127808458386],[10.274208355759876,46.09526201030359],[10.271971304654002,46.096036724847245],[10.26673151626477,46.09782085018743],[10.259296569009683,46.097479535119454],[10.255646032199518,46.096562450334865],[10.25475836804261,46.096386442878064],[10.249161676229702,46.09919026895506],[10.248837993234066,46.09940973354513],[10.248695675330152,46.09954494074018],[10.24854294447746,46.09973752300266],[10.248485982049987,46.09982019170069],[10.249889556082373,46.10133238423035],[10.251431481201722,46.105185829939224],[10.258597914902435,46.115065903485736],[10.263464933266956,46.121367415888756],[10.270046822401195,46.13003151831571],[10.277757755031848,46.13981438140484],[10.293823169915056,46.14659770024497],[10.30710002493315,46.152231511030784],[10.317831935349203,46.15657958824248],[10.32346032423201,46.15852120894272],[10.326918403062411,46.159689974569886],[10.328148477040564,46.16008410227894],[10.328211406677012,46.160104264930624],[10.329166668446517,46.16036601859801],[10.333420478423234,46.16118460180301],[10.333884234196095,46.16106504113632],[10.3342029949827,46.16069767980056],[10.332804504925123,46.15809639700852],[10.331838601535868,46.15628863689624],[10.32878231816383,46.14906448906049],[10.32794125025804,46.14343480690516],[10.327933942417667,46.14264900236575],[10.328025988834716,46.14160175714631],[10.334971492617989,46.1315046787689],[10.339862798725594,46.126987426496235],[10.3434871879849,46.123714481103946]]]},"properties":{"name":"Malonno","op_id":"2400","minint_elettorale":"1030150940","minint_finloc":"1030150940","prov_name":"Brescia","prov_istat_code":"017","prov_istat_code_num":17,"prov_acr":"BS","reg_name":"Lombardia","reg_istat_code":"03","reg_istat_code_num":3,"opdm_id":"2114","com_catasto_code":"E865","com_istat_code":"017101","com_istat_code_num":17101}},
{"type":"Feature","geometry":{"type":"Polygon","coordinates":[[[10.632284775222239,45.5684553654698],[10.635380190883806,45.53543097969879],[10.577022275183346,45.53027983092901],[10.555827865319484,45.528736555837824],[10.5485653892481,45.532321024436314],[10.547384200692093,45.53314712640968],[10.54427248804143,45.5355025147498],[10.5372653749221,45.53780237308676],[10.527169049584145,45.535786538483734],[10.527150268142877,45.5445538205821],[10.526296872147666,45.54568132359446],[10.525662243100328,45.54684201746506],[10.525845623542962,45.54840584922192],[10.527564976790131,45.54992211798588],[10.528652675696955,45.550348619056145],[10.529526685744866,45.55045391910779],[10.530682924347612,45.55057345764712],[10.532248571384933,45.55138321091933],[10.53235381894513,45.55156539180879],[10.532550792308815,45.55190722852756],[10.532458140428274,45.55697617344412],[10.532060721616832,45.56121197840141],[10.5319985609011,45.56175285824971],[10.531769274145805,45.56274604789721],[10.531392091272664,45.563957209440716],[10.543914290202741,45.574814820276345],[10.550145217478256,45.573666017918626],[10.55028695048996,45.573651591609426],[10.577020154437083,45.57391243033992],[10.631709038050815,45.57410694523935],[10.632284775222239,45.5684553654698]]]},"properties":{"name":"Manerba del Garda","op_id":"2401","minint_elettorale":"1030150950","minint_finloc":"1030150950","prov_name":"Brescia","prov_istat_code":"017","prov_istat_code_num":17,"prov_acr":"BS","reg_name":"Lombardia","reg_istat_code":"03","reg_istat_code_num":3,"opdm_id":"2115","com_catasto_code":"E883","com_istat_code":"017102","com_istat_code_num":17102}},
{"type":"Feature","geometry":{"type":"Polygon","coordinates":[[[10.163025781190742,45.39082975078239],[10.163346500241923,45.39126439002011],[10.16387921798589,45.38979779422199],[10.165653775407405,45.38725948429403],[10.166896680306332,45.385608530289794],[10.168439230273504,45.38528489514852],[10.175498861981222,45.38042777695693],[10.175518452706928,45.38036743731068],[10.175846582378593,45.37915648623594],[10.175981119426213,45.378595790424455],[10.176283629082613,45.37732735516263],[10.176292920321591,45.37724572521901],[10.17628087435,45.37715077700833],[10.176265087251013,45.37707004445673],[10.1760623516437,45.37605695976283],[10.175996054880756,45.37595660225519],[10.175243140485678,45.37483724803885],[10.174552168805947,45.37380846236951],[10.174198570976312,45.37327652664662],[10.17276036499365,45.37110796168699],[10.172249791038153,45.37032058415725],[10.171878217113303,45.36973448872937],[10.171707295614405,45.36946221394736],[10.171387682111035,45.36894324248832],[10.17114865578892,45.36853885021734],[10.171077748185354,45.36816471547806],[10.171093009727104,45.36808867747002],[10.171711683910793,45.3665664835325],[10.175841963183984,45.356867366543796],[10.176445041116141,45.35163346521165],[10.182156638404054,45.34103509842089],[10.180377924477554,45.33738827200178],[10.179027329607539,45.335360445327886],[10.178161603476422,45.33582561651447],[10.177409148845467,45.33608403004483],[10.17613957295062,45.33600069430769],[10.175948527697757,45.335961301961994],[10.171886103408042,45.332831998167414],[10.170538679777534,45.3280615893078],[10.1719030429751,45.323078020654556],[10.16910566299827,45.31679212793987],[10.167513869262255,45.312777417856374],[10.163546888299365,45.313027561633405],[10.158212439955989,45.3156042814171],[10.15449259573854,45.31797167759002],[10.15015552304305,45.32106131116797],[10.151371006322108,45.323717354072336],[10.154596405875262,45.33090353913582],[10.154611699597233,45.33094035155318],[10.15467403675287,45.331090401492595],[10.154775565094626,45.33172524609606],[10.154806400216035,45.331964162344015],[10.154743112498625,45.33206774162047],[10.15409530464904,45.332797794334816],[10.153197101915149,45.33326541794688],[10.145766744980614,45.33665443705757],[10.139873286792879,45.33826486366905],[10.133058543319747,45.33826121170719],[10.128390584623622,45.33754632343736],[10.118287528369983,45.339055229881524],[10.111912207466842,45.3411974156933],[10.108826747598476,45.340177220431094],[10.107918087098879,45.33764530167897],[10.107681823328745,45.331357161863515],[10.105128303526502,45.332184097612135],[10.101318094679957,45.33744374985152],[10.101354807291877,45.33829787259639],[10.102086942550361,45.343834612781194],[10.103499425388367,45.34683560473159],[10.104155139575418,45.3526371825974],[10.103147497041881,45.354705805208006],[10.102988160838134,45.35572606668133],[10.103088797321705,45.35769749523535],[10.108167153740851,45.362506410217634],[10.11994601012233,45.36832378969003],[10.125459297873153,45.37217161839136],[10.129430817403401,45.37463750703517],[10.13286851293545,45.37483188152947],[10.132472288164093,45.374399240992375],[10.132055799410471,45.37387625078046],[10.131790162910692,45.37344824068958],[10.131156193976311,45.372310809162464],[10.131119999605797,45.3722370594636],[10.131155018744954,45.37218524285748],[10.131271868399777,45.37212612571792],[10.134539647722281,45.37071329749181],[10.13481685592564,45.37071767241029],[10.135916175768894,45.37080154598999],[10.1409254276904,45.37306180289586],[10.142503728789055,45.37381718890647],[10.142910928071913,45.374206492761026],[10.144215753835711,45.37720968809294],[10.153160148963122,45.37963503356135],[10.156244034377231,45.38079059457514],[10.158880403130569,45.38352600749615],[10.162749438473043,45.39004955676118],[10.16296622100369,45.3905586791224],[10.163025781190742,45.39082975078239]]]},"properties":{"name":"Manerbio","op_id":"2402","minint_elettorale":"1030150960","minint_finloc":"1030150960","prov_name":"Brescia","prov_istat_code":"017","prov_istat_code_num":17,"prov_acr":"BS","reg_name":"Lombardia","reg_istat_code":"03","reg_istat_code_num":3,"opdm_id":"2116","com_catasto_code":"E884","com_istat_code":"017103","com_istat_code_num":17103}},
{"type":"Feature","geometry":{"type":"Polygon","coordinates":[[[10.268580896305165,45.68955494941916],[10.26631709282899,45.68782258145767],[10.260738678580088,45.68384089660372],[10.254044032999035,45.680972879650504],[10.252113427567112,45.68017041376528],[10.251509054581355,45.68060752826587],[10.249598972158978,45.681821860956006],[10.244675416153003,45.684468530423274],[10.244533326676299,45.684518080320814],[10.240005595164268,45.684650442232844],[10.235613919482374,45.684525349497406],[10.217011027231647,45.68335938053425],[10.211689541988502,45.68297816869364],[10.206038688844712,45.687127225614525],[10.200787275493843,45.69051340280186],[10.20071517188944,45.69456507687989],[10.20444595968737,45.70189532803294],[10.20506363893717,45.70688565456057],[10.207418123236792,45.71818148980493],[10.206082817040722,45.725034301935246],[10.19282609667567,45.724465003426594],[10.19160115741951,45.72547121751924],[10.191232758175895,45.72581967428334],[10.191129495897007,45.72624700307166],[10.191043625396626,45.72664072134973],[10.191016937408737,45.72682836973699],[10.191823033822349,45.73021563023767],[10.192892501195818,45.7326274603499],[10.193326018566365,45.733631889661],[10.192568604536996,45.73586464484478],[10.191884904647194,45.73690157171966],[10.191845659082315,45.73694190876025],[10.190575056808667,45.73809859342173],[10.188560518377697,45.739490717542665],[10.186738686102073,45.740664764990505],[10.183684122279214,45.74211543375713],[10.183629280101764,45.742099485524434],[10.182441034483507,45.74162050913428],[10.18173900905042,45.74122046016131],[10.175663668363693,45.736449452199054],[10.173020064036741,45.73354167991003],[10.167705568849469,45.72955132638523],[10.161699108341027,45.73221421519991],[10.164078330723065,45.73393452056201],[10.169391827808472,45.73603142553468],[10.171073396560704,45.73592418912899],[10.172949757605423,45.73652599997994],[10.174372512547407,45.73940061427909],[10.174479416463248,45.74082162392858],[10.174511292915623,45.74234241691929],[10.17440128107771,45.74322562428954],[10.171547299703047,45.7525513109735],[10.173418352076125,45.753215564177445],[10.173850409169548,45.75336894429271],[10.175029718627663,45.75323236665965],[10.178176396796362,45.75227142805176],[10.18435787887459,45.74893919844368],[10.193840034630972,45.74058395720793],[10.202711646740637,45.739060757991865],[10.209763551447983,45.737196414198],[10.219608814216084,45.73203822697581],[10.225683814917248,45.730316134256526],[10.23138686607319,45.72838720290094],[10.236881875377296,45.72538357761574],[10.237250697346436,45.725206593063895],[10.237390086513026,45.7251397048679],[10.238005926613098,45.724890865134114],[10.238454988691057,45.724712722630166],[10.23869628749524,45.72462467950685],[10.238934505272956,45.724663067947816],[10.241097625979801,45.725550772873525],[10.245124193219223,45.72746057180725],[10.246435670805962,45.72824202365741],[10.246644498138439,45.72469974621315],[10.247797147063947,45.716819124997286],[10.24483054136012,45.71112407326257],[10.24048283264064,45.70487999474923],[10.241587280108451,45.69911281606254],[10.2448693450638,45.6995089758765],[10.25019534753301,45.69998739717115],[10.25123839679616,45.69995956832147],[10.252954311698915,45.69982953643684],[10.259879892197723,45.69879572448656],[10.266462959575115,45.69651280050655],[10.266696502305527,45.69599135555781],[10.266762132077911,45.69583584871643],[10.267068501136945,45.69510080558469],[10.267964102409843,45.692936309560125],[10.268146236425967,45.692341122471994],[10.268580896305165,45.68955494941916]]]},"properties":{"name":"Marcheno","op_id":"2403","minint_elettorale":"1030150970","minint_finloc":"1030150970","prov_name":"Brescia","prov_istat_code":"017","prov_istat_code_num":17,"prov_acr":"BS","reg_name":"Lombardia","reg_istat_code":"03","reg_istat_code_num":3,"opdm_id":"2117","com_catasto_code":"E928","com_istat_code":"017104","com_istat_code_num":17104}},
{"type":"Feature","geometry":{"type":"Polygon","coordinates":[[[10.319175357535379,45.78574902846113],[10.324487473946172,45.78461646134106],[10.3370312921367,45.78768586674627],[10.333091042159856,45.784523577772646],[10.330850270714388,45.78215038121963],[10.328892057576692,45.77959238191307],[10.327415097829293,45.77563894965169],[10.327949533315355,45.77328968676049],[10.323220953487388,45.76726054898389],[10.319372930554376,45.7639044009985],[10.316672488915012,45.76011864418259],[10.31572231679176,45.75873288328501],[10.311210823338836,45.74964716029608],[10.309497423642876,45.741120765642],[10.308610856157992,45.739901063111155],[10.307170733162456,45.73798670556161],[10.307083730837588,45.73790525090924],[10.304230418313916,45.73667936266181],[10.297522455017653,45.73157222360392],[10.297319128758428,45.731389124902115],[10.296490684219899,45.73063284804422],[10.29610259388537,45.73010947952766],[10.292169042717488,45.7297190680199],[10.281102038439718,45.73005731125334],[10.271671048015623,45.732161288573614],[10.26347086328001,45.73314423341226],[10.263056134767169,45.733197406081835],[10.260603750510642,45.733916648765685],[10.253396397334479,45.736743076249034],[10.251805754979076,45.73784325238746],[10.251131360157844,45.73831069889982],[10.25106499238587,45.74125939753517],[10.248031838996768,45.749402532249334],[10.250993043069577,45.75303855056449],[10.25379392127891,45.75415364207261],[10.263237675514763,45.75893164003903],[10.268166521246902,45.760307399802215],[10.268437468373477,45.76141872402554],[10.26864865955483,45.76165940617181],[10.2693961715767,45.76173211660302],[10.281434569866509,45.762380765191594],[10.287072018530306,45.762038354667006],[10.29003936679272,45.76231364423646],[10.295583317823242,45.76434453447271],[10.30132968070737,45.76645560714497],[10.308588243157153,45.76751286430356],[10.311390799778055,45.767565586111665],[10.311773157363058,45.76804908303726],[10.31207598066405,45.7684916475801],[10.312677727782313,45.76938262447124],[10.312690830137726,45.76940660497768],[10.312813142545926,45.76967745470611],[10.313387151761543,45.77097243987087],[10.314669892997385,45.775519002163186],[10.31312592348076,45.7781776273168],[10.315336097680998,45.78304969961914],[10.319175357535379,45.78574902846113]]]},"properties":{"name":"Marmentino","op_id":"2404","minint_elettorale":"1030150971","minint_finloc":"1030150971","prov_name":"Brescia","prov_istat_code":"017","prov_istat_code_num":17,"prov_acr":"BS","reg_name":"Lombardia","reg_istat_code":"03","reg_istat_code_num":3,"opdm_id":"2118","com_catasto_code":"E961","com_istat_code":"017105","com_istat_code_num":17105}},
{"type":"Feature","geometry":{"type":"Polygon","coordinates":[[[10.064108846813962,45.730708907956426],[10.06437153794916,45.731585757734],[10.06482876889708,45.73332764763789],[10.066306736017564,45.74074846116628],[10.065971018596095,45.74269575427022],[10.065794991046443,45.743579457733546],[10.065185895394917,45.74534927656061],[10.064576247979819,45.74709211148527],[10.063813520729676,45.74889935654626],[10.06337814857927,45.74966847069785],[10.062765872147862,45.75060124200175],[10.061021953036597,45.752201567701924],[10.060718552393492,45.7524744038404],[10.058987211398462,45.75406559925657],[10.058486615233518,45.75479030466813],[10.05677805885346,45.75759633586621],[10.056256433167627,45.75857322898155],[10.055574509042035,45.760595688287616],[10.055187519167164,45.76189537189015],[10.05489187397004,45.76326619313733],[10.054885484296186,45.76429233029022],[10.055005178048441,45.76586636068851],[10.05513688242512,45.76739524525937],[10.055244032628199,45.768303334990286],[10.056883057052733,45.77473266257907],[10.0571557456389,45.77554920961061],[10.057373260082189,45.77616823411344],[10.058577695058654,45.77864127279066],[10.059870725074452,45.78117965198252],[10.071216668123817,45.77667822107337],[10.074186550314904,45.77625448939149],[10.07898903897725,45.77583120048093],[10.088173237423122,45.77121675644587],[10.090470513460273,45.77030376521219],[10.094906335402719,45.76694908185851],[10.095588341955454,45.764998389156986],[10.095790495605433,45.760217087416365],[10.096816456036898,45.755481867252215],[10.09790592495942,45.753986422279745],[10.101325423575322,45.75076724776813],[10.104211342450403,45.74381784199189],[10.104911774756838,45.74361617829618],[10.105732432408828,45.743380078877856],[10.10861056604085,45.74265912337796],[10.111441160714511,45.74278463592873],[10.119458378997281,45.74321039897241],[10.126275680581946,45.74341340482468],[10.139473800449501,45.74321052060945],[10.144244970444102,45.74204672289463],[10.144576019982592,45.741890389422316],[10.151324595222315,45.73939217435589],[10.153847290965869,45.73892570100839],[10.154347015743273,45.73884863263532],[10.154758819450457,45.7388714758626],[10.1551199620449,45.7389308294804],[10.166525870099338,45.7416051529971],[10.17440128107771,45.74322562428954],[10.174511292915623,45.74234241691929],[10.174479416463248,45.74082162392858],[10.174372512547407,45.73940061427909],[10.172949757605423,45.73652599997994],[10.171073396560704,45.73592418912899],[10.169391827808472,45.73603142553468],[10.164078330723065,45.73393452056201],[10.161699108341027,45.73221421519991],[10.158174545000936,45.72875607238282],[10.150368191647571,45.727871862872725],[10.149113149289425,45.727461461994885],[10.145256988503503,45.726798127325374],[10.144895934171451,45.726738739755405],[10.143056552370787,45.72665815386764],[10.13630173853261,45.727535636641484],[10.129510470617841,45.72853006462213],[10.124640208872389,45.729838231236634],[10.120004070539206,45.731296894047354],[10.10796106902128,45.72738199639183],[10.099503269932168,45.72255382757507],[10.09752208186728,45.721785302039734],[10.09589715306256,45.72284497277639],[10.088001551235287,45.72748833078263],[10.087767082654251,45.72761657588973],[10.086896427606565,45.72774187786758],[10.083638100298627,45.72809235880225],[10.080415808906222,45.728397391077905],[10.076999238389343,45.72879419566752],[10.064108846813962,45.730708907956426]]]},"properties":{"name":"Marone","op_id":"2405","minint_elettorale":"1030150980","minint_finloc":"1030150980","prov_name":"Brescia","prov_istat_code":"017","prov_istat_code_num":17,"prov_acr":"BS","reg_name":"Lombardia","reg_istat_code":"03","reg_istat_code_num":3,"opdm_id":"2119","com_catasto_code":"E967","com_istat_code":"017106","com_istat_code_num":17106}},
{"type":"Feature","geometry":{"type":"Polygon","coordinates":[[[10.382083031207278,45.50857677940691],[10.381183026498029,45.502923921921],[10.38113083776288,45.501900597516986],[10.380611901253863,45.49493179463598],[10.380547317161822,45.49415609707526],[10.380522724269564,45.493862001550525],[10.380481808887842,45.49348966696028],[10.38025938870144,45.492013045954124],[10.380118807417647,45.49142960452042],[10.379815060284752,45.49057395169575],[10.379738583809077,45.490416091910205],[10.379678039953076,45.4903412133108],[10.377964236522283,45.488747467960046],[10.376021518724675,45.48860302786591],[10.374314605995412,45.48844048738692],[10.373418838246655,45.488186474915146],[10.371477194736078,45.48761578299145],[10.37090819071977,45.48743275230275],[10.370600567814224,45.487318357791956],[10.370412661414933,45.48717876644411],[10.370190644476809,45.48701383340298],[10.369992450214493,45.48686247150298],[10.369880573131464,45.48677485195682],[10.362650945683178,45.48750556609194],[10.36135566045051,45.48535731455702],[10.361017317536387,45.48484705461529],[10.36096562981911,45.48477077602447],[10.36080872065306,45.48453921493566],[10.357558433852716,45.4798803758299],[10.357339954902114,45.47956758835927],[10.356331823692878,45.47814169449155],[10.356030377864126,45.47775715994622],[10.35558199898952,45.47719321484345],[10.354674941243427,45.476138373697054],[10.354294597451434,45.475726920521524],[10.354059974874515,45.475477425504685],[10.350092867936137,45.47178871593634],[10.342040557096164,45.47447003994847],[10.335579771089915,45.47697698609899],[10.334083832104813,45.47867428460418],[10.32704056458611,45.48433228828446],[10.326769317861979,45.48448629975894],[10.322831783409825,45.48667442986957],[10.323285286344792,45.48723833073111],[10.325089004854851,45.489378522821085],[10.332093048853041,45.49613127621508],[10.335652620504245,45.49912608892167],[10.339277611726459,45.50189636105557],[10.345649526804918,45.50744421420243],[10.344235278778628,45.50926139798885],[10.342858781181704,45.51260705642228],[10.342435079640683,45.52122433574374],[10.343071651730531,45.52980392924384],[10.343573164600068,45.534308050844075],[10.34864614762608,45.53067409228031],[10.36719560372411,45.51855198490683],[10.371303553020253,45.51493074530953],[10.37727385273901,45.51049255084538],[10.379439858127324,45.50907691855133],[10.379623781874399,45.50898554491382],[10.379740715872668,45.508954207947525],[10.380795735388928,45.50878242502109],[10.382083031207278,45.50857677940691]]]},"properties":{"name":"Mazzano","op_id":"2406","minint_elettorale":"1030150990","minint_finloc":"1030150990","prov_name":"Brescia","prov_istat_code":"017","prov_istat_code_num":17,"prov_acr":"BS","reg_name":"Lombardia","reg_istat_code":"03","reg_istat_code_num":3,"opdm_id":"2120","com_catasto_code":"F063","com_istat_code":"017107","com_istat_code_num":17107}},
{"type":"Feature","geometry":{"type":"Polygon","coordinates":[[[10.176534696348531,45.26840300697303],[10.175640668445661,45.284407015291784],[10.176381493945172,45.29390475359496],[10.181212442247787,45.29374175442299],[10.195369021755889,45.29214611230987],[10.200254158463444,45.29181539900158],[10.199699165021453,45.28922733241094],[10.20124304524224,45.28203767934354],[10.20590955685143,45.28035298391189],[10.206753541150759,45.27882860285543],[10.208717930572442,45.27515303246909],[10.20938750936016,45.2680042689395],[10.209426963832446,45.26634897569315],[10.211347204345731,45.255954126854604],[10.209462460453558,45.252065066217135],[10.208361146457316,45.252294591026725],[10.204727802516386,45.25353124597788],[10.195519869254795,45.258152699047535],[10.192816725971467,45.2595551216321],[10.18065972004441,45.266096343621626],[10.176534696348531,45.26840300697303]]]},"properties":{"name":"Milzano","op_id":"2407","minint_elettorale":"1030151000","minint_finloc":"1030151000","prov_name":"Brescia","prov_istat_code":"017","prov_istat_code_num":17,"prov_acr":"BS","reg_name":"Lombardia","reg_istat_code":"03","reg_istat_code_num":3,"opdm_id":"2121","com_catasto_code":"F216","com_istat_code":"017108","com_istat_code_num":17108}},
{"type":"Feature","geometry":{"type":"Polygon","coordinates":[[[10.527169049584145,45.535786538483734],[10.5372653749221,45.53780237308676],[10.54427248804143,45.5355025147498],[10.547384200692093,45.53314712640968],[10.5485653892481,45.532321024436314],[10.555827865319484,45.528736555837824],[10.577022275183346,45.53027983092901],[10.635380190883806,45.53543097969879],[10.63673569241791,45.52090160222379],[10.577022913806545,45.51807436494597],[10.530565400345019,45.51576390071983],[10.530486928650689,45.51575998372277],[10.530339838193283,45.515752648519985],[10.521326314528554,45.51918569683838],[10.517487819691183,45.52107298087385],[10.51651578509103,45.521589958031534],[10.516146988265445,45.52203882393299],[10.51594465033713,45.522740518753324],[10.518298456580638,45.52504040649879],[10.523646085300822,45.53101794317601],[10.523283631527278,45.5318238733479],[10.522614295455162,45.53359700680564],[10.524410252066884,45.53465318068544],[10.524928928666723,45.534889274363465],[10.525914384284166,45.535335159940544],[10.526367853373152,45.53552713960898],[10.527169049584145,45.535786538483734]]]},"properties":{"name":"Moniga del Garda","op_id":"2408","minint_elettorale":"1030151010","minint_finloc":"1030151010","prov_name":"Brescia","prov_istat_code":"017","prov_istat_code_num":17,"prov_acr":"BS","reg_name":"Lombardia","reg_istat_code":"03","reg_istat_code_num":3,"opdm_id":"2122","com_catasto_code":"F373","com_istat_code":"017109","com_istat_code_num":17109}},
{"type":"Feature","geometry":{"type":"Polygon","coordinates":[[[10.31528276958034,46.275752370609865],[10.315347621642719,46.2761661442069],[10.315420698752309,46.27650730641982],[10.315704149054689,46.27696303594125],[10.31599868959099,46.27733764688665],[10.316184879349226,46.27752450352682],[10.316530006653961,46.27784452518943],[10.320405485382448,46.28139981287599],[10.320750445255085,46.28171081006452],[10.321080926027493,46.2819589915083],[10.3285140406723,46.287128825803826],[10.333757924104045,46.28816575067105],[10.334252397621984,46.28821398504554],[10.334848534719573,46.288171010495844],[10.335159367895171,46.28814039682837],[10.335853853376241,46.28787126936339],[10.339112438227211,46.28627617172402],[10.341329833281279,46.27854997066359],[10.339878325276244,46.2780074439835],[10.339667144974173,46.277864784802254],[10.339448737684046,46.27760235675315],[10.339318118013187,46.27741573290446],[10.33887688443604,46.276773779902605],[10.338798046352967,46.27651350755175],[10.33839276187676,46.27407320119559],[10.33844299083844,46.27134135939729],[10.33894670935323,46.26895438756568],[10.341902589419407,46.262377056976554],[10.341763878335481,46.25249675587403],[10.341784583300754,46.23907160092541],[10.343234982292845,46.23032641853644],[10.343355130153004,46.229863788339344],[10.343674272747807,46.228868623988966],[10.343884275480303,46.22832120904311],[10.344054426243742,46.22794867493636],[10.34421983523468,46.22774744997001],[10.345848982124311,46.225851149545655],[10.347102411455321,46.2246862091232],[10.35150174343384,46.22139048195259],[10.353309206383159,46.21862459750729],[10.350870811937114,46.210449725580304],[10.348174528731057,46.20365938836314],[10.34819019210764,46.20347998415283],[10.348192141737679,46.203147478573726],[10.348160576643883,46.20297731382037],[10.347805544848514,46.2018193622674],[10.345847978597606,46.19763683902563],[10.345768329167292,46.197476332460155],[10.345560232946031,46.19707402839653],[10.34509649543428,46.1964201638162],[10.344860343519358,46.19616690679149],[10.34460032133151,46.19589561480028],[10.34320379097849,46.19604393153579],[10.34285366409991,46.196131215729906],[10.341737061587796,46.196464427278],[10.338245958207677,46.19788227571281],[10.333560893020856,46.199121782413634],[10.33060859447718,46.19984470740429],[10.328377775513175,46.200164850995236],[10.328098415617909,46.20019517864051],[10.327518709349011,46.2002581096497],[10.32581316080841,46.20044324029289],[10.32473555489048,46.20056019626974],[10.321207519482845,46.20093849936892],[10.31428144695421,46.201538292804294],[10.308003571644232,46.20203643423246],[10.297288465089133,46.2049792370023],[10.295939964828353,46.20557164801969],[10.291575329963523,46.2078337443927],[10.281895818420988,46.21337840742869],[10.27883831072861,46.21594750361314],[10.279752543658905,46.21679227980363],[10.280123008879187,46.217112130436725],[10.280638150196026,46.21752036269898],[10.28102053246119,46.21779508361728],[10.284206665742284,46.21987433712465],[10.285272182469651,46.22052836624507],[10.285873511451644,46.220737608161954],[10.287858143880072,46.22132726413667],[10.294683362345602,46.22374315868518],[10.296655209370122,46.230938810358914],[10.296621096708567,46.236098425978405],[10.296699419139376,46.24052331988295],[10.296706840476343,46.240838237811424],[10.296780596841892,46.24121538653375],[10.300895675461787,46.24958361533153],[10.305504228260581,46.25299608130741],[10.311738167199737,46.25653369221075],[10.314297944539117,46.259858922601744],[10.31528276958034,46.275752370609865]]]},"properties":{"name":"Monno","op_id":"2409","minint_elettorale":"1030151020","minint_finloc":"1030151020","prov_name":"Brescia","prov_istat_code":"017","prov_istat_code_num":17,"prov_acr":"BS","reg_name":"Lombardia","reg_istat_code":"03","reg_istat_code_num":3,"opdm_id":"2123","com_catasto_code":"F375","com_istat_code":"017110","com_istat_code_num":17110}},
{"type":"Feature","geometry":{"type":"Polygon","coordinates":[[[10.06256575927115,45.724640460655024],[10.064108846813962,45.730708907956426],[10.076999238389343,45.72879419566752],[10.080415808906222,45.728397391077905],[10.083638100298627,45.72809235880225],[10.086896427606565,45.72774187786758],[10.087767082654251,45.72761657588973],[10.088001551235287,45.72748833078263],[10.09589715306256,45.72284497277639],[10.09752208186728,45.721785302039734],[10.099288569034343,45.720742214221175],[10.101171653878222,45.719625972893866],[10.102758175106844,45.711807018400215],[10.098844126921609,45.69892859643208],[10.097300802044446,45.69357893068227],[10.092723610761446,45.68937444018681],[10.080749846545487,45.689146414226364],[10.065509200735178,45.689293186171724],[10.065507711340986,45.68990155361517],[10.065344031313836,45.69125769570087],[10.065301281998755,45.691501123201625],[10.06520160771008,45.69179007772727],[10.06477353425247,45.693004679654955],[10.062188509649818,45.698586723491765],[10.060635450528032,45.70191795020653],[10.05977599583368,45.70444615095772],[10.059587960242244,45.70511845470999],[10.059400668002743,45.70616878668266],[10.059305339634316,45.706988730420086],[10.059120413411852,45.708844605969205],[10.059489124312307,45.712040961670205],[10.059612819937566,45.71306140380637],[10.059778528559418,45.71367191707906],[10.060816977888173,45.716947563245334],[10.061973230736136,45.72126168289818],[10.06256575927115,45.724640460655024]]]},"properties":{"name":"Monte Isola","op_id":"2410","minint_elettorale":"1030151030","minint_finloc":"1030151030","prov_name":"Brescia","prov_istat_code":"017","prov_istat_code_num":17,"prov_acr":"BS","reg_name":"Lombardia","reg_istat_code":"03","reg_istat_code_num":3,"opdm_id":"2124","com_catasto_code":"F532","com_istat_code":"017111","com_istat_code_num":17111}},
{"type":"Feature","geometry":{"type":"Polygon","coordinates":[[[10.084075971244303,45.651139629571276],[10.086538408362655,45.652126499324304],[10.091818368977803,45.65437429058021],[10.094624526842603,45.656017367619405],[10.099665167627336,45.65844301991772],[10.102729672651964,45.659631410416694],[10.10596231453909,45.6604966859989],[10.106253103985487,45.660295121008204],[10.106451505648726,45.6601663495143],[10.108413239646207,45.65889614042901],[10.10894305647182,45.658555542954524],[10.109824561115543,45.65799053605726],[10.110743942324756,45.65759253516054],[10.112566399267113,45.65680604883938],[10.117868907750012,45.655764287628585],[10.118050219233034,45.655725024305205],[10.118214020610639,45.65568756127024],[10.118741205466685,45.655497389866376],[10.118640543871473,45.65536063899505],[10.118581718168116,45.655331187958154],[10.114770250695438,45.65353487741357],[10.114527758027599,45.6497672519318],[10.110953011022414,45.63326519594668],[10.108308075285736,45.621916934649974],[10.106003142737716,45.614727859484155],[10.10559446479901,45.61347631290093],[10.105509700087518,45.613271982747094],[10.105144218658292,45.61240916503848],[10.104812634593506,45.61163853938394],[10.104251306506248,45.611566099644605],[10.103877144342574,45.61152230430149],[10.086840348022644,45.6120092558119],[10.07544819350012,45.615964913530235],[10.07888829138006,45.61709641665502],[10.07952136336572,45.617466082489365],[10.080138015620214,45.618408344438066],[10.082189341949151,45.62394423226497],[10.082598443900185,45.6254505971505],[10.085223037898343,45.63602502267959],[10.08471429455705,45.64424024906973],[10.084075971244303,45.651139629571276]]]},"properties":{"name":"Monticelli Brusati","op_id":"2411","minint_elettorale":"1030151040","minint_finloc":"1030151040","prov_name":"Brescia","prov_istat_code":"017","prov_istat_code_num":17,"prov_acr":"BS","reg_name":"Lombardia","reg_istat_code":"03","reg_istat_code_num":3,"opdm_id":"2125","com_catasto_code":"F672","com_istat_code":"017112","com_istat_code_num":17112}},
{"type":"Feature","geometry":{"type":"Polygon","coordinates":[[[10.341473932648396,45.4619430452228],[10.343374998213879,45.461138459928755],[10.343574998233787,45.46105475767258],[10.346007436035661,45.460049049547564],[10.362964475094742,45.45315403088418],[10.372365981319065,45.44836442038604],[10.384403312261137,45.44450763002476],[10.393553486719426,45.4432452365993],[10.393565347677162,45.44336917877356],[10.394253540679923,45.44398325503891],[10.394278832201392,45.44400188491967],[10.394350644176644,45.444047022615784],[10.394990044951639,45.44418167713771],[10.40355794770994,45.44266338397047],[10.40480934212951,45.442434523495585],[10.405196928978047,45.44223658350635],[10.405549256041738,45.44205365820658],[10.411815248683206,45.438785337376856],[10.424346808830366,45.43203606826894],[10.440816055205952,45.42220309952436],[10.446044288706423,45.419131618807576],[10.447960813029058,45.41801367675425],[10.448668712261012,45.41760608526538],[10.449374939684397,45.41720972619902],[10.449683648854815,45.417039624796374],[10.44972121246932,45.4170294472417],[10.44977439755598,45.41702912851799],[10.450379986288755,45.417414296359496],[10.454202608152428,45.4144527375449],[10.46700968141837,45.40660649283372],[10.466996724502353,45.40655355598553],[10.465957606446437,45.40478969039914],[10.458498260723028,45.3921433321109],[10.457136744981241,45.39061049072552],[10.452016387373327,45.384844955714094],[10.451146648450058,45.383966753009624],[10.45030847091729,45.38312038738823],[10.448777738017984,45.382114842064055],[10.448173921422644,45.38178664042585],[10.445707789786157,45.38059663016893],[10.44496295806918,45.38025493209337],[10.442560407929495,45.37943044402436],[10.437552771380554,45.377898312595555],[10.436767622895186,45.37767158466443],[10.432558472559421,45.37731228453249],[10.426867958958546,45.37632849220446],[10.42231308282954,45.37494513077984],[10.41870743365278,45.37358936164916],[10.416191674091683,45.37254121390875],[10.412754476498371,45.37103931445473],[10.411018500371547,45.37027623563424],[10.401498332328774,45.365774269203335],[10.400668481229584,45.36423091145272],[10.40065544887005,45.36334555319939],[10.40154024473615,45.3628556944394],[10.40273205614788,45.36205397304394],[10.403522908098662,45.359901539121154],[10.403359265139786,45.35810522579586],[10.403077555646467,45.35709378053803],[10.399854033391135,45.3580417249091],[10.393987538479156,45.36015172499332],[10.38939441243897,45.36223888028776],[10.385663480384384,45.36434964175875],[10.379489728102351,45.368271961466874],[10.376844670683248,45.370032541906234],[10.364438307355142,45.37734667594233],[10.358908194059685,45.37976985417284],[10.346687862411718,45.385077986993466],[10.34623889691338,45.385245646725515],[10.34496369467892,45.385829296155585],[10.340810651852928,45.3880847931232],[10.331652042339684,45.39316244865296],[10.3295910175314,45.394442031603056],[10.327333080534896,45.39601723720993],[10.3259381192548,45.39699826729146],[10.324369546304343,45.398138753812425],[10.323155644711097,45.399056206641816],[10.320850562514542,45.400860804582315],[10.320543350772185,45.40110129012969],[10.319683151466231,45.40203254572748],[10.31809911254729,45.40383735806585],[10.317773676992012,45.40428060300941],[10.317395966843415,45.40480573640661],[10.313926502306646,45.410191535595956],[10.313592065459584,45.410760439928396],[10.313425854776662,45.41105373920273],[10.313352989381613,45.41188197094973],[10.313278859493693,45.412752214461754],[10.313039606745413,45.415839072565205],[10.309631940213102,45.430063448663276],[10.310012636293326,45.43741893702795],[10.315224302130341,45.43725942898767],[10.315943924204108,45.43724088060942],[10.317025755295933,45.43721298812833],[10.317109588834313,45.43725963803103],[10.321839077346208,45.44772121402266],[10.321409133306728,45.45121306112141],[10.323274414249054,45.453523295072735],[10.323768359144614,45.45412993440914],[10.324054316284752,45.45447307735107],[10.328988264778625,45.459707120204435],[10.33062056388125,45.46142718113695],[10.331649308723552,45.46247569594016],[10.33289817572432,45.4636877078728],[10.332997597518151,45.46377381350361],[10.334773394351258,45.46517135150752],[10.341473932648396,45.4619430452228]]]},"properties":{"name":"Montichiari","op_id":"2412","minint_elettorale":"1030151050","minint_finloc":"1030151050","prov_name":"Brescia","prov_istat_code":"017","prov_istat_code_num":17,"prov_acr":"BS","reg_name":"Lombardia","reg_istat_code":"03","reg_istat_code_num":3,"opdm_id":"2126","com_catasto_code":"F471","com_istat_code":"017113","com_istat_code_num":17113}},
{"type":"Feature","geometry":{"type":"Polygon","coordinates":[[[10.232370664320216,45.42739619496911],[10.23243133559347,45.42809861659186],[10.231681914319985,45.428283635763776],[10.22913777374101,45.42887936214028],[10.226151340788368,45.429436882845685],[10.225024868624255,45.42960713986162],[10.223157261932933,45.429820184889074],[10.222064143469764,45.429949830563686],[10.219456655215632,45.43043878575364],[10.216765397024512,45.43128244086409],[10.216590114433112,45.43136551225103],[10.218136090981435,45.43479900571965],[10.219171510088842,45.43684968542578],[10.221296782135207,45.441016518870065],[10.222945815536917,45.44599545089441],[10.211379829161514,45.44767875543314],[10.207038710726659,45.44868853499818],[10.208361571543223,45.44975348069059],[10.210858018423991,45.451806264443995],[10.21409504380904,45.45458597472723],[10.2179385772759,45.46227456188325],[10.220232853425266,45.46708398075572],[10.220349544327293,45.467347144737786],[10.220290731158748,45.46741530027883],[10.217949641219825,45.467285692051256],[10.21913372196937,45.470939219429994],[10.219806075658896,45.470985282656585],[10.219901140621603,45.47098463634676],[10.220800065102422,45.47095674083587],[10.220899054944566,45.47095058440587],[10.221345901202453,45.47089230720788],[10.223989625084293,45.470459717575594],[10.224900518777476,45.47012641055386],[10.22514977350686,45.468291233693954],[10.226306895476005,45.464917499058785],[10.226336216822032,45.464866885398],[10.226371258871616,45.464838227289725],[10.229031297394831,45.46275393388677],[10.232530178155853,45.46303074015067],[10.234755734108072,45.4632549725349],[10.236411277810102,45.4634287430801],[10.238526336353925,45.46346386625399],[10.242607674911218,45.463239140537006],[10.243559570799825,45.462387309330666],[10.244167759112113,45.46135991217272],[10.245011765870913,45.45778657663113],[10.245853772296897,45.45447652452126],[10.24743991278088,45.44997229004308],[10.250483651852248,45.44152357302509],[10.251746041973904,45.43807509595673],[10.252374416383951,45.43648907023757],[10.252489025095867,45.43612042673475],[10.252465385706,45.43597945611091],[10.252297299567019,45.43515578771087],[10.25193221172535,45.43359722948825],[10.251413718028276,45.431625337150344],[10.249593211075023,45.42512820240963],[10.249021278186131,45.42317808007693],[10.247374743128034,45.423462841229544],[10.246716753698902,45.42360553759025],[10.239530238071062,45.425335273000755],[10.234670817587972,45.42657783851602],[10.232370664320216,45.42739619496911]]]},"properties":{"name":"Montirone","op_id":"2413","minint_elettorale":"1030151051","minint_finloc":"1030151051","prov_name":"Brescia","prov_istat_code":"017","prov_istat_code_num":17,"prov_acr":"BS","reg_name":"Lombardia","reg_istat_code":"03","reg_istat_code_num":3,"opdm_id":"2127","com_catasto_code":"F680","com_istat_code":"017114","com_istat_code_num":17114}},
{"type":"Feature","geometry":{"type":"Polygon","coordinates":[[[10.364675824878372,45.6990387157565],[10.362495393969759,45.70140665560343],[10.354595139398784,45.70291534515404],[10.35437131693048,45.70293369667302],[10.3540408729365,45.70294568792617],[10.353832125311706,45.702914831941435],[10.353688064814218,45.702860328791644],[10.353413433410465,45.70267788601334],[10.347864995482576,45.70062171440104],[10.332613582729216,45.69885406512907],[10.33080300269719,45.69864988127508],[10.3266311846063,45.700166846685114],[10.325329364529928,45.70112335059094],[10.322200188382734,45.70411185381147],[10.322037168247702,45.70589290144817],[10.321944690926667,45.708061636201094],[10.321842517899835,45.70894339983858],[10.315560025694833,45.71938508794577],[10.312065075868249,45.723278490379194],[10.31006381193057,45.724240921565624],[10.311094505516822,45.72587830167666],[10.312499266414214,45.72810975907354],[10.316336310954464,45.731725237366994],[10.322806458641532,45.732606538009385],[10.322875921813075,45.73261062556382],[10.323065783836398,45.73261444376867],[10.337225928959635,45.73284603871684],[10.338228356518195,45.73320841011723],[10.338400149331251,45.733261140476095],[10.33856566863904,45.73324925515345],[10.338615144823951,45.73323871147413],[10.339201844229438,45.73311075574672],[10.341077456374391,45.73262550170711],[10.34141890794124,45.73251641244976],[10.34247919229804,45.73202910010972],[10.344757126257445,45.7305823377706],[10.355928102684164,45.72336884828911],[10.357806064370392,45.72212292177676],[10.35846071498159,45.721669614606846],[10.35857610967577,45.721521672489565],[10.358604679598159,45.7213781742536],[10.362548921137293,45.71648623616763],[10.375201028118234,45.71182792644485],[10.378412276739096,45.71029850562162],[10.378364024784693,45.709903072359616],[10.378041761031058,45.708298674218014],[10.377976069548303,45.70811609203345],[10.377852456766043,45.707788943482356],[10.377641268003101,45.70735568667842],[10.37746731511222,45.707055346308046],[10.377264934509679,45.706742109939256],[10.377219987043116,45.706672542297014],[10.376781536756749,45.70612057488731],[10.376225656962587,45.705629552354615],[10.37051285237492,45.701495054552154],[10.366634839046228,45.69983828744726],[10.364675824878372,45.6990387157565]]]},"properties":{"name":"Mura","op_id":"2414","minint_elettorale":"1030151060","minint_finloc":"1030151060","prov_name":"Brescia","prov_istat_code":"017","prov_istat_code_num":17,"prov_acr":"BS","reg_name":"Lombardia","reg_istat_code":"03","reg_istat_code_num":3,"opdm_id":"2128","com_catasto_code":"F806","com_istat_code":"017115","com_istat_code_num":17115}},
{"type":"Feature","geometry":{"type":"Polygon","coordinates":[[[10.46675454043936,45.538738660045304],[10.46522002857424,45.54081052687063],[10.462758534799821,45.54517158167421],[10.461642097373316,45.54680247080872],[10.458200574292954,45.54873125529536],[10.454004705579537,45.55046230792936],[10.45355960786087,45.55058167194895],[10.453201937235965,45.550622244098754],[10.452817275422545,45.550609127527835],[10.4511822133578,45.55029688358776],[10.45038671132452,45.54925386528015],[10.448554984725282,45.54876405430085],[10.443381826584172,45.54885653819848],[10.437672392124025,45.5495226282112],[10.436503132168482,45.54971555183113],[10.436972114036735,45.552204772094896],[10.439449299233877,45.554189283941035],[10.43954931532306,45.55415200365137],[10.439697986373783,45.55409661452129],[10.440130016872416,45.553956157502405],[10.44060205354947,45.55387818124083],[10.441034976141509,45.55406732896624],[10.441331949449127,45.55436403833219],[10.441479508591206,45.554623204371204],[10.441628446073338,45.5549363621102],[10.44169704656738,45.55511119224689],[10.441765506622316,45.55528567396761],[10.441769792120626,45.5553633092562],[10.442469888334799,45.557779035510876],[10.442858709432722,45.55895326122946],[10.44336511946076,45.560215995039556],[10.44353701952771,45.560524013629085],[10.44361443387654,45.56055783877405],[10.445871595114335,45.56151656476063],[10.447888714522037,45.56172503133663],[10.449643764905517,45.56220682970527],[10.452015199485043,45.56304979935315],[10.453340676842124,45.56395104955401],[10.454045413310395,45.56444614140224],[10.454295763212443,45.56471297658102],[10.454547070580444,45.565015818651396],[10.454721949368173,45.56533762682441],[10.454749116906509,45.56542729343956],[10.454960515602021,45.566144573957644],[10.455111665288115,45.56802392774335],[10.455121657617552,45.56841084242185],[10.454973718077275,45.568637751467186],[10.454698153277935,45.568884296182105],[10.454333834508681,45.56916795492985],[10.454032862227324,45.56942381721956],[10.453848361242443,45.56972321325437],[10.453694574295522,45.57022021746751],[10.45372740642206,45.570498835687495],[10.454059767713598,45.57096264643138],[10.45490251293211,45.57160344719404],[10.45661496290835,45.57259552473573],[10.456659869965446,45.572612631013065],[10.458993675406754,45.57322088848486],[10.478232716314333,45.57691695865683],[10.482503881889635,45.57703264945315],[10.485734409915397,45.57462343900718],[10.486356495260765,45.57342720387039],[10.485576629897938,45.572042205145934],[10.485310660521813,45.57167661386998],[10.485058710389028,45.57135585586147],[10.48413771935377,45.57044971925166],[10.483602044699955,45.570060641279966],[10.483196835439212,45.569759880078124],[10.482815842879685,45.56940477312916],[10.482727973094116,45.56930611172624],[10.482498900784222,45.56904885151471],[10.48213879169956,45.5685134612439],[10.481523048263204,45.56710099818455],[10.481265670448341,45.56649956533932],[10.481192876283579,45.566167461147856],[10.481285417737325,45.565788233324376],[10.48276144374434,45.561007533977616],[10.483586026143382,45.559718678326114],[10.485284876025727,45.559516569499515],[10.485831520631693,45.55950496132431],[10.486008735217732,45.55950157556154],[10.486500401753363,45.55949225739118],[10.486588717120561,45.559490598428525],[10.486629533916082,45.559490067139656],[10.490803297617099,45.55694236640475],[10.491449408890448,45.55617791478554],[10.488966036378033,45.55529221348782],[10.48533217524422,45.553044261794206],[10.482964376321842,45.5511848266448],[10.483219804736024,45.550668451030745],[10.483951743318359,45.54927278745689],[10.48417657178202,45.54905383660837],[10.486571137354185,45.54755551937841],[10.486709128082971,45.546473593008976],[10.485978041427314,45.54449388320147],[10.485816773499481,45.54420794735795],[10.481205702175526,45.54129749173222],[10.479268768810885,45.54021547755335],[10.471046754692058,45.53977261520019],[10.46675454043936,45.538738660045304]]]},"properties":{"name":"Muscoline","op_id":"2415","minint_elettorale":"1030151070","minint_finloc":"1030151070","prov_name":"Brescia","prov_istat_code":"017","prov_istat_code_num":17,"prov_acr":"BS","reg_name":"Lombardia","reg_istat_code":"03","reg_istat_code_num":3,"opdm_id":"2129","com_catasto_code":"F820","com_istat_code":"017116","com_istat_code_num":17116}},
{"type":"Feature","geometry":{"type":"Polygon","coordinates":[[[10.32532392075921,45.580337086188564],[10.322821874692787,45.579465570034415],[10.320183768969173,45.57800949669927],[10.302154019740678,45.56762894081844],[10.298682152636243,45.563780025651155],[10.293047951366948,45.557626911729855],[10.291876277368669,45.55668697325255],[10.291243539192022,45.55637377057289],[10.290749191849041,45.55628645799944],[10.290561593188093,45.55642311713692],[10.288561763286543,45.55784650828483],[10.288121599803356,45.55814917512936],[10.286806096874667,45.55903160911903],[10.279202558126727,45.561895419676894],[10.275125287383986,45.562400336257866],[10.2733705600234,45.562945854521416],[10.27108379221945,45.56367201474851],[10.268554542998636,45.564884882168066],[10.2596705807544,45.57178740976997],[10.260182917022469,45.57669996367915],[10.25198379566193,45.58294914365256],[10.250653055511924,45.58380977101448],[10.24998067034461,45.584526327996],[10.249899619126477,45.58542919134939],[10.250455548098063,45.586813551184584],[10.25322127487739,45.59199262797952],[10.253448986155302,45.592310831560354],[10.254376838169106,45.5934279085299],[10.254907497711242,45.59402373534914],[10.259332538437114,45.59706979304122],[10.267527518698364,45.60346643311822],[10.263288621499807,45.61596481762988],[10.259187974543238,45.62069492395356],[10.255506732262845,45.62411604549261],[10.259818406109654,45.62425733134968],[10.26800015023521,45.624119259825484],[10.273976531270238,45.62147347714077],[10.279027457812312,45.61985989507487],[10.28517880347066,45.622376310972115],[10.287032607130529,45.62308130085782],[10.291002166068559,45.61826712546843],[10.29870447277591,45.606951220040095],[10.312323171864564,45.60174080650071],[10.321044409633835,45.599321616650926],[10.326259115275288,45.599369089353566],[10.328340598595867,45.59946334568501],[10.329755639649232,45.5995725616583],[10.33005577449886,45.599694694359414],[10.330499888530147,45.60005683661189],[10.331611399895742,45.5969840915826],[10.328222422843789,45.585736358511326],[10.32637458453534,45.58180206892708],[10.32532392075921,45.580337086188564]]]},"properties":{"name":"Nave","op_id":"2416","minint_elettorale":"1030151080","minint_finloc":"1030151080","prov_name":"Brescia","prov_istat_code":"017","prov_istat_code_num":17,"prov_acr":"BS","reg_name":"Lombardia","reg_istat_code":"03","reg_istat_code_num":3,"opdm_id":"2130","com_catasto_code":"F851","com_istat_code":"017117","com_istat_code_num":17117}},
{"type":"Feature","geometry":{"type":"Polygon","coordinates":[[[10.322036006014981,45.981135591095295],[10.327640721800707,45.98230535888292],[10.33462895853495,45.98333840407823],[10.339350755924444,45.98319314878944],[10.36188467818231,45.981288705863165],[10.368579327137763,45.980011580161516],[10.375847676542872,45.977935126940466],[10.376257533270365,45.977804184650005],[10.376930821500087,45.97736406261982],[10.377196928633921,45.97716283276784],[10.37810916800791,45.9764678095],[10.378399052260113,45.97618529573473],[10.380603500704035,45.97346756277633],[10.383656480800369,45.96958745998962],[10.3856199519046,45.967061553919855],[10.387511108002181,45.96423046914524],[10.390283559245887,45.96052459179239],[10.391962456910672,45.95954110667613],[10.397716848301092,45.95641072439396],[10.403886785458024,45.953409928378335],[10.40461167615166,45.95350002233987],[10.405180845868744,45.953556026666696],[10.40569523584987,45.95348669684533],[10.40619377256415,45.95330056495302],[10.406573720493306,45.95301686904749],[10.410811956452637,45.94968846103153],[10.411814144324142,45.94850601561075],[10.412069691452468,45.9468827706295],[10.409892769010227,45.94651364072085],[10.409268174605424,45.94630533112193],[10.408760135248507,45.946113590220214],[10.408186025661173,45.94585965684868],[10.407740421970296,45.94558612914622],[10.401845760508905,45.940528351208975],[10.397076765840035,45.93761660878506],[10.379441278020774,45.92768736144264],[10.37483854614688,45.92903964023643],[10.368886787968053,45.93380863457648],[10.364617062762315,45.94274313955686],[10.35859488529957,45.943381939589926],[10.351148801215027,45.94542333216933],[10.35056007437494,45.945619303155446],[10.350167651790535,45.94592994563763],[10.349832711202275,45.946482927719074],[10.349728216374873,45.946961187245805],[10.349684489069263,45.947285735533455],[10.349753585790245,45.94853600584931],[10.349805585772435,45.94908441604787],[10.350063137801433,45.949594396521455],[10.350281092964812,45.95006884590698],[10.350422766046545,45.950589190836],[10.350305787347445,45.95108558920808],[10.350176789213448,45.95161814675],[10.349993789910652,45.9520523384352],[10.349554523751959,45.95309257138729],[10.348728647733822,45.954686390565016],[10.3483525614923,45.95514084947857],[10.335857546921918,45.96249699681423],[10.326772578300089,45.966311022054946],[10.323683737898351,45.96721988055596],[10.318856783982417,45.96905566256307],[10.317033498611883,45.969970065701624],[10.316244997263537,45.970851928568074],[10.31609687933879,45.97168170374445],[10.322036006014981,45.981135591095295]]]},"properties":{"name":"Niardo","op_id":"2417","minint_elettorale":"1030151090","minint_finloc":"1030151090","prov_name":"Brescia","prov_istat_code":"017","prov_istat_code_num":17,"prov_acr":"BS","reg_name":"Lombardia","reg_istat_code":"03","reg_istat_code_num":3,"opdm_id":"2131","com_catasto_code":"F884","com_istat_code":"017118","com_istat_code_num":17118}},
{"type":"Feature","geometry":{"type":"Polygon","coordinates":[[[10.407139424934499,45.52335437009272],[10.399722979834072,45.51782698101689],[10.39573623912793,45.52171679616751],[10.381549371754485,45.53502289965363],[10.379091997809086,45.539987715428815],[10.377144966181364,45.54210129504732],[10.373988330623773,45.54540371055093],[10.373666736365035,45.54564203079159],[10.372894428300354,45.54618140120921],[10.372563564194392,45.5464023945901],[10.371722535998481,45.54693082738771],[10.371153714427614,45.54718051020109],[10.369494923280408,45.54746369198544],[10.36878477932267,45.54590459010848],[10.35753030914443,45.54858286998596],[10.355701666543156,45.550501275584125],[10.355079234568302,45.552373851803694],[10.356079662543387,45.55322889160688],[10.359699040638715,45.55603484227047],[10.359849069376153,45.556106315997276],[10.360091651745838,45.55620840725996],[10.361319115621209,45.55647307858818],[10.362886209017926,45.55663837194997],[10.362948735513553,45.55662622143753],[10.36300964347026,45.55656144281994],[10.363646131672411,45.555815044641925],[10.363801666382594,45.55563041134678],[10.36364173400568,45.5552577404392],[10.363458486386628,45.554824716247346],[10.36345335735096,45.55474349759248],[10.363454296921121,45.55410520071985],[10.36348013408936,45.55398359441443],[10.363557829085329,45.553617912752706],[10.364039327531751,45.55234662881946],[10.364564101940882,45.552084477070586],[10.364916853521178,45.551913019818905],[10.365370955005934,45.55169903847942],[10.365916946077327,45.551501938820834],[10.366657248567682,45.551242663300016],[10.368482468185036,45.55095840838983],[10.379863182016761,45.55353206178513],[10.38167300976978,45.55880800083125],[10.382647114572132,45.562784453869405],[10.386374020645208,45.55872281625582],[10.399524091240098,45.5487332197514],[10.402529057272837,45.54621257080592],[10.398685255821281,45.54377242568276],[10.399544280360821,45.542110116922885],[10.404225647857817,45.53787999772467],[10.405176939884136,45.53432164725219],[10.406393666710068,45.52827057450158],[10.404322521745007,45.52699909503565],[10.407139424934499,45.52335437009272]]]},"properties":{"name":"Nuvolento","op_id":"2418","minint_elettorale":"1030151100","minint_finloc":"1030151100","prov_name":"Brescia","prov_istat_code":"017","prov_istat_code_num":17,"prov_acr":"BS","reg_name":"Lombardia","reg_istat_code":"03","reg_istat_code_num":3,"opdm_id":"2132","com_catasto_code":"F989","com_istat_code":"017119","com_istat_code_num":17119}},
{"type":"Feature","geometry":{"type":"Polygon","coordinates":[[[10.399722979834072,45.51782698101689],[10.399337837644616,45.51608375760778],[10.39879941190649,45.514219931132196],[10.397216815109319,45.51014805094577],[10.396925662567767,45.509936415380935],[10.391785164780691,45.50951852789689],[10.388396588106465,45.50934580514706],[10.382083031207278,45.50857677940691],[10.380795735388928,45.50878242502109],[10.379740715872668,45.508954207947525],[10.379623781874399,45.50898554491382],[10.379439858127324,45.50907691855133],[10.37727385273901,45.51049255084538],[10.371303553020253,45.51493074530953],[10.36719560372411,45.51855198490683],[10.34864614762608,45.53067409228031],[10.343573164600068,45.534308050844075],[10.34309659929342,45.537400576284625],[10.343157167919419,45.539565199860284],[10.342181706485936,45.54395511442649],[10.341644346999791,45.54601119621165],[10.338849250659568,45.55526627399606],[10.335446672058866,45.56080663149995],[10.335620765080922,45.56657000228149],[10.339352704064394,45.56697463787288],[10.341261671521965,45.566239135182535],[10.345114195139375,45.5642370757827],[10.345257732303775,45.5641540244994],[10.346816032200563,45.56295835449801],[10.347320680401383,45.56250859798218],[10.354887101665506,45.55573823821963],[10.35510267737042,45.554988085918126],[10.355079234568302,45.552373851803694],[10.355701666543156,45.550501275584125],[10.35753030914443,45.54858286998596],[10.36878477932267,45.54590459010848],[10.369494923280408,45.54746369198544],[10.371153714427614,45.54718051020109],[10.371722535998481,45.54693082738771],[10.372563564194392,45.5464023945901],[10.372894428300354,45.54618140120921],[10.373666736365035,45.54564203079159],[10.373988330623773,45.54540371055093],[10.377144966181364,45.54210129504732],[10.379091997809086,45.539987715428815],[10.381549371754485,45.53502289965363],[10.39573623912793,45.52171679616751],[10.399722979834072,45.51782698101689]]]},"properties":{"name":"Nuvolera","op_id":"2419","minint_elettorale":"1030151110","minint_finloc":"1030151110","prov_name":"Brescia","prov_istat_code":"017","prov_istat_code_num":17,"prov_acr":"BS","reg_name":"Lombardia","reg_istat_code":"03","reg_istat_code_num":3,"opdm_id":"2133","com_catasto_code":"F990","com_istat_code":"017120","com_istat_code_num":17120}},
{"type":"Feature","geometry":{"type":"Polygon","coordinates":[[[10.372502110711196,45.62736872353218],[10.373998572253782,45.63031395508583],[10.372408765838566,45.63700786916222],[10.372880149927472,45.64857514868325],[10.373076622378429,45.650044117222194],[10.373250031930516,45.64983136701762],[10.374537413557679,45.649339452653415],[10.377930785350303,45.65049482970261],[10.379470823602636,45.65105493924135],[10.381067337217234,45.65204469861483],[10.38377814218993,45.65287700204766],[10.386914468416055,45.65283277237844],[10.390995726561805,45.65228055250115],[10.397920472962163,45.64955042503907],[10.405842992373447,45.646531846310886],[10.406746652455348,45.64599487707152],[10.407809798019978,45.64375015153917],[10.40824630293704,45.64213484877433],[10.40623016056483,45.63745771514775],[10.405998987919478,45.63693272403613],[10.405677972342582,45.63642934684379],[10.40492544378668,45.6355201278646],[10.403060695278665,45.632723141522064],[10.401172090338152,45.631598537991884],[10.398604084924347,45.630246362414816],[10.397086509417862,45.62966195879832],[10.389773052218723,45.62869730804023],[10.383031147992396,45.6237846361342],[10.381744004726091,45.62247669911034],[10.380704996643935,45.62237495988066],[10.379221800838224,45.62238234816525],[10.378692512344294,45.6226836377623],[10.377349654156752,45.62354965866065],[10.37615499538076,45.62438210467051],[10.37452346053866,45.625539745429215],[10.374109203194676,45.62587729389614],[10.37309611375107,45.62676801418819],[10.372502110711196,45.62736872353218]]]},"properties":{"name":"Odolo","op_id":"2420","minint_elettorale":"1030151120","minint_finloc":"1030151120","prov_name":"Brescia","prov_istat_code":"017","prov_istat_code_num":17,"prov_acr":"BS","reg_name":"Lombardia","reg_istat_code":"03","reg_istat_code_num":3,"opdm_id":"2134","com_catasto_code":"G001","com_istat_code":"017121","com_istat_code_num":17121}},
{"type":"Feature","geometry":{"type":"Polygon","coordinates":[[[10.138472656291214,45.40430416095199],[10.139211668014235,45.40408142017405],[10.14154356692798,45.403171344887056],[10.142027731508431,45.40297471355442],[10.1428274631518,45.402633183705326],[10.143388095285083,45.40238503648386],[10.143555874178317,45.402305639318286],[10.143680518673364,45.402241607039194],[10.143709696506088,45.40221976570557],[10.143772715439766,45.402167827116614],[10.147227873625303,45.39873990108565],[10.15226957171042,45.394064788230835],[10.153362461046315,45.39400557243769],[10.153581737158865,45.39399013484261],[10.153769274058908,45.39395817599289],[10.156648063171934,45.39313535060463],[10.158801051181438,45.392435506014905],[10.159332704460216,45.39225699681048],[10.159395938844675,45.392234319638604],[10.163025781190742,45.39082975078239],[10.16296622100369,45.3905586791224],[10.162749438473043,45.39004955676118],[10.158880403130569,45.38352600749615],[10.156244034377231,45.38079059457514],[10.153160148963122,45.37963503356135],[10.144215753835711,45.37720968809294],[10.142910928071913,45.374206492761026],[10.142503728789055,45.37381718890647],[10.1409254276904,45.37306180289586],[10.135916175768894,45.37080154598999],[10.13481685592564,45.37071767241029],[10.134539647722281,45.37071329749181],[10.131271868399777,45.37212612571792],[10.131155018744954,45.37218524285748],[10.131119999605797,45.3722370594636],[10.131156193976311,45.372310809162464],[10.131790162910692,45.37344824068958],[10.132055799410471,45.37387625078046],[10.132472288164093,45.374399240992375],[10.13286851293545,45.37483188152947],[10.129430817403401,45.37463750703517],[10.125459297873153,45.37217161839136],[10.11994601012233,45.36832378969003],[10.108167153740851,45.362506410217634],[10.103088797321705,45.35769749523535],[10.102988160838134,45.35572606668133],[10.103147497041881,45.354705805208006],[10.104155139575418,45.3526371825974],[10.10169867548991,45.35407334717841],[10.09667017375575,45.35790609255222],[10.092417429813858,45.36217384133013],[10.089129645368914,45.36426549862889],[10.088573926941054,45.36454935320669],[10.088018354363946,45.36480114080338],[10.087639925393546,45.36496167520618],[10.087083693577636,45.365102810706404],[10.086732634773902,45.3651555152285],[10.078799589420194,45.36576249089776],[10.075294837497337,45.37010617842337],[10.073198109930193,45.37375647148817],[10.073095091056937,45.37615377937509],[10.063629864308453,45.380210943576756],[10.063108287981846,45.38409571963625],[10.062886613998456,45.38709183127928],[10.064459865556067,45.389276431959],[10.065037712152229,45.390074647468445],[10.065410347284423,45.390575744065146],[10.065477922491333,45.3905623785863],[10.065524984427798,45.39051785552534],[10.065579749111356,45.390447746313995],[10.065820701431862,45.39013869669243],[10.066648626544728,45.38842711465385],[10.07143507378987,45.39008762078849],[10.07297511916268,45.39404041329135],[10.073532695654333,45.39360530192372],[10.07531269818806,45.39326061134546],[10.076241692819018,45.3930901601312],[10.080968887840184,45.39340215829052],[10.090450627153038,45.394072957553306],[10.099146005628052,45.397520120345085],[10.103366734124055,45.400091190074555],[10.108157459261859,45.401727998270204],[10.112046694536447,45.402637079193454],[10.113812909349328,45.400600630535024],[10.12603059664415,45.39887348674399],[10.137687849309579,45.401090423683556],[10.138313933545078,45.40199664838085],[10.138472656291214,45.40430416095199]]]},"properties":{"name":"Offlaga","op_id":"2421","minint_elettorale":"1030151130","minint_finloc":"1030151130","prov_name":"Brescia","prov_istat_code":"017","prov_istat_code_num":17,"prov_acr":"BS","reg_name":"Lombardia","reg_istat_code":"03","reg_istat_code_num":3,"opdm_id":"2135","com_catasto_code":"G006","com_istat_code":"017122","com_istat_code_num":17122}},
{"type":"Feature","geometry":{"type":"Polygon","coordinates":[[[10.135337411719961,45.64993962687096],[10.13313522974303,45.642071626973305],[10.132076558443718,45.64143711419339],[10.132152719290671,45.641168456931155],[10.132176015442955,45.64112832032735],[10.132848417947862,45.64021572176531],[10.13826276732727,45.63569902622598],[10.139874899823013,45.63455264586988],[10.14104707346094,45.634176160905966],[10.143205587255983,45.63352317927075],[10.143309405811411,45.633527459763926],[10.143664398806086,45.633533591114],[10.143851370608731,45.633473608768405],[10.144321601617403,45.63274972215352],[10.14469624651362,45.6319865121221],[10.144923708872138,45.63118843919538],[10.144986220683988,45.63085231963522],[10.144976587753185,45.630795089043446],[10.14444469183832,45.62854562304745],[10.141073361594431,45.62051307310045],[10.139807473010267,45.61854548843585],[10.13494879635502,45.61173860633998],[10.130591340117139,45.61198460046672],[10.124520173364811,45.612025133376676],[10.117142790310814,45.61180128685297],[10.11262736219785,45.61138345036315],[10.112352972090353,45.61107737066988],[10.112161305447943,45.610835508078644],[10.112035632760785,45.610674656118974],[10.111857888015978,45.61044715266889],[10.111328572294397,45.61039971358942],[10.108941658169549,45.61030856001144],[10.107771761347346,45.610399552493234],[10.10542292582489,45.610685235439504],[10.105104754943866,45.61076304933089],[10.104677706311735,45.61096467088201],[10.10439697219498,45.61112824224345],[10.103877144342574,45.61152230430149],[10.104251306506248,45.611566099644605],[10.104812634593506,45.61163853938394],[10.105144218658292,45.61240916503848],[10.105509700087518,45.613271982747094],[10.10559446479901,45.61347631290093],[10.106003142737716,45.614727859484155],[10.108308075285736,45.621916934649974],[10.110953011022414,45.63326519594668],[10.114527758027599,45.6497672519318],[10.114770250695438,45.65353487741357],[10.116873887973053,45.65273206697051],[10.127295273162817,45.651586109025],[10.135337411719961,45.64993962687096]]]},"properties":{"name":"Ome","op_id":"2422","minint_elettorale":"1030151140","minint_finloc":"1030151140","prov_name":"Brescia","prov_istat_code":"017","prov_istat_code_num":17,"prov_acr":"BS","reg_name":"Lombardia","reg_istat_code":"03","reg_istat_code_num":3,"opdm_id":"2136","com_catasto_code":"G061","com_istat_code":"017123","com_istat_code_num":17123}},
{"type":"Feature","geometry":{"type":"Polygon","coordinates":[[[10.271026700169793,46.06743765143455],[10.275394126069799,46.058773425404326],[10.277972510618996,46.05365372541777],[10.2793625183927,46.04934437938526],[10.2774191300401,46.04713828152279],[10.276776393802734,46.04696560136286],[10.275880123493677,46.04659739880795],[10.274439494661076,46.045979462307145],[10.27626978918413,46.0431843444318],[10.280242945622796,46.03753164372421],[10.281287729649751,46.03670235012585],[10.283988602910949,46.03637248532746],[10.285814872965863,46.03669637703489],[10.28896729808148,46.03685254379354],[10.292936883969826,46.03698239731408],[10.296842022043755,46.036775636584494],[10.306665193533599,46.03622523950207],[10.312756625042734,46.03470307175782],[10.31818095124487,46.03168676103636],[10.320668033638562,46.03030181392013],[10.329743109654192,46.02280631965622],[10.338763281452362,46.015151285293506],[10.340502705709577,46.015195453426436],[10.344437287223698,46.015570408815115],[10.345479522770406,46.01578664046833],[10.342721096997375,46.011672233351966],[10.339516382668617,46.01208750575488],[10.328171251628046,46.01255833082503],[10.324214914407236,46.01264640466707],[10.32061703593094,46.0125318754441],[10.316396198810665,46.0116845776666],[10.313561418039052,46.011228782878185],[10.31235301567172,46.011255195770275],[10.312055046737708,46.01129477204829],[10.306690851028177,46.01217779435787],[10.288585260836026,46.01816422544171],[10.287566020793864,46.0189468948579],[10.280437720077813,46.02442422515466],[10.269263951883373,46.0351146975866],[10.264801463902648,46.04176110599259],[10.262250496530129,46.048247836135374],[10.252391807474224,46.05496967144155],[10.246469404348156,46.05981819536101],[10.25208788476642,46.06152592500094],[10.266311972906443,46.06484109900876],[10.27031912488412,46.06693012464211],[10.271026700169793,46.06743765143455]]]},"properties":{"name":"Ono San Pietro","op_id":"2423","minint_elettorale":"1030151150","minint_finloc":"1030151150","prov_name":"Brescia","prov_istat_code":"017","prov_istat_code_num":17,"prov_acr":"BS","reg_name":"Lombardia","reg_istat_code":"03","reg_istat_code_num":3,"opdm_id":"2137","com_catasto_code":"G074","com_istat_code":"017124","com_istat_code_num":17124}},
{"type":"Feature","geometry":{"type":"Polygon","coordinates":[[[10.02607451086674,45.403828740902895],[10.030424724390208,45.396334143663374],[10.027541763075872,45.39727771740722],[10.026218487200287,45.39736810658919],[10.022889920530828,45.39704537571519],[10.020094034849917,45.39660131877467],[10.020012539994164,45.39641807321363],[10.01997516774835,45.39624259324866],[10.01969843096524,45.39175850000081],[10.017612010631982,45.38854772103342],[10.007566062581068,45.387911605235004],[10.007443285807721,45.38792048345796],[10.00720211384975,45.38796629401735],[10.006267509019509,45.38815042728201],[10.003295714775591,45.38875215296349],[10.002558331584181,45.389250253728434],[9.996626729144227,45.382300890189434],[9.995238889060765,45.378047829251045],[9.994406162575673,45.377937489111424],[9.991651795424914,45.37852374530153],[9.988724321579845,45.37778768170324],[9.984295623741641,45.37737315863199],[9.973514361430555,45.376535438441906],[9.972440332852164,45.37644664550729],[9.968673574804535,45.37587629324276],[9.961617086265875,45.370806657935006],[9.954213695538295,45.36119715361831],[9.9470429666299,45.35509483640901],[9.94415608382482,45.355060751459526],[9.937042944199396,45.364709591492996],[9.928482202767968,45.36877423881772],[9.925229528077919,45.37035291894527],[9.92566197811361,45.37540000679147],[9.925952066444612,45.37893691525473],[9.925852276407102,45.380739368465754],[9.92553324370581,45.382522130621304],[9.92075947351653,45.38388676530967],[9.920314164382853,45.38392930321624],[9.917514508499782,45.38418608801335],[9.912885840290372,45.38458992847803],[9.912509630569435,45.3834809723202],[9.912080881727876,45.379981203884796],[9.913504897723895,45.3785034300071],[9.91368848608885,45.378488733088886],[9.913843773098014,45.37847234324043],[9.913713363595297,45.37798462905744],[9.91300450870472,45.37539753265683],[9.912950748956623,45.37520917716322],[9.91280438068044,45.37469757634363],[9.912767003322374,45.37462006741992],[9.91272089947327,45.37458122599833],[9.912668541609944,45.37456882648442],[9.909754334578711,45.37395210796511],[9.908460368991129,45.373678874246934],[9.908029978559316,45.373612572388836],[9.904328279994564,45.373122384526475],[9.903704670660618,45.37308001846478],[9.90311460151789,45.37304125796874],[9.902196531475957,45.372980946060196],[9.901276153763122,45.372921800754156],[9.897905358827021,45.36859226317047],[9.8955976630427,45.3643089028076],[9.895171390052276,45.361369077367165],[9.895132712824466,45.36123699739787],[9.89508257513849,45.36113521581923],[9.895016698523918,45.36106123676177],[9.894776865489158,45.36085032362559],[9.894700095425035,45.36078548060073],[9.894298221217289,45.360658337763184],[9.89213720943587,45.360153312135],[9.889386074873626,45.35990745343989],[9.888682877650316,45.36057273564315],[9.887368249067322,45.362310044112625],[9.886893773939653,45.364516744957335],[9.887275253698864,45.36751348605941],[9.887374954146653,45.37868580860609],[9.888850223361757,45.387689299238914],[9.892988027325758,45.39458085658662],[9.891046181719187,45.404237305015705],[9.890836080553106,45.41373428608079],[9.889500933855896,45.41742613761358],[9.889520856111847,45.42276370332796],[9.889613962951483,45.4273312570508],[9.89141421428566,45.42692549844557],[9.892708002536505,45.42709542337412],[9.893733071648231,45.427249427839634],[9.894208538287167,45.427407726422885],[9.894633761831269,45.42762043047018],[9.895020757118242,45.427842427462224],[9.89515284834638,45.42811141941878],[9.895195038113235,45.42835412918175],[9.895134386356979,45.428561623700446],[9.894945935844449,45.42877013762867],[9.894605104212152,45.429042835713375],[9.894132066146295,45.43308808827666],[9.89496087349673,45.43537688636493],[9.902868430576044,45.44139045125212],[9.90460758268276,45.44140369576309],[9.90777329842645,45.4410725313806],[9.91001617899417,45.440604625579454],[9.91312339718135,45.43982373907199],[9.913555607282978,45.43966725807515],[9.913731393205467,45.43946782988637],[9.913878255641173,45.439061595150115],[9.914284583558079,45.43730310957383],[9.914645256808326,45.43588703884659],[9.914803597746289,45.435399710266786],[9.91496205581847,45.43492137634136],[9.915163253707293,45.434712745454775],[9.915622719545356,45.434664045952495],[9.938291097161697,45.43240079498578],[9.945385365257264,45.4323333444604],[9.947392187622203,45.433954942171965],[9.950132101584412,45.43072445650725],[9.950348199626402,45.43042336665421],[9.950568793286028,45.43010997023949],[9.95066293103991,45.42995978376148],[9.950875742138358,45.42936813242614],[9.95749548805019,45.40757818697995],[9.955105850303369,45.40159392605708],[9.959650484348712,45.39900308674912],[9.963019695092187,45.39823700730114],[9.974088695881893,45.39714231509339],[9.980003634525156,45.396575348835825],[9.983088753240573,45.39538762019562],[9.98649042634021,45.392471232938625],[9.988326518517804,45.38819059411595],[9.994537249160656,45.39104801568752],[10.005883556289213,45.40015045392713],[10.01225705709119,45.40590590904809],[10.013217817723016,45.40625607367865],[10.020808494750131,45.405127002763855],[10.022831848980323,45.404325975863436],[10.02607451086674,45.403828740902895]]]},"properties":{"name":"Orzinuovi","op_id":"2424","minint_elettorale":"1030151160","minint_finloc":"1030151160","prov_name":"Brescia","prov_istat_code":"017","prov_istat_code_num":17,"prov_acr":"BS","reg_name":"Lombardia","reg_istat_code":"03","reg_istat_code_num":3,"opdm_id":"2138","com_catasto_code":"G149","com_istat_code":"017125","com_istat_code_num":17125}},
{"type":"Feature","geometry":{"type":"Polygon","coordinates":[[[9.952467422865523,45.4487729725141],[9.956236616989534,45.450576621873],[9.959291149700215,45.45019613080328],[9.961688934488803,45.44675805385329],[9.964130221731638,45.438790183973744],[9.966503657100974,45.437113305352234],[9.969198058944523,45.43674393750084],[9.974870834673052,45.42778853351872],[9.979867584576938,45.420935258516785],[9.981728951453487,45.41695780131481],[9.97715868438753,45.41242131545468],[9.977393949273289,45.406985436453155],[9.978692336900776,45.40675130169056],[9.979722670866877,45.40657265853672],[9.981579445759829,45.40625345307906],[9.980884218956321,45.40014025755561],[9.980003634525156,45.396575348835825],[9.974088695881893,45.39714231509339],[9.963019695092187,45.39823700730114],[9.959650484348712,45.39900308674912],[9.955105850303369,45.40159392605708],[9.95749548805019,45.40757818697995],[9.950875742138358,45.42936813242614],[9.95066293103991,45.42995978376148],[9.950568793286028,45.43010997023949],[9.950348199626402,45.43042336665421],[9.950132101584412,45.43072445650725],[9.947392187622203,45.433954942171965],[9.945385365257264,45.4323333444604],[9.946746554785069,45.436566129329684],[9.948739220509479,45.44174778695099],[9.949038536555605,45.442060344739566],[9.94944226924647,45.4424980503053],[9.949716340362581,45.44282880781513],[9.951406586169862,45.44525405558995],[9.951429789936858,45.44531710321205],[9.951621080780447,45.445837398728145],[9.952483858336048,45.448476529216116],[9.952467422865523,45.4487729725141]]]},"properties":{"name":"Orzivecchi","op_id":"2425","minint_elettorale":"1030151170","minint_finloc":"1030151170","prov_name":"Brescia","prov_istat_code":"017","prov_istat_code_num":17,"prov_acr":"BS","reg_name":"Lombardia","reg_istat_code":"03","reg_istat_code_num":3,"opdm_id":"2139","com_catasto_code":"G150","com_istat_code":"017126","com_istat_code_num":17126}},
{"type":"Feature","geometry":{"type":"Polygon","coordinates":[[[10.087583829688027,45.5640095879765],[10.090660733581098,45.560297351313494],[10.090724254895889,45.557138332475255],[10.090862029939899,45.55421578841519],[10.098220899105437,45.55351994005239],[10.104345407106058,45.55081148299291],[10.103708169502342,45.54862003607999],[10.10288043724626,45.544985815585385],[10.104509160845629,45.54408083775813],[10.105869998463563,45.54346901920023],[10.102254839357876,45.54334161713406],[10.089768792192537,45.54198691243864],[10.081666480492267,45.5391050340116],[10.070209291610972,45.53905714058816],[10.065124982357064,45.53774600331959],[10.059315811193281,45.53836076493783],[10.058443139182417,45.54219045770212],[10.057539391876627,45.5447818429086],[10.05531634311438,45.5454154410318],[10.05289616396844,45.54604006941123],[10.051259406788496,45.5470154768414],[10.050043353626265,45.55025644093548],[10.051444077379648,45.55322883142926],[10.05856446832767,45.565406251856984],[10.059764728269066,45.56690890856697],[10.064230979885071,45.56615728088425],[10.071099453511778,45.564923295919215],[10.07900769058336,45.563495554680465],[10.079588082217194,45.563388456610376],[10.079725654051272,45.563363070305115],[10.082481484584642,45.562851955331986],[10.087583829688027,45.5640095879765]]]},"properties":{"name":"Ospitaletto","op_id":"2426","minint_elettorale":"1030151180","minint_finloc":"1030151180","prov_name":"Brescia","prov_istat_code":"017","prov_istat_code_num":17,"prov_acr":"BS","reg_name":"Lombardia","reg_istat_code":"03","reg_istat_code_num":3,"opdm_id":"2140","com_catasto_code":"G170","com_istat_code":"017127","com_istat_code_num":17127}},
{"type":"Feature","geometry":{"type":"Polygon","coordinates":[[[10.181607071000942,45.98684387704206],[10.184714055163315,45.987745014072594],[10.188834845078553,45.991455361263256],[10.190061113454924,45.993242663332886],[10.192605174081322,45.998661358774065],[10.192719287213475,45.99916419171698],[10.192776429719995,45.999479573601214],[10.193301653012673,45.99922112639383],[10.193647562472764,45.99909150793722],[10.194161107630428,45.99895114083489],[10.194649811027885,45.99885602508453],[10.195627765899442,45.998692788205986],[10.19755885009493,45.99841155874262],[10.198125379660183,45.998333622303235],[10.200189708635396,45.99807334334197],[10.20066361652243,45.99806396376748],[10.201025715967097,45.99808716255163],[10.203510309468056,45.9983220286029],[10.204679516991574,45.99923674484167],[10.208581267431594,45.998124512372506],[10.212632656807534,45.99558859242303],[10.21301231853487,45.99523354835321],[10.213201444898306,45.995024523746864],[10.213350853189338,45.99477094275881],[10.213435323588453,45.99450002510664],[10.213542480787734,45.994084869618575],[10.213551480697591,45.993868761233415],[10.21355923581289,45.99367067320285],[10.21341034431365,45.99335723956315],[10.213198096178882,45.993098485411615],[10.210636625401774,45.99288265432352],[10.209110467859164,45.993366753763915],[10.206346924736103,45.99335996244952],[10.205932133132167,45.9861550213127],[10.205925488765628,45.98584907133207],[10.206444547227353,45.985375584287496],[10.209137563450161,45.98334901102098],[10.216999168683188,45.98153748116433],[10.22144525721984,45.980590006678824],[10.222178972453921,45.98049215438926],[10.222762565973543,45.98061191721151],[10.240128829336259,45.98013675076469],[10.245141472849548,45.97972222835486],[10.24670335384914,45.979138173901255],[10.251587207917057,45.97530462466967],[10.253874678752574,45.972561427158944],[10.254464544885556,45.97181692162722],[10.254664584359956,45.97152677455152],[10.252698956307476,45.96907327391287],[10.250524426918801,45.965361921706815],[10.25034860505305,45.96500383421041],[10.250208230060936,45.964501342984185],[10.250192379648453,45.96322345767343],[10.250387904609038,45.962735299965296],[10.250547405159445,45.962472845883624],[10.250674265528996,45.962264246740475],[10.251227990944937,45.96163716462341],[10.251688447145158,45.961452106739046],[10.253105272505982,45.96132857927466],[10.253982020350005,45.96129195684195],[10.256736319468056,45.95582544454714],[10.25780083280815,45.95154746571354],[10.259687369717867,45.947674578552025],[10.262047215264978,45.943643260223446],[10.255750057491161,45.941300549656],[10.253104767591168,45.941842675414414],[10.242173167579791,45.93990994165602],[10.235931500110413,45.93710648078],[10.235587796144857,45.93673217656071],[10.23518119651512,45.93643056699242],[10.234840899058534,45.936209236848754],[10.234541667269902,45.93609545823116],[10.234256549470215,45.93603553483656],[10.233934135744207,45.936039017075636],[10.233535333514693,45.93608833554637],[10.228912282506409,45.93761422250775],[10.227213663278834,45.93897354525495],[10.225104644935572,45.94180423699109],[10.22565551882996,45.944966339332595],[10.224327748399165,45.95087587545476],[10.225252646248354,45.96064040384975],[10.223890133778127,45.961474050398],[10.22271953181902,45.96223360989692],[10.221210197815976,45.96343780178984],[10.220678768906698,45.9639205031103],[10.21765515727048,45.96729190151937],[10.21117772539924,45.97744117755521],[10.210793801998392,45.97937134313844],[10.210598657917716,45.9798954264726],[10.210358730595392,45.98014096739689],[10.207084481314684,45.981552658302],[10.204115365616829,45.9827540407479],[10.202361651894675,45.98344755046531],[10.201988154375758,45.98356399247153],[10.196746274005875,45.984416660529156],[10.181607071000942,45.98684387704206]]]},"properties":{"name":"Ossimo","op_id":"2427","minint_elettorale":"1030151190","minint_finloc":"1030151190","prov_name":"Brescia","prov_istat_code":"017","prov_istat_code_num":17,"prov_acr":"BS","reg_name":"Lombardia","reg_istat_code":"03","reg_istat_code_num":3,"opdm_id":"2141","com_catasto_code":"G179","com_istat_code":"017128","com_istat_code_num":17128}},
{"type":"Feature","geometry":{"type":"Polygon","coordinates":[[[10.474750116391206,45.50651097149081],[10.485964342369186,45.518202020500446],[10.48718052016598,45.51917609049317],[10.489529365595484,45.5203518463634],[10.492700120369866,45.52113861993742],[10.502339650856708,45.522497411080394],[10.504318828741422,45.52276840834337],[10.507673777708234,45.52229210625127],[10.508721258678644,45.52172020180308],[10.509554282147015,45.52126813664909],[10.514018266831389,45.52204611477043],[10.51513878815707,45.52229219535487],[10.515474243391052,45.52238677245627],[10.51594465033713,45.522740518753324],[10.516146988265445,45.52203882393299],[10.51651578509103,45.521589958031534],[10.517487819691183,45.52107298087385],[10.521326314528554,45.51918569683838],[10.530339838193283,45.515752648519985],[10.530486928650689,45.51575998372277],[10.530565400345019,45.51576390071983],[10.577022913806545,45.51807436494597],[10.63673569241791,45.52090160222379],[10.637614805243947,45.511485123981664],[10.637911010747857,45.50833769902435],[10.578660414392912,45.50309335274986],[10.575888088553214,45.50270274544984],[10.551583809606331,45.498170439537724],[10.530492783550201,45.494206507404314],[10.520771436382907,45.492270567210824],[10.520739732005953,45.491982988861935],[10.520787696747293,45.49094512938713],[10.518280538032196,45.490171718111526],[10.518165588399768,45.490136256724334],[10.515223323623426,45.489234103356665],[10.504675229703418,45.489798530564826],[10.497946997695559,45.493333906761315],[10.49035140485163,45.491895912772804],[10.483870988261776,45.493448176299175],[10.48347131062643,45.493689424946325],[10.483078357999794,45.49453190051133],[10.482866467784266,45.49553799673565],[10.482976575721091,45.499315094591864],[10.479833590822645,45.50356605917652],[10.478232778515931,45.505556924168395],[10.477954554772408,45.50568654239685],[10.475706004767781,45.50634570219006],[10.475209280697435,45.50644213394242],[10.474750116391206,45.50651097149081]]]},"properties":{"name":"Padenghe sul Garda","op_id":"2428","minint_elettorale":"1030151200","minint_finloc":"1030151200","prov_name":"Brescia","prov_istat_code":"017","prov_istat_code_num":17,"prov_acr":"BS","reg_name":"Lombardia","reg_istat_code":"03","reg_istat_code_num":3,"opdm_id":"2142","com_catasto_code":"G213","com_istat_code":"017129","com_istat_code_num":17129}},
{"type":"Feature","geometry":{"type":"Polygon","coordinates":[[[10.094070040619856,45.57381249492387],[10.087198967242166,45.56560120490023],[10.085622874164006,45.5684028893513],[10.077643915475608,45.572251660554414],[10.07562486132468,45.57252901263577],[10.075536314826246,45.57254449113711],[10.074354396324162,45.57294610026732],[10.070565273420565,45.57676372469053],[10.069187958971337,45.57839353914679],[10.068792337965526,45.57994772832424],[10.067651936428378,45.587681488892436],[10.06769446325624,45.58858769272086],[10.068166877123787,45.590176592235586],[10.07019182494711,45.59217947464986],[10.074759030563385,45.594048067056285],[10.083074023187821,45.5964479846776],[10.0863233500469,45.59652097345614],[10.088255336095962,45.59564698282637],[10.088175176113314,45.594321689734045],[10.093032111518907,45.59125514124284],[10.101867561415032,45.58645633328536],[10.104258096642837,45.58404958191886],[10.103716850911658,45.58309193100794],[10.102895063042464,45.58163943257166],[10.102852960618563,45.581576876826595],[10.102810383579921,45.58154113973976],[10.102735836011677,45.58153804301844],[10.102561385675848,45.58155735108953],[10.102316535660549,45.58159164095636],[10.100635432192838,45.581060354911756],[10.097578734967035,45.578548080899616],[10.09749615341834,45.57847977339675],[10.097128416673632,45.5781125261851],[10.096625667262575,45.577453662101654],[10.096066908389107,45.57671983244073],[10.094070040619856,45.57381249492387]]]},"properties":{"name":"Paderno Franciacorta","op_id":"2429","minint_elettorale":"1030151210","minint_finloc":"1030151210","prov_name":"Brescia","prov_istat_code":"017","prov_istat_code_num":17,"prov_acr":"BS","reg_name":"Lombardia","reg_istat_code":"03","reg_istat_code_num":3,"opdm_id":"2143","com_catasto_code":"G217","com_istat_code":"017130","com_istat_code_num":17130}},
{"type":"Feature","geometry":{"type":"Polygon","coordinates":[[[10.169558413386193,46.05704937318904],[10.170434117762177,46.059381631252364],[10.17542013982442,46.07075176849489],[10.181848616612008,46.07991969361121],[10.182932014281365,46.0803854983304],[10.184983331008786,46.08100918916417],[10.189908717543451,46.080018805910804],[10.203931873220391,46.08151521516008],[10.212392872882871,46.08562558979238],[10.222891565856171,46.08780409164757],[10.227484742745583,46.090745983144004],[10.231517685359623,46.093475806270014],[10.232871762749307,46.09436783161042],[10.23468681450456,46.0953075582382],[10.241529137993439,46.098604456931525],[10.245691727653062,46.09963161573984],[10.248485982049987,46.09982019170069],[10.24854294447746,46.09973752300266],[10.248695675330152,46.09954494074018],[10.248837993234066,46.09940973354513],[10.249161676229702,46.09919026895506],[10.25475836804261,46.096386442878064],[10.255646032199518,46.096562450334865],[10.259296569009683,46.097479535119454],[10.26673151626477,46.09782085018743],[10.271971304654002,46.096036724847245],[10.274208355759876,46.09526201030359],[10.274550470249354,46.095127808458386],[10.29420219187372,46.09459118708747],[10.295496194993733,46.094550386549095],[10.297721491128845,46.094366743789394],[10.29832471775383,46.09425326796396],[10.298619884571655,46.09418642188964],[10.298839841722739,46.094130613645234],[10.300746502978384,46.093438641732845],[10.303883093641327,46.09195511360564],[10.308417198212123,46.090354605318666],[10.311933443932295,46.08973922994362],[10.308099625861708,46.080590894850324],[10.296914964178997,46.07636242998954],[10.291466437514467,46.07625357608193],[10.290306894252305,46.07607833339592],[10.289405549068992,46.07584244711171],[10.28750070318264,46.075273313762665],[10.283796886905703,46.07393822169424],[10.2820524012244,46.07301839787865],[10.278981159253451,46.070356158051744],[10.27500528719369,46.06853289345257],[10.271026700169793,46.06743765143455],[10.27031912488412,46.06693012464211],[10.266311972906443,46.06484109900876],[10.25208788476642,46.06152592500094],[10.246469404348156,46.05981819536101],[10.244864223053957,46.05831411468826],[10.24058692341606,46.05378331487313],[10.24051873782483,46.053686559833835],[10.240031781888021,46.053245734159795],[10.239485079381518,46.05284507488441],[10.236383426126968,46.05059045483528],[10.23428053002457,46.04957487145015],[10.231434855618115,46.04823927413339],[10.228543352545339,46.0481756082309],[10.228087699331663,46.04821919190801],[10.2227830838354,46.04951826835731],[10.211925072445077,46.050695915695435],[10.211789733127922,46.05041833686683],[10.211266644115398,46.04955086140629],[10.210935679955673,46.04919433015703],[10.210011112438252,46.04836991438935],[10.206137715557071,46.046113005531105],[10.205552483454722,46.04594816342109],[10.205149538676489,46.04584441742221],[10.204332718899545,46.04572702266546],[10.203919207941592,46.0457313796792],[10.202924384538466,46.045750851479234],[10.202006840625845,46.04586852086668],[10.199774412561856,46.04652198666158],[10.198017090550769,46.04714344429258],[10.197750966588353,46.04738924834502],[10.197691588750757,46.047632867193556],[10.197649624943821,46.048083319371585],[10.196768841894507,46.049793613632445],[10.19273582291953,46.05159081396853],[10.192194961770983,46.05168646359069],[10.187677451215594,46.052003521287006],[10.184653891239485,46.05206188952498],[10.178120294840499,46.05179642925564],[10.175803105953992,46.05164028148321],[10.173903377770959,46.05227184537705],[10.171188425162226,46.05347872058641],[10.17070965999363,46.05406865715378],[10.170295140835103,46.054639905213264],[10.170101642815688,46.05527191012088],[10.169558413386193,46.05704937318904]]]},"properties":{"name":"Paisco Loveno","op_id":"2430","minint_elettorale":"1030151220","minint_finloc":"1030151220","prov_name":"Brescia","prov_istat_code":"017","prov_istat_code_num":17,"prov_acr":"BS","reg_name":"Lombardia","reg_istat_code":"03","reg_istat_code_num":3,"opdm_id":"2144","com_catasto_code":"G247","com_istat_code":"017131","com_istat_code_num":17131}},
{"type":"Feature","geometry":{"type":"Polygon","coordinates":[[[10.401588386586958,45.59258763628075],[10.401520462603202,45.592483583350145],[10.401062982738821,45.592570813902874],[10.400118626275948,45.590691185212066],[10.399925142485268,45.58778373479636],[10.400758326100732,45.58311706859614],[10.401373492400001,45.581205366937844],[10.402124021881034,45.58024007683077],[10.40469424121445,45.57937062723185],[10.40627553723332,45.576578372925695],[10.409658051992665,45.56924848129089],[10.41220200266898,45.564530402187934],[10.411985849093243,45.562928160551806],[10.411885019747901,45.56030290763421],[10.41214854954763,45.56002707860196],[10.414118854880325,45.5577300416604],[10.414334465888603,45.55725652464623],[10.414012077049971,45.55411556926622],[10.41177476550025,45.55187041464579],[10.40692043059295,45.54878043076487],[10.405042739452421,45.54764742816374],[10.402529057272837,45.54621257080592],[10.399524091240098,45.5487332197514],[10.386374020645208,45.55872281625582],[10.382647114572132,45.562784453869405],[10.381856806636703,45.564737105477526],[10.381680816875765,45.57065532719174],[10.383255713602214,45.58117507073699],[10.385964960762463,45.585318103998056],[10.388365790181384,45.588764961462516],[10.394131125827526,45.59087238455152],[10.394586846494649,45.5914761106542],[10.394849445596316,45.5918495435969],[10.394756638946326,45.59234362076433],[10.395734483067518,45.59266259256297],[10.397912159408538,45.59310400008349],[10.40035390579773,45.592822058121364],[10.400699075727085,45.59278182506506],[10.40099250926748,45.59272423250213],[10.401588386586958,45.59258763628075]]]},"properties":{"name":"Paitone","op_id":"2431","minint_elettorale":"1030151230","minint_finloc":"1030151230","prov_name":"Brescia","prov_istat_code":"017","prov_istat_code_num":17,"prov_acr":"BS","reg_name":"Lombardia","reg_istat_code":"03","reg_istat_code_num":3,"opdm_id":"2145","com_catasto_code":"G248","com_istat_code":"017132","com_istat_code_num":17132}},
{"type":"Feature","geometry":{"type":"Polygon","coordinates":[[[9.870115798169653,45.60789536891669],[9.870305572423291,45.607721630864056],[9.870662241061849,45.60756591147364],[9.871223802205794,45.60739060039612],[9.873806130802665,45.60686683810752],[9.875988493211564,45.60948738509116],[9.885181156793012,45.60446307327984],[9.887448345143993,45.60265710647846],[9.887879424032546,45.60265375665583],[9.888124869168296,45.60275722326601],[9.891589767664572,45.604425663280395],[9.891896730490265,45.60468500050915],[9.892078632298391,45.604841392683724],[9.892671583754401,45.60535269732219],[9.893256984743681,45.60587916514444],[9.89349280852837,45.60619235544715],[9.89496850445944,45.60837840250696],[9.895657325971243,45.60956848752628],[9.900617132331547,45.620258851838],[9.902214368112595,45.62416551012465],[9.903212434381524,45.62278327047443],[9.921626553731368,45.619302213081085],[9.925080711836811,45.61888260902283],[9.927697171953584,45.61894762581678],[9.930960139235626,45.61922833716525],[9.935950581550383,45.61905998825805],[9.934485431333867,45.618274144559805],[9.929754355721418,45.615323445132915],[9.930517858326397,45.609423547666445],[9.932874242637098,45.60856747961283],[9.931704502418738,45.607181009127224],[9.931420415962448,45.60684508669613],[9.931355700709025,45.60677270633918],[9.930603864496172,45.60601793508068],[9.930154216241327,45.605717672585946],[9.929587744512189,45.605346490636286],[9.927270663441721,45.604886694502426],[9.920943429476102,45.60337138400852],[9.915777820317038,45.6005073536644],[9.912205293020651,45.59613040891117],[9.909346894533902,45.5920252019549],[9.909377589517641,45.59162527665931],[9.909386729436463,45.591560909664835],[9.909407777983208,45.59149882412932],[9.909450727487231,45.59142822928654],[9.909542766519715,45.59135128489498],[9.909949462953037,45.59101404528892],[9.910759680058172,45.590429066073206],[9.90822768092742,45.58516505213459],[9.907979234743632,45.58294111003189],[9.909060215927996,45.57915690494385],[9.906875198108512,45.573403024856546],[9.902595156068774,45.56772947942885],[9.897195413163738,45.56705592903257],[9.893655729018631,45.56543813414358],[9.89112235483765,45.55951637350961],[9.890544422077387,45.560035966395404],[9.890483700565577,45.56005549502583],[9.890334921916207,45.560080471575475],[9.889120097034645,45.56022329370908],[9.88769876970565,45.56038677215225],[9.887169125259643,45.560434739246034],[9.886969951216285,45.56001363313998],[9.885997064096463,45.55786262083817],[9.884471414986717,45.554512969253175],[9.884105543483829,45.55372477871015],[9.883708304540122,45.552879249717954],[9.883599619367702,45.55268668179025],[9.878927889483359,45.55462188806984],[9.877217355916926,45.55749735265218],[9.87544267604374,45.56615191832185],[9.875561034423072,45.56799620093904],[9.876377789437,45.570249190093755],[9.872368011150858,45.57448334047708],[9.867939334887765,45.574031028696176],[9.864885367727569,45.573793168040815],[9.864619982062584,45.57403821142522],[9.863959170289696,45.57607741932954],[9.863826621404138,45.57662747763658],[9.86369434611478,45.57719554473452],[9.862731937489325,45.582144332749834],[9.861772562345035,45.584788858878554],[9.855030342445843,45.58408097435165],[9.855368302250508,45.58765437698534],[9.853891083671407,45.595837533809586],[9.850899380131974,45.5964687749329],[9.849062628922445,45.598808580391925],[9.849533605851269,45.60028122878222],[9.85019256200349,45.60231054384045],[9.850551483495922,45.603153909409336],[9.855291746421447,45.60371262532045],[9.856320074337603,45.60387593287337],[9.859430911860917,45.604374618145535],[9.860305272011942,45.60453005160191],[9.861116090592107,45.604721977538425],[9.861541410821719,45.60486277647512],[9.861621519917465,45.60506918421625],[9.862182212850394,45.60628542198872],[9.863312303684669,45.608287749427056],[9.864298891654977,45.60990046056566],[9.864599341631292,45.610258218982814],[9.865156436210542,45.610623047617615],[9.868224513095955,45.60998766705599],[9.870115798169653,45.60789536891669]]]},"properties":{"name":"Palazzolo sull'Oglio","op_id":"2432","minint_elettorale":"1030151240","minint_finloc":"1030151240","prov_name":"Brescia","prov_istat_code":"017","prov_istat_code_num":17,"prov_acr":"BS","reg_name":"Lombardia","reg_istat_code":"03","reg_istat_code_num":3,"opdm_id":"2146","com_catasto_code":"G264","com_istat_code":"017133","com_istat_code_num":17133}},
{"type":"Feature","geometry":{"type":"Polygon","coordinates":[[[9.938202679017014,45.65724296091259],[9.937983378268845,45.6616808392056],[9.942283034345945,45.66527954715623],[9.949087658830774,45.66612190469351],[9.956950618079333,45.66574576838147],[9.95735059045802,45.665440896843315],[9.957783451140255,45.665230238711466],[9.958331711766535,45.66500963429056],[9.958650597140316,45.66488994156641],[9.959020512985267,45.6647518276506],[9.961462866251207,45.66419130295359],[9.961897732557496,45.66409763034133],[9.962422443860774,45.66400319827158],[9.963409340080904,45.6639138821744],[9.964474670712855,45.66390489269716],[9.964937038598132,45.663918979957124],[9.965682240176475,45.663957697291416],[9.9672391595489,45.664169545249585],[9.967948053130952,45.66433455076463],[9.968683228150361,45.664535329033015],[9.971410751301132,45.66562827346508],[9.971902088382251,45.665831123117954],[9.972872854380427,45.66629089138177],[9.973224723639708,45.666505854594945],[9.976391750143497,45.66328250784297],[9.979873541498874,45.657600545746405],[9.980096512219207,45.65706539174256],[9.98018059035475,45.65666679387298],[9.98024881018301,45.65620704475485],[9.979450980788622,45.65370467512292],[9.979405011985857,45.653607196844504],[9.97938569001179,45.653566224695645],[9.979184036319174,45.6531585285059],[9.977697953357815,45.6523255863504],[9.975741409577287,45.65023483700602],[9.97084369629676,45.64786988052778],[9.95954064067837,45.64620329817812],[9.943427935906168,45.647272001424184],[9.93808284887412,45.646432729998715],[9.93753503690108,45.64659127097847],[9.935236741010478,45.647257383227355],[9.934970710723876,45.647386356977314],[9.935505774976926,45.64885682322064],[9.936137871243487,45.65027132481484],[9.937426614749363,45.652695946768404],[9.938890364607564,45.65581502975852],[9.939107490050384,45.65656780066294],[9.939144509348823,45.656706893477434],[9.938787999598823,45.65718960581328],[9.938402928727273,45.65722507125991],[9.938202679017014,45.65724296091259]]]},"properties":{"name":"Paratico","op_id":"2433","minint_elettorale":"1030151250","minint_finloc":"1030151250","prov_name":"Brescia","prov_istat_code":"017","prov_istat_code_num":17,"prov_acr":"BS","reg_name":"Lombardia","reg_istat_code":"03","reg_istat_code_num":3,"opdm_id":"2147","com_catasto_code":"G327","com_istat_code":"017134","com_istat_code_num":17134}},
{"type":"Feature","geometry":{"type":"Polygon","coordinates":[[[10.356468729827814,46.03139427390425],[10.357206220972678,46.0316941781006],[10.357230640635212,46.03171464294928],[10.357277193752896,46.031935589414296],[10.357846515345019,46.03499390501196],[10.357974069302776,46.03578012022628],[10.358161232304877,46.03719831704893],[10.358122958262845,46.03841947448259],[10.358090267924075,46.03863913904892],[10.357968811848506,46.03902155913772],[10.357438412081445,46.0406832718377],[10.357100649048947,46.041713847455476],[10.356851782565165,46.04240027247317],[10.356470954697219,46.04344754889825],[10.356307672481659,46.04386298168942],[10.352099364325248,46.04611321590653],[10.352933208865426,46.047777522446616],[10.354045797825352,46.047033397015674],[10.363991512706267,46.0477618266462],[10.366873573635353,46.048700904780965],[10.368210345838314,46.05076708596014],[10.371964146736392,46.05405472210678],[10.384612951111782,46.05913886391762],[10.386538697223031,46.0596994210528],[10.390953649485498,46.060554731074006],[10.391240081732061,46.060515962971024],[10.404227758814239,46.056615303837155],[10.409691352885758,46.05398955417609],[10.410147730912948,46.05373191254421],[10.41050193296925,46.05333151648061],[10.410624522560054,46.0530689983371],[10.410719192493849,46.05272581250317],[10.410660401247362,46.05244754247646],[10.410577129117664,46.05222356414461],[10.409621599445867,46.04972426263367],[10.409141861580377,46.048650139488885],[10.408807148143298,46.0481952577845],[10.406657148165289,46.0470067023148],[10.402156986697388,46.044370921307966],[10.401959082463554,46.04421134461441],[10.401708132680017,46.04399841154096],[10.401040458241507,46.04315158411524],[10.400718555940315,46.0426875074378],[10.397833090247936,46.0384567229931],[10.397510563427135,46.03796564166649],[10.396444606001793,46.036178642153324],[10.397766866854953,46.035829453001654],[10.399757944274073,46.035355066463694],[10.402801646714302,46.03409370312856],[10.404050319719564,46.033394350070736],[10.404648609362983,46.03303598412235],[10.404872242108302,46.03268222170849],[10.404717833852523,46.03219810533005],[10.404506116992405,46.0320026866027],[10.403541477888865,46.03115952089345],[10.403082291473291,46.03088614608014],[10.402015076421323,46.03058422947033],[10.382269152967616,46.026891649019625],[10.381466720487698,46.02683835086009],[10.376965622301954,46.02664968034189],[10.364033166810806,46.02721890206807],[10.360879637211788,46.02823752556799],[10.358777368387791,46.029450582469956],[10.358536131325094,46.02962446879824],[10.357876083311838,46.03010933337536],[10.357458834587712,46.0304832938119],[10.356468729827814,46.03139427390425]]]},"properties":{"name":"Paspardo","op_id":"2434","minint_elettorale":"1030151260","minint_finloc":"1030151260","prov_name":"Brescia","prov_istat_code":"017","prov_istat_code_num":17,"prov_acr":"BS","reg_name":"Lombardia","reg_istat_code":"03","reg_istat_code_num":3,"opdm_id":"2148","com_catasto_code":"G354","com_istat_code":"017135","com_istat_code_num":17135}},
{"type":"Feature","geometry":{"type":"Polygon","coordinates":[[[10.087198967242166,45.56560120490023],[10.087583829688027,45.5640095879765],[10.082481484584642,45.562851955331986],[10.079725654051272,45.563363070305115],[10.079588082217194,45.563388456610376],[10.07900769058336,45.563495554680465],[10.071099453511778,45.564923295919215],[10.064230979885071,45.56615728088425],[10.059764728269066,45.56690890856697],[10.063526936276077,45.56704058016884],[10.063516315509963,45.56707298385427],[10.062911388730672,45.5686160941108],[10.060454806052434,45.57478520487313],[10.059166048307366,45.577710632776096],[10.060295381674754,45.58787249883268],[10.05477977994534,45.59325563413399],[10.04965916927117,45.59987225532261],[10.046103877703333,45.60283808174472],[10.044525759793373,45.603241411666666],[10.041911653517603,45.60311706634182],[10.034755332670748,45.6022074441441],[10.031381133796927,45.60155796146283],[10.030178630478307,45.601402996266636],[10.024437988604165,45.604281113751405],[10.024300569986169,45.604365868156],[10.023406228098901,45.60493456013559],[10.02304423126936,45.60519839968825],[10.022920560761728,45.605290861954344],[10.024627423869617,45.60609841363442],[10.026049733407342,45.60844559934438],[10.026097601553284,45.6104278266455],[10.026481640453943,45.61171635112291],[10.02649452468066,45.61175916735191],[10.026648711882196,45.61227152471118],[10.027062408602633,45.613556800956296],[10.027160765746551,45.613832768839906],[10.028311138629833,45.61696184424501],[10.032705370754675,45.61597017732331],[10.033015811387662,45.615904390445024],[10.0344524399298,45.61585578154429],[10.034815675614327,45.615856541959694],[10.03642277538636,45.616030164228704],[10.037362291926069,45.616443645133394],[10.040151173098907,45.61700890317748],[10.049596302107647,45.61810759366283],[10.052117438724975,45.615981969147164],[10.052023310133045,45.615847659337405],[10.051970279776302,45.61576564471765],[10.051765970053385,45.615432050458104],[10.051713389470786,45.6153438658986],[10.051656686426753,45.6152368622071],[10.051618819074978,45.61514807409011],[10.051478351014806,45.614428982420776],[10.051502339505477,45.614092624317145],[10.051528632489493,45.6139694693241],[10.052559685454124,45.61283827938368],[10.05284022709455,45.612668257609144],[10.053228935020389,45.61247695862891],[10.053798614701693,45.612347814933344],[10.055700822173716,45.61194593527511],[10.057055892303815,45.61176499510291],[10.061059381176353,45.61169991089488],[10.062000821695126,45.61168558138321],[10.062050700340157,45.61181816126516],[10.062057890982455,45.61184986790124],[10.062085293012284,45.6120418562487],[10.0621150697272,45.6123018789786],[10.062274122646228,45.61387678789701],[10.064388123298643,45.6159281680808],[10.070187167283148,45.6212796356049],[10.073515301275904,45.62095484857898],[10.075085894172593,45.62053673463555],[10.075394950589095,45.61891108412826],[10.075576368025393,45.617308281616836],[10.07544819350012,45.615964913530235],[10.086840348022644,45.6120092558119],[10.08779308130417,45.60887487105534],[10.086156921199771,45.60292576609467],[10.085845200648906,45.599291847633914],[10.089064376823115,45.59727498137139],[10.088255336095962,45.59564698282637],[10.0863233500469,45.59652097345614],[10.083074023187821,45.5964479846776],[10.074759030563385,45.594048067056285],[10.07019182494711,45.59217947464986],[10.068166877123787,45.590176592235586],[10.06769446325624,45.58858769272086],[10.067651936428378,45.587681488892436],[10.068792337965526,45.57994772832424],[10.069187958971337,45.57839353914679],[10.070565273420565,45.57676372469053],[10.074354396324162,45.57294610026732],[10.075536314826246,45.57254449113711],[10.07562486132468,45.57252901263577],[10.077643915475608,45.572251660554414],[10.085622874164006,45.5684028893513],[10.087198967242166,45.56560120490023]]]},"properties":{"name":"Passirano","op_id":"2435","minint_elettorale":"1030151270","minint_finloc":"1030151270","prov_name":"Brescia","prov_istat_code":"017","prov_istat_code_num":17,"prov_acr":"BS","reg_name":"Lombardia","reg_istat_code":"03","reg_istat_code_num":3,"opdm_id":"2149","com_catasto_code":"G361","com_istat_code":"017136","com_istat_code_num":17136}},
{"type":"Feature","geometry":{"type":"Polygon","coordinates":[[[10.200254158463444,45.29181539900158],[10.19875813670694,45.29431821799351],[10.198231041310152,45.29861853353365],[10.200075714640256,45.300908499821155],[10.201904473896407,45.30429518741879],[10.202220130124148,45.306799834964835],[10.201693320935522,45.317137876096595],[10.203340397262169,45.320709056291484],[10.199893341423932,45.31993597863203],[10.20121836092308,45.3213701925467],[10.2040283573796,45.32385330703232],[10.207559908342905,45.324527391682786],[10.20838387588967,45.32456349605201],[10.209024116261764,45.324510969982356],[10.209244855904325,45.324478968624966],[10.210514042847603,45.32428302745853],[10.215279858704388,45.3234193025944],[10.217686211955957,45.321527852093354],[10.228294385805452,45.31600708315012],[10.23865117813299,45.31236136577392],[10.242789091688273,45.311530456635175],[10.242563762370251,45.30642614763839],[10.242493259916168,45.29553750380369],[10.242309017645027,45.29501256709061],[10.23951041996947,45.29570828913179],[10.237563601012019,45.2914885716637],[10.236202699778445,45.287781682920475],[10.237039348508283,45.28668467868651],[10.22572477052204,45.28702701743995],[10.221489959284787,45.28681260020187],[10.210847616269822,45.28664235345756],[10.208501703711656,45.28633688424008],[10.207370457520964,45.2861613038704],[10.206023792209896,45.28104310620635],[10.20590955685143,45.28035298391189],[10.20124304524224,45.28203767934354],[10.199699165021453,45.28922733241094],[10.200254158463444,45.29181539900158]]]},"properties":{"name":"Pavone del Mella","op_id":"2436","minint_elettorale":"1030151280","minint_finloc":"1030151280","prov_name":"Brescia","prov_istat_code":"017","prov_istat_code_num":17,"prov_acr":"BS","reg_name":"Lombardia","reg_istat_code":"03","reg_istat_code_num":3,"opdm_id":"2150","com_catasto_code":"G391","com_istat_code":"017137","com_istat_code_num":17137}},
{"type":"Feature","geometry":{"type":"Polygon","coordinates":[[[10.030424724390208,45.396334143663374],[10.031359947321347,45.39538712204267],[10.034122083424501,45.3928093619017],[10.039517755131886,45.390951571833824],[10.043539486425011,45.391474481399285],[10.047890680452895,45.39168616824455],[10.0589414476444,45.39024595722504],[10.059701482252336,45.38979084859231],[10.062655267351804,45.38729938818292],[10.062886613998456,45.38709183127928],[10.063108287981846,45.38409571963625],[10.063629864308453,45.380210943576756],[10.073095091056937,45.37615377937509],[10.073198109930193,45.37375647148817],[10.069114996042112,45.37421048547468],[10.057031128382514,45.37503994013143],[10.056670643187584,45.375030044866214],[10.05278155727285,45.37288205184551],[10.051577280862963,45.37141535808313],[10.048089998520824,45.36690329362284],[10.047979280952172,45.36675438291704],[10.046468365260498,45.364689434905635],[10.035459961587245,45.34963041885106],[10.032549938300965,45.35037653269658],[10.023808045636052,45.35117974613733],[10.024217595619122,45.34981415146448],[10.024282626542943,45.349655372438804],[10.023814078541761,45.34825603195971],[10.023657543345156,45.34779121704461],[10.023645824718448,45.34775722480743],[10.023322356708093,45.34781071142443],[10.022391888838657,45.34798233905283],[10.020148185302821,45.34841851005069],[10.017417142664243,45.34928379099153],[10.016812050130888,45.34951453861619],[10.016255806716396,45.3497291949459],[10.016000069975167,45.34983269089539],[10.014759406965323,45.350379015706224],[10.009554835239017,45.35529545631688],[10.009542790084689,45.3587261586769],[10.009239368430388,45.36190701783075],[10.00432740515809,45.366553040638955],[9.99720420131991,45.36987086285142],[9.993393710027645,45.37100370267878],[9.990777234521456,45.37596703845997],[9.991651795424914,45.37852374530153],[9.994406162575673,45.377937489111424],[9.995238889060765,45.378047829251045],[9.996626729144227,45.382300890189434],[10.002558331584181,45.389250253728434],[10.003295714775591,45.38875215296349],[10.006267509019509,45.38815042728201],[10.00720211384975,45.38796629401735],[10.007443285807721,45.38792048345796],[10.007566062581068,45.387911605235004],[10.017612010631982,45.38854772103342],[10.01969843096524,45.39175850000081],[10.01997516774835,45.39624259324866],[10.020012539994164,45.39641807321363],[10.020094034849917,45.39660131877467],[10.022889920530828,45.39704537571519],[10.026218487200287,45.39736810658919],[10.027541763075872,45.39727771740722],[10.030424724390208,45.396334143663374]]]},"properties":{"name":"San Paolo","op_id":"2472","minint_elettorale":"1030151631","minint_finloc":"1030151631","prov_name":"Brescia","prov_istat_code":"017","prov_istat_code_num":17,"prov_acr":"BS","reg_name":"Lombardia","reg_istat_code":"03","reg_istat_code_num":3,"opdm_id":"2151","com_catasto_code":"G407","com_istat_code":"017138","com_istat_code_num":17138}},
{"type":"Feature","geometry":{"type":"Polygon","coordinates":[[[10.31006381193057,45.724240921565624],[10.297574235903292,45.72506521471683],[10.29610259388537,45.73010947952766],[10.296490684219899,45.73063284804422],[10.297319128758428,45.731389124902115],[10.297522455017653,45.73157222360392],[10.304230418313916,45.73667936266181],[10.307083730837588,45.73790525090924],[10.307170733162456,45.73798670556161],[10.308610856157992,45.739901063111155],[10.309497423642876,45.741120765642],[10.311210823338836,45.74964716029608],[10.31572231679176,45.75873288328501],[10.316672488915012,45.76011864418259],[10.319372930554376,45.7639044009985],[10.323220953487388,45.76726054898389],[10.327949533315355,45.77328968676049],[10.327415097829293,45.77563894965169],[10.328892057576692,45.77959238191307],[10.330850270714388,45.78215038121963],[10.333091042159856,45.784523577772646],[10.3370312921367,45.78768586674627],[10.33719284799821,45.787708469548534],[10.337511983053286,45.784150106401555],[10.336241071408033,45.77584376255981],[10.340897510408505,45.76153586697768],[10.357096826446012,45.746873431450446],[10.365900624943926,45.74043121633724],[10.3693084107751,45.73982960771759],[10.372369129508646,45.73923953450145],[10.377542671391211,45.736788400140334],[10.379310583991632,45.73463111696326],[10.379149290288082,45.73270370074005],[10.38113062765304,45.729741152476166],[10.384309578217074,45.72661875167826],[10.386791280276691,45.72429592869984],[10.388053323936976,45.72364663469321],[10.389056818996119,45.72347644463497],[10.389494731946378,45.71837091373676],[10.389425523827201,45.71764727689518],[10.389364172826758,45.71719699932342],[10.3892578971513,45.716773478557364],[10.38035061021939,45.71209420226919],[10.378412276739096,45.71029850562162],[10.375201028118234,45.71182792644485],[10.362548921137293,45.71648623616763],[10.358604679598159,45.7213781742536],[10.35857610967577,45.721521672489565],[10.35846071498159,45.721669614606846],[10.357806064370392,45.72212292177676],[10.355928102684164,45.72336884828911],[10.344757126257445,45.7305823377706],[10.34247919229804,45.73202910010972],[10.34141890794124,45.73251641244976],[10.341077456374391,45.73262550170711],[10.339201844229438,45.73311075574672],[10.338615144823951,45.73323871147413],[10.33856566863904,45.73324925515345],[10.338400149331251,45.733261140476095],[10.338228356518195,45.73320841011723],[10.337225928959635,45.73284603871684],[10.323065783836398,45.73261444376867],[10.322875921813075,45.73261062556382],[10.322806458641532,45.732606538009385],[10.316336310954464,45.731725237366994],[10.312499266414214,45.72810975907354],[10.311094505516822,45.72587830167666],[10.31006381193057,45.724240921565624]]]},"properties":{"name":"Pertica Alta","op_id":"2437","minint_elettorale":"1030151300","minint_finloc":"1030151300","prov_name":"Brescia","prov_istat_code":"017","prov_istat_code_num":17,"prov_acr":"BS","reg_name":"Lombardia","reg_istat_code":"03","reg_istat_code_num":3,"opdm_id":"2152","com_catasto_code":"G474","com_istat_code":"017139","com_istat_code_num":17139}},
{"type":"Feature","geometry":{"type":"Polygon","coordinates":[[[10.33719284799821,45.787708469548534],[10.341460434926413,45.788018717916074],[10.350414011610129,45.79011836016048],[10.354688865848846,45.79131883886361],[10.355129231665636,45.791439626380985],[10.357537387797334,45.79205907840456],[10.362282263407561,45.792470636423275],[10.36336384030788,45.79250272930799],[10.364019831195886,45.792494898649366],[10.364328325035393,45.79248221947151],[10.369532217236348,45.79219493556303],[10.37258377991788,45.79176226924385],[10.374893733531337,45.791518470330146],[10.378565087432149,45.79117720742824],[10.379258318196712,45.79111484796833],[10.379901210030216,45.7910980708738],[10.380544547691779,45.791099311460826],[10.381587531675978,45.79113171252349],[10.382288846419492,45.79108543913539],[10.383183497775253,45.79098452549032],[10.393735011914986,45.7889380337271],[10.394326949589558,45.78869587465885],[10.394558968416058,45.78860095406757],[10.397398213504726,45.78743259626041],[10.400964645061677,45.772218291868796],[10.397807131922349,45.76592804738783],[10.394662892786709,45.760345657665106],[10.39460711337305,45.760195638411155],[10.394581313739172,45.759979241333454],[10.394588020829842,45.759838657101454],[10.39463497426909,45.75965359465522],[10.397263042443516,45.753133489217454],[10.397867589579247,45.752523255293795],[10.397951159449029,45.75244692290822],[10.399549893440406,45.75145723132207],[10.400955047920172,45.75063602825402],[10.402039772232872,45.75006697426248],[10.402150463634928,45.750080956611605],[10.403318047599997,45.75022844105931],[10.404102694287202,45.7503496079332],[10.407856115055342,45.75057753936724],[10.412544601139231,45.748167055773415],[10.419102832395827,45.74363492446232],[10.420407485205892,45.74260083189131],[10.421763391980019,45.74101690296931],[10.423747850689672,45.737652394452155],[10.422077152155994,45.73338832426296],[10.419766424496217,45.731393175942166],[10.418512241362563,45.73071834812517],[10.416528296312128,45.72992138011651],[10.415944293136834,45.72968750619168],[10.410933425040099,45.727683681032936],[10.401454493054032,45.72545951046501],[10.394611342740902,45.72386149926499],[10.390738141852802,45.723537759813766],[10.389056818996119,45.72347644463497],[10.388053323936976,45.72364663469321],[10.386791280276691,45.72429592869984],[10.384309578217074,45.72661875167826],[10.38113062765304,45.729741152476166],[10.379149290288082,45.73270370074005],[10.379310583991632,45.73463111696326],[10.377542671391211,45.736788400140334],[10.372369129508646,45.73923953450145],[10.3693084107751,45.73982960771759],[10.365900624943926,45.74043121633724],[10.357096826446012,45.746873431450446],[10.340897510408505,45.76153586697768],[10.336241071408033,45.77584376255981],[10.337511983053286,45.784150106401555],[10.33719284799821,45.787708469548534]]]},"properties":{"name":"Pertica Bassa","op_id":"2438","minint_elettorale":"1030151310","minint_finloc":"1030151310","prov_name":"Brescia","prov_istat_code":"017","prov_istat_code_num":17,"prov_acr":"BS","reg_name":"Lombardia","reg_istat_code":"03","reg_istat_code_num":3,"opdm_id":"2153","com_catasto_code":"G475","com_istat_code":"017140","com_istat_code_num":17140}},
{"type":"Feature","geometry":{"type":"Polygon","coordinates":[[[10.211059618423448,45.808367881870815],[10.222435859675265,45.815613625024596],[10.224556454671294,45.81230125486773],[10.229392025336331,45.80568785870179],[10.232368513355329,45.80017838435856],[10.231544623896285,45.798833212678794],[10.23158935272987,45.79852671058694],[10.231749862205971,45.798218968304006],[10.235142808080733,45.79453706803589],[10.236954971675884,45.792699323802424],[10.238999479105209,45.79148008904485],[10.24671441689087,45.787249187663704],[10.256213693682326,45.778844183890385],[10.259030564033996,45.77597794992307],[10.259926038566691,45.77461797764377],[10.261212500942495,45.77063447605556],[10.262591216326825,45.76675793338779],[10.26645295022821,45.76173809857735],[10.268166521246902,45.760307399802215],[10.263237675514763,45.75893164003903],[10.25379392127891,45.75415364207261],[10.250993043069577,45.75303855056449],[10.247632511586604,45.75461003197727],[10.235687346359175,45.75937256620518],[10.23154114744281,45.76040302301452],[10.229277564238162,45.76211994437951],[10.226078310003835,45.7654353759005],[10.224928576719051,45.76676875207977],[10.224737933255637,45.767475744984985],[10.21659469261039,45.76964987959212],[10.19885307304596,45.770395710643754],[10.188744860397044,45.767305277466434],[10.177098818613137,45.76643541430475],[10.174622137126336,45.76723091856249],[10.176919318580538,45.770071482221645],[10.177530533017757,45.770706212320235],[10.182692290731913,45.77585031853976],[10.184718519915414,45.77742884690712],[10.185121990808934,45.777785556031574],[10.185209541299947,45.77788043370774],[10.189407392745059,45.783960554806626],[10.193347918777073,45.790174948630266],[10.201997218322038,45.79669074645847],[10.210697172280511,45.80530250591991],[10.210870686160135,45.80558868689239],[10.211097808738849,45.8059733052611],[10.21129821414116,45.80631321010685],[10.211406019054454,45.80653708375675],[10.211488106458344,45.80676122821418],[10.211491972085755,45.80693952536681],[10.211494154562574,45.80704018859378],[10.211486756805781,45.80729228673412],[10.211467060186703,45.80757150298858],[10.211295112759508,45.80795135569686],[10.211059618423448,45.808367881870815]]]},"properties":{"name":"Pezzaze","op_id":"2439","minint_elettorale":"1030151320","minint_finloc":"1030151320","prov_name":"Brescia","prov_istat_code":"017","prov_istat_code_num":17,"prov_acr":"BS","reg_name":"Lombardia","reg_istat_code":"03","reg_istat_code_num":3,"opdm_id":"2154","com_catasto_code":"G529","com_istat_code":"017141","com_istat_code_num":17141}},
{"type":"Feature","geometry":{"type":"Polygon","coordinates":[[[10.120105507981167,45.8298194389102],[10.121392987669058,45.83595200934055],[10.127026356969028,45.83941579729258],[10.136538631127623,45.8455409851435],[10.143656972565662,45.85039327365584],[10.14581053032954,45.85194756391015],[10.146410817544872,45.851526759911096],[10.14987996327723,45.849241762428704],[10.155770852762275,45.84699512745831],[10.165099829545772,45.839636925193965],[10.169275509650028,45.83567002033418],[10.171199649641988,45.83409320349231],[10.173465747973662,45.83225182641443],[10.174646447178322,45.83145665005999],[10.180625149980225,45.828551341235695],[10.195349517361164,45.8211973158695],[10.205116544466335,45.81626127444311],[10.20557399963255,45.81598641935886],[10.206996280775337,45.815089350659555],[10.20864470762495,45.81334380311074],[10.208996649775294,45.81295305393728],[10.209473740611038,45.81239895011645],[10.209711628607693,45.8120904204151],[10.209885910285012,45.811818545901815],[10.210118077028431,45.811240147712404],[10.210190419419128,45.811014364895414],[10.210224322125706,45.8107980052253],[10.210193339053573,45.81055530828508],[10.209978282641123,45.81013456142075],[10.209539803510335,45.80950013866111],[10.208723150698741,45.80982384493891],[10.20841588096687,45.809899096527076],[10.208043115317752,45.8099210482701],[10.20263428728058,45.809771090055456],[10.199619218628236,45.809613774245534],[10.198715009514403,45.80946125524105],[10.196854394229698,45.8091207415896],[10.194920051347795,45.80894297955898],[10.194783315868438,45.80898489205761],[10.186839260211496,45.8114483713017],[10.186643042648978,45.812658756244225],[10.186520652414805,45.81341385697581],[10.185886103597433,45.81808275495863],[10.185715860877114,45.818552562017246],[10.185480514702675,45.81898702450649],[10.185087464773105,45.81927012613463],[10.18456439586323,45.819491570675716],[10.179121092677821,45.820798963781],[10.17800614214753,45.8210354796748],[10.177378151155537,45.821167962619256],[10.175437564440486,45.82132295126838],[10.174996580515844,45.821165477028934],[10.170132450950414,45.82002732184373],[10.163149386862681,45.81973860976229],[10.161194633450306,45.8198304950346],[10.156502817196317,45.82139919696345],[10.152954907853461,45.82289314570543],[10.143459470091784,45.82692178678708],[10.135711474672377,45.83274136183399],[10.13504639378999,45.833594036500706],[10.134535183759928,45.83409865406586],[10.133970261718064,45.8344957711497],[10.128517245313414,45.83354169719253],[10.126501008765175,45.833165576688714],[10.122253283066204,45.83194732904589],[10.121980956911903,45.83185098025208],[10.12160342749989,45.83156785679836],[10.121437898069425,45.83143055471334],[10.121248345904375,45.83127316285656],[10.12099943361697,45.83105958596358],[10.120525901936547,45.83056021220175],[10.120379609853384,45.83032761891404],[10.120105507981167,45.8298194389102]]]},"properties":{"name":"Pian Camuno","op_id":"2440","minint_elettorale":"1030151330","minint_finloc":"1030151330","prov_name":"Brescia","prov_istat_code":"017","prov_istat_code_num":17,"prov_acr":"BS","reg_name":"Lombardia","reg_istat_code":"03","reg_istat_code_num":3,"opdm_id":"2155","com_catasto_code":"G546","com_istat_code":"017142","com_istat_code_num":17142}},
{"type":"Feature","geometry":{"type":"Polygon","coordinates":[[[10.063818655078283,45.78840332608569],[10.064597343391398,45.789431191322954],[10.066574065767126,45.791887927146576],[10.070780349563735,45.79653792589536],[10.07160810772424,45.79743022652293],[10.072743435466489,45.798256628559244],[10.0763635499587,45.800481746626176],[10.077011706299304,45.80085364982611],[10.079225645128904,45.80142677434075],[10.095519528119237,45.80679808265823],[10.095844073881574,45.80693900196843],[10.100832576133447,45.809303151946295],[10.101236427784684,45.80955127930246],[10.108097931716802,45.81547035352975],[10.119241700918254,45.82816057304628],[10.120105507981167,45.8298194389102],[10.120379609853384,45.83032761891404],[10.120525901936547,45.83056021220175],[10.12099943361697,45.83105958596358],[10.121248345904375,45.83127316285656],[10.121437898069425,45.83143055471334],[10.12160342749989,45.83156785679836],[10.121980956911903,45.83185098025208],[10.122253283066204,45.83194732904589],[10.126501008765175,45.833165576688714],[10.128517245313414,45.83354169719253],[10.133970261718064,45.8344957711497],[10.134535183759928,45.83409865406586],[10.13504639378999,45.833594036500706],[10.135711474672377,45.83274136183399],[10.143459470091784,45.82692178678708],[10.152954907853461,45.82289314570543],[10.156502817196317,45.82139919696345],[10.161194633450306,45.8198304950346],[10.163149386862681,45.81973860976229],[10.170132450950414,45.82002732184373],[10.174996580515844,45.821165477028934],[10.175437564440486,45.82132295126838],[10.177378151155537,45.821167962619256],[10.17800614214753,45.8210354796748],[10.179121092677821,45.820798963781],[10.18456439586323,45.819491570675716],[10.185087464773105,45.81927012613463],[10.185480514702675,45.81898702450649],[10.185715860877114,45.818552562017246],[10.185886103597433,45.81808275495863],[10.186520652414805,45.81341385697581],[10.186643042648978,45.812658756244225],[10.186839260211496,45.8114483713017],[10.194783315868438,45.80898489205761],[10.194920051347795,45.80894297955898],[10.196854394229698,45.8091207415896],[10.198715009514403,45.80946125524105],[10.199619218628236,45.809613774245534],[10.20263428728058,45.809771090055456],[10.208043115317752,45.8099210482701],[10.20841588096687,45.809899096527076],[10.208723150698741,45.80982384493891],[10.209539803510335,45.80950013866111],[10.211059618423448,45.808367881870815],[10.211295112759508,45.80795135569686],[10.211467060186703,45.80757150298858],[10.211486756805781,45.80729228673412],[10.211494154562574,45.80704018859378],[10.211491972085755,45.80693952536681],[10.211488106458344,45.80676122821418],[10.211406019054454,45.80653708375675],[10.21129821414116,45.80631321010685],[10.211097808738849,45.8059733052611],[10.210870686160135,45.80558868689239],[10.210697172280511,45.80530250591991],[10.201997218322038,45.79669074645847],[10.193347918777073,45.790174948630266],[10.189407392745059,45.783960554806626],[10.185209541299947,45.77788043370774],[10.185121990808934,45.777785556031574],[10.184718519915414,45.77742884690712],[10.182692290731913,45.77585031853976],[10.177530533017757,45.770706212320235],[10.17490774889905,45.76919650250964],[10.167487985749117,45.76616733140606],[10.167017607236318,45.76581211506514],[10.166767665839494,45.76554465415357],[10.164446330729382,45.762760116363125],[10.163190480032345,45.761116758981856],[10.162514105999945,45.76136665457948],[10.161265190767255,45.76191038664299],[10.160476269261732,45.762314446059875],[10.160045493794193,45.76262483456557],[10.157246404032634,45.764696416450775],[10.1545990961631,45.766658323792065],[10.148653336676896,45.77084056072383],[10.145293425232202,45.77257542106172],[10.136461101296009,45.776560923681956],[10.124670328515156,45.78189799520603],[10.121507338145282,45.78390024318591],[10.117406216033157,45.78530873418596],[10.11591339052008,45.78336098803457],[10.114203839907908,45.780848487384475],[10.109862475805434,45.77664244631389],[10.107804533728364,45.77534832270511],[10.098927324885047,45.77131179229418],[10.093570734635303,45.77033711767773],[10.090470513460273,45.77030376521219],[10.088173237423122,45.77121675644587],[10.07898903897725,45.77583120048093],[10.074186550314904,45.77625448939149],[10.071216668123817,45.77667822107337],[10.059870725074452,45.78117965198252],[10.06110746550802,45.783838208379805],[10.063818655078283,45.78840332608569]]]},"properties":{"name":"Pisogne","op_id":"2442","minint_elettorale":"1030151340","minint_finloc":"1030151340","prov_name":"Brescia","prov_istat_code":"017","prov_istat_code_num":17,"prov_acr":"BS","reg_name":"Lombardia","reg_istat_code":"03","reg_istat_code_num":3,"opdm_id":"2156","com_catasto_code":"G710","com_istat_code":"017143","com_istat_code_num":17143}},
{"type":"Feature","geometry":{"type":"Polygon","coordinates":[[[10.1609221185023,45.66117340644599],[10.160533035504189,45.66078754185706],[10.159827392385058,45.66003459890198],[10.157815766733094,45.65712505223299],[10.158950512578727,45.65639514500745],[10.15977180650103,45.65597233465674],[10.160432087791179,45.655542873311575],[10.160532861311363,45.65547289791615],[10.160077391585666,45.65503957969747],[10.154686895273775,45.65292953563272],[10.150514041964515,45.651632472729744],[10.148379061376726,45.651032072614534],[10.143911259408549,45.64990328719438],[10.141386662701475,45.65122857304403],[10.138008882893118,45.651961916507766],[10.135337411719961,45.64993962687096],[10.127295273162817,45.651586109025],[10.116873887973053,45.65273206697051],[10.114770250695438,45.65353487741357],[10.118581718168116,45.655331187958154],[10.118640543871473,45.65536063899505],[10.118741205466685,45.655497389866376],[10.118214020610639,45.65568756127024],[10.118050219233034,45.655725024305205],[10.117868907750012,45.655764287628585],[10.112566399267113,45.65680604883938],[10.110743942324756,45.65759253516054],[10.109824561115543,45.65799053605726],[10.10894305647182,45.658555542954524],[10.108413239646207,45.65889614042901],[10.106451505648726,45.6601663495143],[10.106253103985487,45.660295121008204],[10.10596231453909,45.6604966859989],[10.100515384447966,45.66520894798545],[10.107460709091288,45.66535453496907],[10.1121182721561,45.665781968543875],[10.118687179351815,45.66748730709992],[10.120721265661269,45.66807274300444],[10.12155318385457,45.66838844873338],[10.12168646140706,45.66844398983761],[10.126050360296125,45.670347816623384],[10.128697484514154,45.671554108061756],[10.130774763873719,45.67257597298777],[10.132679184413563,45.67412583179305],[10.134015326661252,45.675392113323184],[10.134122030627843,45.67554278931573],[10.134206780377092,45.675670264656205],[10.135873202276631,45.678276720458854],[10.141368942883268,45.683514443492165],[10.142678746488832,45.682739219677536],[10.145798484791474,45.68072918790916],[10.147528826949214,45.67844885514583],[10.153583259367801,45.67623819515093],[10.154591591014634,45.6760441916437],[10.153179497521087,45.66836606766366],[10.159456398337744,45.662511115963305],[10.1609221185023,45.66117340644599]]]},"properties":{"name":"Polaveno","op_id":"2443","minint_elettorale":"1030151350","minint_finloc":"1030151350","prov_name":"Brescia","prov_istat_code":"017","prov_istat_code_num":17,"prov_acr":"BS","reg_name":"Lombardia","reg_istat_code":"03","reg_istat_code_num":3,"opdm_id":"2157","com_catasto_code":"G779","com_istat_code":"017144","com_istat_code_num":17144}},
{"type":"Feature","geometry":{"type":"Polygon","coordinates":[[[10.487132145456311,45.527538840689154],[10.485010415790342,45.52866461961298],[10.483734244513691,45.529320282717485],[10.481451444311643,45.529682969095106],[10.476429092618213,45.53008997938104],[10.472963779796164,45.52930668028114],[10.47244029327205,45.52936744283234],[10.469846393526701,45.529737514329334],[10.469250542306423,45.529822553304584],[10.465339926379578,45.533095183856275],[10.464407921568721,45.53616748851763],[10.465336883043898,45.5374157340869],[10.46675454043936,45.538738660045304],[10.471046754692058,45.53977261520019],[10.479268768810885,45.54021547755335],[10.481205702175526,45.54129749173222],[10.485816773499481,45.54420794735795],[10.485978041427314,45.54449388320147],[10.486709128082971,45.546473593008976],[10.486571137354185,45.54755551937841],[10.48417657178202,45.54905383660837],[10.483951743318359,45.54927278745689],[10.483219804736024,45.550668451030745],[10.482964376321842,45.5511848266448],[10.48533217524422,45.553044261794206],[10.488966036378033,45.55529221348782],[10.491449408890448,45.55617791478554],[10.493565407014353,45.55624932247215],[10.497982602958936,45.55661451526804],[10.508854327543691,45.5578215566076],[10.521726755715912,45.560504090767914],[10.528307668733673,45.562675482012224],[10.531392091272664,45.563957209440716],[10.531769274145805,45.56274604789721],[10.5319985609011,45.56175285824971],[10.532060721616832,45.56121197840141],[10.532458140428274,45.55697617344412],[10.532550792308815,45.55190722852756],[10.53235381894513,45.55156539180879],[10.532248571384933,45.55138321091933],[10.530682924347612,45.55057345764712],[10.529526685744866,45.55045391910779],[10.528652675696955,45.550348619056145],[10.527564976790131,45.54992211798588],[10.525845623542962,45.54840584922192],[10.525662243100328,45.54684201746506],[10.526296872147666,45.54568132359446],[10.527150268142877,45.5445538205821],[10.523073992119846,45.54445514735988],[10.51602582730681,45.5438738626189],[10.515717290417149,45.54383296119962],[10.515265483202448,45.54370394417509],[10.512357566437025,45.542743357404056],[10.510216130250173,45.541223520146566],[10.49621558821999,45.537348395480684],[10.49200220719768,45.53494622201519],[10.487426177070171,45.53091943976342],[10.487132145456311,45.527538840689154]]]},"properties":{"name":"Polpenazze del Garda","op_id":"2444","minint_elettorale":"1030151360","minint_finloc":"1030151360","prov_name":"Brescia","prov_istat_code":"017","prov_istat_code_num":17,"prov_acr":"BS","reg_name":"Lombardia","reg_istat_code":"03","reg_istat_code_num":3,"opdm_id":"2158","com_catasto_code":"G801","com_istat_code":"017145","com_istat_code_num":17145}},
{"type":"Feature","geometry":{"type":"Polygon","coordinates":[[[10.024119655877191,45.41410036820705],[10.024450107866398,45.41276694986929],[10.026382941639902,45.40754538001763],[10.026864492529285,45.40568888059532],[10.02607451086674,45.403828740902895],[10.022831848980323,45.404325975863436],[10.020808494750131,45.405127002763855],[10.013217817723016,45.40625607367865],[10.01225705709119,45.40590590904809],[10.005883556289213,45.40015045392713],[9.994537249160656,45.39104801568752],[9.988326518517804,45.38819059411595],[9.98649042634021,45.392471232938625],[9.983088753240573,45.39538762019562],[9.980003634525156,45.396575348835825],[9.980884218956321,45.40014025755561],[9.981579445759829,45.40625345307906],[9.979722670866877,45.40657265853672],[9.978692336900776,45.40675130169056],[9.977393949273289,45.406985436453155],[9.97715868438753,45.41242131545468],[9.981728951453487,45.41695780131481],[9.979867584576938,45.420935258516785],[9.974870834673052,45.42778853351872],[9.969198058944523,45.43674393750084],[9.966503657100974,45.437113305352234],[9.966362385549557,45.43743929651956],[9.965624963613662,45.43993293890366],[9.965664284015258,45.44026588667842],[9.965686606510355,45.44036468466658],[9.965722720376116,45.440451793135516],[9.968380026791747,45.442368312685836],[9.971738319148395,45.44265955547888],[9.977638140898039,45.44332224391119],[9.980329335415895,45.44505494184852],[9.980810540131454,45.4459989742263],[9.980840775970366,45.44621034271667],[9.980768567045004,45.44688119503839],[9.980718725111254,45.44724671323339],[9.980528755239677,45.448464771401156],[9.980403347890833,45.450504429473376],[9.98354006714177,45.45066485631448],[9.987415888584874,45.44800835781246],[9.997650392706413,45.43961322502854],[10.004921645357465,45.431716667590266],[10.01385161503584,45.42194488394219],[10.016124260448674,45.41927601392837],[10.01792402421037,45.41700655224518],[10.018070820089243,45.415030505471016],[10.020120277835344,45.41406868535481],[10.020155842518207,45.41406071659575],[10.023042856891376,45.41408379694869],[10.024119655877191,45.41410036820705]]]},"properties":{"name":"Pompiano","op_id":"2445","minint_elettorale":"1030151370","minint_finloc":"1030151370","prov_name":"Brescia","prov_istat_code":"017","prov_istat_code_num":17,"prov_acr":"BS","reg_name":"Lombardia","reg_istat_code":"03","reg_istat_code_num":3,"opdm_id":"2159","com_catasto_code":"G815","com_istat_code":"017146","com_istat_code_num":17146}},
{"type":"Feature","geometry":{"type":"Polygon","coordinates":[[[10.207038710726659,45.44868853499818],[10.203277744703067,45.449170767441245],[10.191822515046535,45.44870230797339],[10.179535755295667,45.44499952699558],[10.16918233286262,45.44159118555134],[10.16673154431391,45.44134208802549],[10.160545637245775,45.44178962902171],[10.155260853832269,45.44334800924454],[10.158103678396985,45.45183003987563],[10.155047598152805,45.45465299097223],[10.151816208995392,45.45515682155441],[10.150577478036633,45.45535201435343],[10.149072333052603,45.45559051493895],[10.147306530760332,45.45588029213922],[10.146671000503614,45.45598593921632],[10.146475273986283,45.45602086842258],[10.146488666060574,45.45624293837995],[10.146572587886048,45.457489585378724],[10.146604820089685,45.45787227487841],[10.1466242017692,45.458085327497336],[10.146708788279994,45.45897011353216],[10.14677743636219,45.45915839062433],[10.148102830755409,45.462564504921545],[10.148212308973044,45.46275152087826],[10.148592506000751,45.463305197612556],[10.148953098399678,45.463825369685715],[10.149175292504436,45.46379224205955],[10.154038897080449,45.46889543518401],[10.15526736502013,45.47176027682703],[10.159171706756313,45.47064115126881],[10.163825679460327,45.468139371756514],[10.171734093794615,45.465267143905606],[10.182328693118512,45.46594955345254],[10.189850552547934,45.465823258018254],[10.190302370990064,45.46609696228041],[10.190752390188257,45.46654368510153],[10.190878375910211,45.46667164610616],[10.191268880608572,45.46713902139764],[10.191483103145885,45.46745982422541],[10.192232832037362,45.468651662561165],[10.192270127955432,45.468713678648356],[10.192479091247998,45.46906114921628],[10.192512623106543,45.46911784159744],[10.192641311540742,45.46933689976766],[10.199102299675268,45.47007563160177],[10.207474487359727,45.47509333430465],[10.213899066389098,45.47452215395227],[10.217949641219825,45.467285692051256],[10.220290731158748,45.46741530027883],[10.220349544327293,45.467347144737786],[10.220232853425266,45.46708398075572],[10.2179385772759,45.46227456188325],[10.21409504380904,45.45458597472723],[10.210858018423991,45.451806264443995],[10.208361571543223,45.44975348069059],[10.207038710726659,45.44868853499818]]]},"properties":{"name":"Poncarale","op_id":"2446","minint_elettorale":"1030151371","minint_finloc":"1030151371","prov_name":"Brescia","prov_istat_code":"017","prov_istat_code_num":17,"prov_acr":"BS","reg_name":"Lombardia","reg_istat_code":"03","reg_istat_code_num":3,"opdm_id":"2160","com_catasto_code":"G818","com_istat_code":"017147","com_istat_code_num":17147}},
{"type":"Feature","geometry":{"type":"Polygon","coordinates":[[[10.432763810333691,46.33708824844471],[10.444093915343219,46.34299360446209],[10.452786774177541,46.348355387934646],[10.459381935642904,46.35199734237662],[10.464314086307024,46.35368923314008],[10.469199851521687,46.354607540981036],[10.471031483717875,46.354653278740976],[10.478273310219329,46.35126862301661],[10.486821564184327,46.34655197253282],[10.49177049672535,46.342417513461925],[10.495463666980188,46.33679825745849],[10.495869010781515,46.33641495557588],[10.498060613460936,46.33482928896194],[10.499069050746964,46.334645060205474],[10.509838957375122,46.3345933312026],[10.51184362931539,46.334728834655806],[10.512686056309688,46.33512269168272],[10.51339480663871,46.33585130153746],[10.513715634475389,46.33664804456384],[10.514052955037346,46.337570565716966],[10.514564784336706,46.33916576490993],[10.515714830514044,46.343217878670906],[10.521012938051149,46.34354261415436],[10.533419733311357,46.33940064053218],[10.55062189903914,46.33265745085842],[10.563034440731984,46.3272996950715],[10.564588266485966,46.32209109324698],[10.563863268329907,46.319457703767974],[10.564111693807003,46.314830240239836],[10.56451047433982,46.31362419720756],[10.564859945411689,46.31301449787809],[10.566436410124878,46.31162763658706],[10.572727014502775,46.30685504907923],[10.575633381612693,46.30563967464325],[10.578053791006946,46.30242462765908],[10.579033400465896,46.30047693514333],[10.579572499444174,46.29882843410151],[10.569058344915016,46.29159443821131],[10.563090650205051,46.28741796631764],[10.560479181244922,46.284520563258496],[10.562032047961937,46.281639503479035],[10.567142312550994,46.278259877719144],[10.571624083485089,46.276340474249245],[10.576295929391097,46.27266825305263],[10.582502885652026,46.256832098899736],[10.585054170682982,46.248696729252096],[10.584895180389493,46.24481078203451],[10.58148126108064,46.24029551336533],[10.581388716535075,46.2401974568861],[10.581199074775808,46.2399972954295],[10.580903543407844,46.23975416652712],[10.580746937711313,46.23962557705489],[10.580597399847294,46.239533272571286],[10.579928622728223,46.239120454974326],[10.577974366827366,46.237972276005685],[10.576097558455094,46.23713600328349],[10.575920305772264,46.237091967109535],[10.575544073391137,46.23699849635692],[10.575467434626677,46.23698090000176],[10.575042607471596,46.23691331930804],[10.574588899637256,46.23699630356106],[10.568930970610058,46.22926101593398],[10.570690634974374,46.2245948787003],[10.570405092224382,46.223208873457075],[10.570446972326113,46.22206899022056],[10.568707968510209,46.22044043895918],[10.562316807048813,46.21460762051601],[10.557932239257765,46.211464254363335],[10.549357254671747,46.20462791366576],[10.544956358300885,46.1939697486855],[10.54137877154291,46.188625529361424],[10.537034830988897,46.18768297802736],[10.531153983276347,46.185159052698445],[10.52062182250875,46.18283064439017],[10.519612153480905,46.18265713938685],[10.519088343100666,46.18272491146979],[10.518665660263984,46.18280788159831],[10.516158598970236,46.18410140511226],[10.513692626298441,46.187846531158755],[10.513186663341981,46.18821737792429],[10.512520550387553,46.18879185573409],[10.511154284041911,46.194155541623296],[10.511290039582628,46.19469624139108],[10.51172767920005,46.19637749719487],[10.511935339307115,46.196790997905566],[10.512909742189269,46.19846382663065],[10.51602698277383,46.203885581282705],[10.516359806471774,46.20488755485464],[10.516480004509157,46.20527459195376],[10.516878051683959,46.206890218499126],[10.51678868864642,46.207631999382116],[10.516121125312683,46.208488615904585],[10.515524938895075,46.20876865988292],[10.510851156757061,46.2103621691471],[10.507649448289175,46.212526365256004],[10.506146465250472,46.21494524703963],[10.505829864210844,46.21982459011797],[10.50587184131758,46.22002537888051],[10.506351918593579,46.22171164321326],[10.506624294785075,46.22238368341885],[10.507442905669878,46.22330288165601],[10.508455476813868,46.22402690279812],[10.510085084194598,46.22507289794588],[10.510108806831987,46.22535630424259],[10.510109952009095,46.22539805865799],[10.510125875400009,46.22634098401458],[10.50769621270344,46.23186191322426],[10.50384321431388,46.2373916571475],[10.50015654800137,46.24067267040731],[10.499883687889183,46.240565545515864],[10.498904244313223,46.24018539985276],[10.497477139974125,46.23963902957768],[10.496371167910583,46.24331241949499],[10.496833947648918,46.251632147711675],[10.496990898620547,46.253904105251436],[10.497322806777241,46.25647074539422],[10.500778282328163,46.26210355312209],[10.505968072539966,46.266292343565176],[10.509570172595419,46.270042115691844],[10.510148156770194,46.2794673563115],[10.510049406274169,46.28329704173598],[10.50981442707783,46.28439893236989],[10.508991985069605,46.28612772662415],[10.506110269941194,46.28870177574024],[10.49296567281029,46.299534764083845],[10.486746635679294,46.30132561809182],[10.48051279471363,46.30719048695787],[10.476146386849093,46.31234451793793],[10.466213938437912,46.320372904822776],[10.466053791413465,46.32048347129882],[10.465126054895666,46.3209316473524],[10.464242510017039,46.321116495755206],[10.463681669880936,46.32112983369438],[10.45859344428826,46.32115262136034],[10.454903063340172,46.32101171806632],[10.443254112073319,46.317455517690924],[10.441357614003973,46.31675457426762],[10.440783952576048,46.31675568557165],[10.438066405727373,46.32149659146647],[10.433032604426723,46.33243393250351],[10.432763810333691,46.33708824844471]]]},"properties":{"name":"Ponte di Legno","op_id":"2447","minint_elettorale":"1030151390","minint_finloc":"1030151390","prov_name":"Brescia","prov_istat_code":"017","prov_istat_code_num":17,"prov_acr":"BS","reg_name":"Lombardia","reg_istat_code":"03","reg_istat_code_num":3,"opdm_id":"2161","com_catasto_code":"G844","com_istat_code":"017148","com_istat_code_num":17148}},
{"type":"Feature","geometry":{"type":"Polygon","coordinates":[[[10.137980416900247,45.29082094806575],[10.137969869380312,45.29024319399898],[10.13791666732669,45.28912732410137],[10.137739915724975,45.286345600410044],[10.136811242025262,45.283778947832865],[10.136688892726399,45.28365007341556],[10.135483037778682,45.28368953026024],[10.131203571580532,45.28181734090163],[10.129299043184167,45.27509094259276],[10.129208887342216,45.27403824824954],[10.129155469006067,45.27327372477379],[10.130220459147104,45.27029949903433],[10.131002229788498,45.26818308879937],[10.133183051598651,45.263392725593775],[10.134188101627911,45.2597086672301],[10.134288565728943,45.25918270020639],[10.134063117282803,45.2587598779816],[10.132220587190151,45.25531110282744],[10.132112725220601,45.25511529056567],[10.131817515970234,45.25458381350059],[10.131496718944362,45.254117652268036],[10.130911942298427,45.253365776293],[10.127238756154373,45.250276406411274],[10.125043732305139,45.24990438738972],[10.12503160056422,45.24837018453617],[10.12591014690203,45.24680256168672],[10.125864383585087,45.24680938146081],[10.12460199968762,45.246973812058826],[10.122910931835023,45.24716147486948],[10.121447379346487,45.24725687846075],[10.10891406736307,45.247541288180166],[10.108140567813468,45.247219707087815],[10.107398328587584,45.246916943200716],[10.10630686856134,45.2464864460108],[10.105285022409005,45.24636132269304],[10.103876967334886,45.24649050465954],[10.103294322412902,45.24665501695053],[10.102339692480479,45.246929829982605],[10.10130246858657,45.24732689933476],[10.100177088742448,45.24777882232345],[10.099663921919445,45.248260845047575],[10.099454444239909,45.24863191273914],[10.099359472086606,45.24899288163819],[10.09937444823524,45.24918219837895],[10.099384263838823,45.24922516907546],[10.100523251616831,45.251187036144366],[10.100688480051442,45.251824548664466],[10.10046817491864,45.252294755489054],[10.10003153902663,45.25270335276335],[10.099642017082909,45.25306783992426],[10.099504153858645,45.253144788357915],[10.098608133955732,45.25364488925711],[10.096836997610481,45.253661913838066],[10.090585690076361,45.254368907342396],[10.087092517184063,45.25866412897026],[10.085856443381608,45.26160826940125],[10.08475802723848,45.26583923016364],[10.083861365654926,45.269628367752794],[10.07816013195989,45.27081650966971],[10.072099468284472,45.27070752100951],[10.06778424271396,45.27222820656329],[10.0627621635985,45.27431838261852],[10.06220396834137,45.27678031830449],[10.062426718386504,45.279083412446944],[10.067418410095062,45.293333261785016],[10.062695435215236,45.29582476393198],[10.061635747575766,45.29907467627976],[10.061331995404844,45.30010134256473],[10.065375043061726,45.3019810879441],[10.080268232228988,45.30554769586752],[10.08661951944948,45.305762058012455],[10.090102547769453,45.3059227561049],[10.099420168792314,45.3069272758176],[10.10117883488108,45.3080409146547],[10.107963345198588,45.310432727748584],[10.110055089051924,45.31112241360228],[10.111583665571185,45.31083191489355],[10.11218266202195,45.3107180719488],[10.112974584169597,45.31056504653769],[10.114755600195402,45.310217367365304],[10.114999374256112,45.31015285326291],[10.115050232422297,45.30998222746275],[10.116191321981976,45.3088606872921],[10.119341872756033,45.303857886853564],[10.119121958881305,45.302002833230354],[10.12378241804056,45.30167754567565],[10.124036144700261,45.30167386046078],[10.124893704868674,45.30172166686397],[10.12575428027939,45.30177274874202],[10.128196230506632,45.29931304395952],[10.133895050637067,45.29301982424695],[10.137980416900247,45.29082094806575]]]},"properties":{"name":"Pontevico","op_id":"2448","minint_elettorale":"1030151400","minint_finloc":"1030151400","prov_name":"Brescia","prov_istat_code":"017","prov_istat_code_num":17,"prov_acr":"BS","reg_name":"Lombardia","reg_istat_code":"03","reg_istat_code_num":3,"opdm_id":"2162","com_catasto_code":"G859","com_istat_code":"017149","com_istat_code_num":17149}},
{"type":"Feature","geometry":{"type":"Polygon","coordinates":[[[9.853343628072805,45.53996142455193],[9.850215984119151,45.54102261607869],[9.839954226066416,45.546922195478174],[9.836593103560764,45.54918811173933],[9.836758519180655,45.5551545583],[9.840505597260995,45.564146043199834],[9.841117662035392,45.56823698440883],[9.842190901565136,45.568877142843036],[9.843572019396788,45.56971502376298],[9.842326636910704,45.57289044083333],[9.84175181616388,45.57826987604248],[9.841716025432685,45.578797830531514],[9.841701778578948,45.579012709961525],[9.84175700086308,45.57936524326974],[9.843326587204478,45.5819153564986],[9.84396876079933,45.58278807039706],[9.844635587479152,45.583556280031054],[9.84496402098017,45.583692584713354],[9.845788620808605,45.58392613073016],[9.84588028560156,45.58394517682104],[9.846985737703394,45.5841218151935],[9.848464180459366,45.584239696564666],[9.855030342445843,45.58408097435165],[9.861772562345035,45.584788858878554],[9.862731937489325,45.582144332749834],[9.86369434611478,45.57719554473452],[9.863826621404138,45.57662747763658],[9.863959170289696,45.57607741932954],[9.864619982062584,45.57403821142522],[9.864885367727569,45.573793168040815],[9.867939334887765,45.574031028696176],[9.872368011150858,45.57448334047708],[9.876377789437,45.570249190093755],[9.875561034423072,45.56799620093904],[9.87544267604374,45.56615191832185],[9.877217355916926,45.55749735265218],[9.878927889483359,45.55462188806984],[9.877268738520737,45.55421160311658],[9.874165087626887,45.552354184412174],[9.869278727074331,45.54537069537818],[9.867560879791087,45.54255699032157],[9.867062668158395,45.542876232485796],[9.862959457592058,45.54511255649028],[9.862065915960414,45.54531733996437],[9.85760798154499,45.54615201217025],[9.85471602516612,45.54297832468139],[9.853343628072805,45.53996142455193]]]},"properties":{"name":"Pontoglio","op_id":"2449","minint_elettorale":"1030151410","minint_finloc":"1030151410","prov_name":"Brescia","prov_istat_code":"017","prov_istat_code_num":17,"prov_acr":"BS","reg_name":"Lombardia","reg_istat_code":"03","reg_istat_code_num":3,"opdm_id":"2163","com_catasto_code":"G869","com_istat_code":"017150","com_istat_code_num":17150}},
{"type":"Feature","geometry":{"type":"Polygon","coordinates":[[[10.591707373000755,45.39933907721204],[10.58686844760368,45.40345555279362],[10.585840691419214,45.40431166163223],[10.58556173432427,45.404788060074054],[10.58461556013393,45.40944997821986],[10.584625902685303,45.40971078755723],[10.584784295151172,45.410196605209364],[10.584805684855258,45.41022344734896],[10.586027263935414,45.4116756022275],[10.58680711537476,45.41246258771829],[10.587777447715885,45.413186788873546],[10.59038225341989,45.414459396146356],[10.590709572573981,45.414611388016],[10.591006727576087,45.41472046687232],[10.591764789586499,45.41499335416396],[10.59446828569821,45.41543514707672],[10.597229953780642,45.4149776563348],[10.600354875106959,45.41528722787037],[10.602385512064615,45.41622743737223],[10.605792621249082,45.41860261408157],[10.607759006397036,45.42068310674471],[10.608897478665412,45.421940406310576],[10.609895862781487,45.42323751079195],[10.622133537084968,45.43187651197566],[10.626733282385766,45.43490463468955],[10.627145564150906,45.437292140067626],[10.627251691050837,45.438271973067906],[10.627896490379161,45.43898288027564],[10.635862790189853,45.442107837239156],[10.640276169885725,45.44349536720768],[10.642110721288661,45.44370303899693],[10.646764498444973,45.4410436729331],[10.648014487778962,45.43045867829671],[10.647411970775641,45.42375198010684],[10.644003688606222,45.41994856400659],[10.64366021438825,45.41912535617706],[10.643607464006097,45.418739061684995],[10.64355070056287,45.41799281555139],[10.643865135048506,45.41781726996976],[10.65305419087144,45.41604639016038],[10.654626059751227,45.41582268398783],[10.655101260369154,45.410643267048535],[10.654051234389831,45.411009499695],[10.653109090828124,45.41113115037897],[10.65167364671334,45.41098990139854],[10.650034571485328,45.41043751687479],[10.648790455052186,45.409843404148994],[10.647736600455762,45.40876044920028],[10.646491172093922,45.40723919958021],[10.64587794113382,45.40592486042368],[10.645353626720938,45.40459122580108],[10.643411972215125,45.398444313874364],[10.643057474660289,45.39723424727995],[10.642225390108944,45.393654604657996],[10.642578089806118,45.39039116934177],[10.633315131590527,45.38502439120612],[10.617398992377183,45.383675762042635],[10.616552967983692,45.383570718800286],[10.613704080111587,45.382665702037855],[10.597927322124113,45.38728401810376],[10.600446245354238,45.390372046643556],[10.601595971545331,45.392018134532655],[10.601355172971227,45.39323079776574],[10.600454767796922,45.39508548336538],[10.598172640118849,45.39628389353782],[10.598102792059146,45.39631833805804],[10.597148318136709,45.396699495542116],[10.596757711682303,45.396640337399646],[10.596485341362772,45.39656539286626],[10.595964081035875,45.396408254357],[10.595652084428991,45.396305576722625],[10.594343857226376,45.39584792139713],[10.594169319942557,45.39578019264426],[10.594009378996159,45.39569403215513],[10.590671535167205,45.396840458957406],[10.591707373000755,45.39933907721204]]]},"properties":{"name":"Pozzolengo","op_id":"2450","minint_elettorale":"1030151420","minint_finloc":"1030151420","prov_name":"Brescia","prov_istat_code":"017","prov_istat_code_num":17,"prov_acr":"BS","reg_name":"Lombardia","reg_istat_code":"03","reg_istat_code_num":3,"opdm_id":"2164","com_catasto_code":"G959","com_istat_code":"017151","com_istat_code_num":17151}},
{"type":"Feature","geometry":{"type":"Polygon","coordinates":[[[10.262046740852067,45.265370265642794],[10.261847564682189,45.26337779164526],[10.263663314595057,45.25692183430576],[10.263546621844725,45.25148890706204],[10.25747899232462,45.25258208910638],[10.250382768315243,45.25075618885671],[10.249365956204107,45.246991196160444],[10.248879917805295,45.24574530858724],[10.248292165699997,45.244509525833934],[10.246424682931272,45.24301767995324],[10.245950185879483,45.242878824082894],[10.240856268608923,45.24300631604864],[10.228489193195971,45.240880691616084],[10.227096245862674,45.240688642931296],[10.223148314729102,45.240181891120486],[10.22222461213395,45.240479829219794],[10.220783249911957,45.241765067944684],[10.216340638667129,45.24259046227082],[10.213962239862271,45.243914758007875],[10.213825129085018,45.24602571603149],[10.211277155736822,45.250526778663044],[10.209462460453558,45.252065066217135],[10.211347204345731,45.255954126854604],[10.209426963832446,45.26634897569315],[10.20938750936016,45.2680042689395],[10.208717930572442,45.27515303246909],[10.206753541150759,45.27882860285543],[10.20590955685143,45.28035298391189],[10.206023792209896,45.28104310620635],[10.207370457520964,45.2861613038704],[10.208501703711656,45.28633688424008],[10.210847616269822,45.28664235345756],[10.221489959284787,45.28681260020187],[10.22572477052204,45.28702701743995],[10.237039348508283,45.28668467868651],[10.240236650083313,45.28608078394251],[10.244285414532651,45.283059743366614],[10.254202737445652,45.27475808017473],[10.257984123824007,45.267751499518305],[10.26088478859406,45.265155110474154],[10.262046740852067,45.265370265642794]]]},"properties":{"name":"Pralboino","op_id":"2451","minint_elettorale":"1030151430","minint_finloc":"1030151430","prov_name":"Brescia","prov_istat_code":"017","prov_istat_code_num":17,"prov_acr":"BS","reg_name":"Lombardia","reg_istat_code":"03","reg_istat_code_num":3,"opdm_id":"2165","com_catasto_code":"G977","com_istat_code":"017152","com_istat_code_num":17152}},
{"type":"Feature","geometry":{"type":"Polygon","coordinates":[[[10.373076622378429,45.650044117222194],[10.372200565052301,45.65194467559192],[10.367608767195353,45.65887667478106],[10.364083290072339,45.6616736308536],[10.365916786247105,45.6641714865365],[10.366161846388458,45.66452551473121],[10.367660623850623,45.666944517632864],[10.368139181040904,45.667909949759675],[10.366245928917188,45.669209624985555],[10.365086544501983,45.67067084566996],[10.364110333621776,45.67201404120563],[10.36208149696367,45.67673702538627],[10.361894356193105,45.67752638831367],[10.361981735757983,45.67804664321978],[10.363615056002207,45.68016838278625],[10.363859827242257,45.680444209579505],[10.365016208697043,45.68111302531293],[10.367206589255026,45.68211866585448],[10.369509808580377,45.68282904993316],[10.3732476171338,45.68523330211168],[10.375071979238403,45.6882355433022],[10.384382436979244,45.69083406870657],[10.388856226751994,45.68878519819868],[10.391228280824858,45.68882468415011],[10.392478677651743,45.688407072799414],[10.393195003361148,45.688126178019104],[10.396963745063063,45.68477254318088],[10.399144887222084,45.681451056667065],[10.399911950609187,45.677807765448364],[10.400286404714137,45.67424678744475],[10.40570296875392,45.66697050683742],[10.407952004422484,45.663739680632965],[10.40874601991019,45.66240071326355],[10.40698192734637,45.6595501938882],[10.406005892700808,45.65547145406555],[10.404833931793995,45.649126899373904],[10.404765200707702,45.64803381327764],[10.405564525180676,45.64691768997472],[10.405842992373447,45.646531846310886],[10.397920472962163,45.64955042503907],[10.390995726561805,45.65228055250115],[10.386914468416055,45.65283277237844],[10.38377814218993,45.65287700204766],[10.381067337217234,45.65204469861483],[10.379470823602636,45.65105493924135],[10.377930785350303,45.65049482970261],[10.374537413557679,45.649339452653415],[10.373250031930516,45.64983136701762],[10.373076622378429,45.650044117222194]]]},"properties":{"name":"Preseglie","op_id":"2452","minint_elettorale":"1030151440","minint_finloc":"1030151440","prov_name":"Brescia","prov_istat_code":"017","prov_istat_code_num":17,"prov_acr":"BS","reg_name":"Lombardia","reg_istat_code":"03","reg_istat_code_num":3,"opdm_id":"2166","com_catasto_code":"H043","com_istat_code":"017153","com_istat_code_num":17153}},
{"type":"Feature","geometry":{"type":"Polygon","coordinates":[[[10.427723680022602,45.52696477031134],[10.426780518147726,45.52702774540678],[10.425398593881821,45.527108810054656],[10.424118258860494,45.527078903375006],[10.422125128285913,45.52665288992376],[10.421211262243439,45.52644984046565],[10.420628775674782,45.52629965743125],[10.420455516768435,45.52625296324053],[10.420001151863726,45.52612198508076],[10.419009308038055,45.52582340424572],[10.417981337754917,45.525416799561384],[10.417326620993892,45.525116178218084],[10.416969482377493,45.52494812081443],[10.41660205564776,45.52476293020783],[10.41649436337711,45.52468542941218],[10.416209575520009,45.52442534468696],[10.41594022676827,45.524130800478],[10.415898616994292,45.524056066775756],[10.415867238830707,45.5237093086538],[10.415872934909506,45.523589792851844],[10.415889684618977,45.523342287751504],[10.415929947843265,45.52318066809254],[10.415977304686947,45.52304302953065],[10.41599759096238,45.52300437013056],[10.416027826058958,45.52295456097308],[10.414405664778002,45.522107815491395],[10.41146499198103,45.52138424702636],[10.409624414206116,45.5220767004351],[10.407139424934499,45.52335437009272],[10.404322521745007,45.52699909503565],[10.406393666710068,45.52827057450158],[10.405176939884136,45.53432164725219],[10.404225647857817,45.53787999772467],[10.399544280360821,45.542110116922885],[10.398685255821281,45.54377242568276],[10.402529057272837,45.54621257080592],[10.405042739452421,45.54764742816374],[10.40692043059295,45.54878043076487],[10.41177476550025,45.55187041464579],[10.414012077049971,45.55411556926622],[10.414334465888603,45.55725652464623],[10.414118854880325,45.5577300416604],[10.41214854954763,45.56002707860196],[10.411885019747901,45.56030290763421],[10.411985849093243,45.562928160551806],[10.41220200266898,45.564530402187934],[10.412661536264732,45.56457372750715],[10.426826922640977,45.56610382453258],[10.433426830917073,45.561630867392694],[10.43322729897823,45.56001013100687],[10.433383662076771,45.55910173352621],[10.436118804438369,45.556748782119925],[10.439642927174257,45.55528901909461],[10.439704896738252,45.5552663022687],[10.439794035697078,45.55524939065502],[10.439978207405385,45.555238148676594],[10.44026591828707,45.555230533367045],[10.441209771674254,45.555208833782864],[10.441607459221858,45.55521559719265],[10.441769792120626,45.5553633092562],[10.441765506622316,45.55528567396761],[10.44169704656738,45.55511119224689],[10.441628446073338,45.5549363621102],[10.441479508591206,45.554623204371204],[10.441331949449127,45.55436403833219],[10.441034976141509,45.55406732896624],[10.44060205354947,45.55387818124083],[10.440130016872416,45.553956157502405],[10.439697986373783,45.55409661452129],[10.43954931532306,45.55415200365137],[10.439449299233877,45.554189283941035],[10.436972114036735,45.552204772094896],[10.436503132168482,45.54971555183113],[10.436669519971513,45.542343371325984],[10.433240223900475,45.53290833420842],[10.427723680022602,45.52696477031134]]]},"properties":{"name":"Prevalle","op_id":"2454","minint_elettorale":"1030151460","minint_finloc":"1030151460","prov_name":"Brescia","prov_istat_code":"017","prov_istat_code_num":17,"prov_acr":"BS","reg_name":"Lombardia","reg_istat_code":"03","reg_istat_code_num":3,"opdm_id":"2167","com_catasto_code":"H055","com_istat_code":"017155","com_istat_code_num":17155}},
{"type":"Feature","geometry":{"type":"Polygon","coordinates":[[[10.028311138629833,45.61696184424501],[10.029532036809252,45.619505018414756],[10.025430978160331,45.623415063272624],[10.02320679952158,45.625321752955784],[10.019417900030005,45.62535484578059],[10.01923743575809,45.62536140667636],[10.018982373615863,45.6253749604355],[10.018634995137456,45.62540245129038],[10.01733139887159,45.62598525179551],[10.017216587385166,45.62611943452169],[10.016795218693682,45.62666255081036],[10.01669549196152,45.62681807502151],[10.016659075601355,45.62688428619036],[10.016633665126527,45.62695647504704],[10.020672276952462,45.63517198042754],[10.02182374819028,45.63682867100529],[10.02440785239155,45.63927011171571],[10.026245266667528,45.6407062727093],[10.02673945452847,45.64065914043176],[10.027429433859995,45.641583859135714],[10.027566191715394,45.64177308894354],[10.028188320080936,45.64402722187095],[10.025585091091882,45.64496100536753],[10.025783261444522,45.64539238705917],[10.026196724319027,45.64626955901682],[10.026576409973599,45.64706451234735],[10.028713995527465,45.64819934867666],[10.033562773409635,45.650413412367875],[10.040565755142548,45.648884562278695],[10.041212861753293,45.64815226988949],[10.041603526268231,45.64669150218991],[10.044745503889558,45.64599747822444],[10.047028853023194,45.64570648113576],[10.057264364572266,45.645690630538134],[10.061169945952729,45.647766458407574],[10.079341884068546,45.651024018143985],[10.084075971244303,45.651139629571276],[10.08471429455705,45.64424024906973],[10.085223037898343,45.63602502267959],[10.082598443900185,45.6254505971505],[10.082189341949151,45.62394423226497],[10.080138015620214,45.618408344438066],[10.07952136336572,45.617466082489365],[10.07888829138006,45.61709641665502],[10.07544819350012,45.615964913530235],[10.075576368025393,45.617308281616836],[10.075394950589095,45.61891108412826],[10.075085894172593,45.62053673463555],[10.073515301275904,45.62095484857898],[10.070187167283148,45.6212796356049],[10.064388123298643,45.6159281680808],[10.062274122646228,45.61387678789701],[10.0621150697272,45.6123018789786],[10.062085293012284,45.6120418562487],[10.062057890982455,45.61184986790124],[10.062050700340157,45.61181816126516],[10.062000821695126,45.61168558138321],[10.061059381176353,45.61169991089488],[10.057055892303815,45.61176499510291],[10.055700822173716,45.61194593527511],[10.053798614701693,45.612347814933344],[10.053228935020389,45.61247695862891],[10.05284022709455,45.612668257609144],[10.052559685454124,45.61283827938368],[10.051528632489493,45.6139694693241],[10.051502339505477,45.614092624317145],[10.051478351014806,45.614428982420776],[10.051618819074978,45.61514807409011],[10.051656686426753,45.6152368622071],[10.051713389470786,45.6153438658986],[10.051765970053385,45.615432050458104],[10.051970279776302,45.61576564471765],[10.052023310133045,45.615847659337405],[10.052117438724975,45.615981969147164],[10.049596302107647,45.61810759366283],[10.040151173098907,45.61700890317748],[10.037362291926069,45.616443645133394],[10.03642277538636,45.616030164228704],[10.034815675614327,45.615856541959694],[10.0344524399298,45.61585578154429],[10.033015811387662,45.615904390445024],[10.032705370754675,45.61597017732331],[10.028311138629833,45.61696184424501]]]},"properties":{"name":"Provaglio d'Iseo","op_id":"2455","minint_elettorale":"1030151470","minint_finloc":"1030151470","prov_name":"Brescia","prov_istat_code":"017","prov_istat_code_num":17,"prov_acr":"BS","reg_name":"Lombardia","reg_istat_code":"03","reg_istat_code_num":3,"opdm_id":"2168","com_catasto_code":"H078","com_istat_code":"017156","com_istat_code_num":17156}},
{"type":"Feature","geometry":{"type":"Polygon","coordinates":[[[10.425646765870956,45.67469216923367],[10.425234007542985,45.678308632544876],[10.424655553966964,45.68234256889952],[10.424414685144505,45.68223311549714],[10.424312182346435,45.682187939997576],[10.424113164143174,45.682130088365],[10.424013559096126,45.68210952095926],[10.423898270482034,45.68211155223962],[10.423699299445504,45.68211829882593],[10.422395605773234,45.68226125546736],[10.418762279406174,45.682804786369765],[10.412365890057458,45.68630576739495],[10.410860847216467,45.687153628980745],[10.409642049868784,45.68784315895925],[10.408171369971646,45.68868469487574],[10.408008050813441,45.688782222984365],[10.408016109339806,45.68889351876703],[10.40808512129369,45.689026871453734],[10.409261741065142,45.6908549318307],[10.406098110921793,45.69560115057339],[10.399814974205482,45.69783777245002],[10.399847378949817,45.697893243823664],[10.400148513517431,45.69814227085487],[10.40062020248278,45.69845440832059],[10.401512616620908,45.69898857468386],[10.401675814562683,45.69908086455196],[10.402247145299688,45.69929889241294],[10.40233441019081,45.69932282557086],[10.40770529656495,45.700703791856384],[10.41006310501313,45.70113753307946],[10.414257277789778,45.70141427672488],[10.419393567303223,45.70104569940158],[10.421516477807161,45.70086210877959],[10.429675453083005,45.702012844001175],[10.432788157287925,45.70305499226155],[10.436249493208358,45.70216920794295],[10.444206167866268,45.700139397030306],[10.449720465570087,45.700123657595846],[10.451055767821511,45.70009943609222],[10.452682246846702,45.70003867542657],[10.456004743642838,45.6998171344531],[10.457079321475778,45.69954635228569],[10.457686901034652,45.69938618825767],[10.458706120674428,45.69911121511005],[10.4592391917935,45.69896151722494],[10.460033165485985,45.69865129976051],[10.46195450582954,45.69778412466613],[10.466054878553733,45.69500743812648],[10.4699006765651,45.692778656698984],[10.470574276932178,45.69251651215213],[10.471819401634193,45.692375434570465],[10.476910515555089,45.692206191842],[10.480017789101666,45.687853180962215],[10.482144890410904,45.685622537552774],[10.482282774196337,45.68545136018313],[10.482428869212315,45.68525999504278],[10.482530810678444,45.685060291897116],[10.482961461077133,45.68375202662892],[10.48408135880781,45.68011130068241],[10.484157385519401,45.677384132196835],[10.475553712061338,45.67276426664572],[10.467208953462388,45.67447826787328],[10.464582367334641,45.6754793464801],[10.463019720941285,45.67573212719166],[10.45392286962166,45.675832971214284],[10.451464107887228,45.67542232362439],[10.448566703300632,45.674876340318306],[10.446259165508799,45.672544863654686],[10.443370235474603,45.670607367682464],[10.439556408107496,45.668052291496046],[10.436250964608142,45.67017088321995],[10.435697632212989,45.67051359576144],[10.435451848012024,45.670660141608074],[10.43487991744444,45.670914016102806],[10.434659861031427,45.670825042808666],[10.433828295113612,45.67047295402747],[10.433116750954609,45.66991050482478],[10.430431916206881,45.66943769471165],[10.427525171496955,45.67251469827956],[10.425646765870956,45.67469216923367]]]},"properties":{"name":"Provaglio Val Sabbia","op_id":"2456","minint_elettorale":"1030151480","minint_finloc":"1030151480","prov_name":"Brescia","prov_istat_code":"017","prov_istat_code_num":17,"prov_acr":"BS","reg_name":"Lombardia","reg_istat_code":"03","reg_istat_code_num":3,"opdm_id":"2169","com_catasto_code":"H077","com_istat_code":"017157","com_istat_code_num":17157}},
{"type":"Feature","geometry":{"type":"Polygon","coordinates":[[[10.482503881889635,45.57703264945315],[10.482528846627167,45.578463561086544],[10.482538083596713,45.57881448192706],[10.482599937986246,45.57921868562343],[10.482660662400164,45.57957793280132],[10.482761253661161,45.57999067415685],[10.483006616321408,45.580545568025016],[10.491230104361085,45.580330508745604],[10.49375176757336,45.582133736645076],[10.499673802470166,45.581651076004285],[10.502971705837082,45.58322789197314],[10.51178899911546,45.582679479973194],[10.515219219058995,45.58153590612276],[10.515465788937865,45.58117258120778],[10.51567782110731,45.58095376176221],[10.51614587972754,45.58072252259688],[10.516452654684059,45.58069144476452],[10.516952621915202,45.580693800059485],[10.518362828171227,45.580702066887596],[10.518991662546297,45.58072970677699],[10.519379210005486,45.580841571067786],[10.522406931274292,45.58189032564045],[10.525906421319316,45.583310836058224],[10.528951310870694,45.58498029490324],[10.529529685714365,45.58544960516951],[10.532267755647492,45.5876721356159],[10.534777817766065,45.58475805828272],[10.541144455385204,45.57850670973333],[10.543914290202741,45.574814820276345],[10.531392091272664,45.563957209440716],[10.528307668733673,45.562675482012224],[10.521726755715912,45.560504090767914],[10.508854327543691,45.5578215566076],[10.497982602958936,45.55661451526804],[10.493565407014353,45.55624932247215],[10.491449408890448,45.55617791478554],[10.490803297617099,45.55694236640475],[10.486629533916082,45.559490067139656],[10.486588717120561,45.559490598428525],[10.486500401753363,45.55949225739118],[10.486008735217732,45.55950157556154],[10.485831520631693,45.55950496132431],[10.485284876025727,45.559516569499515],[10.483586026143382,45.559718678326114],[10.48276144374434,45.561007533977616],[10.481285417737325,45.565788233324376],[10.481192876283579,45.566167461147856],[10.481265670448341,45.56649956533932],[10.481523048263204,45.56710099818455],[10.48213879169956,45.5685134612439],[10.482498900784222,45.56904885151471],[10.482727973094116,45.56930611172624],[10.482815842879685,45.56940477312916],[10.483196835439212,45.569759880078124],[10.483602044699955,45.570060641279966],[10.48413771935377,45.57044971925166],[10.485058710389028,45.57135585586147],[10.485310660521813,45.57167661386998],[10.485576629897938,45.572042205145934],[10.486356495260765,45.57342720387039],[10.485734409915397,45.57462343900718],[10.482503881889635,45.57703264945315]]]},"properties":{"name":"Puegnago del Garda","op_id":"2457","minint_elettorale":"1030151490","minint_finloc":"1030151490","prov_name":"Brescia","prov_istat_code":"017","prov_istat_code_num":17,"prov_acr":"BS","reg_name":"Lombardia","reg_istat_code":"03","reg_istat_code_num":3,"opdm_id":"2170","com_catasto_code":"H086","com_istat_code":"017158","com_istat_code_num":17158}},
{"type":"Feature","geometry":{"type":"Polygon","coordinates":[[[9.969190995896172,45.31040953388448],[9.968481694225105,45.31232506831049],[9.972283639255274,45.315706462192914],[9.974912992663112,45.320032607905176],[9.976263054170444,45.32400921918689],[9.978044871492092,45.32785409969229],[9.987492746947039,45.33861065395286],[9.992840590487123,45.34146458584287],[9.998775825797793,45.34028194385944],[10.000265306591757,45.33996363647344],[10.000459003527643,45.33991008996997],[9.999902510168958,45.33900118598207],[9.999473684233225,45.3384454572774],[9.999059809225615,45.33804412326418],[9.99895698979992,45.33791860690969],[9.998817760738024,45.33772285586749],[9.998750250778526,45.33749457649894],[9.998737311563028,45.337290726770824],[9.998805335131472,45.3369442798124],[9.998875314209204,45.33659513327004],[9.998890574361853,45.33653900204055],[9.999945385405308,45.332785094403995],[10.0001903379127,45.3320658517506],[10.00023580920573,45.332002830672245],[10.001352824980842,45.33190904468365],[10.003744073596904,45.33170951581737],[10.00605502701862,45.33156839190167],[10.02157541298154,45.33070189851334],[10.02175760603191,45.330870328840945],[10.022154314350303,45.33134857623285],[10.02462694180529,45.33471736737332],[10.025338096204303,45.33571801597324],[10.027697722990426,45.32863388394098],[10.035265467949241,45.31935761259161],[10.037167008521921,45.308997223570735],[10.036869588748939,45.30643533811288],[10.034002233062932,45.29796444998022],[10.03204364674075,45.29361818966732],[10.025823172433121,45.291404664283355],[10.021870622292846,45.28874186939231],[10.02108479942361,45.287613378946915],[10.020236793177364,45.28622783928881],[10.019341959592571,45.284496329209446],[10.019359850284886,45.284039958755685],[10.018563162754225,45.284352690092675],[10.012693361471896,45.2862591854713],[10.010750802113911,45.286015356675534],[10.004986288429432,45.28668732004893],[10.001100549650053,45.28819711341272],[9.999441784982082,45.289004343841796],[9.994873590655551,45.293940986151135],[9.990475582389681,45.296976687452315],[9.981291882700383,45.29988239324698],[9.977008553466938,45.304464819972914],[9.974663974198156,45.308328443511144],[9.969190995896172,45.31040953388448]]]},"properties":{"name":"Quinzano d'Oglio","op_id":"2458","minint_elettorale":"1030151500","minint_finloc":"1030151500","prov_name":"Brescia","prov_istat_code":"017","prov_istat_code_num":17,"prov_acr":"BS","reg_name":"Lombardia","reg_istat_code":"03","reg_istat_code_num":3,"opdm_id":"2171","com_catasto_code":"H140","com_istat_code":"017159","com_istat_code_num":17159}},
{"type":"Feature","geometry":{"type":"Polygon","coordinates":[[[10.38559035047748,45.29576101973175],[10.388650377960001,45.292363622245794],[10.389886156371228,45.29189662324903],[10.391466558534983,45.29125342962533],[10.393277858772112,45.29048151125321],[10.393774578960151,45.29022941195496],[10.394027325474038,45.29008025062467],[10.394604096745264,45.289652235457496],[10.394686371130579,45.28956806496126],[10.395006175105943,45.289235497066194],[10.397050438050744,45.285729992244825],[10.397724619012392,45.28388859513049],[10.397275567519827,45.28149005948286],[10.39474309976642,45.278046455402965],[10.3909252772553,45.25746169005981],[10.390622329047565,45.255494067490865],[10.390729969355876,45.254682611439144],[10.393569700712625,45.25250563713922],[10.395812250426792,45.25093000021119],[10.397258322890082,45.25013818272419],[10.393645209631213,45.24564045703024],[10.3866675840275,45.24747688400402],[10.383494215338562,45.24851003863635],[10.380542719341626,45.24765910816895],[10.379536405104036,45.24398966194797],[10.379050056124266,45.2423212641919],[10.378369079322619,45.240924617562705],[10.378239665831783,45.240917817140975],[10.375726080089708,45.24080409499672],[10.372337437731245,45.240826877912866],[10.37020293079615,45.241077547329596],[10.368511429840781,45.24226801459207],[10.365390316113508,45.24442070405371],[10.361962660550644,45.246101273985026],[10.361692587141683,45.24625407634856],[10.361270034358103,45.24675618827163],[10.360810718567008,45.24731255788052],[10.355881463897529,45.25341142975615],[10.355322433775324,45.25411030280672],[10.354511650376544,45.25591185082492],[10.354470461242087,45.25605022498381],[10.354387520788407,45.25970120086115],[10.346850502127934,45.268617581431414],[10.345847044905847,45.274927183826456],[10.345873311497895,45.27943862391231],[10.34532197337949,45.28075696374732],[10.342290444234477,45.282983342149876],[10.340014463392409,45.284600240892935],[10.339121360744885,45.285231181613824],[10.337555515812474,45.286327371965946],[10.337125662238044,45.28662595370966],[10.33655524214431,45.28835361061622],[10.336647735563854,45.2902850021436],[10.33665497071566,45.290410587239535],[10.33670886324318,45.29126009294106],[10.336715380576612,45.29135793483047],[10.336737627650724,45.291691908624806],[10.336810417093083,45.29247739036673],[10.33693809125579,45.293475303545414],[10.336969642638712,45.293630506801115],[10.337011194458473,45.29371143873735],[10.341918737494524,45.301886417216245],[10.344263506687327,45.30040090991117],[10.351276903583942,45.299908370779356],[10.355448997640377,45.299921252392274],[10.358504833086817,45.29994910264077],[10.360029156639461,45.300073505994796],[10.369651210258242,45.29997695537043],[10.376592839423552,45.29793870163296],[10.383951663474642,45.29480069449467],[10.38559035047748,45.29576101973175]]]},"properties":{"name":"Remedello","op_id":"2459","minint_elettorale":"1030151510","minint_finloc":"1030151510","prov_name":"Brescia","prov_istat_code":"017","prov_istat_code_num":17,"prov_acr":"BS","reg_name":"Lombardia","reg_istat_code":"03","reg_istat_code_num":3,"opdm_id":"2172","com_catasto_code":"H230","com_istat_code":"017160","com_istat_code_num":17160}},
{"type":"Feature","geometry":{"type":"Polygon","coordinates":[[[10.299847016945993,45.51936281284378],[10.300311880560052,45.519214250113485],[10.300517390786872,45.51918497877199],[10.30097657225991,45.51916444729576],[10.303959283502627,45.51904230259483],[10.304334701390502,45.52065309096005],[10.30435970605279,45.52077936595292],[10.304435958932038,45.52116445052881],[10.304549001441956,45.52183380738866],[10.304600857108463,45.52220092064171],[10.304679142233613,45.52277350697874],[10.305497542917198,45.52497712984576],[10.306823028567418,45.52678790544201],[10.31502681062912,45.53017844112748],[10.330190045338085,45.53392728508337],[10.335919645563846,45.53645149216507],[10.336104009509409,45.536526871210334],[10.336612462178987,45.53661114025173],[10.337115355799469,45.53668992741938],[10.337778403880566,45.5367914186521],[10.342102308349983,45.537287823925155],[10.34309659929342,45.537400576284625],[10.343573164600068,45.534308050844075],[10.343071651730531,45.52980392924384],[10.342435079640683,45.52122433574374],[10.342858781181704,45.51260705642228],[10.344235278778628,45.50926139798885],[10.345649526804918,45.50744421420243],[10.339277611726459,45.50189636105557],[10.335652620504245,45.49912608892167],[10.332093048853041,45.49613127621508],[10.325089004854851,45.489378522821085],[10.323285286344792,45.48723833073111],[10.322831783409825,45.48667442986957],[10.320302687334697,45.48884103724434],[10.319929890676729,45.48911053936537],[10.319347183499115,45.488698599904716],[10.318956772368105,45.48837046124772],[10.31662405239747,45.48583162294548],[10.316362185128872,45.48547351354371],[10.315846091824266,45.4845376656558],[10.31556109223971,45.48400331637652],[10.31553474047897,45.48394815273596],[10.315408413934248,45.483676163086514],[10.315373985993844,45.4836019387738],[10.310151841950129,45.48067198133295],[10.303494817517763,45.47810491387073],[10.301956217814258,45.4787981663438],[10.285857452646757,45.48878667204414],[10.279496420756484,45.49147011532412],[10.284378373694771,45.49371698972781],[10.288826029061465,45.49569185475354],[10.291509960805294,45.49693918128873],[10.293335438447851,45.49829245450566],[10.293542220011094,45.498457333832874],[10.293662913334172,45.498553569246646],[10.295351857399282,45.50011329501287],[10.295326023913226,45.50018402217826],[10.294425611771988,45.50098167112511],[10.29331810763774,45.50193700931478],[10.293038990157628,45.50218523280039],[10.293043573710815,45.5022369943366],[10.29308468730614,45.50251805391478],[10.294595302722586,45.508122424653614],[10.295867390742945,45.512822012194135],[10.296115583874425,45.51369309078822],[10.296196690587893,45.513976381700175],[10.29669837993124,45.515619283596315],[10.298841438847242,45.51510067939478],[10.299248133915214,45.51567835603408],[10.299591972405624,45.516849246969215],[10.299754889133638,45.517404915109196],[10.299847016945993,45.51936281284378]]]},"properties":{"name":"Rezzato","op_id":"2460","minint_elettorale":"1030151520","minint_finloc":"1030151520","prov_name":"Brescia","prov_istat_code":"017","prov_istat_code_num":17,"prov_acr":"BS","reg_name":"Lombardia","reg_istat_code":"03","reg_istat_code_num":3,"opdm_id":"2173","com_catasto_code":"H256","com_istat_code":"017161","com_istat_code_num":17161}},
{"type":"Feature","geometry":{"type":"Polygon","coordinates":[[[9.889905899019983,45.45620908084956],[9.891521280409933,45.457267603478414],[9.891812410659483,45.457886421090656],[9.891935182550982,45.45837152097876],[9.892139922491682,45.459189034489945],[9.892186101512541,45.459683728044084],[9.892254870442498,45.46079934594284],[9.892172474383887,45.46125007004081],[9.891974219605272,45.46165667662346],[9.890365232536636,45.467399366002226],[9.890547450197145,45.46732468913082],[9.891194784104437,45.46711410844963],[9.891886846268463,45.46693337027434],[9.893026445225916,45.466950188682574],[9.894081124644947,45.467042084238265],[9.89415550699708,45.46708264556774],[9.898650325024374,45.46991192389402],[9.907363460514798,45.47837582157082],[9.91606090725961,45.488067249112376],[9.916752166256735,45.489412691535485],[9.918723078719582,45.4895891098119],[9.923278902992031,45.48782623952645],[9.924235732567002,45.486081291572475],[9.927941028174418,45.47170348942445],[9.930544793825108,45.465894573262766],[9.93402358932117,45.465083068604535],[9.937225939041888,45.463805678047436],[9.938008454565555,45.463141590756614],[9.940199181065587,45.46029779497781],[9.941745148738436,45.45789074902757],[9.943473471477622,45.4556892111927],[9.947851903175977,45.452133505541035],[9.952467422865523,45.4487729725141],[9.952483858336048,45.448476529216116],[9.951621080780447,45.445837398728145],[9.951429789936858,45.44531710321205],[9.951406586169862,45.44525405558995],[9.949716340362581,45.44282880781513],[9.94944226924647,45.4424980503053],[9.949038536555605,45.442060344739566],[9.948739220509479,45.44174778695099],[9.946746554785069,45.436566129329684],[9.945385365257264,45.4323333444604],[9.938291097161697,45.43240079498578],[9.915622719545356,45.434664045952495],[9.915163253707293,45.434712745454775],[9.91496205581847,45.43492137634136],[9.914803597746289,45.435399710266786],[9.914645256808326,45.43588703884659],[9.914284583558079,45.43730310957383],[9.913878255641173,45.439061595150115],[9.913731393205467,45.43946782988637],[9.913555607282978,45.43966725807515],[9.91312339718135,45.43982373907199],[9.91001617899417,45.440604625579454],[9.90777329842645,45.4410725313806],[9.90460758268276,45.44140369576309],[9.902868430576044,45.44139045125212],[9.89496087349673,45.43537688636493],[9.894132066146295,45.43308808827666],[9.894605104212152,45.429042835713375],[9.894945935844449,45.42877013762867],[9.895134386356979,45.428561623700446],[9.895195038113235,45.42835412918175],[9.89515284834638,45.42811141941878],[9.895020757118242,45.427842427462224],[9.894633761831269,45.42762043047018],[9.894208538287167,45.427407726422885],[9.893733071648231,45.427249427839634],[9.892708002536505,45.42709542337412],[9.89141421428566,45.42692549844557],[9.889613962951483,45.4273312570508],[9.888948701651877,45.43843021184234],[9.888630179861646,45.44990023670368],[9.889905899019983,45.45620908084956]]]},"properties":{"name":"Roccafranca","op_id":"2461","minint_elettorale":"1030151530","minint_finloc":"1030151530","prov_name":"Brescia","prov_istat_code":"017","prov_istat_code_num":17,"prov_acr":"BS","reg_name":"Lombardia","reg_istat_code":"03","reg_istat_code_num":3,"opdm_id":"2174","com_catasto_code":"H410","com_istat_code":"017162","com_istat_code_num":17162}},
{"type":"Feature","geometry":{"type":"Polygon","coordinates":[[[10.126430788503795,45.5688796176978],[10.123790377789703,45.57109391277566],[10.121844833271343,45.572712551923054],[10.12121260648446,45.57313671538739],[10.120263502615748,45.57305310101828],[10.12019418631247,45.57304579509898],[10.12014848008056,45.573040413354796],[10.119986684072758,45.573015652948364],[10.119271956679015,45.57288930734142],[10.113094761630567,45.571688092315206],[10.111593396442606,45.57138524781889],[10.111383698232208,45.5713322451244],[10.110643761613545,45.57103796098315],[10.110224399816506,45.57080377996248],[10.109745216629765,45.57037304650205],[10.109001901475667,45.5696104145516],[10.105580441860154,45.569713421885744],[10.102799001258804,45.57017316180328],[10.09846984660345,45.571924068971],[10.094070040619856,45.57381249492387],[10.096066908389107,45.57671983244073],[10.096625667262575,45.577453662101654],[10.097128416673632,45.5781125261851],[10.09749615341834,45.57847977339675],[10.097578734967035,45.578548080899616],[10.100635432192838,45.581060354911756],[10.102316535660549,45.58159164095636],[10.102561385675848,45.58155735108953],[10.102735836011677,45.58153804301844],[10.102810383579921,45.58154113973976],[10.102852960618563,45.581576876826595],[10.102895063042464,45.58163943257166],[10.103716850911658,45.58309193100794],[10.104258096642837,45.58404958191886],[10.101867561415032,45.58645633328536],[10.093032111518907,45.59125514124284],[10.088175176113314,45.594321689734045],[10.088255336095962,45.59564698282637],[10.089064376823115,45.59727498137139],[10.085845200648906,45.599291847633914],[10.086156921199771,45.60292576609467],[10.08779308130417,45.60887487105534],[10.086840348022644,45.6120092558119],[10.103877144342574,45.61152230430149],[10.10439697219498,45.61112824224345],[10.104677706311735,45.61096467088201],[10.105104754943866,45.61076304933089],[10.10542292582489,45.610685235439504],[10.107771761347346,45.610399552493234],[10.108941658169549,45.61030856001144],[10.111328572294397,45.61039971358942],[10.111857888015978,45.61044715266889],[10.112035632760785,45.610674656118974],[10.112161305447943,45.610835508078644],[10.112352972090353,45.61107737066988],[10.11262736219785,45.61138345036315],[10.117142790310814,45.61180128685297],[10.124520173364811,45.612025133376676],[10.130591340117139,45.61198460046672],[10.13494879635502,45.61173860633998],[10.130683980450927,45.60495421862862],[10.130027979672743,45.59677718183735],[10.131980694846467,45.59616292824852],[10.130860666429589,45.58834591797951],[10.125780396160557,45.58371190139838],[10.128014492944109,45.57996776067745],[10.12926829039342,45.57709164379346],[10.12960496006945,45.57621208088122],[10.130243184864414,45.571180498344305],[10.1283901149092,45.56992791195676],[10.128321645713841,45.56988635537742],[10.1280398540599,45.56971534264185],[10.127676946589844,45.56951191256189],[10.127596474301864,45.56946857122353],[10.12742620828024,45.5693787589047],[10.1269305574522,45.56912578782788],[10.126869631863421,45.56909523624927],[10.126430788503795,45.5688796176978]]]},"properties":{"name":"Rodengo Saiano","op_id":"2462","minint_elettorale":"1030151540","minint_finloc":"1030151540","prov_name":"Brescia","prov_istat_code":"017","prov_istat_code_num":17,"prov_acr":"BS","reg_name":"Lombardia","reg_istat_code":"03","reg_istat_code_num":3,"opdm_id":"2175","com_catasto_code":"H477","com_istat_code":"017163","com_istat_code_num":17163}},
{"type":"Feature","geometry":{"type":"Polygon","coordinates":[[[10.483253304682131,45.60110064800026],[10.477545911579424,45.602078756182685],[10.47585505653493,45.6033258262701],[10.474252464181806,45.60744007364384],[10.474945805574691,45.60972519481543],[10.482649841018723,45.617536188139766],[10.487704795140619,45.62158098349774],[10.490866537215679,45.62352849266171],[10.495288770987061,45.626593877579054],[10.51521272686223,45.63352473308672],[10.522832630829479,45.635396301543445],[10.52385289431104,45.63341050884696],[10.524021230210646,45.632994219939334],[10.52235286508505,45.631081278455994],[10.522128989858937,45.63086823565813],[10.521853333830556,45.63063789118535],[10.521617861262374,45.630469997870065],[10.521356242303892,45.6302844620503],[10.518836420159415,45.62913889311638],[10.515039515114685,45.626777060889566],[10.51365571242539,45.62540926952541],[10.50901719809466,45.617954944284214],[10.509397598063602,45.61492556533015],[10.50113808426462,45.60916585643348],[10.493221669578238,45.60757744320596],[10.48397893079294,45.60333244980785],[10.483184905006471,45.601911605915504],[10.483253304682131,45.60110064800026]]]},"properties":{"name":"Roè Volciano","op_id":"2463","minint_elettorale":"1030151550","minint_finloc":"1030151550","prov_name":"Brescia","prov_istat_code":"017","prov_istat_code_num":17,"prov_acr":"BS","reg_name":"Lombardia","reg_istat_code":"03","reg_istat_code_num":3,"opdm_id":"2176","com_catasto_code":"H484","com_istat_code":"017164","com_istat_code_num":17164}},
{"type":"Feature","geometry":{"type":"Polygon","coordinates":[[[10.153185748717638,45.54848310702775],[10.153125824949345,45.548439496856126],[10.15284963975213,45.54822026568758],[10.152076712516168,45.54758406332371],[10.151545525926867,45.54700713021859],[10.151462274015334,45.54690313378967],[10.150252125207976,45.54538946152919],[10.147487070061185,45.540913792620394],[10.147565665729426,45.54069581269035],[10.162755536752192,45.535805905041414],[10.16281686462275,45.535786702406185],[10.168316819111594,45.53767116199344],[10.168409253852678,45.53771493396363],[10.169150799922805,45.53820789742626],[10.172192009147713,45.54042201664894],[10.172989257134239,45.54104385518977],[10.173160972471726,45.54119150990938],[10.173614664527422,45.541597497359184],[10.174463553476736,45.54238478417862],[10.17480770112948,45.542829922814725],[10.17496957774613,45.54306864649399],[10.177825723877367,45.5409197435109],[10.16461088021029,45.52660384574907],[10.159801472808477,45.524482683833604],[10.155066597489938,45.52312061144331],[10.138224167428032,45.51655469936852],[10.139837306331858,45.52276889676291],[10.137328494305143,45.52542250515171],[10.119640759017809,45.529175189197204],[10.114323784148272,45.530283871810404],[10.114875782451696,45.54087197992354],[10.119416812574384,45.53970394005537],[10.120938032123222,45.53931468323854],[10.12130101944491,45.53924715850317],[10.124741251979927,45.538678461070035],[10.124840351594008,45.53890262979417],[10.125576403324805,45.54070228710839],[10.126188097750102,45.54246945354266],[10.127620832382409,45.54667318912339],[10.12911870964791,45.55064689148739],[10.129492183819963,45.5506181578957],[10.131482759956294,45.55045689621268],[10.137464496441284,45.54991819364932],[10.138070079645765,45.54985693604468],[10.153185748717638,45.54848310702775]]]},"properties":{"name":"Roncadelle","op_id":"2464","minint_elettorale":"1030151560","minint_finloc":"1030151560","prov_name":"Brescia","prov_istat_code":"017","prov_istat_code_num":17,"prov_acr":"BS","reg_name":"Lombardia","reg_istat_code":"03","reg_istat_code_num":3,"opdm_id":"2177","com_catasto_code":"H525","com_istat_code":"017165","com_istat_code_num":17165}},
{"type":"Feature","geometry":{"type":"Polygon","coordinates":[[[10.037877873542405,45.51879555674822],[10.033872444093031,45.51787039071469],[10.031435134042187,45.516013070717435],[10.019191253747438,45.516615530877814],[10.010663731170805,45.516996460346896],[10.005360883917033,45.517261194172754],[9.992188640677885,45.51996146376943],[9.985279742635512,45.52180365680761],[9.985772838401656,45.52422347360489],[9.986323570093095,45.527550149729905],[9.9813149142507,45.52940845576212],[9.981561237433716,45.53303596344382],[9.981681868806422,45.53670146309158],[9.985381083562299,45.54392524006716],[9.986884339096202,45.5448563140805],[9.987064874976278,45.547492015608675],[9.98707074135942,45.549086824462535],[9.98683569536479,45.55069403603373],[9.986582036210653,45.551759551611035],[9.986503457195573,45.55194738068976],[9.986086267300546,45.55274537302265],[9.983563351518463,45.55603711614959],[9.981817288108674,45.55910066459906],[9.982467144973484,45.56090649434655],[9.98436064426226,45.563649451439524],[9.98488476571892,45.56759494252752],[9.984913226326674,45.56879011695408],[9.984913794927646,45.56882316121077],[9.984529268469947,45.56938638651277],[9.984229706888557,45.569689432139846],[9.984113943244893,45.56979945927771],[9.983521585481553,45.57036137511358],[9.981277928297752,45.57237414259438],[9.980431870115806,45.57312986255182],[9.981953835682338,45.574560070265896],[9.987613718459393,45.57658693243181],[9.991102929122476,45.57776806176193],[10.004766532659131,45.57924623895563],[10.005094462935448,45.57921614377961],[10.008018036206265,45.57889973786465],[10.00829714168759,45.578864277579974],[10.010179491331007,45.5760064852393],[10.018330627615626,45.5714286887241],[10.024816745860633,45.56537086550057],[10.033741897244855,45.56209372257303],[10.037526390991731,45.55894406850342],[10.04276582396327,45.54972068405753],[10.043020819616721,45.54865854390341],[10.043132962608114,45.54668956727747],[10.043108618139115,45.5409034643616],[10.038732053029738,45.53434878162755],[10.037684739766634,45.53072207798606],[10.037672208971241,45.53066814014776],[10.037611203401735,45.52889848315345],[10.037597437496734,45.5284991189095],[10.039455241811796,45.52329506201542],[10.040292990699498,45.521906653519366],[10.037877873542405,45.51879555674822]]]},"properties":{"name":"Rovato","op_id":"2465","minint_elettorale":"1030151570","minint_finloc":"1030151570","prov_name":"Brescia","prov_istat_code":"017","prov_istat_code_num":17,"prov_acr":"BS","reg_name":"Lombardia","reg_istat_code":"03","reg_istat_code_num":3,"opdm_id":"2178","com_catasto_code":"H598","com_istat_code":"017166","com_istat_code_num":17166}},
{"type":"Feature","geometry":{"type":"Polygon","coordinates":[[[9.872559848734433,45.48952204215315],[9.869248816242854,45.49527114417121],[9.869464478516983,45.495861333440374],[9.871941647611793,45.49876044144714],[9.873115506875388,45.499436176917975],[9.87655111533751,45.50122356845343],[9.881842753785282,45.50341056676298],[9.88364517194071,45.50407171682051],[9.88527582726455,45.5035730344649],[9.886014059812345,45.50330628254137],[9.897234744139505,45.50136446696604],[9.903781398280342,45.50036329179618],[9.911490920626337,45.499875180510415],[9.918011063207318,45.496779888234485],[9.916752166256735,45.489412691535485],[9.91606090725961,45.488067249112376],[9.907363460514798,45.47837582157082],[9.898650325024374,45.46991192389402],[9.89415550699708,45.46708264556774],[9.894081124644947,45.467042084238265],[9.893026445225916,45.466950188682574],[9.891886846268463,45.46693337027434],[9.891194784104437,45.46711410844963],[9.890547450197145,45.46732468913082],[9.890365232536636,45.467399366002226],[9.889366048719445,45.469048988664966],[9.887078419708569,45.472460122886716],[9.886787893164513,45.47269640544885],[9.88611273877389,45.47288167187932],[9.886033859696608,45.47290035369304],[9.885641109752273,45.472993334229685],[9.884366422341534,45.47329124727039],[9.882579871338882,45.47357519633117],[9.872375268123808,45.48631816839125],[9.872139428405559,45.48689584644534],[9.872007422309927,45.48736500257122],[9.87202770945258,45.487850902844066],[9.872154104522457,45.488579031710145],[9.872472877326825,45.48933269634506],[9.872559848734433,45.48952204215315]]]},"properties":{"name":"Rudiano","op_id":"2466","minint_elettorale":"1030151580","minint_finloc":"1030151580","prov_name":"Brescia","prov_istat_code":"017","prov_istat_code_num":17,"prov_acr":"BS","reg_name":"Lombardia","reg_istat_code":"03","reg_istat_code_num":3,"opdm_id":"2179","com_catasto_code":"H630","com_istat_code":"017167","com_istat_code_num":17167}},
{"type":"Feature","geometry":{"type":"Polygon","coordinates":[[[10.40874601991019,45.66240071326355],[10.410962287120524,45.66530232534466],[10.409991808581646,45.6667528832346],[10.409934020376216,45.66685082462529],[10.40976128145209,45.667182399793354],[10.409674814337254,45.667499777643755],[10.409662725838784,45.66774541819475],[10.4098067374694,45.668728450465494],[10.410316372653762,45.669741352181624],[10.410932999338316,45.67041283084124],[10.411599515354554,45.67082260693826],[10.41247318139659,45.671029061995725],[10.422003852594871,45.67208803144949],[10.425646765870956,45.67469216923367],[10.427525171496955,45.67251469827956],[10.430431916206881,45.66943769471165],[10.433116750954609,45.66991050482478],[10.433828295113612,45.67047295402747],[10.434659861031427,45.670825042808666],[10.43487991744444,45.670914016102806],[10.435451848012024,45.670660141608074],[10.435697632212989,45.67051359576144],[10.436250964608142,45.67017088321995],[10.439556408107496,45.668052291496046],[10.439091853969597,45.66469888146997],[10.439117589117162,45.66339136003716],[10.43928097385881,45.663063629413],[10.43961483188854,45.66243953635178],[10.44017686016089,45.661547901889065],[10.440590371046724,45.66091964213954],[10.448386396626523,45.648777845926],[10.450954619782642,45.64597305525961],[10.456359745608458,45.6435150391446],[10.467273247886613,45.63531053426083],[10.467396939213975,45.630000325307414],[10.468763161180965,45.62915610472392],[10.47109615647601,45.628103900323154],[10.471192288759157,45.62726765787608],[10.47088661532462,45.62649906629848],[10.469490050122944,45.625718159247896],[10.468701729567913,45.6253314628955],[10.467452674369353,45.62487366895146],[10.466715461991116,45.624607986698585],[10.466242427439745,45.62447130433758],[10.46532469236498,45.62423496937909],[10.462747651033157,45.62361442674422],[10.461744317368089,45.6234115393891],[10.461499648578002,45.62337192463383],[10.461187691740731,45.62333156801603],[10.4603725924805,45.62325129864518],[10.45992458783355,45.62323524349869],[10.456277528360305,45.623347951198674],[10.447522561550612,45.62467968797321],[10.44608005139326,45.62534100857137],[10.445677411728743,45.62531886765239],[10.442508979836203,45.6258593824364],[10.441111865393903,45.62610703995237],[10.438163380222596,45.62688435334785],[10.43810615465362,45.62745085735969],[10.435457511735102,45.627571261681325],[10.435136795102517,45.627548765961215],[10.433831741008435,45.62742572193177],[10.43268913858125,45.62731409088825],[10.432147949056695,45.62721348712924],[10.42832213634473,45.626229816878215],[10.417530785407918,45.622118183555216],[10.416891810028591,45.62043205629232],[10.416166007654864,45.61593818840115],[10.415211744132609,45.61668609145812],[10.412147759922822,45.619863357431825],[10.41205024849359,45.61997982979847],[10.41188215112707,45.620367699702996],[10.411857786997485,45.62042420311716],[10.411805815993985,45.620571552821765],[10.411865294749203,45.62064765015166],[10.412434039350439,45.621157860880885],[10.413188343122616,45.621840095366125],[10.41411384206549,45.622688821084104],[10.413886614407351,45.62328890424061],[10.41374179045299,45.623522175503616],[10.410531958443608,45.62861296458474],[10.40492544378668,45.6355201278646],[10.405677972342582,45.63642934684379],[10.405998987919478,45.63693272403613],[10.40623016056483,45.63745771514775],[10.40824630293704,45.64213484877433],[10.407809798019978,45.64375015153917],[10.406746652455348,45.64599487707152],[10.405842992373447,45.646531846310886],[10.405564525180676,45.64691768997472],[10.404765200707702,45.64803381327764],[10.404833931793995,45.649126899373904],[10.406005892700808,45.65547145406555],[10.40698192734637,45.6595501938882],[10.40874601991019,45.66240071326355]]]},"properties":{"name":"Sabbio Chiese","op_id":"2467","minint_elettorale":"1030151590","minint_finloc":"1030151590","prov_name":"Brescia","prov_istat_code":"017","prov_istat_code_num":17,"prov_acr":"BS","reg_name":"Lombardia","reg_istat_code":"03","reg_istat_code_num":3,"opdm_id":"2180","com_catasto_code":"H650","com_istat_code":"017168","com_istat_code_num":17168}},
{"type":"Feature","geometry":{"type":"Polygon","coordinates":[[[10.158174545000936,45.72875607238282],[10.16082536768078,45.72767608005021],[10.161193692166602,45.72746532687424],[10.161468899614384,45.72710250442762],[10.162449221522863,45.725418379392245],[10.162111813390158,45.725259800154866],[10.160751004679927,45.72532764560633],[10.15957231811532,45.719291104882466],[10.161975738297073,45.7124980940939],[10.153154297109813,45.71274955093611],[10.150728831383061,45.707877601459934],[10.14635460834066,45.701918049361566],[10.142399610205409,45.69694422138557],[10.142030872380168,45.69649786958327],[10.141664156303696,45.696150503180505],[10.141532118389472,45.68524284138335],[10.141368942883268,45.683514443492165],[10.135873202276631,45.678276720458854],[10.136482131520081,45.680648762358466],[10.138014388400732,45.68845522790329],[10.137713703399312,45.6888272481375],[10.13702745635559,45.68918511224604],[10.131366021661943,45.69184255123413],[10.130971032971564,45.69199948089912],[10.130190465849667,45.692142213861416],[10.12901200128461,45.692297889983244],[10.128562021837887,45.69227533195923],[10.127801710016858,45.69214783224727],[10.127375230160656,45.6920170333872],[10.124555007306167,45.69100073189072],[10.122761925086442,45.689965273531755],[10.12288515742359,45.689063982891],[10.12045389259396,45.688992613676795],[10.114981461500184,45.69006870705703],[10.11352550888934,45.690478937041824],[10.113143312924047,45.69063568036689],[10.111462409130745,45.691948107069344],[10.109955378171367,45.69373599502433],[10.107714442116245,45.69537789737271],[10.107371807946254,45.695588222988356],[10.104827028244221,45.69682771416586],[10.104354283456301,45.69699429814704],[10.098844126921609,45.69892859643208],[10.102758175106844,45.711807018400215],[10.101171653878222,45.719625972893866],[10.099288569034343,45.720742214221175],[10.09752208186728,45.721785302039734],[10.099503269932168,45.72255382757507],[10.10796106902128,45.72738199639183],[10.120004070539206,45.731296894047354],[10.124640208872389,45.729838231236634],[10.129510470617841,45.72853006462213],[10.13630173853261,45.727535636641484],[10.143056552370787,45.72665815386764],[10.144895934171451,45.726738739755405],[10.145256988503503,45.726798127325374],[10.149113149289425,45.727461461994885],[10.150368191647571,45.727871862872725],[10.158174545000936,45.72875607238282]]]},"properties":{"name":"Sale Marasino","op_id":"2468","minint_elettorale":"1030151600","minint_finloc":"1030151600","prov_name":"Brescia","prov_istat_code":"017","prov_istat_code_num":17,"prov_acr":"BS","reg_name":"Lombardia","reg_istat_code":"03","reg_istat_code_num":3,"opdm_id":"2181","com_catasto_code":"H699","com_istat_code":"017169","com_istat_code_num":17169}},
{"type":"Feature","geometry":{"type":"Polygon","coordinates":[[[10.532487482315414,45.647525445264876],[10.536131682723648,45.64516324540248],[10.544461839327967,45.63915529250972],[10.54794461399297,45.63422965211619],[10.548086074055064,45.63190564246002],[10.546917175230206,45.63092238111071],[10.544285602876196,45.625728458588604],[10.546470262774607,45.62027132295496],[10.551702634838021,45.617914000451066],[10.559206364920836,45.61514748345157],[10.577022899213306,45.612823640577425],[10.628467659341535,45.60205660926904],[10.62927493709665,45.595393367199996],[10.57702308924143,45.598732625751104],[10.558856597447317,45.60021066400793],[10.546481167678424,45.60061294965277],[10.545967485649165,45.60058391152033],[10.544398784062345,45.600425108392784],[10.540500938102253,45.59996469541296],[10.531287414982238,45.597820349918784],[10.52965178561321,45.59660918317745],[10.5276954817023,45.592557876477116],[10.527461254578265,45.591012847228725],[10.527886122840021,45.5901340737643],[10.528373820771773,45.58920944083907],[10.528534540127717,45.588991261943505],[10.528721169405165,45.58878175056981],[10.529164548418533,45.58858679198981],[10.53009052883107,45.58822335095718],[10.530859568471913,45.58799533155725],[10.530917184585057,45.58797827095687],[10.531465046201065,45.587853925716516],[10.532267755647492,45.5876721356159],[10.529529685714365,45.58544960516951],[10.528951310870694,45.58498029490324],[10.525906421319316,45.583310836058224],[10.522406931274292,45.58189032564045],[10.519379210005486,45.580841571067786],[10.518991662546297,45.58072970677699],[10.518362828171227,45.580702066887596],[10.516952621915202,45.580693800059485],[10.516452654684059,45.58069144476452],[10.51614587972754,45.58072252259688],[10.51567782110731,45.58095376176221],[10.515465788937865,45.58117258120778],[10.515219219058995,45.58153590612276],[10.51178899911546,45.582679479973194],[10.502971705837082,45.58322789197314],[10.499673802470166,45.581651076004285],[10.49375176757336,45.582133736645076],[10.495005758556518,45.58542971150674],[10.495356160922343,45.587522364323235],[10.495565737303593,45.58919825923752],[10.495648357857197,45.5903178362465],[10.495739063606575,45.59180180281121],[10.495747706653358,45.59357489428121],[10.494163486735394,45.597251736514835],[10.492386635044978,45.59833536685332],[10.490702161454664,45.5991224494893],[10.486996254232348,45.60079866777314],[10.483253304682131,45.60110064800026],[10.483184905006471,45.601911605915504],[10.48397893079294,45.60333244980785],[10.493221669578238,45.60757744320596],[10.50113808426462,45.60916585643348],[10.509397598063602,45.61492556533015],[10.50901719809466,45.617954944284214],[10.51365571242539,45.62540926952541],[10.515039515114685,45.626777060889566],[10.518836420159415,45.62913889311638],[10.521356242303892,45.6302844620503],[10.521617861262374,45.630469997870065],[10.521853333830556,45.63063789118535],[10.522128989858937,45.63086823565813],[10.52235286508505,45.631081278455994],[10.524021230210646,45.632994219939334],[10.52385289431104,45.63341050884696],[10.522832630829479,45.635396301543445],[10.528638141734225,45.63858514077702],[10.529121551765305,45.63890270082591],[10.529555107662429,45.639274936852416],[10.529813425947333,45.639526295936044],[10.529910965490018,45.639621207246925],[10.531969629054544,45.642565972581146],[10.532056702277766,45.64302178966743],[10.532487482315414,45.647525445264876]]]},"properties":{"name":"Salò","op_id":"2469","minint_elettorale":"1030151610","minint_finloc":"1030151610","prov_name":"Brescia","prov_istat_code":"017","prov_istat_code_num":17,"prov_acr":"BS","reg_name":"Lombardia","reg_istat_code":"03","reg_istat_code_num":3,"opdm_id":"2182","com_catasto_code":"H717","com_istat_code":"017170","com_istat_code_num":17170}},
{"type":"Feature","geometry":{"type":"Polygon","coordinates":[[[10.631709038050815,45.57410694523935],[10.577020154437083,45.57391243033992],[10.55028695048996,45.573651591609426],[10.550145217478256,45.573666017918626],[10.543914290202741,45.574814820276345],[10.541144455385204,45.57850670973333],[10.534777817766065,45.58475805828272],[10.532267755647492,45.5876721356159],[10.531465046201065,45.587853925716516],[10.530917184585057,45.58797827095687],[10.530859568471913,45.58799533155725],[10.53009052883107,45.58822335095718],[10.529164548418533,45.58858679198981],[10.528721169405165,45.58878175056981],[10.528534540127717,45.588991261943505],[10.528373820771773,45.58920944083907],[10.527886122840021,45.5901340737643],[10.527461254578265,45.591012847228725],[10.5276954817023,45.592557876477116],[10.52965178561321,45.59660918317745],[10.531287414982238,45.597820349918784],[10.540500938102253,45.59996469541296],[10.544398784062345,45.600425108392784],[10.545967485649165,45.60058391152033],[10.546481167678424,45.60061294965277],[10.558856597447317,45.60021066400793],[10.57702308924143,45.598732625751104],[10.62927493709665,45.595393367199996],[10.630935477413715,45.581607130782565],[10.631709038050815,45.57410694523935]]]},"properties":{"name":"San Felice del Benaco","op_id":"2470","minint_elettorale":"1030151620","minint_finloc":"1030151620","prov_name":"Brescia","prov_istat_code":"017","prov_istat_code_num":17,"prov_acr":"BS","reg_name":"Lombardia","reg_istat_code":"03","reg_istat_code_num":3,"opdm_id":"2183","com_catasto_code":"H838","com_istat_code":"017171","com_istat_code_num":17171}},
{"type":"Feature","geometry":{"type":"Polygon","coordinates":[[[10.175640668445661,45.284407015291784],[10.172611919253152,45.28419162461153],[10.171969748834432,45.28316142818465],[10.171598571184639,45.28123071714833],[10.171423968156807,45.279621748612264],[10.164452953442327,45.280096831357696],[10.157155994914909,45.28092951358067],[10.154920009412244,45.28471603318106],[10.14613547674055,45.29007489577934],[10.145592102125592,45.290204415299],[10.143723923333143,45.290385455115455],[10.141054328204564,45.29061561137872],[10.138311953379736,45.29083852736764],[10.13816561922572,45.29084034233054],[10.138104826096718,45.29084109582137],[10.137980416900247,45.29082094806575],[10.133895050637067,45.29301982424695],[10.128196230506632,45.29931304395952],[10.12575428027939,45.30177274874202],[10.127716242653857,45.301856198388066],[10.136932741805271,45.3146233682755],[10.14333149952306,45.3162082634942],[10.146055496022415,45.31737239538108],[10.148778138594025,45.31958710569518],[10.15015552304305,45.32106131116797],[10.15449259573854,45.31797167759002],[10.158212439955989,45.3156042814171],[10.163546888299365,45.313027561633405],[10.167513869262255,45.312777417856374],[10.16723625307311,45.308372195583836],[10.171254026750066,45.29474200466069],[10.173706868809646,45.2932011348035],[10.176381493945172,45.29390475359496],[10.175640668445661,45.284407015291784]]]},"properties":{"name":"San Gervasio Bresciano","op_id":"2471","minint_elettorale":"1030151630","minint_finloc":"1030151630","prov_name":"Brescia","prov_istat_code":"017","prov_istat_code_num":17,"prov_acr":"BS","reg_name":"Lombardia","reg_istat_code":"03","reg_istat_code_num":3,"opdm_id":"2184","com_catasto_code":"H865","com_istat_code":"017172","com_istat_code_num":17172}},
{"type":"Feature","geometry":{"type":"Polygon","coordinates":[[[10.234205911393836,45.49887382059192],[10.23500687858561,45.49738104916999],[10.235114887421524,45.497175437551384],[10.235389152070079,45.49641369932638],[10.235469695617214,45.49617200166594],[10.23551419905761,45.49601700608235],[10.235619434242036,45.49538864682085],[10.235220132403251,45.49285263647412],[10.234882422480878,45.49274698701773],[10.234092868519237,45.49253663937114],[10.23397746050202,45.49251049573272],[10.232870687167157,45.49229361119375],[10.227082899148964,45.482478463482416],[10.218854737532613,45.475141666080404],[10.216514161481687,45.47440172501725],[10.21541710672479,45.47428037610101],[10.213899066389098,45.47452215395227],[10.207474487359727,45.47509333430465],[10.199102299675268,45.47007563160177],[10.192641311540742,45.46933689976766],[10.194758753139157,45.47289442447246],[10.19391726778429,45.47457139067142],[10.192621878081415,45.47713372342252],[10.19336044308408,45.480440835354536],[10.193745655169057,45.48188675833321],[10.19442079186641,45.4832811496227],[10.19631592547412,45.48316813452213],[10.203566199110279,45.485147041686055],[10.206154736173282,45.48615942586382],[10.20787685734619,45.487755679199324],[10.208974033855698,45.48966974080026],[10.209782318247496,45.49163441571016],[10.21228778456453,45.498016200490795],[10.214219778684932,45.50198895025926],[10.222305156905486,45.50363742075857],[10.23068329356646,45.50105039749494],[10.234205911393836,45.49887382059192]]]},"properties":{"name":"San Zeno Naviglio","op_id":"2473","minint_elettorale":"1030151640","minint_finloc":"1030151640","prov_name":"Brescia","prov_istat_code":"017","prov_istat_code_num":17,"prov_acr":"BS","reg_name":"Lombardia","reg_istat_code":"03","reg_istat_code_num":3,"opdm_id":"2185","com_catasto_code":"I412","com_istat_code":"017173","com_istat_code_num":17173}},
{"type":"Feature","geometry":{"type":"Polygon","coordinates":[[[10.17558718193343,45.65792027691531],[10.178340741722312,45.658810324085565],[10.177960579670781,45.660108433926595],[10.176258624260605,45.6618458683062],[10.173512363732101,45.66270041674946],[10.168600223472664,45.66292114404731],[10.167971452105991,45.66278300203196],[10.166978121332452,45.661640424498366],[10.165261412414523,45.66100682294348],[10.16499851634714,45.66091738901673],[10.163638219758973,45.66087606681936],[10.162385704429271,45.66085819162101],[10.16169456306,45.66091376442461],[10.161115597896835,45.661050695302],[10.161003994898595,45.661079102447324],[10.1609221185023,45.66117340644599],[10.159456398337744,45.662511115963305],[10.153179497521087,45.66836606766366],[10.154591591014634,45.6760441916437],[10.154591459190307,45.67607723617068],[10.154606597678697,45.676346182082206],[10.154679303084178,45.67670039754816],[10.154748055847456,45.67701909036361],[10.154853015370291,45.67731328568619],[10.154937864821557,45.67747501102627],[10.154977135000129,45.67754327280968],[10.155385915646274,45.67815402611031],[10.155503986655415,45.6782945779187],[10.157032050724782,45.67916283646052],[10.15794298642219,45.67943645922949],[10.159003657908919,45.67905300258169],[10.166071780629457,45.67595277297603],[10.172774819677349,45.67502656424058],[10.183096170824342,45.67519368022969],[10.196946094033322,45.675071754463026],[10.197801407677666,45.675008745796866],[10.198862044122713,45.6750791674162],[10.1990428971186,45.675096324113596],[10.19919929134413,45.6751207219965],[10.200047504723239,45.6752733624521],[10.200262623325385,45.675341354365855],[10.200634344301312,45.675465593794314],[10.200882201632862,45.67555320443032],[10.202113043866946,45.67611082535158],[10.202715196211877,45.6764069442452],[10.204044361588307,45.67711400405841],[10.208556014658578,45.68004659324273],[10.211689541988502,45.68297816869364],[10.217011027231647,45.68335938053425],[10.235613919482374,45.684525349497406],[10.240005595164268,45.684650442232844],[10.244533326676299,45.684518080320814],[10.244675416153003,45.684468530423274],[10.249598972158978,45.681821860956006],[10.251509054581355,45.68060752826587],[10.252113427567112,45.68017041376528],[10.24065244250164,45.6796466368951],[10.240126241068088,45.679591494784034],[10.239367305501844,45.6792212941866],[10.23805895113733,45.678550832211826],[10.235635294203426,45.67708082809736],[10.234812217690791,45.67654667699822],[10.233513356930514,45.67390038934101],[10.231156086276005,45.669729330617606],[10.225159435224844,45.66040703422674],[10.222638131364786,45.6576093594364],[10.223056785718727,45.65678557688089],[10.225102678246577,45.652813511695115],[10.226812571938394,45.65011689446154],[10.22731640843683,45.65014345344079],[10.227710737125769,45.6501449224875],[10.227948957169774,45.650134792065984],[10.228147632015402,45.65010804755292],[10.228672818671813,45.65001108509007],[10.228982908521353,45.649884229290265],[10.229680729053912,45.64958480065916],[10.230171599115469,45.64933405956043],[10.23027725689451,45.64913425820467],[10.231770760171448,45.646121242864695],[10.231622569540372,45.646019586412564],[10.231027720366232,45.64581200293316],[10.226547540038467,45.64389136465304],[10.209419507745604,45.64257755408255],[10.204250008109733,45.6401940287511],[10.20382867503843,45.64021112526827],[10.203727707160692,45.64022031717886],[10.203354466361723,45.64026676130593],[10.203275513874328,45.64028058140309],[10.20254987232805,45.64042335349817],[10.201864577296213,45.640558182472724],[10.200923050518147,45.640751623532005],[10.200650248917409,45.64083640898171],[10.198069130582114,45.64710788259173],[10.198651949820382,45.651607711327564],[10.187844544955693,45.65443641422029],[10.186969622888288,45.65433470754165],[10.184403648929235,45.65417642698625],[10.183848332453246,45.65415368658547],[10.183428238097228,45.65419341326189],[10.182906155547458,45.65427450075976],[10.182272817582366,45.65440859179028],[10.18221772991844,45.6544213852016],[10.180665102779114,45.65506982207661],[10.17558718193343,45.65792027691531]]]},"properties":{"name":"Sarezzo","op_id":"2474","minint_elettorale":"1030151650","minint_finloc":"1030151650","prov_name":"Brescia","prov_istat_code":"017","prov_istat_code_num":17,"prov_acr":"BS","reg_name":"Lombardia","reg_istat_code":"03","reg_istat_code_num":3,"opdm_id":"2186","com_catasto_code":"I433","com_istat_code":"017174","com_istat_code_num":17174}},
{"type":"Feature","geometry":{"type":"Polygon","coordinates":[[[10.509191437406512,46.075232306232785],[10.504291888518917,46.07673316440718],[10.49472848714609,46.07983347342884],[10.491239162984812,46.0817464374598],[10.490897917787638,46.08201189493266],[10.49047441353376,46.082134428974165],[10.488905021983008,46.082451890762464],[10.487502106609456,46.08267717707775],[10.486817091531758,46.082695086537704],[10.48619432262484,46.08262219534432],[10.485750703018573,46.0824479510562],[10.484701138464452,46.0818945715021],[10.48435919744741,46.081683003031756],[10.47846260966708,46.07773184193137],[10.475696195649327,46.075838520398364],[10.470460116341329,46.072848947288655],[10.461165538240659,46.070398579349906],[10.456591852320141,46.07048397288755],[10.450969060311403,46.070321505159185],[10.447645718655869,46.06982363496781],[10.438039143062849,46.068369884710116],[10.432376294092876,46.067396968396665],[10.424865167574946,46.06594282890445],[10.424379749350607,46.06566986711198],[10.423793455866793,46.06549718006463],[10.423378447102637,46.0654483416499],[10.42123110247624,46.065343773622224],[10.421032670228094,46.06534624130827],[10.416837600315176,46.066403749896864],[10.41314989397393,46.06755527312128],[10.412616080978097,46.06785089537768],[10.409327621860253,46.07016771527034],[10.399604726938334,46.07277127431163],[10.396700353510216,46.07297780719264],[10.393216017531364,46.07326333632753],[10.38933756386378,46.07433657128258],[10.389280570289404,46.07461306823664],[10.38924196954768,46.081348907598844],[10.392937359718266,46.09199620668037],[10.395327029320576,46.09852813644298],[10.395749775490565,46.0993869953902],[10.396934088957721,46.10171257925482],[10.398851736163593,46.10438018624008],[10.401386683966585,46.10740019505786],[10.40477994973265,46.11120179036796],[10.40826912610361,46.11225049008839],[10.414986627937845,46.11383694015234],[10.41865258341118,46.113247705018175],[10.42518410590012,46.11106685692908],[10.434660517401491,46.1103574646238],[10.435076307245778,46.110457727463235],[10.4360296688154,46.11071483319061],[10.436264376053034,46.1108047035693],[10.437241805312873,46.11129379468731],[10.437387258152915,46.111411209097646],[10.437748604275745,46.11176166154503],[10.439733602049763,46.11370513957865],[10.44063372697208,46.116070695547926],[10.448151147804182,46.12037241457111],[10.453285771645913,46.12050183978905],[10.460891542687175,46.12096819519611],[10.463830547333435,46.12136627298755],[10.471313676828718,46.12246526092833],[10.473093822478692,46.122869790360795],[10.473508785742311,46.122990444515544],[10.473911463382056,46.12316524368292],[10.47855493846852,46.12570544017191],[10.482385205448807,46.1283108620134],[10.492436640848728,46.13966185895502],[10.492694686458035,46.139972012296454],[10.493202927471422,46.14071394999215],[10.49343130510681,46.14108964197543],[10.4935225783798,46.14128660748966],[10.49356402523696,46.14288367099265],[10.493507523477412,46.143146145239164],[10.49213210628515,46.1474621899781],[10.491292302538678,46.15158248353358],[10.493648022339455,46.15405122802376],[10.494253216909266,46.15453358875768],[10.495825587807746,46.15576287606566],[10.496201431073283,46.156035325081355],[10.501221018405328,46.15644629706302],[10.507510733689845,46.15847062841837],[10.514409810461768,46.16070837770557],[10.51468798625075,46.161235505915066],[10.513627974767049,46.16438305358381],[10.513714779398738,46.17045460214941],[10.51430677202478,46.17487021224635],[10.516158598970236,46.18410140511226],[10.518665660263984,46.18280788159831],[10.519088343100666,46.18272491146979],[10.519612153480905,46.18265713938685],[10.52062182250875,46.18283064439017],[10.531153983276347,46.185159052698445],[10.537034830988897,46.18768297802736],[10.54137877154291,46.188625529361424],[10.543736824471567,46.18744040489869],[10.546361811478073,46.18571897412072],[10.548671365188659,46.184200375737866],[10.55349823669555,46.18102175822178],[10.554060544284221,46.18064043571027],[10.55412610553789,46.180595719603275],[10.554552364119603,46.18026991268091],[10.556140818951805,46.17859723493165],[10.556907422352884,46.17774391464593],[10.558020145409802,46.17644159812735],[10.564775231918091,46.16767363569643],[10.565243137665385,46.16706426553726],[10.565311069221455,46.16697142858768],[10.565394916902203,46.166838648456846],[10.565400125390552,46.166669671920005],[10.565365197014726,46.166631177602774],[10.56527983577729,46.16654746121961],[10.56524285316227,46.16651549765301],[10.565072414377573,46.166369035749476],[10.564148688895093,46.16567223700346],[10.56359426246005,46.165417964987704],[10.562992689598499,46.1651961481135],[10.562343072507216,46.164960961616956],[10.56049314866557,46.16341627468557],[10.558276647406657,46.160625055892154],[10.557265708341241,46.158609064673655],[10.555434771093042,46.15486357396136],[10.554923263985888,46.15253955483623],[10.554321253204854,46.148775849049834],[10.548132108163058,46.14616564597434],[10.546579643581818,46.14431957791171],[10.545924229298686,46.14182127711531],[10.546274332572658,46.141146350876824],[10.546871494584465,46.14044994874686],[10.547265487488488,46.1400240993489],[10.547555660751547,46.139750082825266],[10.547675835658849,46.13963663364085],[10.548103012401489,46.139261972631495],[10.548578874850422,46.13888726232084],[10.549060946136468,46.13854197856626],[10.549160220157502,46.13849600786981],[10.549604369147511,46.138295976090866],[10.550644830159394,46.12601022514165],[10.550697542956343,46.12370880728318],[10.549692990943722,46.11998443452497],[10.547892033914431,46.11564880666692],[10.541683786360252,46.10402843682288],[10.539887488805597,46.10160021914148],[10.536196684499537,46.0981471598103],[10.535743272718939,46.097731176371354],[10.53531049140742,46.0973686988961],[10.535274537462737,46.0973423790055],[10.53453878148082,46.09681629094675],[10.534155486214516,46.09661021346323],[10.533605429731855,46.096364703105586],[10.527393029925046,46.092195676921435],[10.522368110611305,46.08869819697114],[10.520034639967019,46.0863002980936],[10.518092480515936,46.08280224525214],[10.51360489765504,46.07843195768948],[10.509191437406512,46.075232306232785]]]},"properties":{"name":"Saviore dell'Adamello","op_id":"2475","minint_elettorale":"1030151651","minint_finloc":"1030151651","prov_name":"Brescia","prov_istat_code":"017","prov_istat_code_num":17,"prov_acr":"BS","reg_name":"Lombardia","reg_istat_code":"03","reg_istat_code_num":3,"opdm_id":"2187","com_catasto_code":"I476","com_istat_code":"017175","com_istat_code_num":17175}},
{"type":"Feature","geometry":{"type":"Polygon","coordinates":[[[10.308099625861708,46.080590894850324],[10.313159608316946,46.08186032969363],[10.317893550375677,46.08229190669943],[10.320623284798971,46.08217757430991],[10.323667847549615,46.08166495738599],[10.32447826882512,46.0815254234712],[10.325169417341703,46.08137367644396],[10.33111636542691,46.08171940524911],[10.335799680616015,46.08227941739469],[10.33923444811643,46.08459721615545],[10.344714167821024,46.08369207777493],[10.347472243308422,46.07897159445903],[10.350136078019391,46.07339144269486],[10.350632975605947,46.0669654784702],[10.352091380574688,46.056699721025915],[10.35351781035131,46.0507158741186],[10.353564188149482,46.04990576100842],[10.353553898754383,46.04966449338256],[10.353478073869821,46.049354438220654],[10.352933208865426,46.047777522446616],[10.352099364325248,46.04611321590653],[10.35016794985529,46.04420858777741],[10.349418513722838,46.043686436557394],[10.346765125820639,46.04379427732317],[10.346514997549626,46.04380622523808],[10.346140721777248,46.04382863546664],[10.345529172620573,46.04387595326547],[10.345394234437235,46.04389143766591],[10.344904759149468,46.04396021086869],[10.344663578727724,46.04400805086804],[10.34454643697528,46.04404093046419],[10.344432634533943,46.04407827083431],[10.344332093503798,46.04412895562704],[10.344068452130475,46.04431656419438],[10.343712969232884,46.044646170751854],[10.342756743774048,46.045790033807606],[10.340407580783637,46.04772567932386],[10.340236288587903,46.04785819352833],[10.340133999850401,46.0479043949054],[10.333120359532515,46.04965604903994],[10.304020610472014,46.05623368485552],[10.302311002866427,46.05596068720276],[10.300334981313853,46.05590220365336],[10.298658110498016,46.056128288597435],[10.296709639799131,46.05772995528467],[10.295996152151993,46.05886757282161],[10.296005030692402,46.06150061083273],[10.296038821086796,46.062391257451786],[10.296057388633402,46.06280233214742],[10.29620283650545,46.06452182746512],[10.29674624637114,46.06557317371707],[10.298025821234729,46.07251574909315],[10.296914964178997,46.07636242998954],[10.308099625861708,46.080590894850324]]]},"properties":{"name":"Sellero","op_id":"2476","minint_elettorale":"1030151660","minint_finloc":"1030151660","prov_name":"Brescia","prov_istat_code":"017","prov_istat_code_num":17,"prov_acr":"BS","reg_name":"Lombardia","reg_istat_code":"03","reg_istat_code_num":3,"opdm_id":"2188","com_catasto_code":"I588","com_istat_code":"017176","com_istat_code_num":17176}},
{"type":"Feature","geometry":{"type":"Polygon","coordinates":[[[10.153844343599593,45.239585538889564],[10.15360652623796,45.24317937574733],[10.152661838921647,45.24629535058811],[10.151794088682701,45.24880250359361],[10.152407884667461,45.250745469785166],[10.16009624773895,45.25496261183367],[10.173401884493579,45.26302248377396],[10.176534696348531,45.26840300697303],[10.18065972004441,45.266096343621626],[10.192816725971467,45.2595551216321],[10.195519869254795,45.258152699047535],[10.204727802516386,45.25353124597788],[10.208361146457316,45.252294591026725],[10.209462460453558,45.252065066217135],[10.211277155736822,45.250526778663044],[10.213825129085018,45.24602571603149],[10.213962239862271,45.243914758007875],[10.216340638667129,45.24259046227082],[10.220783249911957,45.241765067944684],[10.2218505542288,45.23848547631894],[10.221751412579607,45.23326566844413],[10.220772079863414,45.226200956568704],[10.219821809293324,45.22465382826217],[10.214522840671712,45.22704170703471],[10.21320928511256,45.227568755249656],[10.21237951017189,45.2278464808695],[10.211792652902977,45.2280428681694],[10.208818108193261,45.22893853898599],[10.207462050820764,45.229267941491926],[10.205899740357896,45.22948247926342],[10.204891109871697,45.229376118814685],[10.189299556281254,45.23429236537478],[10.18231824705173,45.2373713455571],[10.182127518878842,45.23800343042474],[10.181669827165628,45.238424007153675],[10.18160240854067,45.238485945985225],[10.180377819728307,45.23902968800032],[10.176039454214903,45.23998761863371],[10.16623458610336,45.24210053930313],[10.16497489917044,45.24218540470086],[10.163490398663873,45.241867491245124],[10.162611124117925,45.24123734012502],[10.160507650973639,45.23930539526365],[10.153844343599593,45.239585538889564]]]},"properties":{"name":"Seniga","op_id":"2477","minint_elettorale":"1030151670","minint_finloc":"1030151670","prov_name":"Brescia","prov_istat_code":"017","prov_istat_code_num":17,"prov_acr":"BS","reg_name":"Lombardia","reg_istat_code":"03","reg_istat_code_num":3,"opdm_id":"2189","com_catasto_code":"I607","com_istat_code":"017177","com_istat_code_num":17177}},
{"type":"Feature","geometry":{"type":"Polygon","coordinates":[[[10.335620765080922,45.56657000228149],[10.33514431484389,45.570392480171314],[10.330555241676533,45.57938727364448],[10.32532392075921,45.580337086188564],[10.32637458453534,45.58180206892708],[10.328222422843789,45.585736358511326],[10.331611399895742,45.5969840915826],[10.330499888530147,45.60005683661189],[10.334747611235503,45.600608360349966],[10.3418109528289,45.601297163976035],[10.35748010015069,45.60010559849146],[10.35766788823346,45.59980376730996],[10.357936138813843,45.599562690260065],[10.358562261231004,45.599107641495145],[10.362393531973344,45.59702986185184],[10.362553747255891,45.596971343200856],[10.36276098099583,45.596896354021965],[10.364645809323845,45.59627133452116],[10.364818239616202,45.59622922864084],[10.386958719046081,45.59308674204129],[10.393211418758158,45.592432974157425],[10.394756638946326,45.59234362076433],[10.394849445596316,45.5918495435969],[10.394586846494649,45.5914761106542],[10.394131125827526,45.59087238455152],[10.388365790181384,45.588764961462516],[10.385964960762463,45.585318103998056],[10.383255713602214,45.58117507073699],[10.381680816875765,45.57065532719174],[10.381856806636703,45.564737105477526],[10.382647114572132,45.562784453869405],[10.38167300976978,45.55880800083125],[10.379863182016761,45.55353206178513],[10.368482468185036,45.55095840838983],[10.366657248567682,45.551242663300016],[10.365916946077327,45.551501938820834],[10.365370955005934,45.55169903847942],[10.364916853521178,45.551913019818905],[10.364564101940882,45.552084477070586],[10.364039327531751,45.55234662881946],[10.363557829085329,45.553617912752706],[10.36348013408936,45.55398359441443],[10.363454296921121,45.55410520071985],[10.36345335735096,45.55474349759248],[10.363458486386628,45.554824716247346],[10.36364173400568,45.5552577404392],[10.363801666382594,45.55563041134678],[10.363646131672411,45.555815044641925],[10.36300964347026,45.55656144281994],[10.362948735513553,45.55662622143753],[10.362886209017926,45.55663837194997],[10.361319115621209,45.55647307858818],[10.360091651745838,45.55620840725996],[10.359849069376153,45.556106315997276],[10.359699040638715,45.55603484227047],[10.356079662543387,45.55322889160688],[10.355079234568302,45.552373851803694],[10.35510267737042,45.554988085918126],[10.354887101665506,45.55573823821963],[10.347320680401383,45.56250859798218],[10.346816032200563,45.56295835449801],[10.345257732303775,45.5641540244994],[10.345114195139375,45.5642370757827],[10.341261671521965,45.566239135182535],[10.339352704064394,45.56697463787288],[10.335620765080922,45.56657000228149]]]},"properties":{"name":"Serle","op_id":"2478","minint_elettorale":"1030151680","minint_finloc":"1030151680","prov_name":"Brescia","prov_istat_code":"017","prov_istat_code_num":17,"prov_acr":"BS","reg_name":"Lombardia","reg_istat_code":"03","reg_istat_code_num":3,"opdm_id":"2190","com_catasto_code":"I631","com_istat_code":"017178","com_istat_code_num":17178}},
{"type":"Feature","geometry":{"type":"Polygon","coordinates":[[[10.623645985976266,45.44361601020423],[10.618347674005843,45.44417857074026],[10.614947477398493,45.44710096583633],[10.614464945980252,45.451009829045354],[10.609945142937805,45.45559663720157],[10.605053998958168,45.4595139737595],[10.603642184862796,45.4601234351043],[10.597810935084597,45.46165873925617],[10.592190675844495,45.46705703508575],[10.578660414392912,45.50309335274986],[10.637911010747857,45.50833769902435],[10.637915902627633,45.508284890934036],[10.637957778334995,45.507834233877446],[10.638614450979375,45.5007666656051],[10.639765530346649,45.48919035041474],[10.640241884219105,45.48439850283269],[10.640310959337867,45.483703592378816],[10.640331509397916,45.48349709998447],[10.640690325807752,45.47989148382772],[10.64076131335157,45.47917810880541],[10.64157001475805,45.472073539724214],[10.642848909260245,45.4626129253473],[10.64300770649911,45.45756799568727],[10.644706489111302,45.45359591494682],[10.646017596994458,45.45273048412058],[10.647615868636478,45.451400773948734],[10.647737085220971,45.448536642430696],[10.644298404899363,45.444887681279624],[10.630554684726254,45.44293249307003],[10.627021656507747,45.442859544359244],[10.623645985976266,45.44361601020423]]]},"properties":{"name":"Sirmione","op_id":"2479","minint_elettorale":"1030151690","minint_finloc":"1030151690","prov_name":"Brescia","prov_istat_code":"017","prov_istat_code_num":17,"prov_acr":"BS","reg_name":"Lombardia","reg_istat_code":"03","reg_istat_code_num":3,"opdm_id":"2191","com_catasto_code":"I633","com_istat_code":"017179","com_istat_code_num":17179}},
{"type":"Feature","geometry":{"type":"Polygon","coordinates":[[[10.485964342369186,45.518202020500446],[10.485334359228727,45.51811102194262],[10.48463179853571,45.518174150499924],[10.483944418661302,45.5183271115538],[10.48349903550596,45.51843190779511],[10.48295291510943,45.51860101939032],[10.482472906758481,45.51885028781742],[10.481666887123188,45.520336923491286],[10.481823984750008,45.52095595315162],[10.481960025176582,45.52126023255117],[10.482225227256066,45.52160783409351],[10.484069597973773,45.52260098980006],[10.486752983716691,45.526274555578475],[10.48695543098153,45.52666797932076],[10.487094120298792,45.52707121063151],[10.487132145456311,45.527538840689154],[10.487426177070171,45.53091943976342],[10.49200220719768,45.53494622201519],[10.49621558821999,45.537348395480684],[10.510216130250173,45.541223520146566],[10.512357566437025,45.542743357404056],[10.515265483202448,45.54370394417509],[10.515717290417149,45.54383296119962],[10.51602582730681,45.5438738626189],[10.523073992119846,45.54445514735988],[10.527150268142877,45.5445538205821],[10.527169049584145,45.535786538483734],[10.526367853373152,45.53552713960898],[10.525914384284166,45.535335159940544],[10.524928928666723,45.534889274363465],[10.524410252066884,45.53465318068544],[10.522614295455162,45.53359700680564],[10.523283631527278,45.5318238733479],[10.523646085300822,45.53101794317601],[10.518298456580638,45.52504040649879],[10.51594465033713,45.522740518753324],[10.515474243391052,45.52238677245627],[10.51513878815707,45.52229219535487],[10.514018266831389,45.52204611477043],[10.509554282147015,45.52126813664909],[10.508721258678644,45.52172020180308],[10.507673777708234,45.52229210625127],[10.504318828741422,45.52276840834337],[10.502339650856708,45.522497411080394],[10.492700120369866,45.52113861993742],[10.489529365595484,45.5203518463634],[10.48718052016598,45.51917609049317],[10.485964342369186,45.518202020500446]]]},"properties":{"name":"Soiano del Lago","op_id":"2480","minint_elettorale":"1030151700","minint_finloc":"1030151700","prov_name":"Brescia","prov_istat_code":"017","prov_istat_code_num":17,"prov_acr":"BS","reg_name":"Lombardia","reg_istat_code":"03","reg_istat_code_num":3,"opdm_id":"2192","com_catasto_code":"I782","com_istat_code":"017180","com_istat_code_num":17180}},
{"type":"Feature","geometry":{"type":"Polygon","coordinates":[[[10.387597057147433,46.11271655799105],[10.385127586097044,46.11781466928958],[10.384550882715521,46.11874145655685],[10.3836067424695,46.11992502082141],[10.383278381544164,46.120261401994405],[10.382486954246403,46.12097256603375],[10.378531131830183,46.123656666719256],[10.37810535768667,46.1239349590962],[10.377340452450277,46.124214151332886],[10.377092463780025,46.124216689693206],[10.375647664593734,46.12383801561028],[10.368541847442842,46.121774245390064],[10.36328668132934,46.12160734035156],[10.362993270691451,46.12160555679441],[10.362822202126253,46.12161603006058],[10.362467472755078,46.121679562111716],[10.362319954057172,46.121709212412235],[10.358599936980266,46.122576711367394],[10.357393742873308,46.122944537302125],[10.35701591704553,46.12323034476025],[10.356949925278185,46.12345516239731],[10.355539751330902,46.12425361294794],[10.354511175494116,46.124808216572106],[10.353483338952563,46.12519726067133],[10.352257806034292,46.12531330841817],[10.350210413322676,46.1254158528247],[10.346297302290852,46.124617495831984],[10.344998882974972,46.12433638761487],[10.3434871879849,46.123714481103946],[10.339862798725594,46.126987426496235],[10.334971492617989,46.1315046787689],[10.328025988834716,46.14160175714631],[10.327933942417667,46.14264900236575],[10.32794125025804,46.14343480690516],[10.32878231816383,46.14906448906049],[10.331838601535868,46.15628863689624],[10.332804504925123,46.15809639700852],[10.3342029949827,46.16069767980056],[10.335916577260235,46.16337653726852],[10.338716233524295,46.16894009972264],[10.338981231793852,46.169385618244604],[10.339961258388424,46.16981232450294],[10.340107396411849,46.16987329105996],[10.34015041075419,46.16989097336621],[10.344877657600609,46.17132249222492],[10.345480982886514,46.17143614688402],[10.347182416069908,46.17161969814063],[10.347475504500318,46.171641974708834],[10.348309551272408,46.17166820255239],[10.371375088512474,46.1694292035863],[10.379072914998769,46.16836152946672],[10.385678070347222,46.16646351446371],[10.389696682381965,46.16461219282218],[10.397122301336287,46.16150562766063],[10.397796124225374,46.16133229830802],[10.398193433235209,46.16133417071502],[10.39868659137293,46.161370860585556],[10.428576221430735,46.166768579272805],[10.432251442809806,46.16952259299316],[10.438960659102378,46.172080802354465],[10.440027837993158,46.172476113959405],[10.440667372543741,46.17267945978174],[10.441164853851419,46.17274572946417],[10.441354877764347,46.17276504168444],[10.441589891504345,46.17268211106281],[10.442743028750217,46.171968228363916],[10.44794551086236,46.16825573286714],[10.44942259001363,46.16689876294223],[10.449595664201656,46.16666161787524],[10.460484256130965,46.15424817495637],[10.462424061854229,46.15257728471915],[10.463167389082551,46.1520405291161],[10.463711372887698,46.15177623834774],[10.472738627317606,46.15067075791859],[10.477179439960311,46.15021314399048],[10.478196035868523,46.15012612616178],[10.478989319194962,46.150077612232366],[10.47954896151409,46.150084633986104],[10.48151614605266,46.15028456103367],[10.481888737888847,46.150323669633906],[10.48922097648827,46.15130601390535],[10.491292302538678,46.15158248353358],[10.49213210628515,46.1474621899781],[10.493507523477412,46.143146145239164],[10.49356402523696,46.14288367099265],[10.4935225783798,46.14128660748966],[10.49343130510681,46.14108964197543],[10.493202927471422,46.14071394999215],[10.492694686458035,46.139972012296454],[10.492436640848728,46.13966185895502],[10.482385205448807,46.1283108620134],[10.47855493846852,46.12570544017191],[10.473911463382056,46.12316524368292],[10.473508785742311,46.122990444515544],[10.473093822478692,46.122869790360795],[10.471313676828718,46.12246526092833],[10.463830547333435,46.12136627298755],[10.460891542687175,46.12096819519611],[10.453285771645913,46.12050183978905],[10.448151147804182,46.12037241457111],[10.44063372697208,46.116070695547926],[10.439733602049763,46.11370513957865],[10.437748604275745,46.11176166154503],[10.437387258152915,46.111411209097646],[10.437241805312873,46.11129379468731],[10.436264376053034,46.1108047035693],[10.4360296688154,46.11071483319061],[10.435076307245778,46.110457727463235],[10.434660517401491,46.1103574646238],[10.42518410590012,46.11106685692908],[10.41865258341118,46.113247705018175],[10.414986627937845,46.11383694015234],[10.40826912610361,46.11225049008839],[10.40477994973265,46.11120179036796],[10.403074404672068,46.11169957456663],[10.399665298404457,46.11198439086924],[10.396459948041027,46.11214061122491],[10.396045744694433,46.11213665879981],[10.395124510433133,46.11203991329737],[10.394422982512062,46.11193146611363],[10.387597057147433,46.11271655799105]]]},"properties":{"name":"Sonico","op_id":"2481","minint_elettorale":"1030151710","minint_finloc":"1030151710","prov_name":"Brescia","prov_istat_code":"017","prov_istat_code_num":17,"prov_acr":"BS","reg_name":"Lombardia","reg_istat_code":"03","reg_istat_code_num":3,"opdm_id":"2193","com_catasto_code":"I831","com_istat_code":"017181","com_istat_code_num":17181}},
{"type":"Feature","geometry":{"type":"Polygon","coordinates":[[[10.100515384447966,45.66520894798545],[10.097327133584898,45.66765591292766],[10.091728294470876,45.67190519431489],[10.086890446122583,45.675574469714476],[10.083904532348301,45.677626592914024],[10.081952950631837,45.67856730325588],[10.08191898990664,45.67858473559432],[10.081435329465645,45.67885728979657],[10.081126404701033,45.6792422394988],[10.081018151343153,45.679377133268915],[10.080490498111963,45.680967173263866],[10.080749846545487,45.689146414226364],[10.092723610761446,45.68937444018681],[10.097300802044446,45.69357893068227],[10.098844126921609,45.69892859643208],[10.104354283456301,45.69699429814704],[10.104827028244221,45.69682771416586],[10.107371807946254,45.695588222988356],[10.107714442116245,45.69537789737271],[10.109955378171367,45.69373599502433],[10.111462409130745,45.691948107069344],[10.113143312924047,45.69063568036689],[10.11352550888934,45.690478937041824],[10.114981461500184,45.69006870705703],[10.12045389259396,45.688992613676795],[10.12288515742359,45.689063982891],[10.122761925086442,45.689965273531755],[10.124555007306167,45.69100073189072],[10.127375230160656,45.6920170333872],[10.127801710016858,45.69214783224727],[10.128562021837887,45.69227533195923],[10.12901200128461,45.692297889983244],[10.130190465849667,45.692142213861416],[10.130971032971564,45.69199948089912],[10.131366021661943,45.69184255123413],[10.13702745635559,45.68918511224604],[10.137713703399312,45.6888272481375],[10.138014388400732,45.68845522790329],[10.136482131520081,45.680648762358466],[10.135873202276631,45.678276720458854],[10.134206780377092,45.675670264656205],[10.134122030627843,45.67554278931573],[10.134015326661252,45.675392113323184],[10.132679184413563,45.67412583179305],[10.130774763873719,45.67257597298777],[10.128697484514154,45.671554108061756],[10.126050360296125,45.670347816623384],[10.12168646140706,45.66844398983761],[10.12155318385457,45.66838844873338],[10.120721265661269,45.66807274300444],[10.118687179351815,45.66748730709992],[10.1121182721561,45.665781968543875],[10.107460709091288,45.66535453496907],[10.100515384447966,45.66520894798545]]]},"properties":{"name":"Sulzano","op_id":"2482","minint_elettorale":"1030151720","minint_finloc":"1030151720","prov_name":"Brescia","prov_istat_code":"017","prov_istat_code_num":17,"prov_acr":"BS","reg_name":"Lombardia","reg_istat_code":"03","reg_istat_code_num":3,"opdm_id":"2194","com_catasto_code":"L002","com_istat_code":"017182","com_istat_code_num":17182}},
{"type":"Feature","geometry":{"type":"Polygon","coordinates":[[[10.251131360157844,45.73831069889982],[10.249620653452176,45.738023150981874],[10.249119202982866,45.737677837587015],[10.245754819606315,45.735188205252676],[10.247097891557393,45.73285577319709],[10.247249630431467,45.73042628928913],[10.246435670805962,45.72824202365741],[10.245124193219223,45.72746057180725],[10.241097625979801,45.725550772873525],[10.238934505272956,45.724663067947816],[10.23869628749524,45.72462467950685],[10.238454988691057,45.724712722630166],[10.238005926613098,45.724890865134114],[10.237390086513026,45.7251397048679],[10.237250697346436,45.725206593063895],[10.236881875377296,45.72538357761574],[10.23138686607319,45.72838720290094],[10.225683814917248,45.730316134256526],[10.219608814216084,45.73203822697581],[10.209763551447983,45.737196414198],[10.202711646740637,45.739060757991865],[10.193840034630972,45.74058395720793],[10.18435787887459,45.74893919844368],[10.178176396796362,45.75227142805176],[10.175029718627663,45.75323236665965],[10.173850409169548,45.75336894429271],[10.173418352076125,45.753215564177445],[10.171547299703047,45.7525513109735],[10.163190480032345,45.761116758981856],[10.164446330729382,45.762760116363125],[10.166767665839494,45.76554465415357],[10.167017607236318,45.76581211506514],[10.167487985749117,45.76616733140606],[10.17490774889905,45.76919650250964],[10.177530533017757,45.770706212320235],[10.176919318580538,45.770071482221645],[10.174622137126336,45.76723091856249],[10.177098818613137,45.76643541430475],[10.188744860397044,45.767305277466434],[10.19885307304596,45.770395710643754],[10.21659469261039,45.76964987959212],[10.224737933255637,45.767475744984985],[10.224928576719051,45.76676875207977],[10.226078310003835,45.7654353759005],[10.229277564238162,45.76211994437951],[10.23154114744281,45.76040302301452],[10.235687346359175,45.75937256620518],[10.247632511586604,45.75461003197727],[10.250993043069577,45.75303855056449],[10.248031838996768,45.749402532249334],[10.25106499238587,45.74125939753517],[10.251131360157844,45.73831069889982]]]},"properties":{"name":"Tavernole sul Mella","op_id":"2483","minint_elettorale":"1030151730","minint_finloc":"1030151730","prov_name":"Brescia","prov_istat_code":"017","prov_istat_code_num":17,"prov_acr":"BS","reg_name":"Lombardia","reg_istat_code":"03","reg_istat_code_num":3,"opdm_id":"2195","com_catasto_code":"C698","com_istat_code":"017183","com_istat_code_num":17183}},
{"type":"Feature","geometry":{"type":"Polygon","coordinates":[[[10.511935339307115,46.196790997905566],[10.508133385330115,46.19776749810111],[10.50782262502039,46.19783729030059],[10.507630170026502,46.19784542714962],[10.50657358844707,46.19783436572772],[10.505991396009083,46.19779692051469],[10.504435211463536,46.197370916728985],[10.50389823777995,46.19714033427116],[10.502940710846095,46.196012346404004],[10.502631676299632,46.19561139976331],[10.502566171973347,46.1954994961144],[10.50244812670503,46.195297831490194],[10.489573522924031,46.19725316414744],[10.475638756227708,46.20232325046682],[10.465490277861221,46.20506353818977],[10.46052675757836,46.20637046650791],[10.46009065432618,46.2064554464498],[10.459727016300274,46.207994704231815],[10.45792495396991,46.21194485759296],[10.45464674151814,46.22663761837742],[10.453648283465881,46.233411124493465],[10.45322029119712,46.23843285801977],[10.451313004196416,46.24854957384959],[10.45638533223222,46.25154792852766],[10.45773250444784,46.25179150640804],[10.459598264811499,46.25225105363776],[10.461893880327072,46.252888372749574],[10.465104065293069,46.2538875587146],[10.467517404010156,46.254762786356295],[10.467685024958575,46.25486071501272],[10.467739941158886,46.25495828161747],[10.468038632847653,46.25587062837282],[10.469024240101747,46.26316816321654],[10.468743156056412,46.26717590712455],[10.464824712803603,46.27224153629546],[10.465787824877973,46.27748715339236],[10.466317569844328,46.27748485044762],[10.46671770724495,46.27752078422162],[10.466882372726946,46.277564238482654],[10.467295645558016,46.27787968669491],[10.470154171774936,46.28007994419128],[10.47130133819143,46.280966330891324],[10.471677137914671,46.28125860236395],[10.471581605159374,46.282121593875885],[10.469854089800688,46.28868771748207],[10.467227218417158,46.291397587312495],[10.463419278426,46.29378030278454],[10.458385867151271,46.29736699535842],[10.44585402221533,46.311005323117314],[10.44528106872993,46.311675596563724],[10.441725098445316,46.316096447133994],[10.441357614003973,46.31675457426762],[10.443254112073319,46.317455517690924],[10.454903063340172,46.32101171806632],[10.45859344428826,46.32115262136034],[10.463681669880936,46.32112983369438],[10.464242510017039,46.321116495755206],[10.465126054895666,46.3209316473524],[10.466053791413465,46.32048347129882],[10.466213938437912,46.320372904822776],[10.476146386849093,46.31234451793793],[10.48051279471363,46.30719048695787],[10.486746635679294,46.30132561809182],[10.49296567281029,46.299534764083845],[10.506110269941194,46.28870177574024],[10.508991985069605,46.28612772662415],[10.50981442707783,46.28439893236989],[10.510049406274169,46.28329704173598],[10.510148156770194,46.2794673563115],[10.509570172595419,46.270042115691844],[10.505968072539966,46.266292343565176],[10.500778282328163,46.26210355312209],[10.497322806777241,46.25647074539422],[10.496990898620547,46.253904105251436],[10.496833947648918,46.251632147711675],[10.496371167910583,46.24331241949499],[10.497477139974125,46.23963902957768],[10.498904244313223,46.24018539985276],[10.499883687889183,46.240565545515864],[10.50015654800137,46.24067267040731],[10.50384321431388,46.2373916571475],[10.50769621270344,46.23186191322426],[10.510125875400009,46.22634098401458],[10.510109952009095,46.22539805865799],[10.510108806831987,46.22535630424259],[10.510085084194598,46.22507289794588],[10.508455476813868,46.22402690279812],[10.507442905669878,46.22330288165601],[10.506624294785075,46.22238368341885],[10.506351918593579,46.22171164321326],[10.50587184131758,46.22002537888051],[10.505829864210844,46.21982459011797],[10.506146465250472,46.21494524703963],[10.507649448289175,46.212526365256004],[10.510851156757061,46.2103621691471],[10.515524938895075,46.20876865988292],[10.516121125312683,46.208488615904585],[10.51678868864642,46.207631999382116],[10.516878051683959,46.206890218499126],[10.516480004509157,46.20527459195376],[10.516359806471774,46.20488755485464],[10.51602698277383,46.203885581282705],[10.512909742189269,46.19846382663065],[10.511935339307115,46.196790997905566]]]},"properties":{"name":"Temù","op_id":"2484","minint_elettorale":"1030151740","minint_finloc":"1030151740","prov_name":"Brescia","prov_istat_code":"017","prov_istat_code_num":17,"prov_acr":"BS","reg_name":"Lombardia","reg_istat_code":"03","reg_istat_code_num":3,"opdm_id":"2196","com_catasto_code":"L094","com_istat_code":"017184","com_istat_code_num":17184}},
{"type":"Feature","geometry":{"type":"Polygon","coordinates":[[[10.727533240835633,45.701118882692555],[10.707951793582463,45.71227300467563],[10.688028600471446,45.726124251727576],[10.686651960293739,45.726072586890176],[10.684225310006711,45.726576394087374],[10.676206309189812,45.72959260472113],[10.673791569305042,45.73050110776038],[10.670362974284687,45.73232444879561],[10.666860792776685,45.73470681949312],[10.657214574359427,45.743181901029345],[10.653310567548122,45.747234822660545],[10.645121117921635,45.75116938735973],[10.641626168581478,45.75211975017798],[10.645169304797557,45.75412097038593],[10.646739247598385,45.75460237430496],[10.64714350358038,45.754794560132396],[10.647628565259355,45.75511160762801],[10.648598998398649,45.755754650448615],[10.648867193576253,45.756128814794735],[10.650169643716657,45.758873230519924],[10.65033448590067,45.75923089346686],[10.650807049836931,45.7604301529165],[10.651249649206045,45.7627909530015],[10.650839164069753,45.76457004457518],[10.65461875716952,45.768439672782016],[10.660805830490236,45.770204035028705],[10.666795097151498,45.77265499759509],[10.667425892781063,45.7735368660584],[10.66912449743398,45.77614928297429],[10.668887479427216,45.77682779955724],[10.668753836143507,45.7770907706235],[10.666726019698919,45.78285383615673],[10.667925596244922,45.782530305118804],[10.673352946309251,45.782054882416666],[10.685248307331205,45.78320311941967],[10.700094538252095,45.782803094002126],[10.713599232674337,45.780612135778235],[10.720636754019797,45.77144270458003],[10.727542399526016,45.76432686785165],[10.73645036304305,45.75922337624702],[10.746955038211055,45.74837917658099],[10.763133935267508,45.74069593562698],[10.748311790067913,45.72420029631795],[10.747389011918841,45.72316810906053],[10.735478883445785,45.70984167609265],[10.729281874688313,45.703032026209634],[10.727533240835633,45.701118882692555]]]},"properties":{"name":"Tignale","op_id":"2485","minint_elettorale":"1030151750","minint_finloc":"1030151750","prov_name":"Brescia","prov_istat_code":"017","prov_istat_code_num":17,"prov_acr":"BS","reg_name":"Lombardia","reg_istat_code":"03","reg_istat_code_num":3,"opdm_id":"2197","com_catasto_code":"L169","com_istat_code":"017185","com_istat_code_num":17185}},
{"type":"Feature","geometry":{"type":"Polygon","coordinates":[[[10.127207237603466,45.498131426706415],[10.125599450212253,45.49487729324439],[10.120787468947487,45.48812370987832],[10.120012385223314,45.48714241895699],[10.117449362303983,45.48565221035749],[10.114225897683777,45.48583186186009],[10.108755175819665,45.484620712970425],[10.105222438955334,45.47852423292],[10.101813719856542,45.474135409567694],[10.100642922310644,45.4727801355295],[10.09897981323364,45.47652263826874],[10.095328964432996,45.48133861259478],[10.09409256034062,45.48222110852616],[10.093824008749042,45.483511946938684],[10.09765307099424,45.4860190328686],[10.098479611008138,45.48631838692217],[10.100006783643039,45.48605060271379],[10.10146224796944,45.48570888780956],[10.10279617418442,45.485390488809294],[10.10357734212507,45.48520881572726],[10.10520320386044,45.48895030507644],[10.105708916535464,45.490705131721484],[10.096896720378535,45.49598261657668],[10.092342153576833,45.498167526698424],[10.08886699189319,45.49939418630464],[10.088410945746586,45.49942181543622],[10.08765266770751,45.49998797495197],[10.087274093841627,45.5004501876243],[10.087661589604341,45.502759779026896],[10.08767211753035,45.50280196620846],[10.087913814754554,45.5035382812241],[10.088001290816724,45.503744780612074],[10.088150588056115,45.50403664300441],[10.088519739481704,45.5046439798731],[10.088658301795084,45.50486212540011],[10.095921724905875,45.51187998822085],[10.102052644988662,45.52059746644121],[10.105266002582042,45.531131961806025],[10.10613012764515,45.53109158868559],[10.106379893682195,45.531078080235524],[10.106967984303225,45.53102625688876],[10.110546144062546,45.53068941284156],[10.112722445578319,45.530476760287044],[10.113377680353487,45.53040706124997],[10.114046141444813,45.530333403973714],[10.11420795347633,45.530312538015885],[10.114323784148272,45.530283871810404],[10.119640759017809,45.529175189197204],[10.137328494305143,45.52542250515171],[10.139837306331858,45.52276889676291],[10.138224167428032,45.51655469936852],[10.136470969027489,45.51634445190126],[10.136445001709399,45.516293795332395],[10.1360179017084,45.515378429174476],[10.135881677508877,45.51508328642274],[10.13390628933266,45.510201620247],[10.129105110684694,45.5030580274003],[10.127207237603466,45.498131426706415]]]},"properties":{"name":"Torbole Casaglia","op_id":"2486","minint_elettorale":"1030151760","minint_finloc":"1030151760","prov_name":"Brescia","prov_istat_code":"017","prov_istat_code_num":17,"prov_acr":"BS","reg_name":"Lombardia","reg_istat_code":"03","reg_istat_code_num":3,"opdm_id":"2198","com_catasto_code":"L210","com_istat_code":"017186","com_istat_code_num":17186}},
{"type":"Feature","geometry":{"type":"Polygon","coordinates":[[[10.631043073923806,45.609508673381576],[10.585234131559336,45.625131303576424],[10.584612271200527,45.6262036900957],[10.583488654522808,45.62936802839979],[10.575360813581208,45.63918354998292],[10.568139742651688,45.64526853096624],[10.567291839421319,45.647080255413364],[10.566585180697468,45.65211245653249],[10.566204529281904,45.659174368638006],[10.565293328445849,45.66148209247569],[10.564461075289849,45.6634016706559],[10.561581957157475,45.66881447727207],[10.560681480635937,45.669672877908],[10.54766811849218,45.67589851758543],[10.545369511598741,45.67682072879889],[10.543364496820203,45.67674883199812],[10.533518557051027,45.675423302048515],[10.531931768921197,45.67514759156158],[10.535258539997576,45.67707408247312],[10.548388527926896,45.68339545840141],[10.552246638118518,45.68963469300264],[10.552040390903336,45.6947139764383],[10.553355434957771,45.69860246015931],[10.556960386281697,45.698904411079376],[10.563801529970569,45.7000980663886],[10.56979901584999,45.70142892392498],[10.57737802586355,45.701432512354316],[10.584515856126638,45.70127972236489],[10.59174389460946,45.69887500870893],[10.592518440032787,45.69855817710436],[10.608441883291395,45.68720999862706],[10.608426666045666,45.686679173045235],[10.608408803242446,45.68560831318193],[10.60848808708354,45.685238171484556],[10.60868703894396,45.685010349194684],[10.61115668767115,45.68291433016196],[10.616725665332025,45.67964934290351],[10.619518421853783,45.67986196863251],[10.623775283546868,45.68090812617354],[10.62743529204551,45.68143258674205],[10.62794892419287,45.681425411967055],[10.63034531310177,45.680815174907075],[10.634318022644209,45.67877820541261],[10.635532590513634,45.67683463750819],[10.645119039040683,45.6705401341856],[10.649003163917948,45.669539671896274],[10.655744901268987,45.66743427203686],[10.68140497233013,45.654721893717635],[10.631043073923806,45.609508673381576]]]},"properties":{"name":"Toscolano-Maderno","op_id":"2487","minint_elettorale":"1030151770","minint_finloc":"1030151770","prov_name":"Brescia","prov_istat_code":"017","prov_istat_code_num":17,"prov_acr":"BS","reg_name":"Lombardia","reg_istat_code":"03","reg_istat_code_num":3,"opdm_id":"2199","com_catasto_code":"L312","com_istat_code":"017187","com_istat_code_num":17187}},
{"type":"Feature","geometry":{"type":"Polygon","coordinates":[[[10.051504986451771,45.508427694330386],[10.047259680395014,45.51011177075051],[10.043230832319537,45.51175364967522],[10.04008291281847,45.51453453290328],[10.037756697736544,45.51690722028241],[10.037877873542405,45.51879555674822],[10.040292990699498,45.521906653519366],[10.040306449121012,45.52145859890284],[10.040343197708673,45.521099407273795],[10.040584641433597,45.52014936213684],[10.042444690411926,45.52046927749425],[10.044975856408396,45.521639002069655],[10.049140978388497,45.52399588720954],[10.051491627924126,45.52730799870489],[10.057431805792017,45.5340345176516],[10.05903787984763,45.53607138588654],[10.059315811193281,45.53836076493783],[10.065124982357064,45.53774600331959],[10.070209291610972,45.53905714058816],[10.081666480492267,45.5391050340116],[10.089768792192537,45.54198691243864],[10.102254839357876,45.54334161713406],[10.105869998463563,45.54346901920023],[10.114875782451696,45.54087197992354],[10.114323784148272,45.530283871810404],[10.11420795347633,45.530312538015885],[10.114046141444813,45.530333403973714],[10.113377680353487,45.53040706124997],[10.112722445578319,45.530476760287044],[10.110546144062546,45.53068941284156],[10.106967984303225,45.53102625688876],[10.106379893682195,45.531078080235524],[10.10613012764515,45.53109158868559],[10.105266002582042,45.531131961806025],[10.102052644988662,45.52059746644121],[10.095921724905875,45.51187998822085],[10.088658301795084,45.50486212540011],[10.088519739481704,45.5046439798731],[10.088150588056115,45.50403664300441],[10.088001290816724,45.503744780612074],[10.087913814754554,45.5035382812241],[10.08767211753035,45.50280196620846],[10.087661589604341,45.502759779026896],[10.087274093841627,45.5004501876243],[10.08765266770751,45.49998797495197],[10.088410945746586,45.49942181543622],[10.083039145903696,45.496958929238524],[10.0789414650852,45.49539396066295],[10.077202487020278,45.49577286958231],[10.074797419220433,45.496931420123346],[10.070906026645345,45.499326988258595],[10.063058335272084,45.505884452775135],[10.054873646464493,45.50821706862522],[10.051504986451771,45.508427694330386]]]},"properties":{"name":"Travagliato","op_id":"2488","minint_elettorale":"1030151780","minint_finloc":"1030151780","prov_name":"Brescia","prov_istat_code":"017","prov_istat_code_num":17,"prov_acr":"BS","reg_name":"Lombardia","reg_istat_code":"03","reg_istat_code_num":3,"opdm_id":"2200","com_catasto_code":"L339","com_istat_code":"017188","com_istat_code_num":17188}},
{"type":"Feature","geometry":{"type":"Polygon","coordinates":[[[10.756350437366498,45.83002690384183],[10.755945299296489,45.82995822378104],[10.755859137177685,45.82982520603473],[10.755061834456011,45.82821733164924],[10.75476943162062,45.8238295016974],[10.7548337673227,45.82219039396698],[10.755000624222372,45.820126664920146],[10.75522150577514,45.81814311874106],[10.756971447088576,45.813210848052606],[10.7678580564087,45.80499626133885],[10.77289428873904,45.80269510248148],[10.777042265489564,45.80080350382383],[10.782709755742223,45.79976111150085],[10.782998049788656,45.79987362722875],[10.783154373724619,45.79987093855547],[10.783664593542156,45.799845129279205],[10.808119608037565,45.796562408381185],[10.80525014395828,45.79304350310918],[10.802409799422467,45.78955107772705],[10.78674664299763,45.76965566755346],[10.785139209596416,45.76755577548754],[10.784062555414645,45.76614917090918],[10.78377004119638,45.76577701438767],[10.77198570117388,45.75077933180104],[10.763133935267508,45.74069593562698],[10.746955038211055,45.74837917658099],[10.73645036304305,45.75922337624702],[10.727542399526016,45.76432686785165],[10.720636754019797,45.77144270458003],[10.713599232674337,45.780612135778235],[10.700094538252095,45.782803094002126],[10.685248307331205,45.78320311941967],[10.673352946309251,45.782054882416666],[10.667925596244922,45.782530305118804],[10.666726019698919,45.78285383615673],[10.665449825631548,45.78492462036863],[10.662610979590237,45.788962296078545],[10.66150895879535,45.7899774053436],[10.64964049406194,45.80067124779631],[10.64927331386621,45.800874561077535],[10.648903744663345,45.80099691162987],[10.648391590781282,45.801085319193724],[10.643383826435773,45.80189552921271],[10.64329942846545,45.801901462472124],[10.642012615382,45.80189611504082],[10.641409401011211,45.80188521312028],[10.643828773357221,45.80295985340476],[10.645025683089365,45.80368126193161],[10.64582857460626,45.80456976671175],[10.647581872648116,45.80679466176899],[10.648375402959342,45.80787666885738],[10.650744467676775,45.81215277584596],[10.653862577718627,45.820606043570166],[10.654527257711255,45.82756951003542],[10.6560655540197,45.83232392349103],[10.673620772888087,45.8311680046369],[10.677074763561256,45.83094347062179],[10.68248991032681,45.8325680465129],[10.690427270836501,45.83632088058417],[10.692077220481943,45.83740061859559],[10.695621772501044,45.83987336038549],[10.706802127027911,45.83649914343479],[10.707242696346034,45.836443248523636],[10.708892115858836,45.83623489532371],[10.70942347408009,45.83617380757018],[10.709893023043112,45.836119825144245],[10.710065332089057,45.83610938457528],[10.710679386420772,45.836072306286106],[10.711012997834601,45.83606262945394],[10.711359898217886,45.8360984023896],[10.716981700051457,45.836807132463335],[10.717294822691601,45.83690869525213],[10.718512206383465,45.83778991972267],[10.720564946836904,45.83932636172551],[10.7208921530572,45.83958153546373],[10.72145479206061,45.84002037718297],[10.721803971748528,45.840384311165245],[10.722051703240636,45.84070599938019],[10.722160873551397,45.84084609227419],[10.722506106762172,45.84118978156492],[10.725849049391572,45.84212782843527],[10.730310729745652,45.84256013727672],[10.731723022468728,45.842646755466994],[10.731936829552337,45.84265535716085],[10.733182114658867,45.84270433170721],[10.734889868707066,45.84272021646485],[10.735080685220828,45.842721989670615],[10.735553304937282,45.84272294848867],[10.735926620558006,45.84264107241741],[10.74515517266382,45.83994758502369],[10.748523600573707,45.83790343217219],[10.751049590069856,45.8359920782625],[10.752157348989016,45.834224927629045],[10.755454390105637,45.830736801205155],[10.756350437366498,45.83002690384183]]]},"properties":{"name":"Tremosine sul Garda","op_id":"2489","minint_elettorale":"1030151790","minint_finloc":"1030151790","prov_name":"Brescia","prov_istat_code":"017","prov_istat_code_num":17,"prov_acr":"BS","reg_name":"Lombardia","reg_istat_code":"03","reg_istat_code_num":3,"opdm_id":"2201","com_catasto_code":"L372","com_istat_code":"017189","com_istat_code_num":17189}},
{"type":"Feature","geometry":{"type":"Polygon","coordinates":[[[10.019191253747438,45.516615530877814],[10.017967498964719,45.51250811820644],[10.02221478330843,45.503593687614114],[10.022880416263897,45.49822289486139],[10.023871942922364,45.495429591975366],[10.02566849760125,45.49261406412249],[10.029254530255967,45.48201871581822],[10.030488541229145,45.47937545247038],[10.032372409377341,45.47555929753824],[10.034286938737628,45.473063649604065],[10.03445896160811,45.47265597554955],[10.0349591374846,45.471424472517086],[10.035077210608055,45.47111301406131],[10.03531678560364,45.47030935747363],[10.035432806669743,45.46990562783523],[10.03514554688121,45.46965294846542],[10.034529407136798,45.46912869293407],[10.026521461901229,45.462596964057624],[10.022079157679965,45.45923684503856],[10.018869197853657,45.4561000827381],[10.014792629033218,45.45287314320109],[10.00083839495867,45.45668631601215],[9.996749733717134,45.45974577886813],[9.995371505176612,45.46028797897133],[9.992004295062737,45.46112184774945],[9.989109727221033,45.46098278711801],[9.986911550475348,45.46087259054212],[9.986825319176063,45.46077484339291],[9.985411990305298,45.459005200564],[9.985338679692948,45.45876680563814],[9.983949138931104,45.454011799597],[9.98152608209578,45.45432412582681],[9.981426620708069,45.454337496720875],[9.974907580453527,45.45653195950978],[9.974781065580908,45.46084449763562],[9.973413848494484,45.46873897881332],[9.970032175641197,45.47637730626279],[9.97191634078441,45.487670394323416],[9.972336251617733,45.49058005907062],[9.9783861298761,45.488346764491126],[9.98058808000708,45.487620668243956],[9.980765560067638,45.487591879845],[9.982039327971457,45.487473353169065],[9.985689332562556,45.48716870876394],[9.994702246281797,45.49381928192454],[9.99578761286848,45.49760106080909],[9.998635206440367,45.50341551970008],[10.001821472757216,45.503211392755865],[10.002831611201547,45.501861977508845],[10.005501192427925,45.49894806511776],[10.006409731157836,45.497970220782456],[10.00727536422728,45.49726527382096],[10.00888846720994,45.49634964230851],[10.009118685515967,45.4962309444866],[10.010605053872155,45.49554672998491],[10.010963359897195,45.495385408664966],[10.011014255678806,45.495366985541935],[10.011078567322476,45.4953521557183],[10.011133716435305,45.495354277855014],[10.011465613034249,45.49543769279321],[10.012828403567598,45.49756162311151],[10.012585277965346,45.50317767465655],[10.012368659562224,45.507293921488056],[10.010555737303795,45.510977734810496],[10.010663731170805,45.516996460346896],[10.019191253747438,45.516615530877814]]]},"properties":{"name":"Trenzano","op_id":"2490","minint_elettorale":"1030151800","minint_finloc":"1030151800","prov_name":"Brescia","prov_istat_code":"017","prov_istat_code_num":17,"prov_acr":"BS","reg_name":"Lombardia","reg_istat_code":"03","reg_istat_code_num":3,"opdm_id":"2202","com_catasto_code":"L380","com_istat_code":"017190","com_istat_code_num":17190}},
{"type":"Feature","geometry":{"type":"Polygon","coordinates":[[[10.51450512299751,45.731778965729454],[10.51701538823774,45.72655235894073],[10.516175165437216,45.726447876210976],[10.515199452643117,45.72601036280466],[10.514200103898315,45.72552139765218],[10.504505548217532,45.72022622120984],[10.499031273197547,45.71390652795083],[10.494319887196024,45.7044009663286],[10.493107794432605,45.69664372767592],[10.483850868413843,45.692507828357265],[10.481247737665168,45.69210233357954],[10.479321915209928,45.6919383354139],[10.476910515555089,45.692206191842],[10.471819401634193,45.692375434570465],[10.470574276932178,45.69251651215213],[10.4699006765651,45.692778656698984],[10.466054878553733,45.69500743812648],[10.46195450582954,45.69778412466613],[10.460033165485985,45.69865129976051],[10.4592391917935,45.69896151722494],[10.458706120674428,45.69911121511005],[10.457686901034652,45.69938618825767],[10.457079321475778,45.69954635228569],[10.456004743642838,45.6998171344531],[10.452682246846702,45.70003867542657],[10.451055767821511,45.70009943609222],[10.449720465570087,45.700123657595846],[10.444206167866268,45.700139397030306],[10.436249493208358,45.70216920794295],[10.432788157287925,45.70305499226155],[10.430551762351039,45.70349950288392],[10.430274773577358,45.70355455463195],[10.429331249293012,45.70563860079117],[10.427605439248568,45.70998380571057],[10.427899631296883,45.713310323005174],[10.429122210738305,45.716786888076925],[10.430050447986806,45.717957194372],[10.432605652229839,45.720125395258975],[10.434127400118028,45.721330123516495],[10.435554809521692,45.72183847345182],[10.443321343709286,45.7306500647066],[10.44808820565183,45.73030767518225],[10.451442335075644,45.728783125860105],[10.456186328824147,45.726152439622936],[10.4576807145308,45.72454911301044],[10.460029901001827,45.7229673548154],[10.465334241842086,45.721338747872146],[10.467644530828826,45.720951852675476],[10.471289717009997,45.72087574274307],[10.48413685705683,45.726022001164594],[10.494484670004326,45.72829480322477],[10.50934276067805,45.73322134607565],[10.510776031993425,45.73304917721986],[10.512384557086285,45.73275467087298],[10.51303848870633,45.73245379487325],[10.51450512299751,45.731778965729454]]]},"properties":{"name":"Treviso Bresciano","op_id":"2491","minint_elettorale":"1030151810","minint_finloc":"1030151810","prov_name":"Brescia","prov_istat_code":"017","prov_istat_code_num":17,"prov_acr":"BS","reg_name":"Lombardia","reg_istat_code":"03","reg_istat_code_num":3,"opdm_id":"2203","com_catasto_code":"L406","com_istat_code":"017191","com_istat_code_num":17191}},
{"type":"Feature","geometry":{"type":"Polygon","coordinates":[[[9.869248816242854,45.49527114417121],[9.867716700914832,45.49544474424956],[9.8664391007525,45.49559480772289],[9.86502214326904,45.49583421732716],[9.864657838890215,45.49590305409347],[9.864575515091632,45.495918651581285],[9.864091440983241,45.49606632327287],[9.863685505442856,45.4963034154694],[9.863607645965011,45.49639760721305],[9.863398856255124,45.49665044844347],[9.863371310712399,45.49668380611721],[9.863185545539832,45.49709026576663],[9.863087407007942,45.49737004680891],[9.863067739566562,45.4977572397122],[9.863071951713874,45.49780775117231],[9.863112608733527,45.498144276179325],[9.863322473631372,45.49851142154683],[9.86378924756895,45.49890395235622],[9.864656776365964,45.499554463666236],[9.8645477260261,45.50413684341093],[9.862540370959698,45.51015575692818],[9.858801175269317,45.51598059565625],[9.852763804095725,45.519752284018764],[9.852594509620939,45.529735692337816],[9.852816710567076,45.53257832010871],[9.853343628072805,45.53996142455193],[9.85471602516612,45.54297832468139],[9.85760798154499,45.54615201217025],[9.862065915960414,45.54531733996437],[9.862959457592058,45.54511255649028],[9.867062668158395,45.542876232485796],[9.867560879791087,45.54255699032157],[9.867376393552687,45.53934936192361],[9.86737505009525,45.537078666402614],[9.868501632842905,45.5355439882633],[9.868955912019157,45.534942761387455],[9.8689831244797,45.534908671534325],[9.869105764242684,45.53475503753691],[9.869508521679416,45.53425785704021],[9.869795873453713,45.533914932665716],[9.870056447449805,45.533608098904594],[9.870104316916294,45.533561306595374],[9.876715650406853,45.52723467880016],[9.876939544360603,45.52710665652432],[9.87705503563202,45.52705113305695],[9.877167068758332,45.527005474242564],[9.877388950624399,45.52694913337623],[9.87751684993289,45.52693148981639],[9.87771458457646,45.52690924100767],[9.881134373498622,45.526562589105325],[9.88297931390667,45.52640480143612],[9.883580276137065,45.52635917220629],[9.883777096527119,45.52634587607639],[9.88431351098101,45.52631458610069],[9.886609384249436,45.526185228749824],[9.88923762970402,45.526041212703646],[9.89088910582041,45.52594775698033],[9.892073170164354,45.5258666400349],[9.892283817947465,45.52584466389328],[9.894087672367288,45.523815891129196],[9.894117228668478,45.52197477727587],[9.893736511214643,45.515260201533195],[9.88718027710151,45.50669245502898],[9.889539352229043,45.506677662836616],[9.891022437994472,45.50666299603443],[9.893683763716531,45.506635356517975],[9.894284934319613,45.506623171372105],[9.894458649872156,45.506612035917954],[9.89475422712334,45.50657224914833],[9.895170086205919,45.50650755797225],[9.895763254073616,45.50641142009235],[9.897275409938453,45.506162668204844],[9.900507803301629,45.50562197775058],[9.901665600905988,45.50542541313824],[9.90231544143013,45.5053100264279],[9.903137503231068,45.5051282321365],[9.905408735693147,45.50458843224849],[9.906010276667574,45.50363348778391],[9.903781398280342,45.50036329179618],[9.897234744139505,45.50136446696604],[9.886014059812345,45.50330628254137],[9.88527582726455,45.5035730344649],[9.88364517194071,45.50407171682051],[9.881842753785282,45.50341056676298],[9.87655111533751,45.50122356845343],[9.873115506875388,45.499436176917975],[9.871941647611793,45.49876044144714],[9.869464478516983,45.495861333440374],[9.869248816242854,45.49527114417121]]]},"properties":{"name":"Urago d'Oglio","op_id":"2492","minint_elettorale":"1030151820","minint_finloc":"1030151820","prov_name":"Brescia","prov_istat_code":"017","prov_istat_code_num":17,"prov_acr":"BS","reg_name":"Lombardia","reg_istat_code":"03","reg_istat_code_num":3,"opdm_id":"2204","com_catasto_code":"L494","com_istat_code":"017192","com_istat_code_num":17192}},
{"type":"Feature","geometry":{"type":"Polygon","coordinates":[[[10.359440281423444,45.61806113378688],[10.359274707369618,45.61896044092181],[10.35918881379338,45.61945014525042],[10.359146396924245,45.62106384458309],[10.359732659617869,45.6219813410965],[10.360033854678226,45.62227133334608],[10.361181424105261,45.623322208980674],[10.371112123637609,45.62683499813163],[10.372502110711196,45.62736872353218],[10.37309611375107,45.62676801418819],[10.374109203194676,45.62587729389614],[10.37452346053866,45.625539745429215],[10.37615499538076,45.62438210467051],[10.377349654156752,45.62354965866065],[10.378692512344294,45.6226836377623],[10.379221800838224,45.62238234816525],[10.380704996643935,45.62237495988066],[10.381744004726091,45.62247669911034],[10.383031147992396,45.6237846361342],[10.389773052218723,45.62869730804023],[10.397086509417862,45.62966195879832],[10.398604084924347,45.630246362414816],[10.401172090338152,45.631598537991884],[10.403060695278665,45.632723141522064],[10.40492544378668,45.6355201278646],[10.410531958443608,45.62861296458474],[10.41374179045299,45.623522175503616],[10.413886614407351,45.62328890424061],[10.41411384206549,45.622688821084104],[10.413188343122616,45.621840095366125],[10.412434039350439,45.621157860880885],[10.411865294749203,45.62064765015166],[10.411805815993985,45.620571552821765],[10.411857786997485,45.62042420311716],[10.41188215112707,45.620367699702996],[10.41205024849359,45.61997982979847],[10.412147759922822,45.619863357431825],[10.415211744132609,45.61668609145812],[10.416166007654864,45.61593818840115],[10.418970133869594,45.61502602188724],[10.420732427648261,45.612703891955654],[10.419497605250893,45.607217181109014],[10.415189142269137,45.606520194616614],[10.405245495132945,45.606034686831194],[10.40287022544698,45.59433124149833],[10.401588386586958,45.59258763628075],[10.40099250926748,45.59272423250213],[10.400699075727085,45.59278182506506],[10.40035390579773,45.592822058121364],[10.397912159408538,45.59310400008349],[10.395734483067518,45.59266259256297],[10.394756638946326,45.59234362076433],[10.393211418758158,45.592432974157425],[10.386958719046081,45.59308674204129],[10.364818239616202,45.59622922864084],[10.364645809323845,45.59627133452116],[10.36276098099583,45.596896354021965],[10.362553747255891,45.596971343200856],[10.362393531973344,45.59702986185184],[10.358562261231004,45.599107641495145],[10.357936138813843,45.599562690260065],[10.35766788823346,45.59980376730996],[10.35748010015069,45.60010559849146],[10.35931249356487,45.601616275459776],[10.362044513398434,45.60609292561773],[10.361989862521447,45.610439105137466],[10.360927106109594,45.61411539036149],[10.359440281423444,45.61806113378688]]]},"properties":{"name":"Vallio Terme","op_id":"2493","minint_elettorale":"1030151830","minint_finloc":"1030151830","prov_name":"Brescia","prov_istat_code":"017","prov_istat_code_num":17,"prov_acr":"BS","reg_name":"Lombardia","reg_istat_code":"03","reg_istat_code_num":3,"opdm_id":"2205","com_catasto_code":"L626","com_istat_code":"017193","com_istat_code_num":17193}},
{"type":"Feature","geometry":{"type":"Polygon","coordinates":[[[10.56496421110589,45.728866732536495],[10.56313948264721,45.73117793454013],[10.563020792878193,45.731530590076545],[10.562998814993064,45.73212493158691],[10.563151731611606,45.73484107601545],[10.563369597735802,45.7352791366619],[10.563884506096274,45.7357671219552],[10.565536382911564,45.736923598040995],[10.566372042953594,45.73738918457286],[10.568165093583731,45.739452756797405],[10.56949918797808,45.74118957911799],[10.570134151451734,45.742287954689935],[10.57086562124778,45.74774136710128],[10.570884554250409,45.748416162429656],[10.570849308206594,45.74899269548624],[10.570393749684644,45.75016904768723],[10.570269908866802,45.75044959388878],[10.570133877211887,45.75075769431788],[10.567007593112864,45.756426092623755],[10.5649264826986,45.75925386536828],[10.559942823819883,45.76545152195803],[10.558679527547655,45.7667288813892],[10.5568555033512,45.768193876177534],[10.556058073526945,45.768654773346604],[10.554834632822958,45.7690584623597],[10.553101671448802,45.769640074806254],[10.5525447383195,45.76996267520135],[10.547196469793835,45.77430609741296],[10.550069683099643,45.775792738562224],[10.551586134325904,45.776672219274026],[10.550777432218375,45.7781233160524],[10.550052192772071,45.77933926118491],[10.548840400511343,45.78110184431988],[10.548194883504435,45.78194765889881],[10.545423851039647,45.784659203671126],[10.553673584938238,45.78393332165916],[10.560094146050092,45.78424682345224],[10.564265414356468,45.784564180599794],[10.574668338554384,45.78698377704266],[10.581148942740322,45.789516194417594],[10.58197622403477,45.79182669591177],[10.582389956701125,45.79429547477891],[10.586067937860655,45.796374101166045],[10.589082903950763,45.79787116900219],[10.58922621924261,45.79792898527856],[10.589707221955626,45.798123029096736],[10.59032533928544,45.798298188452634],[10.591020105948346,45.798462536301166],[10.597677619760754,45.79973524732045],[10.601942096128184,45.798145888471446],[10.608748856918654,45.79858127762277],[10.612979168793629,45.79579438905026],[10.613262026320122,45.79444928911867],[10.612572025690191,45.790156704886556],[10.611498370314923,45.78772367360478],[10.604564334185994,45.78056670654551],[10.601075584344956,45.769688770677064],[10.604507633208211,45.766931399918114],[10.61296171496583,45.77021460679406],[10.616770465331113,45.76938670181524],[10.620218641961424,45.76854577397483],[10.620004024693047,45.76601961089743],[10.620152310090349,45.763146266222606],[10.621875620467405,45.76004355771329],[10.62207396525027,45.75978871846716],[10.62247928560305,45.759575953135155],[10.623349704069318,45.75943757400985],[10.624660754963452,45.759418934222325],[10.629142166318342,45.76052519258296],[10.631620575167396,45.76129090088028],[10.633682777741793,45.76233250612682],[10.639106245453606,45.762659848364684],[10.641135120622717,45.76255869664659],[10.641620925409173,45.762461723008705],[10.641950136434826,45.76228596495178],[10.642341730053975,45.76204632132068],[10.642642311451977,45.76177196662629],[10.642752465624099,45.761581383374946],[10.642882763093352,45.76120147427188],[10.643509225824285,45.75888826926617],[10.645169304797557,45.75412097038593],[10.641626168581478,45.75211975017798],[10.63916476642456,45.75077348757501],[10.625239269615813,45.7430293045348],[10.621546392937743,45.741578659293175],[10.617921347927583,45.74024394997553],[10.615855720613377,45.739490112736135],[10.604752278385446,45.73340815783188],[10.595114375282288,45.73246401742632],[10.581748201290356,45.72930159302616],[10.577207438604253,45.72778924932321],[10.572499399454534,45.72626101797067],[10.571711233056966,45.72610985209353],[10.569674978850458,45.72682190693341],[10.569102421343917,45.72702780505822],[10.568454561384552,45.72729772322571],[10.56496421110589,45.728866732536495]]]},"properties":{"name":"Valvestino","op_id":"2494","minint_elettorale":"1030151850","minint_finloc":"1030151850","prov_name":"Brescia","prov_istat_code":"017","prov_istat_code_num":17,"prov_acr":"BS","reg_name":"Lombardia","reg_istat_code":"03","reg_istat_code_num":3,"opdm_id":"2206","com_catasto_code":"L468","com_istat_code":"017194","com_istat_code_num":17194}},
{"type":"Feature","geometry":{"type":"Polygon","coordinates":[[[10.107681823328745,45.331357161863515],[10.106968381251594,45.326965012068385],[10.110687898044569,45.32023608236463],[10.116560732556257,45.31745130713295],[10.118952144257829,45.31698773090711],[10.119041055561555,45.31696142435531],[10.119091349409384,45.31693154812507],[10.119100772693395,45.3168674465321],[10.11769286932887,45.314435739958185],[10.116494930148418,45.31240142884437],[10.115528681797107,45.31078298598942],[10.115050232422297,45.30998222746275],[10.114999374256112,45.31015285326291],[10.114755600195402,45.310217367365304],[10.112974584169597,45.31056504653769],[10.11218266202195,45.3107180719488],[10.111583665571185,45.31083191489355],[10.110055089051924,45.31112241360228],[10.107963345198588,45.310432727748584],[10.10117883488108,45.3080409146547],[10.099420168792314,45.3069272758176],[10.090102547769453,45.3059227561049],[10.08661951944948,45.305762058012455],[10.080268232228988,45.30554769586752],[10.065375043061726,45.3019810879441],[10.061331995404844,45.30010134256473],[10.060523856812868,45.30442876616235],[10.057846964287153,45.31403910393959],[10.060822969556986,45.31944758611891],[10.061273327073803,45.32020628264214],[10.06177078962383,45.32099718306507],[10.062304625990258,45.321827007132654],[10.06799279178376,45.333736334762726],[10.07091309708367,45.34003012031129],[10.072926721388912,45.341497496560535],[10.075289599458754,45.34462982351208],[10.078244051741125,45.35081389283636],[10.076842209637292,45.351316659791216],[10.075927033076056,45.35163085534736],[10.073299627631902,45.35249540699715],[10.070909326046873,45.352692193571606],[10.057374573301924,45.3487004678184],[10.054330615635617,45.3468939114184],[10.04914577196328,45.345644835225826],[10.047615380621796,45.34593641473393],[10.041792051213926,45.34708564817404],[10.040607555352006,45.34734606188278],[10.03828118764717,45.347881883385334],[10.03709675135542,45.3481559431063],[10.036967272682336,45.34818817540795],[10.036753839231507,45.348246631056284],[10.035510635729796,45.3490249858971],[10.035459961587245,45.34963041885106],[10.046468365260498,45.364689434905635],[10.047979280952172,45.36675438291704],[10.048089998520824,45.36690329362284],[10.051577280862963,45.37141535808313],[10.05278155727285,45.37288205184551],[10.056670643187584,45.375030044866214],[10.057031128382514,45.37503994013143],[10.069114996042112,45.37421048547468],[10.073198109930193,45.37375647148817],[10.075294837497337,45.37010617842337],[10.078799589420194,45.36576249089776],[10.086732634773902,45.3651555152285],[10.087083693577636,45.365102810706404],[10.087639925393546,45.36496167520618],[10.088018354363946,45.36480114080338],[10.088573926941054,45.36454935320669],[10.089129645368914,45.36426549862889],[10.092417429813858,45.36217384133013],[10.09667017375575,45.35790609255222],[10.10169867548991,45.35407334717841],[10.104155139575418,45.3526371825974],[10.103499425388367,45.34683560473159],[10.102086942550361,45.343834612781194],[10.101354807291877,45.33829787259639],[10.101318094679957,45.33744374985152],[10.105128303526502,45.332184097612135],[10.107681823328745,45.331357161863515]]]},"properties":{"name":"Verolanuova","op_id":"2495","minint_elettorale":"1030151860","minint_finloc":"1030151860","prov_name":"Brescia","prov_istat_code":"017","prov_istat_code_num":17,"prov_acr":"BS","reg_name":"Lombardia","reg_istat_code":"03","reg_istat_code_num":3,"opdm_id":"2207","com_catasto_code":"L777","com_istat_code":"017195","com_istat_code_num":17195}},
{"type":"Feature","geometry":{"type":"Polygon","coordinates":[[[10.025338096204303,45.33571801597324],[10.035510635729796,45.3490249858971],[10.036753839231507,45.348246631056284],[10.036967272682336,45.34818817540795],[10.03709675135542,45.3481559431063],[10.03828118764717,45.347881883385334],[10.040607555352006,45.34734606188278],[10.041792051213926,45.34708564817404],[10.047615380621796,45.34593641473393],[10.04914577196328,45.345644835225826],[10.054330615635617,45.3468939114184],[10.057374573301924,45.3487004678184],[10.070909326046873,45.352692193571606],[10.073299627631902,45.35249540699715],[10.075927033076056,45.35163085534736],[10.076842209637292,45.351316659791216],[10.078244051741125,45.35081389283636],[10.075289599458754,45.34462982351208],[10.072926721388912,45.341497496560535],[10.07091309708367,45.34003012031129],[10.06799279178376,45.333736334762726],[10.062304625990258,45.321827007132654],[10.06177078962383,45.32099718306507],[10.061273327073803,45.32020628264214],[10.060822969556986,45.31944758611891],[10.057846964287153,45.31403910393959],[10.060523856812868,45.30442876616235],[10.061331995404844,45.30010134256473],[10.061635747575766,45.29907467627976],[10.062695435215236,45.29582476393198],[10.067418410095062,45.293333261785016],[10.062426718386504,45.279083412446944],[10.06220396834137,45.27678031830449],[10.05898661352032,45.27767848520956],[10.049526031701188,45.280381774925836],[10.039414699251596,45.27896200160397],[10.035317840955614,45.27824465585488],[10.029280573133207,45.27678092565538],[10.019359850284886,45.284039958755685],[10.019341959592571,45.284496329209446],[10.020236793177364,45.28622783928881],[10.02108479942361,45.287613378946915],[10.021870622292846,45.28874186939231],[10.025823172433121,45.291404664283355],[10.03204364674075,45.29361818966732],[10.034002233062932,45.29796444998022],[10.036869588748939,45.30643533811288],[10.037167008521921,45.308997223570735],[10.035265467949241,45.31935761259161],[10.027697722990426,45.32863388394098],[10.025338096204303,45.33571801597324]]]},"properties":{"name":"Verolavecchia","op_id":"2496","minint_elettorale":"1030151870","minint_finloc":"1030151870","prov_name":"Brescia","prov_istat_code":"017","prov_istat_code_num":17,"prov_acr":"BS","reg_name":"Lombardia","reg_istat_code":"03","reg_istat_code_num":3,"opdm_id":"2208","com_catasto_code":"L778","com_istat_code":"017196","com_istat_code_num":17196}},
{"type":"Feature","geometry":{"type":"Polygon","coordinates":[[[10.399814974205482,45.69783777245002],[10.394075396174097,45.69723841604131],[10.388439407182638,45.69501287910782],[10.384382436979244,45.69083406870657],[10.375071979238403,45.6882355433022],[10.368733772924214,45.69371197355315],[10.36580289211215,45.69669912951713],[10.365734228818084,45.696716170081],[10.363578787909871,45.69710282900642],[10.362412142880885,45.69728416606624],[10.360965104079407,45.69750476379076],[10.360778895268785,45.697531842644274],[10.364675824878372,45.6990387157565],[10.366634839046228,45.69983828744726],[10.37051285237492,45.701495054552154],[10.376225656962587,45.705629552354615],[10.376781536756749,45.70612057488731],[10.377219987043116,45.706672542297014],[10.377264934509679,45.706742109939256],[10.37746731511222,45.707055346308046],[10.377641268003101,45.70735568667842],[10.377852456766043,45.707788943482356],[10.377976069548303,45.70811609203345],[10.378041761031058,45.708298674218014],[10.378364024784693,45.709903072359616],[10.378412276739096,45.71029850562162],[10.38035061021939,45.71209420226919],[10.3892578971513,45.716773478557364],[10.389364172826758,45.71719699932342],[10.389425523827201,45.71764727689518],[10.389494731946378,45.71837091373676],[10.389056818996119,45.72347644463497],[10.390738141852802,45.723537759813766],[10.394611342740902,45.72386149926499],[10.401454493054032,45.72545951046501],[10.410933425040099,45.727683681032936],[10.415944293136834,45.72968750619168],[10.416528296312128,45.72992138011651],[10.418512241362563,45.73071834812517],[10.419766424496217,45.731393175942166],[10.425065813403924,45.72589850537467],[10.431253102685835,45.72350000543434],[10.435554809521692,45.72183847345182],[10.434127400118028,45.721330123516495],[10.432605652229839,45.720125395258975],[10.430050447986806,45.717957194372],[10.429122210738305,45.716786888076925],[10.427899631296883,45.713310323005174],[10.427605439248568,45.70998380571057],[10.429331249293012,45.70563860079117],[10.430274773577358,45.70355455463195],[10.430551762351039,45.70349950288392],[10.432788157287925,45.70305499226155],[10.429675453083005,45.702012844001175],[10.421516477807161,45.70086210877959],[10.419393567303223,45.70104569940158],[10.414257277789778,45.70141427672488],[10.41006310501313,45.70113753307946],[10.40770529656495,45.700703791856384],[10.40233441019081,45.69932282557086],[10.402247145299688,45.69929889241294],[10.401675814562683,45.69908086455196],[10.401512616620908,45.69898857468386],[10.40062020248278,45.69845440832059],[10.400148513517431,45.69814227085487],[10.399847378949817,45.697893243823664],[10.399814974205482,45.69783777245002]]]},"properties":{"name":"Vestone","op_id":"2497","minint_elettorale":"1030151880","minint_finloc":"1030151880","prov_name":"Brescia","prov_istat_code":"017","prov_istat_code_num":17,"prov_acr":"BS","reg_name":"Lombardia","reg_istat_code":"03","reg_istat_code_num":3,"opdm_id":"2209","com_catasto_code":"L812","com_istat_code":"017197","com_istat_code_num":17197}},
{"type":"Feature","geometry":{"type":"Polygon","coordinates":[[[10.339112438227211,46.28627617172402],[10.345076174789666,46.289889352249105],[10.346900816036753,46.29048664731814],[10.35426583439732,46.291695633783775],[10.354995559066438,46.29180397325679],[10.35576311874053,46.291866886408606],[10.356527987709754,46.29182181561747],[10.35760935527793,46.291448966444705],[10.371423735933929,46.29355205994234],[10.386396262446096,46.30445937193577],[10.398447450141656,46.31619245936286],[10.408558778317643,46.32503221686409],[10.419708740291233,46.33371418609556],[10.427199517114575,46.3364738756633],[10.432763810333691,46.33708824844471],[10.433032604426723,46.33243393250351],[10.438066405727373,46.32149659146647],[10.440783952576048,46.31675568557165],[10.434591494436228,46.31270823853283],[10.430622733983954,46.31099723582884],[10.421692910367376,46.300775656771435],[10.419374057724086,46.29513009783429],[10.423971323217769,46.289905180037735],[10.426233936433832,46.2846960089076],[10.423677863312042,46.28054266435989],[10.41842505229312,46.274395038317216],[10.411069769313263,46.26603897731668],[10.410694070555879,46.25630057666529],[10.416433845632607,46.25054649232806],[10.421386470470694,46.24518846587232],[10.423971948078,46.24028140402691],[10.424184986992021,46.23956702886003],[10.424202930145755,46.23950685935217],[10.42422811172458,46.2394083277026],[10.424004633138448,46.2394366721973],[10.423774176117854,46.23948577546491],[10.423672467577259,46.23950744636098],[10.423122613047969,46.23965347065968],[10.422374385901925,46.239883537661825],[10.422220551489795,46.239948776365374],[10.41792016863068,46.238559020323265],[10.420039588602743,46.23133596971388],[10.423169678785218,46.22517635292569],[10.425145921769555,46.22159011811097],[10.427169452210215,46.219198498413455],[10.430637672976681,46.21465095262272],[10.432800823427547,46.211494244789776],[10.433453605618224,46.21044192848413],[10.433634620224646,46.21006081588038],[10.43383300911228,46.20952350379592],[10.433846502543082,46.209221587223645],[10.432635888340629,46.20463773601208],[10.432559414512722,46.20479399184062],[10.431671589964838,46.20481975000774],[10.431457489772093,46.204818858478056],[10.427780566691554,46.20455486530707],[10.401322166043732,46.198989559034224],[10.399414667581318,46.198476111342984],[10.398155652970848,46.199599557467586],[10.397744846380421,46.19997377646013],[10.395807492145583,46.202597680197734],[10.395634673191307,46.20310247485491],[10.395606613159794,46.20354479591833],[10.395666678775717,46.203749958499166],[10.39573514080017,46.20393399420866],[10.39583044302248,46.20404873410805],[10.39634534908531,46.20608206317831],[10.39380142561539,46.21392915944148],[10.392521048449021,46.21718176359681],[10.392362871170324,46.21757263925593],[10.391549508563529,46.219103688455085],[10.390587348610078,46.21948535623882],[10.389494704528271,46.2199176707147],[10.389364047622976,46.219968867502615],[10.388947701261497,46.22013200527309],[10.387957013144916,46.22041436720129],[10.386377295133414,46.22086837737004],[10.38620627398613,46.2210138411766],[10.375051503730488,46.231205909189356],[10.372593236112637,46.23350610375849],[10.37284128487962,46.24037364923484],[10.370434094044594,46.24853099783775],[10.362582526439217,46.255419790931626],[10.357396128610072,46.260400000533906],[10.349142039185901,46.275327275583344],[10.349101313422414,46.27572516543709],[10.348918176139444,46.27596566140695],[10.348202534779963,46.276431862441555],[10.347296058677333,46.2770099013957],[10.34699028196744,46.2771792310288],[10.344712110544759,46.278152691354414],[10.342705470423851,46.27846375632158],[10.341329833281279,46.27854997066359],[10.339112438227211,46.28627617172402]]]},"properties":{"name":"Vezza d'Oglio","op_id":"2498","minint_elettorale":"1030151890","minint_finloc":"1030151890","prov_name":"Brescia","prov_istat_code":"017","prov_istat_code_num":17,"prov_acr":"BS","reg_name":"Lombardia","reg_istat_code":"03","reg_istat_code_num":3,"opdm_id":"2210","com_catasto_code":"L816","com_istat_code":"017198","com_istat_code_num":17198}},
{"type":"Feature","geometry":{"type":"Polygon","coordinates":[[[10.165839456889978,45.62970245968217],[10.162153557106384,45.635653418049294],[10.167096639217766,45.65131817262347],[10.168080063178556,45.65352422351122],[10.16815055133363,45.653625456257664],[10.168255910140068,45.65376858270808],[10.168432771444474,45.65393611819639],[10.168671958248526,45.65416269015274],[10.171647824234052,45.656081221978894],[10.172742596300006,45.65670834254289],[10.173765685969958,45.65720426255996],[10.175093379298067,45.65775176052182],[10.17558718193343,45.65792027691531],[10.180665102779114,45.65506982207661],[10.18221772991844,45.6544213852016],[10.182272817582366,45.65440859179028],[10.182906155547458,45.65427450075976],[10.183428238097228,45.65419341326189],[10.183848332453246,45.65415368658547],[10.184403648929235,45.65417642698625],[10.186969622888288,45.65433470754165],[10.187844544955693,45.65443641422029],[10.198651949820382,45.651607711327564],[10.198069130582114,45.64710788259173],[10.200650248917409,45.64083640898171],[10.200923050518147,45.640751623532005],[10.201864577296213,45.640558182472724],[10.20254987232805,45.64042335349817],[10.203275513874328,45.64028058140309],[10.203354466361723,45.64026676130593],[10.203727707160692,45.64022031717886],[10.20382867503843,45.64021112526827],[10.204250008109733,45.6401940287511],[10.209419507745604,45.64257755408255],[10.226547540038467,45.64389136465304],[10.231027720366232,45.64581200293316],[10.2319043224456,45.644938009390664],[10.232074263286627,45.64476637357117],[10.232267860497203,45.64456578726211],[10.231667310252684,45.63909943189025],[10.232051903138546,45.63700934140548],[10.22815021422804,45.63696844823463],[10.226681169323118,45.63666703997298],[10.224617136582722,45.635615777314754],[10.224051113301964,45.63508363161623],[10.223640602585641,45.634646874657214],[10.22187679414257,45.63170459063187],[10.22055017623891,45.62938850345587],[10.219339343781057,45.62802990207434],[10.216279361527498,45.62464818626994],[10.215900724823047,45.624232634027194],[10.215774523558252,45.624134994463645],[10.214174155133332,45.623251920780426],[10.213466903908976,45.62293543710509],[10.213164411703483,45.622804517592265],[10.202947902290182,45.61995782461189],[10.198004107739665,45.61926760636861],[10.194128226405619,45.6189559016561],[10.186401429998625,45.61859268146702],[10.184097413321513,45.61871216679194],[10.175823288868019,45.620396295220054],[10.173796652242684,45.62130382863662],[10.165839456889978,45.62970245968217]]]},"properties":{"name":"Villa Carcina","op_id":"2499","minint_elettorale":"1030151900","minint_finloc":"1030151900","prov_name":"Brescia","prov_istat_code":"017","prov_istat_code_num":17,"prov_acr":"BS","reg_name":"Lombardia","reg_istat_code":"03","reg_istat_code_num":3,"opdm_id":"2211","com_catasto_code":"L919","com_istat_code":"017199","com_istat_code_num":17199}},
{"type":"Feature","geometry":{"type":"Polygon","coordinates":[[[9.94415608382482,45.355060751459526],[9.944221607725146,45.354475255165525],[9.94422405106333,45.3541815379571],[9.944158068359863,45.34989965750201],[9.944134819367376,45.34907414347579],[9.942016773145214,45.34789410636803],[9.941828093790068,45.34792910262902],[9.94162019892583,45.34793156395977],[9.941331403066883,45.3478866513243],[9.941220970417476,45.347860512298425],[9.941154281329887,45.3478226079406],[9.941134671497538,45.34776547569203],[9.941035177885933,45.34743266801021],[9.940869408950242,45.34672697452817],[9.940495560404933,45.344787859259895],[9.940124366250469,45.34207671541361],[9.940338128180535,45.34096042038103],[9.945080419205203,45.33771009798372],[9.945545802227276,45.334184591907196],[9.937147483824276,45.33199391654963],[9.93532455331334,45.33196098167806],[9.935137802578772,45.33195357253798],[9.934891155607287,45.33189388712079],[9.934641058646061,45.331828477500345],[9.932593863106458,45.330243797899875],[9.932527035159792,45.33003484461278],[9.932538040407326,45.32996593892314],[9.93274095870736,45.32901900702454],[9.932807799179862,45.328861202741535],[9.930485618603798,45.32841892295089],[9.928894103816505,45.32863891996502],[9.924604445107002,45.3308700463131],[9.922798362636303,45.33202783049127],[9.921890425908439,45.332701266572464],[9.921613646911556,45.33294652500764],[9.921450699369194,45.33312787343618],[9.921339932025212,45.33338080748201],[9.9212434014702,45.333723642478766],[9.91554338496117,45.336281728992105],[9.911388730610412,45.337556281235436],[9.909115785224982,45.33748439071766],[9.903909555698954,45.33755270559654],[9.898710051980208,45.33804380425686],[9.897989475137175,45.33848152780126],[9.894765596968176,45.34124323997238],[9.894052317178836,45.342148957509366],[9.886878222630411,45.35354654160475],[9.8858921178357,45.355804534535494],[9.883327742810454,45.35756164382206],[9.888682877650316,45.36057273564315],[9.889386074873626,45.35990745343989],[9.89213720943587,45.360153312135],[9.894298221217289,45.360658337763184],[9.894700095425035,45.36078548060073],[9.894776865489158,45.36085032362559],[9.895016698523918,45.36106123676177],[9.89508257513849,45.36113521581923],[9.895132712824466,45.36123699739787],[9.895171390052276,45.361369077367165],[9.8955976630427,45.3643089028076],[9.897905358827021,45.36859226317047],[9.901276153763122,45.372921800754156],[9.902196531475957,45.372980946060196],[9.90311460151789,45.37304125796874],[9.903704670660618,45.37308001846478],[9.904328279994564,45.373122384526475],[9.908029978559316,45.373612572388836],[9.908460368991129,45.373678874246934],[9.909754334578711,45.37395210796511],[9.912668541609944,45.37456882648442],[9.91272089947327,45.37458122599833],[9.912767003322374,45.37462006741992],[9.91280438068044,45.37469757634363],[9.912950748956623,45.37520917716322],[9.91300450870472,45.37539753265683],[9.913713363595297,45.37798462905744],[9.913843773098014,45.37847234324043],[9.91368848608885,45.378488733088886],[9.913504897723895,45.3785034300071],[9.912080881727876,45.379981203884796],[9.912509630569435,45.3834809723202],[9.912885840290372,45.38458992847803],[9.917514508499782,45.38418608801335],[9.920314164382853,45.38392930321624],[9.92075947351653,45.38388676530967],[9.92553324370581,45.382522130621304],[9.925852276407102,45.380739368465754],[9.925952066444612,45.37893691525473],[9.92566197811361,45.37540000679147],[9.925229528077919,45.37035291894527],[9.928482202767968,45.36877423881772],[9.937042944199396,45.364709591492996],[9.94415608382482,45.355060751459526]]]},"properties":{"name":"Villachiara","op_id":"2500","minint_elettorale":"1030151910","minint_finloc":"1030151910","prov_name":"Brescia","prov_istat_code":"017","prov_istat_code_num":17,"prov_acr":"BS","reg_name":"Lombardia","reg_istat_code":"03","reg_istat_code_num":3,"opdm_id":"2212","com_catasto_code":"L923","com_istat_code":"017200","com_istat_code_num":17200}},
{"type":"Feature","geometry":{"type":"Polygon","coordinates":[[[10.477545911579424,45.602078756182685],[10.47770411039791,45.60150393507774],[10.477679955763481,45.60005948251742],[10.476989731806542,45.59892687194654],[10.47546074931373,45.59761437245991],[10.471442094431602,45.595823334231916],[10.457811917509503,45.59082710189678],[10.453096436941442,45.592127625493816],[10.444258985696653,45.59461668747941],[10.442475282215916,45.595190281347506],[10.440223368399689,45.59778801890482],[10.440080858008239,45.598008261972225],[10.440061529308345,45.5981608842086],[10.44013950424484,45.59838854535243],[10.440273823313536,45.59860128330684],[10.44333933337268,45.60135059263351],[10.451230325527197,45.60379764116803],[10.45004580837748,45.6114501519995],[10.446630882432778,45.62315407186695],[10.44608005139326,45.62534100857137],[10.447522561550612,45.62467968797321],[10.456277528360305,45.623347951198674],[10.45992458783355,45.62323524349869],[10.4603725924805,45.62325129864518],[10.461187691740731,45.62333156801603],[10.461499648578002,45.62337192463383],[10.461744317368089,45.6234115393891],[10.462747651033157,45.62361442674422],[10.46532469236498,45.62423496937909],[10.466242427439745,45.62447130433758],[10.466715461991116,45.624607986698585],[10.467452674369353,45.62487366895146],[10.468701729567913,45.6253314628955],[10.469490050122944,45.625718159247896],[10.47088661532462,45.62649906629848],[10.471192288759157,45.62726765787608],[10.47109615647601,45.628103900323154],[10.47228491670017,45.62838392374755],[10.47430617388143,45.62882620911802],[10.478699157435884,45.62935978651114],[10.479779110868707,45.62933946321995],[10.480142242849638,45.629283479308405],[10.481622426462513,45.628845462772624],[10.486073582693743,45.62718020193614],[10.486502490937598,45.62696207107497],[10.487180095136237,45.62649769174633],[10.487629615673354,45.62618573186126],[10.488414303270421,45.62558460234658],[10.490866537215679,45.62352849266171],[10.487704795140619,45.62158098349774],[10.482649841018723,45.617536188139766],[10.474945805574691,45.60972519481543],[10.474252464181806,45.60744007364384],[10.47585505653493,45.6033258262701],[10.477545911579424,45.602078756182685]]]},"properties":{"name":"Villanuova sul Clisi","op_id":"2501","minint_elettorale":"1030151920","minint_finloc":"1030151920","prov_name":"Brescia","prov_istat_code":"017","prov_istat_code_num":17,"prov_acr":"BS","reg_name":"Lombardia","reg_istat_code":"03","reg_istat_code_num":3,"opdm_id":"2213","com_catasto_code":"L995","com_istat_code":"017201","com_istat_code_num":17201}},
{"type":"Feature","geometry":{"type":"Polygon","coordinates":[[[10.46009065432618,46.2064554464498],[10.459780072055572,46.20623126901366],[10.459214439451523,46.20586188986998],[10.458984139942105,46.20578741059727],[10.456305395898042,46.20509473914804],[10.455421870353478,46.204873744304486],[10.45525963255167,46.20484795820506],[10.443783642718662,46.2030233155133],[10.43625115707595,46.203029068224936],[10.432635888340629,46.20463773601208],[10.433846502543082,46.209221587223645],[10.43383300911228,46.20952350379592],[10.433634620224646,46.21006081588038],[10.433453605618224,46.21044192848413],[10.432800823427547,46.211494244789776],[10.430637672976681,46.21465095262272],[10.427169452210215,46.219198498413455],[10.425145921769555,46.22159011811097],[10.423169678785218,46.22517635292569],[10.420039588602743,46.23133596971388],[10.41792016863068,46.238559020323265],[10.422220551489795,46.239948776365374],[10.422374385901925,46.239883537661825],[10.423122613047969,46.23965347065968],[10.423672467577259,46.23950744636098],[10.423774176117854,46.23948577546491],[10.424004633138448,46.2394366721973],[10.42422811172458,46.2394083277026],[10.424202930145755,46.23950685935217],[10.424184986992021,46.23956702886003],[10.423971948078,46.24028140402691],[10.421386470470694,46.24518846587232],[10.416433845632607,46.25054649232806],[10.410694070555879,46.25630057666529],[10.411069769313263,46.26603897731668],[10.41842505229312,46.274395038317216],[10.423677863312042,46.28054266435989],[10.426233936433832,46.2846960089076],[10.423971323217769,46.289905180037735],[10.419374057724086,46.29513009783429],[10.421692910367376,46.300775656771435],[10.430622733983954,46.31099723582884],[10.434591494436228,46.31270823853283],[10.440783952576048,46.31675568557165],[10.441357614003973,46.31675457426762],[10.441725098445316,46.316096447133994],[10.44528106872993,46.311675596563724],[10.44585402221533,46.311005323117314],[10.458385867151271,46.29736699535842],[10.463419278426,46.29378030278454],[10.467227218417158,46.291397587312495],[10.469854089800688,46.28868771748207],[10.471581605159374,46.282121593875885],[10.471677137914671,46.28125860236395],[10.47130133819143,46.280966330891324],[10.470154171774936,46.28007994419128],[10.467295645558016,46.27787968669491],[10.466882372726946,46.277564238482654],[10.46671770724495,46.27752078422162],[10.466317569844328,46.27748485044762],[10.465787824877973,46.27748715339236],[10.464824712803603,46.27224153629546],[10.468743156056412,46.26717590712455],[10.469024240101747,46.26316816321654],[10.468038632847653,46.25587062837282],[10.467739941158886,46.25495828161747],[10.467685024958575,46.25486071501272],[10.467517404010156,46.254762786356295],[10.465104065293069,46.2538875587146],[10.461893880327072,46.252888372749574],[10.459598264811499,46.25225105363776],[10.45773250444784,46.25179150640804],[10.45638533223222,46.25154792852766],[10.451313004196416,46.24854957384959],[10.45322029119712,46.23843285801977],[10.453648283465881,46.233411124493465],[10.45464674151814,46.22663761837742],[10.45792495396991,46.21194485759296],[10.459727016300274,46.207994704231815],[10.46009065432618,46.2064554464498]]]},"properties":{"name":"Vione","op_id":"2502","minint_elettorale":"1030151930","minint_finloc":"1030151930","prov_name":"Brescia","prov_istat_code":"017","prov_istat_code_num":17,"prov_acr":"BS","reg_name":"Lombardia","reg_istat_code":"03","reg_istat_code_num":3,"opdm_id":"2214","com_catasto_code":"M065","com_istat_code":"017202","com_istat_code_num":17202}},
{"type":"Feature","geometry":{"type":"Polygon","coordinates":[[[10.39162766226582,45.313748828244194],[10.39245875039486,45.312833785350136],[10.393235422139961,45.311937781157965],[10.394399463690991,45.31049740011147],[10.394672430900238,45.310061807513534],[10.394776231562313,45.30972785472639],[10.394847307540829,45.309465356392224],[10.394872603368428,45.309371929984884],[10.394885911717683,45.309315895348426],[10.394871754706555,45.30898737987029],[10.394716735004785,45.30869924616874],[10.394587150158069,45.308525921344014],[10.390851258821895,45.303999974167276],[10.386442997357452,45.29845470470992],[10.386162736006963,45.297945028161074],[10.385933624379792,45.29727991365835],[10.38576082562331,45.29665611078405],[10.38559035047748,45.29576101973175],[10.383951663474642,45.29480069449467],[10.376592839423552,45.29793870163296],[10.369651210258242,45.29997695537043],[10.360029156639461,45.300073505994796],[10.358504833086817,45.29994910264077],[10.355448997640377,45.299921252392274],[10.351276903583942,45.299908370779356],[10.344263506687327,45.30040090991117],[10.341918737494524,45.301886417216245],[10.339765134502025,45.302532024964705],[10.33953221947115,45.30261279106439],[10.340671242783904,45.31335990768082],[10.341322518390836,45.31762810216797],[10.341351774295124,45.317727602593465],[10.341495189142979,45.31801823997152],[10.341939458109698,45.318885548428085],[10.342072654364934,45.319132756110825],[10.342127453353747,45.31922350376413],[10.343787616194817,45.3190898149098],[10.34468996665744,45.319025625533584],[10.34671253992089,45.31902572629901],[10.348860454006282,45.31912683547849],[10.349604324152539,45.32084080798015],[10.351476423924431,45.32381821803473],[10.35358119886744,45.32615980336445],[10.356602323130996,45.32774106165707],[10.364952437170436,45.330582076938775],[10.371627814541547,45.332134569272505],[10.38096619599195,45.32309130756039],[10.39162766226582,45.313748828244194]]]},"properties":{"name":"Visano","op_id":"2503","minint_elettorale":"1030151940","minint_finloc":"1030151940","prov_name":"Brescia","prov_istat_code":"017","prov_istat_code_num":17,"prov_acr":"BS","reg_name":"Lombardia","reg_istat_code":"03","reg_istat_code_num":3,"opdm_id":"2215","com_catasto_code":"M070","com_istat_code":"017203","com_istat_code_num":17203}},
{"type":"Feature","geometry":{"type":"Polygon","coordinates":[[[10.51701538823774,45.72655235894073],[10.521625730494552,45.724323644559625],[10.5300174172127,45.71883399324523],[10.532491502152357,45.717680579707476],[10.53749682766332,45.71744073273032],[10.542602079487711,45.71733020565401],[10.542898980609243,45.717287416270416],[10.543606446902102,45.71694734057685],[10.543875308972568,45.71677764896361],[10.544368497243473,45.716434403344884],[10.545210265300948,45.715796490098995],[10.54365139313867,45.71284730470141],[10.543370557198747,45.71244605753813],[10.542945206280482,45.71192976217748],[10.542458108299533,45.71150429340497],[10.541844093060043,45.71113454555496],[10.53970941466864,45.710128253858215],[10.53902009535412,45.70982251287233],[10.537607638365543,45.70938250025281],[10.537025541653374,45.70923731693002],[10.536405135828291,45.709101659415744],[10.535215307611624,45.70787554212764],[10.533793918987818,45.70616648042198],[10.53438665166371,45.70576247173428],[10.53487985101831,45.705476834177716],[10.537164251021041,45.70445602251341],[10.542220961725924,45.702416671121114],[10.544864896591234,45.70139984433381],[10.545449871619809,45.701184921291116],[10.547402092143267,45.700708449650804],[10.553355434957771,45.69860246015931],[10.552040390903336,45.6947139764383],[10.552246638118518,45.68963469300264],[10.548388527926896,45.68339545840141],[10.535258539997576,45.67707408247312],[10.531931768921197,45.67514759156158],[10.532453123765992,45.67496059281012],[10.532706144981999,45.674822189275325],[10.533159592141216,45.6745010701481],[10.533508644514573,45.67411834522497],[10.535076464937013,45.670883981306275],[10.533486784769961,45.65216548791297],[10.532487482315414,45.647525445264876],[10.532056702277766,45.64302178966743],[10.531969629054544,45.642565972581146],[10.529910965490018,45.639621207246925],[10.529813425947333,45.639526295936044],[10.529555107662429,45.639274936852416],[10.529121551765305,45.63890270082591],[10.528638141734225,45.63858514077702],[10.522832630829479,45.635396301543445],[10.51521272686223,45.63352473308672],[10.495288770987061,45.626593877579054],[10.490866537215679,45.62352849266171],[10.488414303270421,45.62558460234658],[10.487629615673354,45.62618573186126],[10.487180095136237,45.62649769174633],[10.486502490937598,45.62696207107497],[10.486073582693743,45.62718020193614],[10.481622426462513,45.628845462772624],[10.480142242849638,45.629283479308405],[10.479779110868707,45.62933946321995],[10.478699157435884,45.62935978651114],[10.47430617388143,45.62882620911802],[10.47228491670017,45.62838392374755],[10.47109615647601,45.628103900323154],[10.468763161180965,45.62915610472392],[10.467396939213975,45.630000325307414],[10.467273247886613,45.63531053426083],[10.456359745608458,45.6435150391446],[10.450954619782642,45.64597305525961],[10.448386396626523,45.648777845926],[10.440590371046724,45.66091964213954],[10.44017686016089,45.661547901889065],[10.43961483188854,45.66243953635178],[10.43928097385881,45.663063629413],[10.439117589117162,45.66339136003716],[10.439091853969597,45.66469888146997],[10.439556408107496,45.668052291496046],[10.443370235474603,45.670607367682464],[10.446259165508799,45.672544863654686],[10.448566703300632,45.674876340318306],[10.451464107887228,45.67542232362439],[10.45392286962166,45.675832971214284],[10.463019720941285,45.67573212719166],[10.464582367334641,45.6754793464801],[10.467208953462388,45.67447826787328],[10.475553712061338,45.67276426664572],[10.484157385519401,45.677384132196835],[10.48408135880781,45.68011130068241],[10.482961461077133,45.68375202662892],[10.482530810678444,45.685060291897116],[10.482428869212315,45.68525999504278],[10.482282774196337,45.68545136018313],[10.482144890410904,45.685622537552774],[10.480017789101666,45.687853180962215],[10.476910515555089,45.692206191842],[10.479321915209928,45.6919383354139],[10.481247737665168,45.69210233357954],[10.483850868413843,45.692507828357265],[10.493107794432605,45.69664372767592],[10.494319887196024,45.7044009663286],[10.499031273197547,45.71390652795083],[10.504505548217532,45.72022622120984],[10.514200103898315,45.72552139765218],[10.515199452643117,45.72601036280466],[10.516175165437216,45.726447876210976],[10.51701538823774,45.72655235894073]]]},"properties":{"name":"Vobarno","op_id":"2504","minint_elettorale":"1030151950","minint_finloc":"1030151950","prov_name":"Brescia","prov_istat_code":"017","prov_istat_code_num":17,"prov_acr":"BS","reg_name":"Lombardia","reg_istat_code":"03","reg_istat_code_num":3,"opdm_id":"2216","com_catasto_code":"M104","com_istat_code":"017204","com_istat_code_num":17204}},
{"type":"Feature","geometry":{"type":"Polygon","coordinates":[[[10.171547299703047,45.7525513109735],[10.17440128107771,45.74322562428954],[10.166525870099338,45.7416051529971],[10.1551199620449,45.7389308294804],[10.154758819450457,45.7388714758626],[10.154347015743273,45.73884863263532],[10.153847290965869,45.73892570100839],[10.151324595222315,45.73939217435589],[10.144576019982592,45.741890389422316],[10.144244970444102,45.74204672289463],[10.139473800449501,45.74321052060945],[10.126275680581946,45.74341340482468],[10.119458378997281,45.74321039897241],[10.111441160714511,45.74278463592873],[10.10861056604085,45.74265912337796],[10.105732432408828,45.743380078877856],[10.104911774756838,45.74361617829618],[10.104211342450403,45.74381784199189],[10.101325423575322,45.75076724776813],[10.09790592495942,45.753986422279745],[10.096816456036898,45.755481867252215],[10.095790495605433,45.760217087416365],[10.095588341955454,45.764998389156986],[10.094906335402719,45.76694908185851],[10.090470513460273,45.77030376521219],[10.093570734635303,45.77033711767773],[10.098927324885047,45.77131179229418],[10.107804533728364,45.77534832270511],[10.109862475805434,45.77664244631389],[10.114203839907908,45.780848487384475],[10.11591339052008,45.78336098803457],[10.117406216033157,45.78530873418596],[10.121507338145282,45.78390024318591],[10.124670328515156,45.78189799520603],[10.136461101296009,45.776560923681956],[10.145293425232202,45.77257542106172],[10.148653336676896,45.77084056072383],[10.1545990961631,45.766658323792065],[10.157246404032634,45.764696416450775],[10.160045493794193,45.76262483456557],[10.160476269261732,45.762314446059875],[10.161265190767255,45.76191038664299],[10.162514105999945,45.76136665457948],[10.163190480032345,45.761116758981856],[10.171547299703047,45.7525513109735]]]},"properties":{"name":"Zone","op_id":"2505","minint_elettorale":"1030151960","minint_finloc":"1030151960","prov_name":"Brescia","prov_istat_code":"017","prov_istat_code_num":17,"prov_acr":"BS","reg_name":"Lombardia","reg_istat_code":"03","reg_istat_code_num":3,"opdm_id":"2217","com_catasto_code":"M188","com_istat_code":"017205","com_istat_code_num":17205}},
{"type":"Feature","geometry":{"type":"Polygon","coordinates":[[[10.167995789686064,45.92459924676035],[10.16123791428099,45.925226123160755],[10.160466873176292,45.925359963811225],[10.159927741570995,45.925482450166776],[10.15964781839818,45.92566530811295],[10.159370519008856,45.925974126202874],[10.159171690927014,45.92633617586567],[10.158987647109837,45.926788064172484],[10.158843414602456,45.92729353889044],[10.158783610377954,45.92751915560675],[10.15872870259039,45.92797874773345],[10.158712271401667,45.928428935608856],[10.158788755681226,45.929004189290055],[10.158994972910424,45.93023514914463],[10.159145820211096,45.930665648936646],[10.159206773664271,45.931115051628794],[10.159216710727351,45.93159197696171],[10.159182518733912,45.93180833877128],[10.159073031149486,45.932124448371674],[10.157823102510868,45.933424198619356],[10.155612584945384,45.93567867164052],[10.155246242345275,45.93605140297545],[10.154529262707229,45.93631066454939],[10.153821406729902,45.93638981313982],[10.152134875326443,45.936550829054724],[10.151465361476253,45.93661158622543],[10.15074330439255,45.93662785532967],[10.15013714714028,45.93663395823379],[10.149698447914552,45.93662937803194],[10.149039776313488,45.9365910099783],[10.147966515571827,45.93646679454911],[10.14739626905036,45.93633750110419],[10.146333336863337,45.93608715959166],[10.145931112747375,45.935974201069534],[10.145384802787492,45.9357546498014],[10.142142475751381,45.93490507253891],[10.139062741342315,45.935061823563586],[10.13487882187461,45.935472462775444],[10.13244842963628,45.935847593265294],[10.129574858954504,45.93663208540749],[10.128853238096802,45.937305255444166],[10.129262698495838,45.93904728257926],[10.130923234965955,45.94267603430145],[10.131203077096158,45.94311428919785],[10.131611731992642,45.943542272694344],[10.1321639278143,45.94404982526829],[10.134595385872991,45.94623980913332],[10.134999656023018,45.94645180861664],[10.136732034710056,45.94725361403234],[10.13710924814864,45.947402872695974],[10.13765177483207,45.94743347176839],[10.145218847836956,45.94711486230843],[10.15057988151412,45.946187970013824],[10.162506780699447,45.9427460808032],[10.166647880281136,45.941506849084675],[10.169297759917484,45.94052571401935],[10.172286657842198,45.93849699965164],[10.173250147561326,45.93769506752695],[10.177073083724926,45.933641569742456],[10.178485379807965,45.93150289558054],[10.177891876082342,45.93027596393599],[10.179732361830458,45.927655832598944],[10.180101155568758,45.927409022919264],[10.180420189271286,45.927215587952745],[10.180508792655695,45.92716191333795],[10.181007868355541,45.92697675825349],[10.181867803826716,45.9267788559018],[10.183295469560504,45.926593058439295],[10.184106877252058,45.926539658173844],[10.186803578131906,45.926592674212465],[10.187900773873087,45.92663528038346],[10.190057443917027,45.926765851193096],[10.190936199867405,45.92684670246147],[10.19180284214464,45.92696367450227],[10.192297449168866,45.92717451076135],[10.199844969061292,45.930875692005955],[10.20437901638127,45.935355224432534],[10.204752684851078,45.93771840146076],[10.208997248864135,45.94070672115398],[10.211920464874746,45.94224182929583],[10.212479592783088,45.94244289921683],[10.21311396176486,45.94254416481903],[10.21373482907292,45.94261858232083],[10.214316434277983,45.94266641130835],[10.214844878292787,45.94264278506127],[10.217159050501891,45.94227613496173],[10.219937206353766,45.94130147139305],[10.223270228287275,45.94092381503724],[10.223632160834022,45.940955939033394],[10.224019748705699,45.941055307027334],[10.22442506137637,45.94122646348649],[10.224713166734565,45.94142138238476],[10.224936399604468,45.94159900491811],[10.225104644935572,45.94180423699109],[10.227213663278834,45.93897354525495],[10.228912282506409,45.93761422250775],[10.233535333514693,45.93608833554637],[10.233934135744207,45.936039017075636],[10.234256549470215,45.93603553483656],[10.234541667269902,45.93609545823116],[10.234840899058534,45.936209236848754],[10.23518119651512,45.93643056699242],[10.235587796144857,45.93673217656071],[10.235931500110413,45.93710648078],[10.242173167579791,45.93990994165602],[10.253104767591168,45.941842675414414],[10.255750057491161,45.941300549656],[10.254762290433526,45.94097835977881],[10.254137713123582,45.940742196843956],[10.253668942080196,45.94054933534683],[10.252588120538578,45.940102154893495],[10.250074630108406,45.93904964178552],[10.24699247688486,45.93762517020786],[10.246221268522397,45.935770488213585],[10.246905899865396,45.93236083695119],[10.245501220178237,45.93184508704094],[10.24270509377686,45.93023752732006],[10.232614864892465,45.92366839684815],[10.23228475171775,45.92332093959056],[10.232097465128636,45.923016953873095],[10.230893014046064,45.92045578859658],[10.229893562718901,45.917428878144726],[10.22903342406286,45.91508451917781],[10.22389552021172,45.90895634475345],[10.219772079548255,45.905535250421934],[10.216820791421899,45.90440567327364],[10.217109885163348,45.90877696848413],[10.217040205788855,45.909128731250725],[10.216917223902025,45.90940004682029],[10.216740885560357,45.9095909372073],[10.216234286302097,45.91001035427137],[10.21193958761651,45.912927031149664],[10.19785669454782,45.923597190460846],[10.194126781773265,45.924671297641694],[10.191288934452087,45.925249945717205],[10.186933850129067,45.92363018514497],[10.179074223775654,45.925196627402585],[10.172318192686394,45.92713812780423],[10.170573812295716,45.92637296283062],[10.170013670037076,45.92610869420003],[10.16928343738958,45.92572915226651],[10.167995789686064,45.92459924676035]]]},"properties":{"name":"Piancogno","op_id":"2441","minint_elettorale":"1030151331","minint_finloc":"1030151331","prov_name":"Brescia","prov_istat_code":"017","prov_istat_code_num":17,"prov_acr":"BS","reg_name":"Lombardia","reg_istat_code":"03","reg_istat_code_num":3,"opdm_id":"2218","com_catasto_code":"G549","com_istat_code":"017206","com_istat_code_num":17206}}
]}