{"type":"FeatureCollection","bbox":[9.454408238535047,44.93717896473519,10.596854720222717,45.504477972721354], "features": [
{"type":"Feature","geometry":{"type":"Polygon","coordinates":[[[9.901267565227306,45.1498026648793],[9.90132400413906,45.14612055424105],[9.898497091613173,45.14592678613629],[9.89234864752258,45.148891521324124],[9.888722163276487,45.152916523943695],[9.88625050234433,45.156763085835884],[9.878934812074153,45.16256098848924],[9.872666020143757,45.16741141820541],[9.874055311653045,45.171302986831456],[9.878097216570817,45.18009353976286],[9.876813582262752,45.18436114830249],[9.87957908911809,45.18788650391873],[9.88661388060228,45.188408205075824],[9.889586835552748,45.19375902026903],[9.892403280886347,45.20209048670883],[9.895022459922163,45.20672377889555],[9.89776548805591,45.20530348068829],[9.89858633909999,45.20487380618365],[9.899213539415282,45.20454548933265],[9.900785343011842,45.20371467241834],[9.900581524495971,45.191845512405195],[9.901462013068096,45.17746305691198],[9.904784863019145,45.16788609771839],[9.90443026004442,45.163782437769186],[9.902509672897128,45.16321425782025],[9.901691037177057,45.162941688723706],[9.899386781426331,45.16043940335197],[9.899749066849012,45.15597174102678],[9.900026317426063,45.15418724773678],[9.90028575227869,45.15288896061018],[9.901267565227306,45.1498026648793]]]},"properties":{"name":"Acquanegra Cremonese","op_id":"2696","minint_elettorale":"1030260010","minint_finloc":"1030260010","prov_name":"Cremona","prov_istat_code":"019","prov_istat_code_num":19,"prov_acr":"CR","prov_iso_3166_2":"IT-CR","reg_name":"Lombardia","reg_istat_code":"03","reg_istat_code_num":3,"reg_iso_3166_2":"IT-25","opdm_id":"2407","com_catasto_code":"A039","com_istat_code":"019001","com_istat_code_num":19001,"prov_uts_code":"019","prov_tipo_uts":"Provincia"}},
{"type":"Feature","geometry":{"type":"Polygon","coordinates":[[[9.550775504968414,45.460319151487745],[9.554521794652064,45.4601750360051],[9.565146651478647,45.45976290065908],[9.571518122068667,45.45993823368055],[9.577589428451368,45.460236204361024],[9.577218182058717,45.459504433242095],[9.577180836021977,45.45835247643135],[9.579038946278306,45.452447324530226],[9.578749443621142,45.44164739266808],[9.578911338583733,45.43873963457497],[9.579760123104474,45.43397010765173],[9.582206349322263,45.428416111567245],[9.585063457102327,45.42269474367179],[9.584441357758882,45.42078067151407],[9.582002691226416,45.41855182473582],[9.579753238373394,45.41855426954055],[9.579575533541846,45.41992335804792],[9.57981732107944,45.422316453423406],[9.576965411619552,45.42216887484987],[9.575042089586473,45.421575490983564],[9.571438547982824,45.424203912814804],[9.564690050375662,45.428116986436955],[9.55996706568849,45.43010250984084],[9.550402490730702,45.433812471600596],[9.54083286009921,45.43507924329042],[9.5268055851022,45.43419378871064],[9.52451411327131,45.43387127915648],[9.52637018481295,45.43549195531924],[9.529868578828811,45.440453437470914],[9.533106356204566,45.44754928662814],[9.537749520622873,45.45440440416797],[9.54159802426784,45.45628660112592],[9.548020332291689,45.45846910066156],[9.550775504968414,45.460319151487745]]]},"properties":{"name":"Agnadello","op_id":"2697","minint_elettorale":"1030260020","minint_finloc":"1030260020","prov_name":"Cremona","prov_istat_code":"019","prov_istat_code_num":19,"prov_acr":"CR","prov_iso_3166_2":"IT-CR","reg_name":"Lombardia","reg_istat_code":"03","reg_istat_code_num":3,"reg_iso_3166_2":"IT-25","opdm_id":"2408","com_catasto_code":"A076","com_istat_code":"019002","com_istat_code_num":19002,"prov_uts_code":"019","prov_tipo_uts":"Provincia"}},
{"type":"Feature","geometry":{"type":"Polygon","coordinates":[[[9.886518415927318,45.27894598572815],[9.88536338148632,45.277640738214664],[9.884272452879115,45.275533856189895],[9.885168724052713,45.273321559656736],[9.894028493815858,45.27247842615555],[9.897916984039696,45.27249293751116],[9.898411878708666,45.273155136948894],[9.900103009577004,45.27368190939808],[9.904102839545212,45.274280421195726],[9.90932169431835,45.273770904684646],[9.913476781389578,45.27132536770023],[9.916960313219304,45.26994723700056],[9.918066340354217,45.26975831663642],[9.918728831392338,45.26973499601909],[9.918477771917267,45.26839579847388],[9.918256024751333,45.26738929525458],[9.918237100683779,45.267303398347714],[9.91822791783111,45.2672618329808],[9.918216345163836,45.26720945440629],[9.916498249815197,45.2602473879225],[9.914857520815973,45.25887430639544],[9.908041170488353,45.253428811204934],[9.906553016410705,45.25361167283536],[9.89995602038506,45.254883726667394],[9.89703552255982,45.24809690741826],[9.902525357225384,45.24150958757273],[9.900608637732331,45.23874325821715],[9.900413018733618,45.22797000119151],[9.90088704754732,45.22733615267555],[9.902994337222129,45.22526716695284],[9.901155543128601,45.225785780472],[9.895761378889746,45.22702541140172],[9.886950545163968,45.22564494376338],[9.888569970733936,45.22412010544583],[9.88526894365252,45.22481185744412],[9.8848759570312,45.224931910067966],[9.884295252918617,45.2252694744699],[9.882456644863948,45.226633920031816],[9.882145470828235,45.2271044086375],[9.882114774319893,45.22759072353625],[9.86443643685413,45.23447703178914],[9.861677097466135,45.23482193609384],[9.855643684764784,45.2368746377691],[9.851681007484961,45.25134262958412],[9.851006420441855,45.25395807441929],[9.85114666400419,45.25566731750029],[9.852911733110494,45.25864262669891],[9.854856492590596,45.26168858790416],[9.858648961965384,45.26383848715128],[9.866742238229524,45.27049243233976],[9.872696118285349,45.273858624998546],[9.882985523076936,45.27804620713522],[9.886518415927318,45.27894598572815]]]},"properties":{"name":"Annicco","op_id":"2698","minint_elettorale":"1030260030","minint_finloc":"1030260030","prov_name":"Cremona","prov_istat_code":"019","prov_istat_code_num":19,"prov_acr":"CR","prov_iso_3166_2":"IT-CR","reg_name":"Lombardia","reg_istat_code":"03","reg_istat_code_num":3,"reg_iso_3166_2":"IT-25","opdm_id":"2409","com_catasto_code":"A299","com_istat_code":"019003","com_istat_code_num":19003,"prov_uts_code":"019","prov_tipo_uts":"Provincia"}},
{"type":"Feature","geometry":{"type":"Polygon","coordinates":[[[9.932807799179862,45.328861202741535],[9.936594775419014,45.325893620181866],[9.940626256072205,45.32275510938854],[9.944773636725746,45.32048845108783],[9.940161615875962,45.31935631618934],[9.932632349911623,45.31770779908217],[9.927765962290005,45.3078336541129],[9.927549594486411,45.30646146059325],[9.93037963384168,45.2969959804174],[9.930648718609968,45.296291677113615],[9.931262202441639,45.29559358118712],[9.938936058245028,45.286862388577056],[9.939398581703658,45.28630048585],[9.939744729566815,45.28564054501956],[9.938619278011537,45.28234628221012],[9.93790743687187,45.2824781521379],[9.936116345545335,45.28288890294838],[9.934301519273712,45.28340784937054],[9.93357032068889,45.28391791218503],[9.932262834851272,45.28505376770921],[9.931951171818039,45.28548837098898],[9.93201793780138,45.28645097597595],[9.929288208784033,45.29029882880626],[9.928113849882886,45.2910104909465],[9.92683406154682,45.29151595273015],[9.922056934731568,45.28868316597532],[9.90907235137161,45.296474478012506],[9.906114456061605,45.30214185389033],[9.90609629000895,45.30340218502856],[9.90579822205317,45.30390863190955],[9.904067233697608,45.30574962842914],[9.902886065324541,45.306875146231015],[9.89979470500172,45.30897040180997],[9.90063272373081,45.30957535382005],[9.900948263632758,45.31016694526189],[9.901241285074427,45.310947763629066],[9.898295715626142,45.31345259114847],[9.897688173555423,45.313757173697184],[9.895761456082266,45.315356534268645],[9.895618615103395,45.31681134970782],[9.895626381679666,45.317310890084876],[9.896728917691663,45.31926454851876],[9.896977261323979,45.319640659380894],[9.898931793988282,45.32140754917794],[9.899591828948198,45.32182784610231],[9.900104733404723,45.322154432797525],[9.901249320116888,45.32272149318018],[9.906720491558286,45.327349891541],[9.90965686942897,45.33540974006657],[9.911388730610412,45.337556281235436],[9.91554338496117,45.336281728992105],[9.9212434014702,45.333723642478766],[9.921339932025212,45.33338080748201],[9.921450699369194,45.33312787343618],[9.921613646911556,45.33294652500764],[9.921890425908439,45.332701266572464],[9.922798362636303,45.33202783049127],[9.924604445107002,45.3308700463131],[9.928894103816505,45.32863891996502],[9.930485618603798,45.32841892295089],[9.932807799179862,45.328861202741535]]]},"properties":{"name":"Azzanello","op_id":"2699","minint_elettorale":"1030260040","minint_finloc":"1030260040","prov_name":"Cremona","prov_istat_code":"019","prov_istat_code_num":19,"prov_acr":"CR","prov_iso_3166_2":"IT-CR","reg_name":"Lombardia","reg_istat_code":"03","reg_istat_code_num":3,"reg_iso_3166_2":"IT-25","opdm_id":"2410","com_catasto_code":"A526","com_istat_code":"019004","com_istat_code_num":19004,"prov_uts_code":"019","prov_tipo_uts":"Provincia"}},
{"type":"Feature","geometry":{"type":"Polygon","coordinates":[[[9.62864266580877,45.38180465359329],[9.628660530027807,45.377654966260266],[9.629383453033995,45.37259227171129],[9.63206372108204,45.364422304459744],[9.632453148536179,45.362700914615495],[9.63076686114569,45.351134562308076],[9.629614766423606,45.3462442038618],[9.627737823738073,45.34620052234477],[9.627457613745056,45.34625607577288],[9.62571572861612,45.34920006533117],[9.624772803461244,45.35209501145876],[9.622758001000586,45.35183069342636],[9.617758660968194,45.351153104361416],[9.616509390431098,45.35095922547896],[9.61524485433909,45.350755138285],[9.5982206758873,45.347868298049136],[9.596870751293705,45.34760804015817],[9.597136877036998,45.34708472556474],[9.597626637926492,45.34631704997549],[9.598485306676126,45.34543041630224],[9.599118191023576,45.34492303864967],[9.600359144084177,45.344584220088514],[9.600429162827673,45.34456510213338],[9.601419977106339,45.34410980537118],[9.601742576647464,45.34323498325398],[9.600014610219826,45.34036365039584],[9.599541540182408,45.340285132889576],[9.596651574177395,45.33992222678694],[9.595592783473997,45.34263717728645],[9.59353041105648,45.3476616364954],[9.591114479617392,45.353092948004374],[9.590512541702896,45.35444177494571],[9.589448880013387,45.35536089126377],[9.588823901718031,45.35580518295208],[9.588525054667347,45.35599575196671],[9.587875349545442,45.356287127260615],[9.587627071033548,45.3594388253091],[9.587759688394605,45.35991521337179],[9.588982777998128,45.36212322686156],[9.589891818219114,45.36236157857507],[9.592066676970607,45.36276438522085],[9.593280553262579,45.362848103561575],[9.593787525532163,45.362485403010346],[9.59958314739636,45.36357128785062],[9.603196621114643,45.36596461766992],[9.603713008990796,45.36649295479977],[9.60807664937181,45.37212261733822],[9.611829605180017,45.37552306170431],[9.61263800197741,45.37705794368306],[9.612595668066001,45.37786827924565],[9.612402126163628,45.37886845351777],[9.611912386707504,45.37964520283352],[9.60947569251286,45.38109843341616],[9.603912016794755,45.383990379509115],[9.603123446018088,45.3843095926239],[9.60239950979763,45.384700465494895],[9.601535921917721,45.38517308933012],[9.600928077870815,45.38567134911727],[9.600830260808891,45.386085922733876],[9.601840356923027,45.38858295011265],[9.605158833241516,45.3883133783223],[9.61442869469937,45.3879128373305],[9.616459303783317,45.38786589316284],[9.617239292844548,45.38788297244813],[9.618107573381733,45.38790200169456],[9.620206071927552,45.38822366498009],[9.624314443041532,45.388930387523416],[9.628704209061505,45.38966240138184],[9.62864266580877,45.38180465359329]]]},"properties":{"name":"Bagnolo Cremasco","op_id":"2700","minint_elettorale":"1030260050","minint_finloc":"1030260050","prov_name":"Cremona","prov_istat_code":"019","prov_istat_code_num":19,"prov_acr":"CR","prov_iso_3166_2":"IT-CR","reg_name":"Lombardia","reg_istat_code":"03","reg_istat_code_num":3,"reg_iso_3166_2":"IT-25","opdm_id":"2411","com_catasto_code":"A570","com_istat_code":"019005","com_istat_code_num":19005,"prov_uts_code":"019","prov_tipo_uts":"Provincia"}},
{"type":"Feature","geometry":{"type":"Polygon","coordinates":[[[10.084485654414541,45.11948542197381],[10.084662624127324,45.11808847460347],[10.085292746453906,45.11779443375482],[10.08769237320011,45.11695244230319],[10.088513985510293,45.11670157908146],[10.089210040655304,45.116532913403994],[10.089831357718028,45.11644596169024],[10.090395596772819,45.11736774809234],[10.090572487155214,45.117978171272384],[10.091107734277147,45.1193773213522],[10.09214118214942,45.119565475276055],[10.093919469625142,45.11947644661752],[10.095518232688374,45.119308087060354],[10.098712989759468,45.11882731031825],[10.108080657040007,45.11737755090246],[10.108403652650285,45.11698734571462],[10.10932926812349,45.11554708529933],[10.114011585331161,45.107246953898915],[10.109767910099476,45.101446182901455],[10.109205482578467,45.10259484947029],[10.108314189608475,45.10382774912085],[10.106945868540429,45.104057048231894],[10.104535238444273,45.10428743895123],[10.095674157624467,45.10486789007734],[10.091835141917256,45.10285227447054],[10.090832161287427,45.0995762325433],[10.089510379200092,45.097440378700036],[10.082108960542397,45.09329503486008],[10.077098666804355,45.0924512303864],[10.07297333209578,45.092030971849596],[10.073577741936552,45.0954824487758],[10.07477955207247,45.10363519079446],[10.074582214658188,45.10912078635584],[10.076241972092351,45.11532360845362],[10.080483774279276,45.11964938283052],[10.084485654414541,45.11948542197381]]]},"properties":{"name":"Bonemerse","op_id":"2701","minint_elettorale":"1030260060","minint_finloc":"1030260060","prov_name":"Cremona","prov_istat_code":"019","prov_istat_code_num":19,"prov_acr":"CR","prov_iso_3166_2":"IT-CR","reg_name":"Lombardia","reg_istat_code":"03","reg_istat_code_num":3,"reg_iso_3166_2":"IT-25","opdm_id":"2412","com_catasto_code":"A972","com_istat_code":"019006","com_istat_code_num":19006,"prov_uts_code":"019","prov_tipo_uts":"Provincia"}},
{"type":"Feature","geometry":{"type":"Polygon","coordinates":[[[9.974663974198156,45.308328443511144],[9.977008553466938,45.304464819972914],[9.981291882700383,45.29988239324698],[9.990475582389681,45.296976687452315],[9.994873590655551,45.293940986151135],[9.999441784982082,45.289004343841796],[10.001100549650053,45.28819711341272],[9.99949781398811,45.287113536721456],[9.999933710698464,45.28579551586111],[10.000634233071661,45.285024257411074],[10.001315877301671,45.28463122349008],[10.002848847340541,45.284068688907254],[10.002998838067693,45.283896332619435],[10.00172811897999,45.28052294452124],[10.000877494441358,45.27927920635363],[9.997007036125304,45.27522642461933],[9.984937300946086,45.276906404279416],[9.974121374280752,45.27888047619346],[9.972345976813987,45.2757090914992],[9.957293813604728,45.27976988369514],[9.95790014242603,45.28271639172342],[9.960827922605457,45.28595118562025],[9.962012041771528,45.28811056222302],[9.962910207077499,45.2904572949798],[9.963639811801698,45.2923635021222],[9.96443207439379,45.29701069867582],[9.96349272638857,45.297234499602546],[9.962093976003588,45.297480340473875],[9.961777276782671,45.29760902851225],[9.961630954805042,45.298006316198624],[9.96137699621029,45.29882758858281],[9.961099059423228,45.29973906231347],[9.960897613932296,45.300649889874535],[9.961037464638505,45.301377830643425],[9.963358479055733,45.305120865770235],[9.966565089289123,45.30691205521562],[9.970769365862367,45.30735345110577],[9.974663974198156,45.308328443511144]]]},"properties":{"name":"Bordolano","op_id":"2702","minint_elettorale":"1030260070","minint_finloc":"1030260070","prov_name":"Cremona","prov_istat_code":"019","prov_istat_code_num":19,"prov_acr":"CR","prov_iso_3166_2":"IT-CR","reg_name":"Lombardia","reg_istat_code":"03","reg_istat_code_num":3,"reg_iso_3166_2":"IT-25","opdm_id":"2413","com_catasto_code":"A986","com_istat_code":"019007","com_istat_code_num":19007,"prov_uts_code":"019","prov_tipo_uts":"Provincia"}},
{"type":"Feature","geometry":{"type":"Polygon","coordinates":[[[10.492467515191386,45.13241707962185],[10.488726164809648,45.12743398374579],[10.488200619120386,45.12678372325636],[10.487267888713971,45.12649162642394],[10.487123711194474,45.126446684448275],[10.47228230500479,45.12488368812662],[10.468610839314124,45.1245168923171],[10.466458021917697,45.12436452085498],[10.459095408187865,45.11985900010393],[10.456563198002083,45.11528246226903],[10.453142912973213,45.116349351027445],[10.445782052216975,45.11325906358511],[10.438565154205799,45.11443042193888],[10.433071667045876,45.11539067044163],[10.422851239311488,45.11748084595559],[10.421887901743101,45.12015733850854],[10.419420744127223,45.12013403693912],[10.415921802331761,45.120033442824784],[10.419580661621364,45.13045232938838],[10.420194465032834,45.130818405404554],[10.421102030372825,45.13151824052642],[10.421921968564197,45.13227317623769],[10.42225411375955,45.13284514561853],[10.422381271846811,45.133356655551054],[10.42246007088386,45.13396778399839],[10.422505845538561,45.134786371470014],[10.422258319689739,45.13557259113582],[10.421534155883949,45.13662580742921],[10.420641291759068,45.137546078662034],[10.4193411328796,45.138966507803765],[10.419000745784153,45.13960085843024],[10.419072793979376,45.13994201383424],[10.419517172478399,45.14042257486053],[10.420265135179088,45.14083636631486],[10.421310742060143,45.14121536545281],[10.426436506077197,45.139922295976895],[10.42700553879984,45.13978916207949],[10.427678078275463,45.1397267395587],[10.428300660597298,45.13970094213681],[10.429433399044315,45.13973178700585],[10.430084093878937,45.139813659313354],[10.430722983548545,45.13993167998663],[10.431235396427178,45.14007827138344],[10.434535988410293,45.137291349372504],[10.435003758922152,45.136673343106416],[10.436159222498535,45.13609172495645],[10.437229508312745,45.135664181160685],[10.438329741992407,45.13541627190344],[10.439582523166484,45.135166446909615],[10.441110188195335,45.13522820042368],[10.44236249710371,45.13546443576648],[10.443502422930184,45.13578308462395],[10.444510009119913,45.1364004639136],[10.445470858010765,45.137180436149876],[10.44604937919439,45.13792925648252],[10.446499882374146,45.138643672521326],[10.446535802597278,45.13956139256477],[10.446467054871919,45.1403634089162],[10.446008908746878,45.141359393876776],[10.445398829340665,45.14188021211716],[10.449734564942222,45.14432771409768],[10.461368450663679,45.14647758490936],[10.474539834665764,45.14587343527692],[10.47630364922908,45.14570660899163],[10.47795568041657,45.14515413253997],[10.479898445578623,45.144039771938544],[10.480924459447008,45.14289227025937],[10.481850581217842,45.141818064753366],[10.482875140870487,45.14061654739507],[10.486044001796639,45.137469229594174],[10.490214354704133,45.13379676588198],[10.490924930325397,45.13324738821923],[10.492467515191386,45.13241707962185]]]},"properties":{"name":"Calvatone","op_id":"2704","minint_elettorale":"1030260090","minint_finloc":"1030260090","prov_name":"Cremona","prov_istat_code":"019","prov_istat_code_num":19,"prov_acr":"CR","prov_iso_3166_2":"IT-CR","reg_name":"Lombardia","reg_istat_code":"03","reg_istat_code_num":3,"reg_iso_3166_2":"IT-25","opdm_id":"2415","com_catasto_code":"B439","com_istat_code":"019009","com_istat_code_num":19009,"prov_uts_code":"019","prov_tipo_uts":"Provincia"}},
{"type":"Feature","geometry":{"type":"Polygon","coordinates":[[[9.760307902870107,45.4565695526751],[9.761643103242164,45.45659640815504],[9.76205044920025,45.456219966081605],[9.762653619202181,45.455662463568935],[9.764618217086502,45.45245391665255],[9.769763383744547,45.44052882868491],[9.770258488419497,45.43932832304633],[9.770561320797324,45.43809312983048],[9.770785466255807,45.43671443672609],[9.770659027984932,45.435878182874966],[9.770307850549656,45.43543949062341],[9.769593005079804,45.43458019574629],[9.768711352030182,45.433677001976776],[9.769290171687457,45.43017164580849],[9.767116071815126,45.42727887228486],[9.761112708923985,45.426679949367035],[9.758346173284698,45.42627529898643],[9.757063636497913,45.42595976614433],[9.750402743545584,45.42485503622077],[9.749350663238598,45.42468051303452],[9.747929448584138,45.42444474007985],[9.736450272195077,45.430307085341056],[9.73526883919013,45.43088177585335],[9.733562414569557,45.435603648253064],[9.7304108560644,45.44184696156112],[9.726900533303075,45.44522921664604],[9.727764935318046,45.45079542933103],[9.727999119097289,45.45209910798153],[9.729375248642308,45.45369253254198],[9.731596558966217,45.454371404073875],[9.73269972183139,45.454625380806135],[9.733845935609068,45.45523909467945],[9.734457877750822,45.456072265567734],[9.73446816157771,45.45686430547714],[9.733852594839258,45.457723376474895],[9.731409435477492,45.45968327925444],[9.731976642880511,45.46101182201077],[9.734118324506385,45.46834299443291],[9.735946124353722,45.47215673337513],[9.739174289049043,45.47052469924139],[9.746192040339658,45.46815684075945],[9.747992858125102,45.46600279203304],[9.748685535988827,45.46228078644096],[9.753292789947317,45.45574267313041],[9.756221100966714,45.455705311748076],[9.760307902870107,45.4565695526751]]]},"properties":{"name":"Camisano","op_id":"2705","minint_elettorale":"1030260100","minint_finloc":"1030260100","prov_name":"Cremona","prov_istat_code":"019","prov_istat_code_num":19,"prov_acr":"CR","prov_iso_3166_2":"IT-CR","reg_name":"Lombardia","reg_istat_code":"03","reg_istat_code_num":3,"reg_iso_3166_2":"IT-25","opdm_id":"2416","com_catasto_code":"B484","com_istat_code":"019010","com_istat_code_num":19010,"prov_uts_code":"019","prov_tipo_uts":"Provincia"}},
{"type":"Feature","geometry":{"type":"Polygon","coordinates":[[[9.668329602335923,45.417422241102805],[9.675028308598618,45.41526756578602],[9.676589073693851,45.41472725115716],[9.678649142626613,45.41493106290428],[9.682206617055126,45.41636805645545],[9.683008464498132,45.41503109692026],[9.683303635323746,45.413013060053835],[9.683564911672885,45.409486610853605],[9.681845207408303,45.40332745753915],[9.6827384380253,45.39787779559953],[9.683630492711199,45.39243428903798],[9.684656582047642,45.39065488654795],[9.685137624408664,45.3902919565315],[9.681099791681216,45.390208098619674],[9.675706190953047,45.38998809750978],[9.675641599244921,45.38998031631985],[9.674567603960831,45.38985079850811],[9.667940818542107,45.38796348076975],[9.665135325331558,45.3872867682087],[9.661129659882059,45.38775107137782],[9.659167140561484,45.38815848135338],[9.65775586494506,45.3887336842544],[9.657726658256573,45.39502573130398],[9.65789258726081,45.396113924968276],[9.658437606035957,45.39793803327635],[9.666242564277244,45.40107020389362],[9.668329602335923,45.417422241102805]]]},"properties":{"name":"Campagnola Cremasca","op_id":"2706","minint_elettorale":"1030260101","minint_finloc":"1030260101","prov_name":"Cremona","prov_istat_code":"019","prov_istat_code_num":19,"prov_acr":"CR","prov_iso_3166_2":"IT-CR","reg_name":"Lombardia","reg_istat_code":"03","reg_istat_code_num":3,"reg_iso_3166_2":"IT-25","opdm_id":"2417","com_catasto_code":"B498","com_istat_code":"019011","com_istat_code_num":19011,"prov_uts_code":"019","prov_tipo_uts":"Provincia"}},
{"type":"Feature","geometry":{"type":"Polygon","coordinates":[[[9.666298117866251,45.34163443547752],[9.66094758472309,45.34032432521944],[9.655328194974864,45.33560401357736],[9.649157002116612,45.32557576328581],[9.649764141402203,45.3229438999856],[9.65136504500022,45.3213055515376],[9.652313355044928,45.32055301477957],[9.653691967088392,45.320608142677486],[9.652918254288199,45.31878529404908],[9.648572723016278,45.31476844677103],[9.644520889947138,45.314098272375446],[9.640514727149291,45.3151379688721],[9.638239720186874,45.31520079938592],[9.634857574224188,45.31465647723421],[9.636210288616985,45.31689928573123],[9.635709303370882,45.321087711164076],[9.632431386524221,45.32678575431412],[9.629157668964952,45.32863406344742],[9.626164642601275,45.33006977755569],[9.625982361811632,45.33089890279788],[9.625734694764452,45.332490680807055],[9.625673989900351,45.33288088946067],[9.626264561449867,45.33529900062725],[9.629442214528886,45.33758587301924],[9.630079739508073,45.34558453500974],[9.636352550855406,45.347197007876865],[9.64657142901995,45.34854256958215],[9.653944788686205,45.346251502576436],[9.665316409357734,45.34587741288663],[9.66541633592555,45.3457078954419],[9.665618029918837,45.34534245027964],[9.66592642429433,45.34476906631429],[9.666109642021096,45.344014792349036],[9.666166928515437,45.34376464268274],[9.666254795239123,45.34338095360457],[9.66633115211069,45.342273337998606],[9.666316916408379,45.3419979505551],[9.666298117866251,45.34163443547752]]]},"properties":{"name":"Capergnanica","op_id":"2707","minint_elettorale":"1030260110","minint_finloc":"1030260110","prov_name":"Cremona","prov_istat_code":"019","prov_istat_code_num":19,"prov_acr":"CR","prov_iso_3166_2":"IT-CR","reg_name":"Lombardia","reg_istat_code":"03","reg_istat_code_num":3,"reg_iso_3166_2":"IT-25","opdm_id":"2418","com_catasto_code":"B650","com_istat_code":"019012","com_istat_code_num":19012,"prov_uts_code":"019","prov_tipo_uts":"Provincia"}},
{"type":"Feature","geometry":{"type":"Polygon","coordinates":[[[9.851006420441855,45.25395807441929],[9.851681007484961,45.25134262958412],[9.855643684764784,45.2368746377691],[9.861677097466135,45.23482193609384],[9.859347513667347,45.230716800064364],[9.854103599048806,45.22676846535862],[9.847544392346894,45.22769049115116],[9.845778362120386,45.22800062835184],[9.843316793932848,45.227793795059135],[9.840896631844501,45.226938499538605],[9.837336772573556,45.22566842954591],[9.835089511342211,45.223560535167266],[9.837784352117762,45.22145245121748],[9.838266357874645,45.220449732260846],[9.835778510478278,45.21233959032906],[9.820323357892642,45.21817212477433],[9.821896491615103,45.21962356664005],[9.823134543009923,45.22493453943453],[9.821855789781827,45.22757218711667],[9.823427046756901,45.22903711333326],[9.827001508407282,45.231045631852325],[9.832312326556487,45.23215024626713],[9.835149260181142,45.235361073732875],[9.831619984230102,45.23790723083477],[9.82757924123828,45.23733348146124],[9.823076538038636,45.24280100409942],[9.820379152383168,45.24888933346034],[9.815087157352647,45.25303638833616],[9.814458194781254,45.252442291490524],[9.813299278279366,45.25272058555898],[9.810151903335367,45.255042833394995],[9.808777495465659,45.25658732462897],[9.808212878975457,45.257662486237415],[9.807891763601146,45.25928502815925],[9.81084938534593,45.265601089233435],[9.811272251125247,45.271124976909626],[9.814489085132905,45.268752693884394],[9.821293538552133,45.27121537470338],[9.823267866841343,45.27110214502255],[9.829932448546858,45.27004573824288],[9.830873225273917,45.26637531842038],[9.831700633293874,45.26629727120826],[9.838086722393538,45.26628658911838],[9.840509187740519,45.26718693997911],[9.843537831144786,45.26597642067425],[9.846830542029055,45.264529832642296],[9.8468907784256,45.26429533576055],[9.845935514322054,45.26005374414507],[9.84544221445976,45.25859015578578],[9.844856532777664,45.256911209913355],[9.844402565764865,45.255519351942084],[9.844267258580237,45.25498925929414],[9.849885582518354,45.25400242426329],[9.851006420441855,45.25395807441929]]]},"properties":{"name":"Cappella Cantone","op_id":"2708","minint_elettorale":"1030260120","minint_finloc":"1030260120","prov_name":"Cremona","prov_istat_code":"019","prov_istat_code_num":19,"prov_acr":"CR","prov_iso_3166_2":"IT-CR","reg_name":"Lombardia","reg_istat_code":"03","reg_istat_code_num":3,"reg_iso_3166_2":"IT-25","opdm_id":"2419","com_catasto_code":"B679","com_istat_code":"019013","com_istat_code_num":19013,"prov_uts_code":"019","prov_tipo_uts":"Provincia"}},
{"type":"Feature","geometry":{"type":"Polygon","coordinates":[[[10.255689093914803,45.15383227095691],[10.258959719809763,45.153379803252015],[10.260288866930935,45.15318298348529],[10.261268600144682,45.15272208710518],[10.261273014572197,45.152614825474494],[10.261298621141792,45.15199261918649],[10.261170931713433,45.14829435253107],[10.260894237609016,45.145666979271226],[10.259707401412609,45.141082207406825],[10.25505108063202,45.132986977902206],[10.251372479149918,45.12527692271818],[10.245754851114452,45.128902999137],[10.240498389333622,45.132209830738645],[10.23952901077429,45.13264568061961],[10.235717415117634,45.13282876013082],[10.2300094585172,45.130558972111764],[10.22833345123494,45.12890269228875],[10.228047691209182,45.12743849184573],[10.228041318548707,45.12358585411441],[10.217894992490763,45.125395832399484],[10.205351835629433,45.12754529451992],[10.202007142388192,45.12824667733636],[10.201387429359228,45.12841417766521],[10.200969133034103,45.12852723574478],[10.200379137278958,45.1286889783055],[10.200472861931027,45.12894693768293],[10.20200705463172,45.132441450500835],[10.206128840833468,45.13303710754507],[10.20851868466341,45.13600038197396],[10.211728626665739,45.14044018728104],[10.21320694539071,45.14537539870769],[10.21228394854003,45.147437571233375],[10.212723090374174,45.148351080947926],[10.217760088731978,45.15191612971959],[10.21965654748556,45.15375022618236],[10.218878989487743,45.15546882879478],[10.216263906900762,45.15753108683016],[10.218025655372212,45.16258920721242],[10.219117391539264,45.16187543072901],[10.219771776382819,45.16153538956492],[10.22404881309488,45.1598423358525],[10.224211505185073,45.162685085866094],[10.221617479540503,45.16990515347211],[10.220088011664556,45.17098369004829],[10.219764465469446,45.17192332681412],[10.22668547642275,45.17361349881755],[10.228695200847946,45.170871198904685],[10.232546697659668,45.16981471788659],[10.23694023828344,45.16996524288467],[10.240975052591883,45.16355732744091],[10.242936627477047,45.15955728685625],[10.247312870672268,45.155269814797016],[10.255689093914803,45.15383227095691]]]},"properties":{"name":"Cappella de' Picenardi","op_id":"2709","minint_elettorale":"1030260130","minint_finloc":"1030260130","prov_name":"Cremona","prov_istat_code":"019","prov_istat_code_num":19,"prov_acr":"CR","prov_iso_3166_2":"IT-CR","reg_name":"Lombardia","reg_istat_code":"03","reg_istat_code_num":3,"reg_iso_3166_2":"IT-25","opdm_id":"2420","com_catasto_code":"B680","com_istat_code":"019014","com_istat_code_num":19014,"prov_uts_code":"019","prov_tipo_uts":"Provincia"}},
{"type":"Feature","geometry":{"type":"Polygon","coordinates":[[[9.650314497527944,45.454025442298004],[9.651883002249093,45.452333873979384],[9.65640391782562,45.44407191067106],[9.658534731457136,45.44037816723918],[9.66181577851081,45.43721779199076],[9.660584261670408,45.43652281586841],[9.661569618793159,45.43188150170786],[9.664644954397525,45.42820017322455],[9.66509815475469,45.42746843416174],[9.666559876311156,45.42404395531535],[9.668001427516414,45.418990372492686],[9.668329602335923,45.417422241102805],[9.666242564277244,45.40107020389362],[9.663258155390228,45.40413896526312],[9.651950067792246,45.41742689429053],[9.651530618978047,45.417923402689176],[9.637954009439282,45.42152946884224],[9.635923832851152,45.42172080270243],[9.634502345205592,45.42376298677402],[9.633153240626891,45.42771299288385],[9.628243464912632,45.43223168950086],[9.624623038000939,45.43200852421376],[9.622475288746376,45.429900474931955],[9.622058523246675,45.43145543989772],[9.62127040846527,45.43325096545435],[9.614718733204064,45.43891942507784],[9.613370136565562,45.439792512260446],[9.610505405129297,45.43943430584631],[9.609528010718222,45.44299048715511],[9.626616142238085,45.456147753605876],[9.626390346757107,45.45654507062996],[9.625926823222814,45.45742071743414],[9.625855856152105,45.457943167503466],[9.626114016209476,45.458157784423555],[9.635493576446896,45.45854702908833],[9.636964352173642,45.458538836762386],[9.639572062819019,45.458407243943505],[9.643473634389345,45.45768699917256],[9.650314497527944,45.454025442298004]]]},"properties":{"name":"Capralba","op_id":"2710","minint_elettorale":"1030260140","minint_finloc":"1030260140","prov_name":"Cremona","prov_istat_code":"019","prov_istat_code_num":19,"prov_acr":"CR","prov_iso_3166_2":"IT-CR","reg_name":"Lombardia","reg_istat_code":"03","reg_istat_code_num":3,"reg_iso_3166_2":"IT-25","opdm_id":"2421","com_catasto_code":"B686","com_istat_code":"019015","com_istat_code_num":19015,"prov_uts_code":"019","prov_tipo_uts":"Provincia"}},
{"type":"Feature","geometry":{"type":"Polygon","coordinates":[[[9.957293813604728,45.27976988369514],[9.972345976813987,45.2757090914992],[9.971205017494169,45.27384651178176],[9.972211367378161,45.270066342186496],[9.978783758925761,45.26455531586796],[9.980425006416958,45.25919437388604],[9.988431188105329,45.25710903218329],[9.99722536467818,45.253668634077655],[9.997386235416926,45.25247643848612],[9.99734375170873,45.2522337616939],[9.996891004465834,45.25075697774313],[9.99797297038494,45.24741248529095],[10.000176386214278,45.24372060015112],[9.998927810162552,45.2401719062297],[9.999507748548481,45.23828955357507],[10.001428829982867,45.23523021954379],[10.00404982581743,45.23141758250355],[9.999176075622662,45.2324504942455],[9.979999748152037,45.23669433505676],[9.976490939797193,45.23787658267763],[9.976034015172266,45.2379795040513],[9.970655048347004,45.23708919819642],[9.970944072839837,45.23610557202368],[9.971671966627214,45.234694427136674],[9.972053996591232,45.23395377328531],[9.973141450236085,45.23198219030228],[9.974432029111245,45.23071997840153],[9.97511040670847,45.230211758259735],[9.976595376476073,45.2290992320054],[9.978335918276787,45.223629428373386],[9.972475543690335,45.21758544364473],[9.970562382059839,45.21592744181039],[9.96367566312078,45.21687691689873],[9.964205863415106,45.218105640652475],[9.963120787562518,45.220221155732965],[9.959028371006301,45.219229424647544],[9.95677234962018,45.21533269165241],[9.956715985399406,45.21500909206695],[9.956414999804792,45.21376941821984],[9.955685185118062,45.2112550939686],[9.954609618016729,45.209382765767614],[9.952000259769996,45.20954858121975],[9.951442828541657,45.20962523408453],[9.951602282384027,45.210055672771404],[9.95169681477488,45.21187349634924],[9.951594814967233,45.21263048057497],[9.951299590882645,45.21325403867255],[9.950882820097968,45.21346455532001],[9.949877335949427,45.213499929454166],[9.948920834683653,45.21341786248489],[9.945581937476597,45.214048663913786],[9.944015792331932,45.21637500773915],[9.944953010130531,45.218365586361266],[9.948124891651586,45.22069770023555],[9.950708321172952,45.222098454448776],[9.948484850601238,45.2339179233858],[9.948090913928203,45.24395611152008],[9.946666301815947,45.24792132127933],[9.941190884541864,45.25356549386336],[9.934380017183996,45.258671247275416],[9.929059944201326,45.26694197741456],[9.92866139923784,45.26907856734011],[9.930653711002341,45.269305377634126],[9.935852214069543,45.271477246427885],[9.936276862167107,45.27171681285153],[9.937394369894168,45.27377798207342],[9.937532516077676,45.27442494729353],[9.938173198110507,45.27926244998459],[9.938606809624806,45.28159025945974],[9.957293813604728,45.27976988369514]]]},"properties":{"name":"Casalbuttano ed Uniti","op_id":"2711","minint_elettorale":"1030260150","minint_finloc":"1030260150","prov_name":"Cremona","prov_istat_code":"019","prov_istat_code_num":19,"prov_acr":"CR","prov_iso_3166_2":"IT-CR","reg_name":"Lombardia","reg_istat_code":"03","reg_istat_code_num":3,"reg_iso_3166_2":"IT-25","opdm_id":"2422","com_catasto_code":"B869","com_istat_code":"019016","com_istat_code_num":19016,"prov_uts_code":"019","prov_tipo_uts":"Provincia"}},
{"type":"Feature","geometry":{"type":"Polygon","coordinates":[[[9.731409435477492,45.45968327925444],[9.733852594839258,45.457723376474895],[9.73446816157771,45.45686430547714],[9.734457877750822,45.456072265567734],[9.733845935609068,45.45523909467945],[9.73269972183139,45.454625380806135],[9.731596558966217,45.454371404073875],[9.729375248642308,45.45369253254198],[9.727999119097289,45.45209910798153],[9.727764935318046,45.45079542933103],[9.726900533303075,45.44522921664604],[9.7304108560644,45.44184696156112],[9.733562414569557,45.435603648253064],[9.73526883919013,45.43088177585335],[9.733118374301716,45.430670570234014],[9.734965593477822,45.42524898326138],[9.734527748507801,45.42302851155322],[9.73388531054278,45.42277160984446],[9.72698863430269,45.42122249909213],[9.722407252188477,45.42079249342826],[9.717608800439342,45.42138082769686],[9.717250250656022,45.421329066799345],[9.716915864369984,45.4210356274423],[9.716202707322434,45.42036351649494],[9.715861321068212,45.419645551313096],[9.718761967743339,45.414953008266885],[9.712214079411261,45.41379057520555],[9.710945113975043,45.41390648902822],[9.712232872061199,45.41741344190815],[9.713268101296162,45.42280319263845],[9.71299654918381,45.423569991236576],[9.70969776489372,45.42859521218763],[9.70703211669216,45.433273471029764],[9.701575610842557,45.441634097519795],[9.700593373374684,45.44672842380405],[9.701983678503618,45.454380392421655],[9.702067150070405,45.45445771741839],[9.702839313234456,45.4558751590513],[9.7033903180733,45.45698791330469],[9.703172871877204,45.45801538050266],[9.702389679163693,45.45880329119453],[9.701754347135585,45.45914024919144],[9.699282981102158,45.459947492622675],[9.701809888730931,45.460526078828735],[9.715946597933366,45.46076238048996],[9.720892220169358,45.458408970858095],[9.723507537816282,45.45788838392331],[9.724940040399128,45.457888297808616],[9.725529492955893,45.457974569075496],[9.730157481983197,45.458809187651866],[9.730593723329779,45.4589144054892],[9.731096577221253,45.45922623126401],[9.731409435477492,45.45968327925444]]]},"properties":{"name":"Casale Cremasco-Vidolasco","op_id":"2712","minint_elettorale":"1030260160","minint_finloc":"1030260160","prov_name":"Cremona","prov_istat_code":"019","prov_istat_code_num":19,"prov_acr":"CR","prov_iso_3166_2":"IT-CR","reg_name":"Lombardia","reg_istat_code":"03","reg_istat_code_num":3,"reg_iso_3166_2":"IT-25","opdm_id":"2423","com_catasto_code":"B881","com_istat_code":"019017","com_istat_code_num":19017,"prov_uts_code":"019","prov_tipo_uts":"Provincia"}},
{"type":"Feature","geometry":{"type":"Polygon","coordinates":[[[9.626164642601275,45.33006977755569],[9.629157668964952,45.32863406344742],[9.632431386524221,45.32678575431412],[9.635709303370882,45.321087711164076],[9.636210288616985,45.31689928573123],[9.634857574224188,45.31465647723421],[9.632548370652438,45.311212764027395],[9.628335398640747,45.302846737148066],[9.629204938907414,45.29735109470203],[9.628415803075331,45.29287279009986],[9.622198289191642,45.29341093996819],[9.61744276127394,45.30043985621146],[9.612482294980753,45.30277083485222],[9.612266900447873,45.30527436506453],[9.611894404305742,45.30622149623025],[9.608511707088596,45.31181141865064],[9.605579577865829,45.31432038459081],[9.602025561747652,45.317165614829506],[9.605491137145856,45.3228869090021],[9.611884285696181,45.32276606479318],[9.617151247955537,45.32721140039821],[9.619396191966846,45.32829740681288],[9.624682459272456,45.32989786111891],[9.626164642601275,45.33006977755569]]]},"properties":{"name":"Casaletto Ceredano","op_id":"2713","minint_elettorale":"1030260170","minint_finloc":"1030260170","prov_name":"Cremona","prov_istat_code":"019","prov_istat_code_num":19,"prov_acr":"CR","prov_iso_3166_2":"IT-CR","reg_name":"Lombardia","reg_istat_code":"03","reg_istat_code_num":3,"reg_iso_3166_2":"IT-25","opdm_id":"2424","com_catasto_code":"B889","com_istat_code":"019018","com_istat_code_num":19018,"prov_uts_code":"019","prov_tipo_uts":"Provincia"}},
{"type":"Feature","geometry":{"type":"Polygon","coordinates":[[[9.769290171687457,45.43017164580849],[9.784629551585214,45.42952098768396],[9.785863132269704,45.42777255970331],[9.789629172360273,45.42649540314148],[9.803521413189229,45.4235901543504],[9.807881498994488,45.422785281481985],[9.809761473294357,45.42107069503003],[9.814058210411334,45.41765571187287],[9.818066016740476,45.416393900546126],[9.818450167855536,45.41644516243146],[9.818457401771111,45.416418619828036],[9.820027867623915,45.41065505663392],[9.816377032726468,45.41005113673212],[9.813028418416065,45.41002100922482],[9.812329251710324,45.40938689778704],[9.812208585187891,45.406318335730326],[9.812458581597774,45.40414725680604],[9.812266963878878,45.40236638837675],[9.810379269245933,45.399922456080645],[9.807440512134258,45.39812501615065],[9.80521313138584,45.3979382194559],[9.804826897511036,45.39790874675185],[9.803539183345245,45.39781047735235],[9.80190123906764,45.398533082423086],[9.794506562709596,45.40421955256711],[9.788496337761014,45.411237135795616],[9.784104297769051,45.408765035139155],[9.776893840209087,45.40760815719926],[9.771732970471984,45.40679701932999],[9.769968585243015,45.40672792635611],[9.768905708529324,45.40844531138473],[9.766787193486604,45.412429091699714],[9.767234554874495,45.4171517302958],[9.768925927466947,45.4184095155613],[9.769147349334514,45.41871407346481],[9.769528238241726,45.41946761584764],[9.76967688924272,45.420060683866694],[9.769558129033555,45.42072757644212],[9.769237121944768,45.42250296838509],[9.769129929923086,45.423079766941136],[9.767116071815126,45.42727887228486],[9.769290171687457,45.43017164580849]]]},"properties":{"name":"Casaletto di Sopra","op_id":"2714","minint_elettorale":"1030260180","minint_finloc":"1030260180","prov_name":"Cremona","prov_istat_code":"019","prov_istat_code_num":19,"prov_acr":"CR","prov_iso_3166_2":"IT-CR","reg_name":"Lombardia","reg_istat_code":"03","reg_istat_code_num":3,"reg_iso_3166_2":"IT-25","opdm_id":"2425","com_catasto_code":"B890","com_istat_code":"019019","com_istat_code_num":19019,"prov_uts_code":"019","prov_tipo_uts":"Provincia"}},
{"type":"Feature","geometry":{"type":"Polygon","coordinates":[[[9.666242564277244,45.40107020389362],[9.658437606035957,45.39793803327635],[9.657581421420751,45.39792497484518],[9.65536115272015,45.39817176171023],[9.65095376631547,45.39933111338089],[9.649893803908046,45.401605462704076],[9.644346134078654,45.40365316987086],[9.642547828580005,45.403951340206895],[9.638971172137573,45.40405242567206],[9.638409064048254,45.40406456477084],[9.636954267503217,45.40195739939561],[9.635290566186523,45.40172362377078],[9.633793284748021,45.40151592696735],[9.632004070978137,45.4014808248145],[9.627997285944193,45.40426631411284],[9.62374981152915,45.407277988527895],[9.623152654685647,45.408505524942356],[9.620740858242112,45.41139893200365],[9.619022204113703,45.41200234844466],[9.619872522303398,45.41379797496584],[9.629839262453135,45.41938720016137],[9.635923832851152,45.42172080270243],[9.637954009439282,45.42152946884224],[9.651530618978047,45.417923402689176],[9.651950067792246,45.41742689429053],[9.663258155390228,45.40413896526312],[9.666242564277244,45.40107020389362]]]},"properties":{"name":"Casaletto Vaprio","op_id":"2715","minint_elettorale":"1030260190","minint_finloc":"1030260190","prov_name":"Cremona","prov_istat_code":"019","prov_istat_code_num":19,"prov_acr":"CR","prov_iso_3166_2":"IT-CR","reg_name":"Lombardia","reg_istat_code":"03","reg_istat_code_num":3,"reg_iso_3166_2":"IT-25","opdm_id":"2426","com_catasto_code":"B891","com_istat_code":"019020","com_istat_code_num":19020,"prov_uts_code":"019","prov_tipo_uts":"Provincia"}},
{"type":"Feature","geometry":{"type":"Polygon","coordinates":[[[10.464413019591253,45.014709627915806],[10.462980481275402,45.01179950061478],[10.459302749312286,45.008272329500926],[10.458938991814426,45.0080768951572],[10.457789378201058,45.00519033924327],[10.457499299452243,45.002847591063684],[10.457383515075039,45.000302533714766],[10.457498989346742,44.9967722989362],[10.458097178362808,44.994090787048044],[10.458219461142932,44.99349667957298],[10.458644664947924,44.9914282366048],[10.458028638555984,44.9881808021878],[10.457800126914416,44.98723902832536],[10.457488816390255,44.986258968695054],[10.45694343857322,44.98495628381963],[10.45569910617147,44.98235284455259],[10.45762414676152,44.98149155665062],[10.460020814989747,44.98098888905495],[10.46057987808535,44.980871728001055],[10.46906312698756,44.97997872562386],[10.484418106791582,44.980261732815734],[10.496142512751947,44.98147811821635],[10.512422280152554,44.98376784950562],[10.516183770177872,44.98500869338982],[10.522500057635394,44.98722498447674],[10.533628243961044,44.99204331862452],[10.536782690981541,44.99447569212473],[10.53934626286957,44.996669291386084],[10.540444344485124,44.998627132406746],[10.540453606450523,44.99897271553718],[10.5414530566723,45.00152163577766],[10.545982431391943,45.00384418148852],[10.547613906103532,45.004587220014976],[10.549128584787969,45.00523281947021],[10.555225742039708,45.006878285965385],[10.556420279582456,45.00694303333962],[10.55720830375244,45.00690748753372],[10.557852350661205,45.00687840896122],[10.558741613000343,45.00654465927544],[10.561148466856869,45.00542996477234],[10.571036503173774,45.002003861442596],[10.571838374973408,45.00222185295964],[10.584685298081698,45.00427927685115],[10.588327252265202,45.00446335779243],[10.595389975082474,45.004306206748446],[10.596854720222717,45.003960326594004],[10.591388181964023,45.00268020638479],[10.582084304632206,44.99755873828932],[10.568253195138729,44.9961634760897],[10.566896447744579,44.99619109969581],[10.565431849724659,44.99598614478151],[10.564202607525718,44.99557091165771],[10.557959411047968,44.99227606533094],[10.556675646730984,44.991300450148195],[10.554567464883808,44.98884751102817],[10.554152951952878,44.98806098423346],[10.553977935671654,44.98721718126713],[10.554008148670418,44.98648763260948],[10.5425000667347,44.98356954361862],[10.53416856298544,44.98177335237955],[10.532468568246616,44.981283076006996],[10.531277467069469,44.98088047012006],[10.530312175489312,44.98035329739379],[10.529141411292818,44.97925274617526],[10.52867517109293,44.97841282101194],[10.528483977506642,44.97754218381942],[10.528458694764886,44.97742551035197],[10.528343318213656,44.97645483900912],[10.528010114762234,44.975370071628326],[10.527461186098604,44.974279190844506],[10.526878753602011,44.97335978533371],[10.526241823537651,44.972774186815165],[10.523363457477181,44.97090421762459],[10.520155609743865,44.97092446174914],[10.515916472343884,44.97178199123763],[10.51028704202885,44.97279278543726],[10.508674882784037,44.972733091653545],[10.507804805331983,44.9724385117578],[10.507442998651843,44.972182238397515],[10.507014461082349,44.97131471558551],[10.506499898286942,44.97009725301494],[10.503738843596443,44.962009450994906],[10.503599028094298,44.9605709863481],[10.503579034961122,44.96048884369848],[10.503423892693654,44.95985171441579],[10.50317296698597,44.95882122055594],[10.501664119727986,44.95447515160421],[10.5012611651093,44.95360725019108],[10.496893251099019,44.94947420015434],[10.48919718400716,44.94846773928828],[10.476502354877448,44.94679432965801],[10.47168665712061,44.94538646786342],[10.466684748864981,44.942523156382336],[10.46400282366987,44.93717896473519],[10.462999188979843,44.937535734473194],[10.460942774321865,44.93822916980161],[10.451628621729945,44.94054716262756],[10.450800278896061,44.94054960681364],[10.448872312067694,44.94049307022246],[10.448219182712114,44.94043706726961],[10.447957757520749,44.940414649597365],[10.446613549639247,44.94038668495553],[10.443259202933918,44.94056415886013],[10.441656340715786,44.940836464986305],[10.439951280295695,44.94126236137229],[10.437757344837413,44.94204771077294],[10.435668369655696,44.94313646749744],[10.4340044368149,44.94451617113258],[10.432722256652072,44.94599008546559],[10.431837984143156,44.94707278314828],[10.43147412230547,44.94797860227683],[10.431180339564014,44.948709943603056],[10.43076998828627,44.95006535086323],[10.430374143645656,44.95148361019051],[10.430237732883944,44.95199325017761],[10.426558486487261,44.95813887095271],[10.425162618269278,44.96020792417828],[10.424658819784641,44.96074642454692],[10.424060245153974,44.96168980390812],[10.42288216244593,44.96377495550249],[10.422125496674942,44.965494637748414],[10.421027300193066,44.968253898287635],[10.420128662075237,44.97091160487877],[10.419511611389014,44.97276031088364],[10.419396452188137,44.97315307311262],[10.419387039355462,44.97318513718784],[10.419256182568086,44.97362295745923],[10.418532317158999,44.9751351450242],[10.416767797084157,44.977650005325934],[10.414585593180409,44.979639972272444],[10.414335602372235,44.97984573273968],[10.413416912344694,44.980599522857254],[10.41164612530773,44.98182775053937],[10.409909014271639,44.982884244712686],[10.407996480423476,44.98383526806847],[10.405673984357806,44.98449428046796],[10.40348640054003,44.98477324548535],[10.401293518872558,44.9848361832897],[10.399284949887948,44.98465377238631],[10.397237022211824,44.98441778978104],[10.395389596490745,44.98408031154136],[10.393238170744596,44.98349745262312],[10.391797931863778,44.98462918785874],[10.386205113579129,44.98903519532372],[10.384015898636319,44.99090824800314],[10.38344440216514,44.99489524085947],[10.382604435476317,45.00075427140351],[10.383801315649169,45.001423907010874],[10.385843437939407,45.00297445911695],[10.388059217942018,45.0069040111064],[10.38900269767897,45.00874227324304],[10.390135133753175,45.01568690417203],[10.390108173112448,45.01614631936387],[10.389486863177897,45.024039492289745],[10.388408748514934,45.031950392709405],[10.38839643988749,45.0324874448066],[10.388414511743532,45.034809699272586],[10.389039898560915,45.03861885212168],[10.390285217766204,45.03750564766847],[10.391502989756114,45.037571654253824],[10.393694583000805,45.037895995648476],[10.396673292445742,45.0389968072946],[10.398656536192167,45.03988773043366],[10.399423196895771,45.040607486974146],[10.401022364373498,45.04162307639383],[10.404835112860056,45.04280948315208],[10.406661957491036,45.04326408919669],[10.408126366179072,45.04343507846082],[10.40878860622945,45.043302192616075],[10.409577846823948,45.04255318187916],[10.410415165290246,45.03840182071497],[10.414612934941523,45.02636703666416],[10.415223921462818,45.02488462556839],[10.422925269043844,45.024743910048976],[10.431805666350758,45.024915923144654],[10.436971928071141,45.02500683637328],[10.444182026983361,45.024567033403535],[10.449595942778897,45.0238232946545],[10.450446384737832,45.02352605830288],[10.456651583132755,45.02075389923888],[10.460145148137007,45.01788270885932],[10.464413019591253,45.014709627915806]]]},"properties":{"name":"Casalmaggiore","op_id":"2716","minint_elettorale":"1030260200","minint_finloc":"1030260200","prov_name":"Cremona","prov_istat_code":"019","prov_istat_code_num":19,"prov_acr":"CR","prov_iso_3166_2":"IT-CR","reg_name":"Lombardia","reg_istat_code":"03","reg_istat_code_num":3,"reg_iso_3166_2":"IT-25","opdm_id":"2427","com_catasto_code":"B898","com_istat_code":"019021","com_istat_code_num":19021,"prov_uts_code":"019","prov_tipo_uts":"Provincia"}},
{"type":"Feature","geometry":{"type":"Polygon","coordinates":[[[9.918728831392338,45.26973499601909],[9.918066340354217,45.26975831663642],[9.916960313219304,45.26994723700056],[9.913476781389578,45.27132536770023],[9.90932169431835,45.273770904684646],[9.904102839545212,45.274280421195726],[9.900103009577004,45.27368190939808],[9.898411878708666,45.273155136948894],[9.897916984039696,45.27249293751116],[9.894028493815858,45.27247842615555],[9.885168724052713,45.273321559656736],[9.884272452879115,45.275533856189895],[9.88536338148632,45.277640738214664],[9.886518415927318,45.27894598572815],[9.887800150796236,45.28019624006922],[9.888836212611231,45.28122333855404],[9.889743945049963,45.28219743186821],[9.889991579286558,45.283356679983754],[9.889637188665725,45.28434060229387],[9.888265211715193,45.28656283981343],[9.88537866382432,45.290098598130264],[9.883416643308362,45.29186005448149],[9.88270943857702,45.292306595780396],[9.881736785850073,45.29290821099563],[9.880864751156638,45.293419003733],[9.880056309265873,45.29392032348407],[9.879624050410332,45.29483278855074],[9.878999970236963,45.296538855699275],[9.87890810847131,45.29719667242987],[9.87894419319815,45.29788049529958],[9.879424347912861,45.30006415008538],[9.880359833198607,45.30117309875473],[9.88156713959184,45.3017128858152],[9.883937147810258,45.30237866637484],[9.885464080666342,45.302960937951916],[9.886829586517322,45.30382347249537],[9.887386846952069,45.304386236583746],[9.887789685989818,45.30567929542989],[9.887873427132618,45.306956842536096],[9.88757071731249,45.30799434873106],[9.886555529059612,45.30997354365866],[9.88568693354236,45.31153752753876],[9.88484445492619,45.312318191881424],[9.88644994327402,45.31465507386966],[9.88797291084941,45.316596538720844],[9.888712115408788,45.31654579083293],[9.89156481630805,45.316217501836455],[9.893126843742106,45.31494511125009],[9.89405267615596,45.31378569116485],[9.895457836905448,45.31228044951303],[9.896673275447892,45.31134023064163],[9.89979470500172,45.30897040180997],[9.902886065324541,45.306875146231015],[9.904067233697608,45.30574962842914],[9.90579822205317,45.30390863190955],[9.90609629000895,45.30340218502856],[9.906114456061605,45.30214185389033],[9.90907235137161,45.296474478012506],[9.922056934731568,45.28868316597532],[9.92683406154682,45.29151595273015],[9.928113849882886,45.2910104909465],[9.929288208784033,45.29029882880626],[9.93201793780138,45.28645097597595],[9.931951171818039,45.28548837098898],[9.932262834851272,45.28505376770921],[9.93357032068889,45.28391791218503],[9.934301519273712,45.28340784937054],[9.936116345545335,45.28288890294838],[9.93790743687187,45.2824781521379],[9.938619278011537,45.28234628221012],[9.938606809624806,45.28159025945974],[9.938173198110507,45.27926244998459],[9.937532516077676,45.27442494729353],[9.937394369894168,45.27377798207342],[9.936276862167107,45.27171681285153],[9.935852214069543,45.271477246427885],[9.930653711002341,45.269305377634126],[9.92866139923784,45.26907856734011],[9.918728831392338,45.26973499601909]]]},"properties":{"name":"Casalmorano","op_id":"2717","minint_elettorale":"1030260210","minint_finloc":"1030260210","prov_name":"Cremona","prov_istat_code":"019","prov_istat_code_num":19,"prov_acr":"CR","prov_iso_3166_2":"IT-CR","reg_name":"Lombardia","reg_istat_code":"03","reg_istat_code_num":3,"reg_iso_3166_2":"IT-25","opdm_id":"2428","com_catasto_code":"B900","com_istat_code":"019022","com_istat_code_num":19022,"prov_uts_code":"019","prov_tipo_uts":"Provincia"}},
{"type":"Feature","geometry":{"type":"Polygon","coordinates":[[[10.409577846823948,45.04255318187916],[10.40878860622945,45.043302192616075],[10.408126366179072,45.04343507846082],[10.406661957491036,45.04326408919669],[10.404835112860056,45.04280948315208],[10.401022364373498,45.04162307639383],[10.399423196895771,45.040607486974146],[10.398656536192167,45.03988773043366],[10.396673292445742,45.0389968072946],[10.393694583000805,45.037895995648476],[10.391502989756114,45.037571654253824],[10.390285217766204,45.03750564766847],[10.389039898560915,45.03861885212168],[10.388761994915882,45.04025155906722],[10.389100379329259,45.042242404056736],[10.38837626643444,45.046350454000766],[10.386367903077721,45.04784215084496],[10.385941002690481,45.04856748491488],[10.385653188088842,45.04979521601209],[10.385640905995889,45.05244189363048],[10.386972074306255,45.06075236719568],[10.38875232253477,45.070803700320674],[10.39224009224638,45.07592049685869],[10.396076250074405,45.07838386264194],[10.400644979731672,45.084413080666494],[10.401831425882618,45.09187895873161],[10.402001544009515,45.09467639526164],[10.401406981315018,45.095826916517424],[10.397669456039013,45.09873902372081],[10.400315809230767,45.09879857564866],[10.402768297927624,45.098400020655056],[10.407731498269342,45.0956411060359],[10.410190602413502,45.093315318866935],[10.410820068450686,45.09152519779727],[10.413324847565738,45.09106214835912],[10.414843341383497,45.090800289468206],[10.416830994944812,45.090496627757354],[10.415241984806281,45.08584445480828],[10.415136765115685,45.08003963145275],[10.415848602411398,45.07850952281217],[10.416424004601327,45.07711610557846],[10.416603882177172,45.076168701277226],[10.416089260639401,45.0666512264421],[10.41496374717361,45.06427972337144],[10.413563289046687,45.05675161664771],[10.412085960669911,45.04438539507376],[10.409577846823948,45.04255318187916]]]},"properties":{"name":"Casteldidone","op_id":"2719","minint_elettorale":"1030260220","minint_finloc":"1030260220","prov_name":"Cremona","prov_istat_code":"019","prov_istat_code_num":19,"prov_acr":"CR","prov_iso_3166_2":"IT-CR","reg_name":"Lombardia","reg_istat_code":"03","reg_istat_code_num":3,"reg_iso_3166_2":"IT-25","opdm_id":"2429","com_catasto_code":"C089","com_istat_code":"019023","com_istat_code_num":19023,"prov_uts_code":"019","prov_tipo_uts":"Provincia"}},
{"type":"Feature","geometry":{"type":"Polygon","coordinates":[[[9.715170263388297,45.48266518809693],[9.719790108815875,45.48213731321815],[9.721855671188834,45.47677421319888],[9.726350388859707,45.4770787713011],[9.729961874372814,45.47781056787631],[9.733943223638272,45.47653516416759],[9.736488877197758,45.475519657858136],[9.737312902582262,45.47493827028983],[9.737226162680756,45.47417373286434],[9.735946124353722,45.47215673337513],[9.734118324506385,45.46834299443291],[9.731976642880511,45.46101182201077],[9.731409435477492,45.45968327925444],[9.731096577221253,45.45922623126401],[9.730593723329779,45.4589144054892],[9.730157481983197,45.458809187651866],[9.725529492955893,45.457974569075496],[9.724940040399128,45.457888297808616],[9.723507537816282,45.45788838392331],[9.720892220169358,45.458408970858095],[9.715946597933366,45.46076238048996],[9.701809888730931,45.460526078828735],[9.699282981102158,45.459947492622675],[9.698807429767408,45.46059854042724],[9.698669547917406,45.460824432993704],[9.698429754063552,45.461280452359325],[9.698347072223596,45.4614474757217],[9.698255812639129,45.461632561069884],[9.698081583554679,45.462025171275855],[9.69788846946985,45.46302547427317],[9.697919170454766,45.463439339354004],[9.698066082625061,45.46394250986076],[9.698303311556394,45.46450813642667],[9.700888178156038,45.47020345162468],[9.704985218707545,45.478238281374665],[9.705150842359044,45.478481089297205],[9.705389354838426,45.478830328672295],[9.708260268089168,45.482278040592064],[9.708484121429965,45.482345324994036],[9.708568078028982,45.48237033514317],[9.709274815151538,45.482577716739854],[9.712116960743497,45.482695074886415],[9.713921590913555,45.4827288075769],[9.715170263388297,45.48266518809693]]]},"properties":{"name":"Castel Gabbiano","op_id":"2718","minint_elettorale":"1030260230","minint_finloc":"1030260230","prov_name":"Cremona","prov_istat_code":"019","prov_istat_code_num":19,"prov_acr":"CR","prov_iso_3166_2":"IT-CR","reg_name":"Lombardia","reg_istat_code":"03","reg_istat_code_num":3,"reg_iso_3166_2":"IT-25","opdm_id":"2430","com_catasto_code":"C115","com_istat_code":"019024","com_istat_code_num":19024,"prov_uts_code":"019","prov_tipo_uts":"Provincia"}},
{"type":"Feature","geometry":{"type":"Polygon","coordinates":[[[9.811272251125247,45.271124976909626],[9.81084938534593,45.265601089233435],[9.807891763601146,45.25928502815925],[9.808212878975457,45.257662486237415],[9.806039557141581,45.25629162752264],[9.799905338573408,45.25419240751887],[9.786121700227023,45.2546031723206],[9.780793284292667,45.25544085480744],[9.771610864202438,45.25497216938931],[9.766841411164206,45.251907804084105],[9.76367172831462,45.25121791253068],[9.763119319325774,45.252494357105206],[9.761409481549666,45.25644486755485],[9.754733422853736,45.26142197761212],[9.742087078697951,45.26808491448904],[9.734615394213622,45.27190482478913],[9.7343172614257,45.27350000057378],[9.733119475171282,45.277504313367366],[9.731980860428145,45.28116620925531],[9.730754038095936,45.28392849856522],[9.730290322391623,45.28555170807771],[9.729565163290031,45.28838158734804],[9.732962204102623,45.29499507815117],[9.736028590161412,45.297396739421565],[9.737034395640826,45.29824537219835],[9.739386594781363,45.30062454243651],[9.739594032428778,45.300884237093555],[9.737417367405126,45.304174827859576],[9.736950945899801,45.3046008994609],[9.735327560866251,45.30532246851881],[9.73309479162587,45.306272961057964],[9.73176005713516,45.30663257531209],[9.73099788024844,45.30688050060123],[9.730772569607977,45.30721498702418],[9.729726308399014,45.309183989177036],[9.729130603096879,45.313463435938644],[9.729014462416735,45.31914404933488],[9.730571856653834,45.32038528465068],[9.73983373714152,45.33043438419523],[9.747696781455353,45.33607181191889],[9.755057079291676,45.3386697868749],[9.755316139183293,45.33301522769848],[9.757010736026606,45.32137427126413],[9.757412454040185,45.31872520247359],[9.757879140013657,45.31724588538848],[9.758065906839233,45.31665956176072],[9.759135325646172,45.31654894750676],[9.759573530954482,45.31658203705076],[9.761523576823631,45.31691110948136],[9.767668712584776,45.31800413371172],[9.768070776799707,45.31896007660074],[9.768332498674258,45.32033102512201],[9.770794886097612,45.32608429716676],[9.773918796365512,45.32678778677019],[9.785814372040292,45.32485227889668],[9.79096463620644,45.323988600760714],[9.794010091580128,45.31946678197008],[9.80021059479708,45.31128627330596],[9.808989127543121,45.306021622763346],[9.819030713163153,45.300009147128755],[9.821466864119694,45.29824537162973],[9.824835889504893,45.29661884159177],[9.8251523495075,45.29645453103966],[9.825526784889691,45.295011601210696],[9.825415504062265,45.294373305738695],[9.82493100758764,45.29350367631047],[9.817497392236735,45.28916444607041],[9.809922845151027,45.284699689562416],[9.808550181656349,45.27783234544076],[9.80936351920372,45.273163838052305],[9.811272251125247,45.271124976909626]]]},"properties":{"name":"Castelleone","op_id":"2720","minint_elettorale":"1030260240","minint_finloc":"1030260240","prov_name":"Cremona","prov_istat_code":"019","prov_istat_code_num":19,"prov_acr":"CR","prov_iso_3166_2":"IT-CR","reg_name":"Lombardia","reg_istat_code":"03","reg_istat_code_num":3,"reg_iso_3166_2":"IT-25","opdm_id":"2431","com_catasto_code":"C153","com_istat_code":"019025","com_istat_code_num":19025,"prov_uts_code":"019","prov_tipo_uts":"Provincia"}},
{"type":"Feature","geometry":{"type":"Polygon","coordinates":[[[9.951442828541657,45.20962523408453],[9.952000259769996,45.20954858121975],[9.954609618016729,45.209382765767614],[9.955685185118062,45.2112550939686],[9.956414999804792,45.21376941821984],[9.956715985399406,45.21500909206695],[9.95677234962018,45.21533269165241],[9.959028371006301,45.219229424647544],[9.963120787562518,45.220221155732965],[9.964205863415106,45.218105640652475],[9.96367566312078,45.21687691689873],[9.970562382059839,45.21592744181039],[9.972475543690335,45.21758544364473],[9.978335918276787,45.223629428373386],[9.976595376476073,45.2290992320054],[9.97511040670847,45.230211758259735],[9.974432029111245,45.23071997840153],[9.973141450236085,45.23198219030228],[9.972053996591232,45.23395377328531],[9.971671966627214,45.234694427136674],[9.970944072839837,45.23610557202368],[9.970655048347004,45.23708919819642],[9.976034015172266,45.2379795040513],[9.976490939797193,45.23787658267763],[9.979999748152037,45.23669433505676],[9.999176075622662,45.2324504942455],[10.00404982581743,45.23141758250355],[10.004563387131642,45.230197862226554],[10.007264310061522,45.22227974037885],[10.01430280745687,45.2098133509061],[10.020321195308815,45.20383672454996],[10.026379079977184,45.2022521725677],[10.031762919214765,45.20072740561279],[10.03486010611591,45.199502163460174],[10.03759829694257,45.19814509845179],[10.037574450813715,45.1975331931263],[10.036093593739661,45.19731260485906],[10.036334933358942,45.196581284436384],[10.03693055631049,45.1950276162558],[10.038227786373858,45.192153341936965],[10.039137011298065,45.19174899145897],[10.0400728403942,45.19140742174177],[10.034721252709588,45.181302272438316],[10.032579640988212,45.17900823399041],[10.024100115185057,45.178130420856],[10.020096331826455,45.17842731667473],[10.019033494417856,45.178778853071016],[10.019426971110567,45.179432466253196],[10.019694505699238,45.18015920951255],[10.018912746532159,45.18057124609834],[10.015960422333729,45.18131768554233],[10.015224504946683,45.18149343591882],[10.014198701877556,45.18173840456069],[10.00545369419489,45.18356579009069],[9.992181309012178,45.1804015657124],[9.98846825321095,45.17471775163342],[9.982238810814794,45.17065778516601],[9.974237707989484,45.16805247191261],[9.969481321383705,45.16352949888043],[9.967757632567734,45.1639311863025],[9.96810276242295,45.164774421860514],[9.96806870979839,45.166521012059256],[9.96251676532379,45.171572841213695],[9.952485014290607,45.172872167352565],[9.95153563622898,45.17317713009288],[9.951220197176847,45.1733417841911],[9.950756591254374,45.17377773158137],[9.950569472426915,45.174004327986566],[9.950283079854902,45.174384781958686],[9.950110619972534,45.174728264535744],[9.950298050127223,45.17528481307967],[9.95127074160027,45.177905176023266],[9.951505644800458,45.178254280769146],[9.951999891017671,45.17893877354067],[9.954719953980748,45.18172006587634],[9.95587284589343,45.182160498721124],[9.965310603330902,45.18327831429882],[9.970439016414312,45.182460718410915],[9.970732017283593,45.18247623869817],[9.971020869019597,45.18299586847521],[9.97118416354513,45.18361558067855],[9.970266389459733,45.1850366459542],[9.969127922029065,45.18620750998013],[9.965238571807337,45.18880589430735],[9.95678999518361,45.194358937835624],[9.954457675183482,45.19572868465942],[9.95326785426745,45.19614370015078],[9.952000108674659,45.19627579901403],[9.95121685302942,45.200652568754634],[9.949571163879371,45.20351977051625],[9.949204656248384,45.20444997702118],[9.949128108247214,45.20520673135048],[9.949778747507425,45.206812609876884],[9.951442828541657,45.20962523408453]]]},"properties":{"name":"Castelverde","op_id":"2721","minint_elettorale":"1030260250","minint_finloc":"1030260250","prov_name":"Cremona","prov_istat_code":"019","prov_istat_code_num":19,"prov_acr":"CR","prov_iso_3166_2":"IT-CR","reg_name":"Lombardia","reg_istat_code":"03","reg_istat_code_num":3,"reg_iso_3166_2":"IT-25","opdm_id":"2432","com_catasto_code":"B129","com_istat_code":"019026","com_istat_code_num":19026,"prov_uts_code":"019","prov_tipo_uts":"Provincia"}},
{"type":"Feature","geometry":{"type":"Polygon","coordinates":[[[9.944773636725746,45.32048845108783],[9.955858059048113,45.31649863462634],[9.967332056865008,45.312999578086334],[9.968007604367992,45.312323175494534],[9.968109474109317,45.312209771445474],[9.969190995896172,45.31040953388448],[9.974663974198156,45.308328443511144],[9.970769365862367,45.30735345110577],[9.966565089289123,45.30691205521562],[9.963358479055733,45.305120865770235],[9.961037464638505,45.301377830643425],[9.960897613932296,45.300649889874535],[9.961099059423228,45.29973906231347],[9.96137699621029,45.29882758858281],[9.961630954805042,45.298006316198624],[9.961777276782671,45.29760902851225],[9.962093976003588,45.297480340473875],[9.96349272638857,45.297234499602546],[9.96443207439379,45.29701069867582],[9.963639811801698,45.2923635021222],[9.962910207077499,45.2904572949798],[9.962012041771528,45.28811056222302],[9.960827922605457,45.28595118562025],[9.95790014242603,45.28271639172342],[9.957293813604728,45.27976988369514],[9.938606809624806,45.28159025945974],[9.938619278011537,45.28234628221012],[9.939744729566815,45.28564054501956],[9.939398581703658,45.28630048585],[9.938936058245028,45.286862388577056],[9.931262202441639,45.29559358118712],[9.930648718609968,45.296291677113615],[9.93037963384168,45.2969959804174],[9.927549594486411,45.30646146059325],[9.927765962290005,45.3078336541129],[9.932632349911623,45.31770779908217],[9.940161615875962,45.31935631618934],[9.944773636725746,45.32048845108783]]]},"properties":{"name":"Castelvisconti","op_id":"2722","minint_elettorale":"1030260260","minint_finloc":"1030260260","prov_name":"Cremona","prov_istat_code":"019","prov_istat_code_num":19,"prov_acr":"CR","prov_iso_3166_2":"IT-CR","reg_name":"Lombardia","reg_istat_code":"03","reg_istat_code_num":3,"reg_iso_3166_2":"IT-25","opdm_id":"2433","com_catasto_code":"C290","com_istat_code":"019027","com_istat_code_num":19027,"prov_uts_code":"019","prov_tipo_uts":"Provincia"}},
{"type":"Feature","geometry":{"type":"Polygon","coordinates":[[[10.224502782499766,45.11211971767691],[10.226183295601741,45.11202628248365],[10.229518275115447,45.11184078225364],[10.231152777021416,45.111589115164286],[10.231608769499765,45.11151218843573],[10.235141566321028,45.1055599150505],[10.23246432581401,45.10046687443182],[10.23711352399038,45.097401033490115],[10.242512062060595,45.094335845948414],[10.244448592999733,45.09338757989299],[10.242205574527876,45.09368206385924],[10.236718704748947,45.09265241514393],[10.234012369299792,45.0920875720948],[10.233519488102365,45.091624800964766],[10.233138259808996,45.0910348158895],[10.233314879753303,45.09038478969305],[10.235162613649733,45.08885251515133],[10.235439705160305,45.08867649960675],[10.236130280015598,45.088941061109125],[10.242359025587865,45.08317536990652],[10.241850916140244,45.07860454919394],[10.248117575343255,45.06812467796372],[10.249146703877699,45.06638508745213],[10.24914452285807,45.06570098527641],[10.249047394445244,45.065323970193774],[10.248403184844303,45.06432280955655],[10.247705892288366,45.06379933732751],[10.246520569574367,45.06361424791993],[10.244775376957175,45.06396634320786],[10.242529589310456,45.06466593300335],[10.242189042382497,45.06477765278693],[10.24022506045579,45.06617628705232],[10.238340856196782,45.06774503147974],[10.236873130652777,45.068012990778016],[10.231378387335141,45.068864535250405],[10.229929999768244,45.068853136682904],[10.22322919642373,45.06796192865689],[10.219568802671946,45.06727193591254],[10.219260791091683,45.06716577283933],[10.218327560997102,45.0668440955655],[10.211938206099576,45.06624595502513],[10.208491701951091,45.0666515618559],[10.193903297165784,45.0675881677489],[10.186278642186332,45.07296966920376],[10.178539726996098,45.078423844843954],[10.180384039885107,45.084075883151726],[10.18377059435649,45.08870372584432],[10.186695660550564,45.09249908550376],[10.19114260348355,45.09367701392485],[10.198157411444962,45.09548498800573],[10.1981653229178,45.10072390411809],[10.195603411076085,45.10342425216862],[10.198245907471449,45.104575779506646],[10.19824440954662,45.10814947442351],[10.204812746369193,45.11039379102697],[10.207888628274459,45.1109734080638],[10.212537577384452,45.11019501574562],[10.220561698274837,45.10853421797723],[10.221376221230155,45.10857952482765],[10.2221830367832,45.108858946005085],[10.222700999868328,45.1093034845662],[10.22348143179186,45.11013227996234],[10.224133632982452,45.11090844667906],[10.224388217134159,45.11151782944982],[10.224502782499766,45.11211971767691]]]},"properties":{"name":"Cella Dati","op_id":"2723","minint_elettorale":"1030260270","minint_finloc":"1030260270","prov_name":"Cremona","prov_istat_code":"019","prov_istat_code_num":19,"prov_acr":"CR","prov_iso_3166_2":"IT-CR","reg_name":"Lombardia","reg_istat_code":"03","reg_istat_code_num":3,"reg_iso_3166_2":"IT-25","opdm_id":"2434","com_catasto_code":"C435","com_istat_code":"019028","com_istat_code_num":19028,"prov_uts_code":"019","prov_tipo_uts":"Provincia"}},
{"type":"Feature","geometry":{"type":"Polygon","coordinates":[[[9.596651574177395,45.33992222678694],[9.599541540182408,45.340285132889576],[9.600014610219826,45.34036365039584],[9.601742576647464,45.34323498325398],[9.601419977106339,45.34410980537118],[9.600429162827673,45.34456510213338],[9.600359144084177,45.344584220088514],[9.599118191023576,45.34492303864967],[9.598485306676126,45.34543041630224],[9.597626637926492,45.34631704997549],[9.597136877036998,45.34708472556474],[9.596870751293705,45.34760804015817],[9.5982206758873,45.347868298049136],[9.61524485433909,45.350755138285],[9.616509390431098,45.35095922547896],[9.617758660968194,45.351153104361416],[9.622758001000586,45.35183069342636],[9.624772803461244,45.35209501145876],[9.62571572861612,45.34920006533117],[9.627457613745056,45.34625607577288],[9.627737823738073,45.34620052234477],[9.629614766423606,45.3462442038618],[9.630079739508073,45.34558453500974],[9.629442214528886,45.33758587301924],[9.626264561449867,45.33529900062725],[9.625673989900351,45.33288088946067],[9.625734694764452,45.332490680807055],[9.625982361811632,45.33089890279788],[9.626164642601275,45.33006977755569],[9.624682459272456,45.32989786111891],[9.619396191966846,45.32829740681288],[9.617151247955537,45.32721140039821],[9.611884285696181,45.32276606479318],[9.605491137145856,45.3228869090021],[9.605086591529234,45.32418850150076],[9.60469918783394,45.32495567018881],[9.603944331525687,45.32596780490959],[9.603160885943572,45.32669206267747],[9.60247488763371,45.32698372681384],[9.601266147331948,45.3273141428712],[9.60004100095944,45.32730257499069],[9.598841835351509,45.32733587562042],[9.59862421002672,45.32740922849427],[9.598434941410025,45.3274730286021],[9.597328820431322,45.331349393865196],[9.596767424303208,45.33363867926086],[9.596394595914516,45.335962959592095],[9.596651574177395,45.33992222678694]]]},"properties":{"name":"Chieve","op_id":"2724","minint_elettorale":"1030260280","minint_finloc":"1030260280","prov_name":"Cremona","prov_istat_code":"019","prov_istat_code_num":19,"prov_acr":"CR","prov_iso_3166_2":"IT-CR","reg_name":"Lombardia","reg_istat_code":"03","reg_istat_code_num":3,"reg_iso_3166_2":"IT-25","opdm_id":"2435","com_catasto_code":"C634","com_istat_code":"019029","com_istat_code_num":19029,"prov_uts_code":"019","prov_tipo_uts":"Provincia"}},
{"type":"Feature","geometry":{"type":"Polygon","coordinates":[[[10.219764465469446,45.17192332681412],[10.220088011664556,45.17098369004829],[10.221617479540503,45.16990515347211],[10.224211505185073,45.162685085866094],[10.22404881309488,45.1598423358525],[10.219771776382819,45.16153538956492],[10.219117391539264,45.16187543072901],[10.218025655372212,45.16258920721242],[10.216263906900762,45.15753108683016],[10.218878989487743,45.15546882879478],[10.21965654748556,45.15375022618236],[10.217760088731978,45.15191612971959],[10.212723090374174,45.148351080947926],[10.21228394854003,45.147437571233375],[10.198148841645603,45.14973814464732],[10.19991671628784,45.150934801068125],[10.197153051137153,45.156859868289054],[10.19569781545625,45.15723519325442],[10.194378905425067,45.15743803194042],[10.192030222807208,45.157678598306134],[10.187349222862071,45.15956370819128],[10.179961359700968,45.16285385355289],[10.180918846947932,45.16731775900166],[10.182420488089615,45.16855344059777],[10.18390882978491,45.16852902369854],[10.184418653297039,45.168568736323195],[10.18812408340126,45.1729680377288],[10.189149500565504,45.175153741519935],[10.190024945955093,45.178079144758485],[10.19310164659226,45.17792101781309],[10.19848347371665,45.1766224378634],[10.20200513249352,45.17550072992878],[10.207742750478475,45.17393242552065],[10.217954724955188,45.17204888001576],[10.219764465469446,45.17192332681412]]]},"properties":{"name":"Cicognolo","op_id":"2725","minint_elettorale":"1030260290","minint_finloc":"1030260290","prov_name":"Cremona","prov_istat_code":"019","prov_istat_code_num":19,"prov_acr":"CR","prov_iso_3166_2":"IT-CR","reg_name":"Lombardia","reg_istat_code":"03","reg_istat_code_num":3,"reg_iso_3166_2":"IT-25","opdm_id":"2436","com_catasto_code":"C678","com_istat_code":"019030","com_istat_code_num":19030,"prov_uts_code":"019","prov_tipo_uts":"Provincia"}},
{"type":"Feature","geometry":{"type":"Polygon","coordinates":[[[10.249146703877699,45.06638508745213],[10.248117575343255,45.06812467796372],[10.241850916140244,45.07860454919394],[10.242359025587865,45.08317536990652],[10.236130280015598,45.088941061109125],[10.235439705160305,45.08867649960675],[10.235162613649733,45.08885251515133],[10.233314879753303,45.09038478969305],[10.233138259808996,45.0910348158895],[10.233519488102365,45.091624800964766],[10.234012369299792,45.0920875720948],[10.236718704748947,45.09265241514393],[10.242205574527876,45.09368206385924],[10.244448592999733,45.09338757989299],[10.245142711554246,45.09316396778217],[10.246435120991924,45.092987837624285],[10.252152840528682,45.092358187906484],[10.253410066300448,45.09231738682572],[10.253931384882598,45.09232965524411],[10.260229028678443,45.09438474203632],[10.26079921877488,45.09777209242027],[10.268544678258365,45.09973869609309],[10.273778670226132,45.10076963591698],[10.274720992990463,45.10084914091268],[10.275553952316024,45.10115490141114],[10.27663826430107,45.10133180317986],[10.281592985250118,45.101231300368894],[10.28173703943556,45.10028451364119],[10.281705007751844,45.099420710134154],[10.281534591741503,45.09862145226991],[10.281284337518414,45.09766108043747],[10.280994561141465,45.096638137026964],[10.280853659356005,45.09545149445266],[10.280880958667348,45.09383089101496],[10.281374609288747,45.08578680044678],[10.2815339285655,45.08552396498672],[10.282285838716655,45.08562355624085],[10.284608999990303,45.08722675854645],[10.28516979702611,45.087868567414986],[10.28513371794937,45.08852608980776],[10.287333465755571,45.09028365697197],[10.292571189063855,45.090377521425104],[10.297924532737648,45.08996572948115],[10.295871769060016,45.08460601597267],[10.294133974247284,45.08192519359415],[10.293998612572636,45.08155766727987],[10.294208379441242,45.077342470843064],[10.294644589500452,45.07584323032259],[10.295933222990483,45.07158880039271],[10.296189635546721,45.0705686874672],[10.29613078055861,45.06965117187757],[10.296024305012843,45.06943635205734],[10.295097700520914,45.06778154186355],[10.293859965495072,45.06640929075251],[10.290988491972154,45.06546061112295],[10.282144722658407,45.06276971476592],[10.278063034582157,45.059435303330915],[10.275045132276743,45.060013648803576],[10.265955239776446,45.06192413223097],[10.256449050593377,45.06515274553883],[10.249146703877699,45.06638508745213]]]},"properties":{"name":"Cingia de' Botti","op_id":"2726","minint_elettorale":"1030260300","minint_finloc":"1030260300","prov_name":"Cremona","prov_istat_code":"019","prov_istat_code_num":19,"prov_acr":"CR","prov_iso_3166_2":"IT-CR","reg_name":"Lombardia","reg_istat_code":"03","reg_istat_code_num":3,"reg_iso_3166_2":"IT-25","opdm_id":"2437","com_catasto_code":"C703","com_istat_code":"019031","com_istat_code_num":19031,"prov_uts_code":"019","prov_tipo_uts":"Provincia"}},
{"type":"Feature","geometry":{"type":"Polygon","coordinates":[[[10.001100549650053,45.28819711341272],[10.004986288429432,45.28668732004893],[10.010750802113911,45.286015356675534],[10.012693361471896,45.2862591854713],[10.018563162754225,45.284352690092675],[10.019359850284886,45.284039958755685],[10.029280573133207,45.27678092565538],[10.025911107338434,45.27605058645387],[10.024837166996159,45.274466988892186],[10.026794824129615,45.27273912114922],[10.026844893380241,45.26703176144424],[10.026487706351503,45.26065294937389],[10.029281026466354,45.256532143085906],[10.03013478164922,45.25440908303339],[10.031019927486593,45.25050347258358],[10.030333346040207,45.24847532758092],[10.030209654996364,45.2481973928832],[10.024842927577836,45.24920878187227],[10.02269525541238,45.24961517039271],[10.01311821416492,45.250663689168],[10.010684265994147,45.25075726319915],[10.002476664908812,45.25062256225836],[9.998893409031067,45.24976282997469],[9.99797297038494,45.24741248529095],[9.996891004465834,45.25075697774313],[9.99734375170873,45.2522337616939],[9.997386235416926,45.25247643848612],[9.99722536467818,45.253668634077655],[9.988431188105329,45.25710903218329],[9.980425006416958,45.25919437388604],[9.978783758925761,45.26455531586796],[9.972211367378161,45.270066342186496],[9.971205017494169,45.27384651178176],[9.972345976813987,45.2757090914992],[9.974121374280752,45.27888047619346],[9.984937300946086,45.276906404279416],[9.997007036125304,45.27522642461933],[10.000877494441358,45.27927920635363],[10.00172811897999,45.28052294452124],[10.002998838067693,45.283896332619435],[10.002848847340541,45.284068688907254],[10.001315877301671,45.28463122349008],[10.000634233071661,45.285024257411074],[9.999933710698464,45.28579551586111],[9.99949781398811,45.287113536721456],[10.001100549650053,45.28819711341272]]]},"properties":{"name":"Corte de' Cortesi con Cignone","op_id":"2727","minint_elettorale":"1030260310","minint_finloc":"1030260310","prov_name":"Cremona","prov_istat_code":"019","prov_istat_code_num":19,"prov_acr":"CR","prov_iso_3166_2":"IT-CR","reg_name":"Lombardia","reg_istat_code":"03","reg_istat_code_num":3,"reg_iso_3166_2":"IT-25","opdm_id":"2438","com_catasto_code":"D056","com_istat_code":"019032","com_istat_code_num":19032,"prov_uts_code":"019","prov_tipo_uts":"Provincia"}},
{"type":"Feature","geometry":{"type":"Polygon","coordinates":[[[10.12591014690203,45.24680256168672],[10.132101509976298,45.24410925821112],[10.132231017689394,45.244059127349445],[10.133126453734151,45.24374804766552],[10.13482542527692,45.24332607936586],[10.135279116025258,45.243218518429764],[10.136410686488551,45.242950260234565],[10.141243247013804,45.24184889183495],[10.141365505085062,45.241842637216216],[10.142337891600171,45.241792946701814],[10.14305875564279,45.24189966267902],[10.144991949355076,45.24325160492489],[10.142666276251335,45.23700086098184],[10.140902632211956,45.23083896516587],[10.139343912622923,45.22467499141395],[10.134962911115004,45.22071294484339],[10.130870060290214,45.21969135374764],[10.131166875464128,45.22076860119864],[10.128665677880477,45.221171416511226],[10.123338232517366,45.220350804877974],[10.120207649095418,45.21270325223148],[10.120953222272897,45.20916733926385],[10.120600109838664,45.208045596783606],[10.119700464441364,45.20632612586956],[10.117695573949,45.20473449562479],[10.114426890785357,45.20362323933086],[10.105603366315206,45.20364599623545],[10.093210987868249,45.204809487004304],[10.093547750999068,45.20643554346277],[10.088434566342835,45.20740073961919],[10.083010975018526,45.20812923505263],[10.082090935095431,45.20819696482734],[10.08241588995096,45.20910605580005],[10.08088307810781,45.21066493242579],[10.07386185267145,45.21501084720499],[10.06860648242239,45.22359429319819],[10.071400825245162,45.225937981992594],[10.071910597797627,45.228900232421466],[10.07220012655533,45.23071704032426],[10.071590449645942,45.23323840463486],[10.072039964951477,45.2330197008805],[10.074772417378584,45.23272024211713],[10.075204003195687,45.232777018420045],[10.08435813500016,45.23478794500503],[10.086205143978933,45.23878506960068],[10.090511976870799,45.24280367973978],[10.090718967745088,45.24886543560914],[10.090376355721684,45.25036623205738],[10.097472015244774,45.249578134904645],[10.099384263838823,45.24922516907546],[10.09937444823524,45.24918219837895],[10.099359472086606,45.24899288163819],[10.099454444239909,45.24863191273914],[10.099663921919445,45.248260845047575],[10.100177088742448,45.24777882232345],[10.10130246858657,45.24732689933476],[10.102339692480479,45.246929829982605],[10.103294322412902,45.24665501695053],[10.103876967334886,45.24649050465954],[10.105285022409005,45.24636132269304],[10.10630686856134,45.2464864460108],[10.107398328587584,45.246916943200716],[10.108140567813468,45.247219707087815],[10.10891406736307,45.247541288180166],[10.121447379346487,45.24725687846075],[10.122910931835023,45.24716147486948],[10.12460199968762,45.246973812058826],[10.125864383585087,45.24680938146081],[10.12591014690203,45.24680256168672]]]},"properties":{"name":"Corte de' Frati","op_id":"2728","minint_elettorale":"1030260320","minint_finloc":"1030260320","prov_name":"Cremona","prov_istat_code":"019","prov_istat_code_num":19,"prov_acr":"CR","prov_iso_3166_2":"IT-CR","reg_name":"Lombardia","reg_istat_code":"03","reg_istat_code_num":3,"reg_iso_3166_2":"IT-25","opdm_id":"2439","com_catasto_code":"D057","com_istat_code":"019033","com_istat_code_num":19033,"prov_uts_code":"019","prov_tipo_uts":"Provincia"}},
{"type":"Feature","geometry":{"type":"Polygon","coordinates":[[[9.634857574224188,45.31465647723421],[9.638239720186874,45.31520079938592],[9.640514727149291,45.3151379688721],[9.644520889947138,45.314098272375446],[9.648572723016278,45.31476844677103],[9.652918254288199,45.31878529404908],[9.653691967088392,45.320608142677486],[9.654445128579589,45.32174700681362],[9.655021114032781,45.32190572876775],[9.658023288587698,45.322293538354344],[9.66564586319394,45.32170928308024],[9.67264603989373,45.31713158013474],[9.674404958027367,45.31275103546977],[9.670750939473937,45.31222347284672],[9.671834660327363,45.30582613852001],[9.672676230440729,45.30364285203357],[9.67389241869862,45.30085425209031],[9.671762781815488,45.29447580174268],[9.669270695912795,45.290781853176846],[9.66538344637985,45.27911173661668],[9.660974034447898,45.27702200784519],[9.657238632687672,45.275893071150136],[9.652505518077247,45.27231794231361],[9.651954182934798,45.27204204253297],[9.651240305518728,45.27197410875828],[9.650375616216387,45.272168067552926],[9.649734209064418,45.272425404856484],[9.64889095854183,45.272770619455756],[9.648133705493832,45.273458921631494],[9.647281534603527,45.27467004966045],[9.64655503408785,45.27580833613441],[9.644492460362159,45.28048279343757],[9.644165349516534,45.28087170641526],[9.643686862473745,45.2813334700661],[9.642195622713297,45.28251205707658],[9.64029679730643,45.28366590387185],[9.638834616438613,45.28404307522337],[9.638337325344692,45.28408936167248],[9.636503536861358,45.2842541182911],[9.634640808937538,45.28408446710115],[9.63277367962978,45.283590743937935],[9.631464121239382,45.28306301032126],[9.630570681934342,45.282702791474314],[9.628695580057123,45.28147992612333],[9.625472516035332,45.28513426310481],[9.627370504550164,45.28611400866703],[9.62874426803805,45.2869615757662],[9.629619188168695,45.287667881586216],[9.630474999094604,45.28895035709019],[9.63063940201949,45.28997560931247],[9.630522254156295,45.290912397490175],[9.630249383620912,45.29153501136827],[9.62954184496599,45.2921329952542],[9.628718940132615,45.292677615415606],[9.628415803075331,45.29287279009986],[9.629204938907414,45.29735109470203],[9.628335398640747,45.302846737148066],[9.632548370652438,45.311212764027395],[9.634857574224188,45.31465647723421]]]},"properties":{"name":"Credera Rubbiano","op_id":"2729","minint_elettorale":"1030260330","minint_finloc":"1030260330","prov_name":"Cremona","prov_istat_code":"019","prov_istat_code_num":19,"prov_acr":"CR","prov_iso_3166_2":"IT-CR","reg_name":"Lombardia","reg_istat_code":"03","reg_istat_code_num":3,"reg_iso_3166_2":"IT-25","opdm_id":"2440","com_catasto_code":"D141","com_istat_code":"019034","com_istat_code_num":19034,"prov_uts_code":"019","prov_tipo_uts":"Provincia"}},
{"type":"Feature","geometry":{"type":"Polygon","coordinates":[[[9.629614766423606,45.3462442038618],[9.63076686114569,45.351134562308076],[9.632453148536179,45.362700914615495],[9.63206372108204,45.364422304459744],[9.629383453033995,45.37259227171129],[9.628660530027807,45.377654966260266],[9.62864266580877,45.38180465359329],[9.634148657220669,45.38188222511004],[9.634157698674226,45.381549135625775],[9.634310961922694,45.380405118299244],[9.63461837387743,45.37934126515436],[9.635041307695275,45.37833076325249],[9.635631798415679,45.37745436079706],[9.636502897741122,45.37654938502155],[9.639097120654405,45.37441960097528],[9.64269112307632,45.37488549945462],[9.651342339924417,45.376511506957485],[9.658756755379372,45.37922258553287],[9.662947332235394,45.383698977250475],[9.665135325331558,45.3872867682087],[9.667940818542107,45.38796348076975],[9.674567603960831,45.38985079850811],[9.675641599244921,45.38998031631985],[9.675706190953047,45.38998809750978],[9.681099791681216,45.390208098619674],[9.685137624408664,45.3902919565315],[9.685306672101332,45.38948083547337],[9.687083960880205,45.38961416813026],[9.693677543658687,45.390188865798734],[9.696156023361219,45.390819419232066],[9.697839278491996,45.39161025904605],[9.701979894892805,45.392503000069496],[9.70471197692805,45.39261219344849],[9.70552931417284,45.39258915487186],[9.707585305598803,45.39252242301265],[9.710666144507215,45.39258488235069],[9.711165662673363,45.3925592717311],[9.71155808147573,45.39252532307959],[9.712056581381765,45.39241870217765],[9.712336542903989,45.39233144399555],[9.712546552586929,45.39223528448128],[9.712781852007064,45.39204504703901],[9.713542980017191,45.390838141855475],[9.713448465620258,45.390433669400615],[9.712931832637242,45.389986834864196],[9.712418871759864,45.3898712955879],[9.71191019080107,45.38975673727693],[9.711839409900493,45.38974904213942],[9.711611935627332,45.38975365148293],[9.711544298153553,45.389755792121385],[9.711220409157916,45.387981221615924],[9.713133075214854,45.384656823628035],[9.71356299265014,45.384633933261206],[9.713707509045562,45.384626246907494],[9.71458993899574,45.38471072648524],[9.715884869773333,45.38508968887985],[9.720109832667362,45.387862510596214],[9.725063087200514,45.390612561926176],[9.725638496559538,45.390653907077706],[9.726621863162185,45.390629662596886],[9.727681623582553,45.39058691312678],[9.72764749071749,45.388921899192724],[9.727379145702216,45.38094847827662],[9.727163303116493,45.37806045118025],[9.726799520755685,45.37060071190941],[9.728320351119494,45.368700755843335],[9.728685098809015,45.36826635815616],[9.732517389094559,45.36836786297557],[9.737622966060709,45.366219703090984],[9.738532558317369,45.36546672424503],[9.737673458916316,45.36519323043881],[9.737166501178189,45.364503417029375],[9.735837039246007,45.36143353265722],[9.735859408409242,45.36119036433058],[9.736065835634577,45.36036990823345],[9.737156516655826,45.35685236045414],[9.739359206743003,45.35540692891052],[9.732813663940908,45.35571014984157],[9.72470953359099,45.35594189329835],[9.71272126827493,45.352893871359],[9.711401241666188,45.35248804037508],[9.71125721668446,45.352200895109526],[9.711600661126617,45.35108259126814],[9.710272861469424,45.34596910822147],[9.703965963109274,45.34073337740739],[9.700023348642942,45.339669738268896],[9.696710777598927,45.338212490347054],[9.695308810670257,45.33837406031307],[9.694658340426734,45.338457232494264],[9.694200159470775,45.338515820644005],[9.692365565494224,45.33878799276358],[9.691751905953248,45.33905773482824],[9.691248962961764,45.33930193269329],[9.691275171185447,45.339600626736555],[9.691307896806855,45.33997357703053],[9.692045889136505,45.3408332353806],[9.6926345902822,45.34149669168423],[9.692980822225556,45.34190249230685],[9.693235448274635,45.34220610241153],[9.693509296617183,45.34256160885824],[9.694009894348909,45.343445204234484],[9.694161275681173,45.3437358276035],[9.69390845382167,45.34389138578628],[9.693819768804408,45.34394593919743],[9.691432397460634,45.34495955934249],[9.689461688789628,45.34560157159031],[9.686939009215441,45.34599481229507],[9.680695161609313,45.345843184907125],[9.674184074189249,45.34360445479255],[9.67372176218504,45.34229299055274],[9.673303098863666,45.34143133291105],[9.67271521944698,45.34029164067621],[9.672126749113641,45.340178081687164],[9.669177192317562,45.340078378510945],[9.668352181120845,45.34047026382298],[9.666298117866251,45.34163443547752],[9.666316916408379,45.3419979505551],[9.66633115211069,45.342273337998606],[9.666254795239123,45.34338095360457],[9.666166928515437,45.34376464268274],[9.666109642021096,45.344014792349036],[9.66592642429433,45.34476906631429],[9.665618029918837,45.34534245027964],[9.66541633592555,45.3457078954419],[9.665316409357734,45.34587741288663],[9.653944788686205,45.346251502576436],[9.64657142901995,45.34854256958215],[9.636352550855406,45.347197007876865],[9.630079739508073,45.34558453500974],[9.629614766423606,45.3462442038618]]]},"properties":{"name":"Crema","op_id":"2730","minint_elettorale":"1030260340","minint_finloc":"1030260340","prov_name":"Cremona","prov_istat_code":"019","prov_istat_code_num":19,"prov_acr":"CR","prov_iso_3166_2":"IT-CR","reg_name":"Lombardia","reg_istat_code":"03","reg_istat_code_num":3,"reg_iso_3166_2":"IT-25","opdm_id":"2441","com_catasto_code":"D142","com_istat_code":"019035","com_istat_code_num":19035,"prov_uts_code":"019","prov_tipo_uts":"Provincia"}},
{"type":"Feature","geometry":{"type":"Polygon","coordinates":[[[10.084485654414541,45.11948542197381],[10.080483774279276,45.11964938283052],[10.076241972092351,45.11532360845362],[10.074582214658188,45.10912078635584],[10.07477955207247,45.10363519079446],[10.073577741936552,45.0954824487758],[10.07297333209578,45.092030971849596],[10.073170716461915,45.090048481200554],[10.073208528252968,45.08966131094752],[10.073161307252574,45.08917566357172],[10.070054390290528,45.08951988149721],[10.06905587287566,45.089808289057224],[10.068209471902138,45.090077257862376],[10.067169632084841,45.09019499788277],[10.065493003280064,45.09023766105421],[10.064779146366245,45.09011829441307],[10.061944677048729,45.08939754992465],[10.06108858026354,45.08914445872084],[10.06072932702514,45.08895875963304],[10.054224804490243,45.09043226290151],[10.040161631985981,45.094873050526985],[10.037353462733682,45.0977071209895],[10.038269385829262,45.098454944368044],[10.038812895945194,45.0989901043041],[10.039013344175494,45.09920932914038],[10.039163032210073,45.09937399310145],[10.039397974380936,45.09971392227957],[10.040491953086649,45.101864363992156],[10.040997292177554,45.10314472845412],[10.04103850988609,45.10326364682489],[10.0417908322642,45.10619134229985],[10.04190525263814,45.10682211675697],[10.042002754986239,45.10735961793453],[10.042060630348477,45.107746161909624],[10.04207747538311,45.10789380538619],[10.042103963828744,45.10812597919307],[10.04212124295859,45.108280698575726],[10.042134397438888,45.10864687089442],[10.042146960953604,45.10899662487464],[10.042096336687932,45.109708216683885],[10.041817120096809,45.110430889522554],[10.041307285349832,45.111056667931756],[10.040096303805758,45.112273916422055],[10.037722048440944,45.1131416864464],[10.020944639492082,45.10552702030415],[10.017843167600281,45.10406986414116],[10.016772050097925,45.10459400184491],[10.015944449726588,45.1052314838108],[10.015317494234363,45.10573594196645],[10.014666134178862,45.10626003567987],[10.013479154217833,45.10723391127198],[10.013312966149925,45.10737026121723],[10.010885586876007,45.10956118565581],[10.009787569354492,45.11073212215998],[10.007430574109081,45.11404754852718],[10.004107829734492,45.11820690698872],[10.000107062012262,45.12273552742164],[9.996932204501123,45.12587786874034],[9.992727088452183,45.12975822961339],[9.991107460471166,45.130960514452596],[9.989243869026096,45.131957673620846],[9.988952815463326,45.132113402915294],[9.98685699362031,45.13299569326135],[9.985465587149035,45.13343076171431],[9.984303261442102,45.13362818829319],[9.983664941223648,45.13373433926775],[9.976201216251225,45.13381641832751],[9.974213147578276,45.13357233850794],[9.97295981893394,45.133159940063685],[9.97119102528033,45.132346843362015],[9.970201131242582,45.13171613886084],[9.969246483435905,45.13091409292017],[9.968599310154687,45.1302444617692],[9.968040698650269,45.12954706830917],[9.966416078482247,45.127472447401445],[9.964151741891975,45.12968347437148],[9.954235216068135,45.13897546215801],[9.947041439926451,45.14234795925426],[9.943052257787778,45.14494643530587],[9.943300648113325,45.1510024261644],[9.947060939919284,45.153509805015815],[9.952809240958251,45.15646113734183],[9.958987573033022,45.154643503030336],[9.96293404127218,45.154043186398425],[9.96802627828573,45.154999310575356],[9.970132315057253,45.15765492771453],[9.97118883968312,45.1599323493209],[9.969503287403612,45.16032474184272],[9.968530306814896,45.160720065518625],[9.967711002545029,45.16117709049014],[9.967385120332745,45.16146790336148],[9.9674200763262,45.162781841093576],[9.967600404089334,45.16366247919526],[9.967757632567734,45.1639311863025],[9.969481321383705,45.16352949888043],[9.974237707989484,45.16805247191261],[9.982238810814794,45.17065778516601],[9.98846825321095,45.17471775163342],[9.992181309012178,45.1804015657124],[10.00545369419489,45.18356579009069],[10.014198701877556,45.18173840456069],[10.015224504946683,45.18149343591882],[10.015960422333729,45.18131768554233],[10.018912746532159,45.18057124609834],[10.019694505699238,45.18015920951255],[10.019426971110567,45.179432466253196],[10.019033494417856,45.178778853071016],[10.020096331826455,45.17842731667473],[10.024100115185057,45.178130420856],[10.032579640988212,45.17900823399041],[10.034721252709588,45.181302272438316],[10.040637209599364,45.181860622198236],[10.044106052360167,45.17875040298276],[10.044454971603207,45.173588254869735],[10.04402500407539,45.17187843963333],[10.054610508149544,45.170021360585096],[10.057249119285302,45.16957389075944],[10.060282778764064,45.16915867958952],[10.060756327763691,45.17067556055014],[10.064691868253531,45.17017084541368],[10.066861865915408,45.16984454851067],[10.069981157480994,45.169248259817216],[10.068628954703174,45.16566928614212],[10.067614251207159,45.16448155272682],[10.066404214737302,45.16236848689285],[10.066038561760205,45.16118369025507],[10.065587951831025,45.15899390287738],[10.0670992369075,45.15802322713172],[10.077008233321576,45.15508568938326],[10.081433355277994,45.15442274595218],[10.08677158545256,45.15348991922114],[10.091562392740302,45.15254406517157],[10.091901683437948,45.15099253122322],[10.09199581476809,45.150550546307535],[10.091981937635579,45.15037904458853],[10.091927283546138,45.14970955478956],[10.091785149787958,45.14888726031139],[10.091774615991472,45.14885523216199],[10.10164565158795,45.14634412607314],[10.107639219503078,45.14560203132087],[10.10873325671271,45.14384508844211],[10.108878899495942,45.143483613276146],[10.10938942462322,45.141606305064464],[10.109523292354913,45.13932759156342],[10.109658616776716,45.13515851939775],[10.109651333760358,45.13504622441574],[10.109604230547438,45.13432189699082],[10.10951465590061,45.13374681656578],[10.109499746360962,45.13365109489985],[10.109488029751372,45.13357587513426],[10.106473024696609,45.13352412351752],[10.104731578073562,45.133567992380534],[10.103234923475558,45.133606823518576],[10.102519858471187,45.13362537139541],[10.10143332904164,45.13367814818535],[10.097536427988757,45.13371837737745],[10.093962801440417,45.133716664337655],[10.0924873250005,45.13370378158003],[10.091647285490856,45.13366681446824],[10.091226294653508,45.13359882886044],[10.087347644802334,45.1282528210994],[10.086785966032025,45.12679990926321],[10.08641118872522,45.1258132920629],[10.085384899047646,45.12265446386607],[10.084485654414541,45.11948542197381]]]},"properties":{"name":"Cremona","op_id":"2731","minint_elettorale":"1030260350","minint_finloc":"1030260350","prov_name":"Cremona","prov_istat_code":"019","prov_istat_code_num":19,"prov_acr":"CR","prov_iso_3166_2":"IT-CR","reg_name":"Lombardia","reg_istat_code":"03","reg_istat_code_num":3,"reg_iso_3166_2":"IT-25","opdm_id":"2442","com_catasto_code":"D150","com_istat_code":"019036","com_istat_code_num":19036,"prov_uts_code":"019","prov_tipo_uts":"Provincia"}},
{"type":"Feature","geometry":{"type":"Polygon","coordinates":[[[9.658437606035957,45.39793803327635],[9.65789258726081,45.396113924968276],[9.657726658256573,45.39502573130398],[9.65775586494506,45.3887336842544],[9.659167140561484,45.38815848135338],[9.661129659882059,45.38775107137782],[9.665135325331558,45.3872867682087],[9.662947332235394,45.383698977250475],[9.658756755379372,45.37922258553287],[9.651342339924417,45.376511506957485],[9.64269112307632,45.37488549945462],[9.639097120654405,45.37441960097528],[9.636502897741122,45.37654938502155],[9.635631798415679,45.37745436079706],[9.635041307695275,45.37833076325249],[9.63461837387743,45.37934126515436],[9.634310961922694,45.380405118299244],[9.634157698674226,45.381549135625775],[9.634148657220669,45.38188222511004],[9.633368299972968,45.38749433445801],[9.629314966796157,45.390595181952015],[9.629471432112307,45.39663414069531],[9.630892463116426,45.398039510642406],[9.633507594520214,45.39881713254468],[9.634730761294337,45.39851330595991],[9.63563845667773,45.39856227135715],[9.635932894880014,45.398614626711364],[9.636498019362683,45.40001567206725],[9.636954267503217,45.40195739939561],[9.638409064048254,45.40406456477084],[9.638971172137573,45.40405242567206],[9.642547828580005,45.403951340206895],[9.644346134078654,45.40365316987086],[9.649893803908046,45.401605462704076],[9.65095376631547,45.39933111338089],[9.65536115272015,45.39817176171023],[9.657581421420751,45.39792497484518],[9.658437606035957,45.39793803327635]]]},"properties":{"name":"Cremosano","op_id":"2732","minint_elettorale":"1030260360","minint_finloc":"1030260360","prov_name":"Cremona","prov_istat_code":"019","prov_istat_code_num":19,"prov_acr":"CR","prov_iso_3166_2":"IT-CR","reg_name":"Lombardia","reg_istat_code":"03","reg_istat_code_num":3,"reg_iso_3166_2":"IT-25","opdm_id":"2443","com_catasto_code":"D151","com_istat_code":"019037","com_istat_code_num":19037,"prov_uts_code":"019","prov_tipo_uts":"Provincia"}},
{"type":"Feature","geometry":{"type":"Polygon","coordinates":[[[9.872666020143757,45.16741141820541],[9.878934812074153,45.16256098848924],[9.88625050234433,45.156763085835884],[9.888722163276487,45.152916523943695],[9.89234864752258,45.148891521324124],[9.898497091613173,45.14592678613629],[9.90132400413906,45.14612055424105],[9.90440259815552,45.14211749661836],[9.904451518039112,45.14118993970901],[9.90483081743677,45.140241754832644],[9.905497171413435,45.138949242242376],[9.906090342538619,45.138103221277426],[9.906750434748826,45.13716175980774],[9.9070394004458,45.13674960981849],[9.908077774565658,45.13566416214034],[9.891076197631833,45.130901234123755],[9.887866661402313,45.133807379678316],[9.88628651893703,45.13448212170022],[9.877131805686187,45.13792840500431],[9.8724670793184,45.14061964208214],[9.871583931724745,45.14275978017749],[9.871094274938358,45.144014741297674],[9.871030056850291,45.1456445291752],[9.871536526449786,45.14716193066289],[9.872043734102256,45.14872434315353],[9.872244869551709,45.15023509443857],[9.871868543958403,45.15725920346306],[9.87149108264566,45.15836927155737],[9.870903714414808,45.159066883501666],[9.87037077324459,45.15916096596625],[9.86959917051149,45.158910328549105],[9.868989872249719,45.15871240617727],[9.86841083197296,45.158284724716886],[9.868109428103718,45.15782992439189],[9.868042737220929,45.157729284833145],[9.86760356212548,45.157066666005434],[9.86666221581686,45.15623666611115],[9.863507400827745,45.153731111946634],[9.862132967956413,45.15312606869188],[9.861997963533707,45.153066636949355],[9.86177847696903,45.152970016592896],[9.859634551411494,45.15252709941628],[9.857246127322169,45.15274308465963],[9.855638085804417,45.153250243140036],[9.854858695328323,45.15387718468565],[9.848161229966626,45.155425843473516],[9.847464327577969,45.15453541063502],[9.846473500952253,45.15377762013071],[9.84499094618931,45.152881266054536],[9.843649468233174,45.1520701857078],[9.841584976520542,45.1509602175955],[9.840100073762795,45.15033203583578],[9.838975187031235,45.14996223685108],[9.82765103504009,45.154185644481636],[9.828711726036248,45.160659101113794],[9.832863174726498,45.161781083643845],[9.836675063282346,45.16740173633583],[9.83747502278944,45.17260328130478],[9.840900702456329,45.1770879052662],[9.843582503072271,45.17665599909934],[9.849686792588706,45.17567263815837],[9.859639460755089,45.174004869263484],[9.862254913097257,45.173472467098975],[9.863049424992619,45.17311499767645],[9.866723924832936,45.17121484706456],[9.868994707334833,45.16991034765162],[9.869703570703,45.16945037474233],[9.870103598055977,45.16919078203278],[9.871211913268905,45.16843520598549],[9.872666020143757,45.16741141820541]]]},"properties":{"name":"Crotta d'Adda","op_id":"2733","minint_elettorale":"1030260370","minint_finloc":"1030260370","prov_name":"Cremona","prov_istat_code":"019","prov_istat_code_num":19,"prov_acr":"CR","prov_iso_3166_2":"IT-CR","reg_name":"Lombardia","reg_istat_code":"03","reg_istat_code_num":3,"reg_iso_3166_2":"IT-25","opdm_id":"2444","com_catasto_code":"D186","com_istat_code":"019038","com_istat_code_num":19038,"prov_uts_code":"019","prov_tipo_uts":"Provincia"}},
{"type":"Feature","geometry":{"type":"Polygon","coordinates":[[[9.853897984539433,45.35242068360811],[9.853104774431914,45.34465848538548],[9.8530537241604,45.34041023604038],[9.853532600955084,45.33745422487844],[9.850421102870117,45.33166256515054],[9.84849842472743,45.32853539788822],[9.845775628615366,45.326503288437365],[9.841968808432572,45.32913270974657],[9.8402287603888,45.33453741297226],[9.83871139979148,45.33722197239619],[9.834466217335113,45.34016050164598],[9.822958851580289,45.35198172793748],[9.820937157032153,45.354309609967025],[9.820431722348225,45.35467328965578],[9.819733920860902,45.35497533828951],[9.816416094986625,45.35597125596881],[9.816645133873047,45.35680673719764],[9.818178095964035,45.35686777146813],[9.826407937337345,45.36090411169293],[9.837311673116021,45.364344201269965],[9.841475165479508,45.36784210225805],[9.842971388915428,45.368848219287685],[9.846738300815575,45.36540887547519],[9.849332780537495,45.363004259459984],[9.849631792664097,45.362506973072946],[9.847859578885043,45.36097190807493],[9.84736072657298,45.36005749057868],[9.846949244768496,45.35815226047329],[9.84744822224641,45.35736543534813],[9.849439483442785,45.354776276891165],[9.85052870156825,45.35419208713208],[9.853897984539433,45.35242068360811]]]},"properties":{"name":"Cumignano sul Naviglio","op_id":"2734","minint_elettorale":"1030260380","minint_finloc":"1030260380","prov_name":"Cremona","prov_istat_code":"019","prov_istat_code_num":19,"prov_acr":"CR","prov_iso_3166_2":"IT-CR","reg_name":"Lombardia","reg_istat_code":"03","reg_istat_code_num":3,"reg_iso_3166_2":"IT-25","opdm_id":"2445","com_catasto_code":"D203","com_istat_code":"019039","com_istat_code_num":19039,"prov_uts_code":"019","prov_tipo_uts":"Provincia"}},
{"type":"Feature","geometry":{"type":"Polygon","coordinates":[[[10.217894992490763,45.125395832399484],[10.228041318548707,45.12358585411441],[10.228047691209182,45.12743849184573],[10.22833345123494,45.12890269228875],[10.2300094585172,45.130558972111764],[10.235717415117634,45.13282876013082],[10.23952901077429,45.13264568061961],[10.240498389333622,45.132209830738645],[10.245754851114452,45.128902999137],[10.251372479149918,45.12527692271818],[10.250912530781795,45.1240127210188],[10.250728185583885,45.12314158255963],[10.250788455428756,45.12182668020991],[10.250910639077349,45.11985627205794],[10.255122236134818,45.119158374330326],[10.259188735940471,45.1184865878034],[10.260670233601276,45.116740075339244],[10.26464373500576,45.110719032556375],[10.265427858527671,45.108810977481056],[10.265719120629985,45.10761053144552],[10.271635816740826,45.10271988004153],[10.274720992990463,45.10084914091268],[10.273778670226132,45.10076963591698],[10.268544678258365,45.09973869609309],[10.26079921877488,45.09777209242027],[10.260229028678443,45.09438474203632],[10.253931384882598,45.09232965524411],[10.253410066300448,45.09231738682572],[10.252152840528682,45.092358187906484],[10.246435120991924,45.092987837624285],[10.245142711554246,45.09316396778217],[10.244448592999733,45.09338757989299],[10.242512062060595,45.094335845948414],[10.23711352399038,45.097401033490115],[10.23246432581401,45.10046687443182],[10.235141566321028,45.1055599150505],[10.231608769499765,45.11151218843573],[10.231152777021416,45.111589115164286],[10.229518275115447,45.11184078225364],[10.226183295601741,45.11202628248365],[10.224502782499766,45.11211971767691],[10.217894992490763,45.125395832399484]]]},"properties":{"name":"Derovere","op_id":"2735","minint_elettorale":"1030260390","minint_finloc":"1030260390","prov_name":"Cremona","prov_istat_code":"019","prov_istat_code_num":19,"prov_acr":"CR","prov_iso_3166_2":"IT-CR","reg_name":"Lombardia","reg_istat_code":"03","reg_istat_code_num":3,"reg_iso_3166_2":"IT-25","opdm_id":"2446","com_catasto_code":"D278","com_istat_code":"019040","com_istat_code_num":19040,"prov_uts_code":"019","prov_tipo_uts":"Provincia"}},
{"type":"Feature","geometry":{"type":"Polygon","coordinates":[[[9.559844341833584,45.3827566714829],[9.560993481628262,45.38082690482538],[9.561775198025128,45.379101695899614],[9.562067723407708,45.377687042946825],[9.561873992923871,45.37747197850719],[9.560960401175945,45.37678336539061],[9.560153553738177,45.37526610289531],[9.55969767311649,45.37177584542608],[9.56102471980624,45.3703741471105],[9.561722970340409,45.36995665602323],[9.568052445782444,45.366945955230285],[9.56655587040666,45.363573410791126],[9.564416830663165,45.34870032360239],[9.563489363571987,45.34311507862748],[9.563342592568217,45.34232763470343],[9.562591743423232,45.3420528533225],[9.561911375638505,45.34184569876596],[9.56170436831475,45.34178267300656],[9.561181610603882,45.34176872334112],[9.56028001350608,45.341744665641635],[9.55153271323689,45.33920152624814],[9.550473497362063,45.339420528181435],[9.548078798896425,45.34003949459281],[9.546640378094848,45.34046189946529],[9.538663842206157,45.34345098354055],[9.53536374215533,45.34677899317196],[9.515749793549729,45.34818726584541],[9.509100422286142,45.34880424152666],[9.509300263763851,45.349940549567215],[9.510383791530051,45.35686670778327],[9.510568068320385,45.36032238162359],[9.508881796147326,45.36591971416595],[9.507765942828932,45.36679779960143],[9.50707617881887,45.366773857172575],[9.50619373563112,45.366624763754345],[9.505565659836009,45.36635748791754],[9.505461300970167,45.36754611001708],[9.50526914205505,45.37034636746601],[9.505274011950526,45.37232662884523],[9.505867352425813,45.37585249678687],[9.50844387211489,45.377609464123644],[9.511954643928547,45.37956990020841],[9.51417697243862,45.38097311281824],[9.514347019207268,45.381413413165184],[9.514379349986461,45.382160365111105],[9.51435514400555,45.382929496991174],[9.514349599747364,45.38310564098485],[9.514257134957214,45.384177197800916],[9.514056672104216,45.384610169085676],[9.516444008530776,45.38446436629716],[9.521494051106593,45.38495449165253],[9.522486037949971,45.386207841524445],[9.52531282327535,45.38765537207572],[9.527559368760178,45.38862229796404],[9.533245457657138,45.390355000567624],[9.53504918733281,45.39061659491806],[9.551929760515643,45.391121365465736],[9.558650162621827,45.38990051182158],[9.557078124813737,45.38462445696876],[9.559844341833584,45.3827566714829]]]},"properties":{"name":"Dovera","op_id":"2736","minint_elettorale":"1030260400","minint_finloc":"1030260400","prov_name":"Cremona","prov_istat_code":"019","prov_istat_code_num":19,"prov_acr":"CR","prov_iso_3166_2":"IT-CR","reg_name":"Lombardia","reg_istat_code":"03","reg_istat_code_num":3,"reg_iso_3166_2":"IT-25","opdm_id":"2447","com_catasto_code":"D358","com_istat_code":"019041","com_istat_code_num":19041,"prov_uts_code":"019","prov_tipo_uts":"Provincia"}},
{"type":"Feature","geometry":{"type":"Polygon","coordinates":[[[9.79096463620644,45.323988600760714],[9.785814372040292,45.32485227889668],[9.773918796365512,45.32678778677019],[9.770794886097612,45.32608429716676],[9.768332498674258,45.32033102512201],[9.768070776799707,45.31896007660074],[9.767668712584776,45.31800413371172],[9.761523576823631,45.31691110948136],[9.759573530954482,45.31658203705076],[9.759135325646172,45.31654894750676],[9.758065906839233,45.31665956176072],[9.757879140013657,45.31724588538848],[9.757412454040185,45.31872520247359],[9.757010736026606,45.32137427126413],[9.755316139183293,45.33301522769848],[9.755057079291676,45.3386697868749],[9.755014335241697,45.34025431275635],[9.755007535011725,45.34070442301907],[9.755078900923365,45.34127102203793],[9.755135213138109,45.34166671920138],[9.757075214946843,45.342617016224565],[9.758446619768932,45.343039971688135],[9.75986502698203,45.34315656323158],[9.767242932459602,45.34411539597528],[9.769200225344834,45.34443527231027],[9.772520161027353,45.3445208735138],[9.776994598557376,45.34316698191339],[9.778959397545993,45.34309093876541],[9.78012121317781,45.34311001583929],[9.786767493710261,45.34559379554285],[9.787610973339522,45.34658712529552],[9.789793083755038,45.34929045516609],[9.790071155878124,45.35000864614632],[9.79791454129623,45.34927673604799],[9.803159974115033,45.34757701251216],[9.803758279827884,45.34565551966685],[9.797288440979903,45.340336071207204],[9.796040483596054,45.33689726151426],[9.797021215311203,45.33675540519301],[9.797602939546714,45.33637328433985],[9.797625804607046,45.33436583923201],[9.797372634514053,45.3317842171569],[9.79619959099708,45.32548245804407],[9.795100591099276,45.324454947181174],[9.793453517991976,45.323467255484296],[9.79096463620644,45.323988600760714]]]},"properties":{"name":"Fiesco","op_id":"2738","minint_elettorale":"1030260420","minint_finloc":"1030260420","prov_name":"Cremona","prov_istat_code":"019","prov_istat_code_num":19,"prov_acr":"CR","prov_iso_3166_2":"IT-CR","reg_name":"Lombardia","reg_istat_code":"03","reg_istat_code_num":3,"reg_iso_3166_2":"IT-25","opdm_id":"2449","com_catasto_code":"D574","com_istat_code":"019043","com_istat_code_num":19043,"prov_uts_code":"019","prov_tipo_uts":"Provincia"}},
{"type":"Feature","geometry":{"type":"Polygon","coordinates":[[[9.787858804805786,45.222617917731526],[9.787280262606508,45.22182527110705],[9.784600545097687,45.21909374846266],[9.78256776925107,45.21760444151161],[9.780742985752383,45.217346893089754],[9.78045371974289,45.218546065111454],[9.77857982214107,45.218423837081275],[9.77839514305813,45.21795700984125],[9.77758994633073,45.21588314331549],[9.776941316777032,45.21314208829773],[9.773667300936959,45.21400147261925],[9.765538005289468,45.21748583176621],[9.765749603278831,45.21806950736802],[9.765906726218985,45.219337673745414],[9.765846822365457,45.21969800202165],[9.765705835603496,45.22050021432879],[9.765262086876522,45.221601368133655],[9.764784875064212,45.22210865331746],[9.763849639600844,45.22265500531173],[9.762770802529408,45.22294126839375],[9.76208418652155,45.22279641693945],[9.761499449079343,45.2226501835756],[9.75375790357028,45.22043568073737],[9.752324189816674,45.21989274483063],[9.751824964025065,45.21970128487597],[9.751703947867746,45.21961342666408],[9.749818586568646,45.218220216670844],[9.74221471012499,45.22015120692133],[9.742697402466277,45.22103022493149],[9.743156760971122,45.22207140125042],[9.74344216971791,45.223446773614846],[9.743305414022933,45.22468087982741],[9.742871001122712,45.22555684656108],[9.7419506857046,45.22629195665733],[9.740444347698455,45.22702186216634],[9.73836280156473,45.22760241963361],[9.737019033560223,45.22771175583005],[9.736899277025442,45.22771088761274],[9.736189333005884,45.227669894829816],[9.735777485143807,45.22764611218182],[9.732227558184531,45.2249864890746],[9.725738559073537,45.226558167839976],[9.716841471384768,45.230142935260496],[9.715961110191294,45.23104862325655],[9.715438752582758,45.232060055783876],[9.715346565108428,45.23283475782134],[9.715324602468115,45.23311394743405],[9.715782999344674,45.23392120248851],[9.722053803903927,45.231316302981135],[9.721373904950706,45.236162590873455],[9.72509251406723,45.23785916063308],[9.72525805927662,45.23771073151624],[9.725306521643274,45.237668518811134],[9.72552106498817,45.23749636147402],[9.726192795410483,45.23722203744442],[9.726265828921827,45.23719528759032],[9.727093165693221,45.2368922573233],[9.728453861153065,45.23669455286449],[9.730213853620986,45.23683634355991],[9.732106915510148,45.237418329557634],[9.733160001547287,45.23806867324895],[9.733908857519152,45.238837987278465],[9.733721367914582,45.24010840822563],[9.733516226268225,45.24042949978929],[9.733184313125433,45.24094899251961],[9.732064532217153,45.24205436931689],[9.738635979185783,45.244757493513276],[9.750837512534227,45.24724336295404],[9.75217821941687,45.24745056253543],[9.757452682826655,45.24737070231149],[9.758990187552401,45.24417396372855],[9.759084488631588,45.242643082059885],[9.762783454619607,45.24299405070361],[9.763842471996512,45.24309708501602],[9.763932539581207,45.24310584779973],[9.764915004039231,45.24320728323965],[9.765642308738006,45.243283430854454],[9.766525623896051,45.24347477912974],[9.76669021765874,45.243510433924385],[9.770875867860806,45.246803805822246],[9.772600680278353,45.248079358456565],[9.775775700933018,45.24822887480335],[9.776106364900745,45.248181609722195],[9.779316871478242,45.24533328909694],[9.779460153093225,45.24463019527648],[9.779371883694948,45.24376665553297],[9.777302952253548,45.242484533593355],[9.777639145130918,45.23630722496927],[9.785964602490347,45.23397285711367],[9.787066309530303,45.22610696906279],[9.78746193836507,45.22339478168035],[9.787858804805786,45.222617917731526]]]},"properties":{"name":"Formigara","op_id":"2739","minint_elettorale":"1030260430","minint_finloc":"1030260430","prov_name":"Cremona","prov_istat_code":"019","prov_istat_code_num":19,"prov_acr":"CR","prov_iso_3166_2":"IT-CR","reg_name":"Lombardia","reg_istat_code":"03","reg_istat_code_num":3,"reg_iso_3166_2":"IT-25","opdm_id":"2450","com_catasto_code":"D710","com_istat_code":"019044","com_istat_code_num":19044,"prov_uts_code":"019","prov_tipo_uts":"Provincia"}},
{"type":"Feature","geometry":{"type":"Polygon","coordinates":[[[10.160507650973639,45.23930539526365],[10.162611124117925,45.24123734012502],[10.163490398663873,45.241867491245124],[10.16497489917044,45.24218540470086],[10.16623458610336,45.24210053930313],[10.176039454214903,45.23998761863371],[10.180377819728307,45.23902968800032],[10.18160240854067,45.238485945985225],[10.181669827165628,45.238424007153675],[10.182127518878842,45.23800343042474],[10.18231824705173,45.2373713455571],[10.189299556281254,45.23429236537478],[10.204891109871697,45.229376118814685],[10.205899740357896,45.22948247926342],[10.207462050820764,45.229267941491926],[10.208818108193261,45.22893853898599],[10.211792652902977,45.2280428681694],[10.21237951017189,45.2278464808695],[10.21320928511256,45.227568755249656],[10.214522840671712,45.22704170703471],[10.219821809293324,45.22465382826217],[10.225546170605929,45.224299984745905],[10.237145400818068,45.220191746774134],[10.242297127893798,45.21831332113477],[10.242256183937444,45.217714846332726],[10.24246241638131,45.21552523711337],[10.243335542606276,45.212855763696446],[10.24395318406994,45.212016396128824],[10.246249228789113,45.2095126623004],[10.242914796255912,45.20943526016378],[10.236475182537596,45.202564993419784],[10.238368644376337,45.19828674120014],[10.234494803370975,45.19518712533507],[10.234582079309146,45.195690273918004],[10.234642720564777,45.19613969519629],[10.234622633686774,45.19697705468649],[10.23445630464957,45.197527963738],[10.234215952764103,45.19818766505259],[10.228150126457328,45.20089051279685],[10.225220249993585,45.20141708198278],[10.22480054045412,45.201439576803715],[10.224673823639504,45.20087385088595],[10.224744971560316,45.20003594608971],[10.225101559767417,45.199447007564515],[10.2253300736329,45.19882345551005],[10.225466028719355,45.19803885170883],[10.225517296365634,45.19746220201787],[10.225404655461045,45.196959336857084],[10.225221238675125,45.19671825561185],[10.21940575273943,45.19506120045831],[10.213070653000646,45.194696608140696],[10.212226081355064,45.19509264320195],[10.21124476081028,45.1956431520194],[10.211109307287435,45.19586063043974],[10.19948158205602,45.21483305854828],[10.195809777194539,45.21486209197784],[10.190716298959908,45.21489732253603],[10.188148214724478,45.21511310534369],[10.183139719526858,45.215561168221036],[10.179778135384776,45.216208047999196],[10.17743533221116,45.216853344128474],[10.176131413500977,45.21723583454098],[10.174943390627279,45.21768014683028],[10.1723497739964,45.21666261837582],[10.170582042037797,45.21554654937031],[10.162390130825585,45.21540519173732],[10.16250521680026,45.21547473678836],[10.165407525032759,45.21722875363526],[10.166079205837137,45.21831108083455],[10.166945341424059,45.22080467113465],[10.167178929261961,45.22163942265932],[10.166989369964009,45.23042682842226],[10.166395819831061,45.2325482449061],[10.16457809463522,45.23336792894511],[10.16309576080624,45.233770099008844],[10.161852835082268,45.23404381124269],[10.161444741277567,45.2338938637114],[10.160319241363451,45.235058566120706],[10.160507650973639,45.23930539526365]]]},"properties":{"name":"Gabbioneta-Binanuova","op_id":"2740","minint_elettorale":"1030260440","minint_finloc":"1030260440","prov_name":"Cremona","prov_istat_code":"019","prov_istat_code_num":19,"prov_acr":"CR","prov_iso_3166_2":"IT-CR","reg_name":"Lombardia","reg_istat_code":"03","reg_istat_code_num":3,"reg_iso_3166_2":"IT-25","opdm_id":"2451","com_catasto_code":"D834","com_istat_code":"019045","com_istat_code_num":19045,"prov_uts_code":"019","prov_tipo_uts":"Provincia"}},
{"type":"Feature","geometry":{"type":"Polygon","coordinates":[[[10.107639219503078,45.14560203132087],[10.10164565158795,45.14634412607314],[10.091774615991472,45.14885523216199],[10.091785149787958,45.14888726031139],[10.091927283546138,45.14970955478956],[10.091981937635579,45.15037904458853],[10.09199581476809,45.150550546307535],[10.091901683437948,45.15099253122322],[10.091562392740302,45.15254406517157],[10.08677158545256,45.15348991922114],[10.081433355277994,45.15442274595218],[10.085336016048604,45.15493481630271],[10.088590547930993,45.15547994206159],[10.090354270256935,45.15723644501865],[10.091966666295287,45.15905736109007],[10.092222281197934,45.15978405095827],[10.092395242801919,45.160844583083524],[10.09205283156871,45.16623081558428],[10.091254500938344,45.16740416610326],[10.089628446179121,45.16854938878329],[10.085900938731088,45.16926900945971],[10.084502840784982,45.1720239655309],[10.095015308398812,45.17872367823915],[10.09695844567626,45.17850698040468],[10.09963074457906,45.175979179705834],[10.10292242244791,45.173624696701516],[10.104308641997505,45.17357527723529],[10.105263281835175,45.17358405309371],[10.118371541056401,45.17879437559807],[10.122210450618462,45.181142123728655],[10.12310272989469,45.18379783290882],[10.123537762591658,45.185206798147306],[10.129332890772178,45.184096448217076],[10.130905927593505,45.17932803707365],[10.135371912142588,45.17861761899906],[10.139397378603459,45.181989113304326],[10.144793742792103,45.19149481982775],[10.146470572171687,45.19131597009041],[10.149222514233085,45.190793211856665],[10.15149392816288,45.18285795273578],[10.152871907016682,45.17744753757294],[10.151978885904796,45.17408551543538],[10.149791777659178,45.16975078862635],[10.14197082288689,45.17000930746846],[10.141065843632653,45.17017588292498],[10.140206708828716,45.169410312039226],[10.138826731432236,45.16677312598957],[10.136890326130613,45.16282271305597],[10.136299340094162,45.159335953497276],[10.141236930695003,45.156838284350094],[10.148190761089968,45.153401974272896],[10.150016046967698,45.15243842762636],[10.151725681413192,45.1482624439492],[10.15109952291348,45.14622538401646],[10.148031506155982,45.14678600278784],[10.146824514501063,45.147006530802656],[10.143061670246913,45.147683375019255],[10.140892309823537,45.14805613361279],[10.138375137440852,45.145376273667935],[10.131999922825415,45.144769025807484],[10.112710464687298,45.14510714689453],[10.107639219503078,45.14560203132087]]]},"properties":{"name":"Gadesco-Pieve Delmona","op_id":"2741","minint_elettorale":"1030260450","minint_finloc":"1030260450","prov_name":"Cremona","prov_istat_code":"019","prov_istat_code_num":19,"prov_acr":"CR","prov_iso_3166_2":"IT-CR","reg_name":"Lombardia","reg_istat_code":"03","reg_istat_code_num":3,"reg_iso_3166_2":"IT-25","opdm_id":"2452","com_catasto_code":"D841","com_istat_code":"019046","com_istat_code_num":19046,"prov_uts_code":"019","prov_tipo_uts":"Provincia"}},
{"type":"Feature","geometry":{"type":"Polygon","coordinates":[[[9.883327742810454,45.35756164382206],[9.8858921178357,45.355804534535494],[9.886878222630411,45.35354654160475],[9.894052317178836,45.342148957509366],[9.894765596968176,45.34124323997238],[9.897989475137175,45.33848152780126],[9.898710051980208,45.33804380425686],[9.903909555698954,45.33755270559654],[9.909115785224982,45.33748439071766],[9.911388730610412,45.337556281235436],[9.90965686942897,45.33540974006657],[9.906720491558286,45.327349891541],[9.901249320116888,45.32272149318018],[9.900104733404723,45.322154432797525],[9.899591828948198,45.32182784610231],[9.898931793988282,45.32140754917794],[9.896977261323979,45.319640659380894],[9.896728917691663,45.31926454851876],[9.895626381679666,45.317310890084876],[9.895618615103395,45.31681134970782],[9.895761456082266,45.315356534268645],[9.897688173555423,45.313757173697184],[9.898295715626142,45.31345259114847],[9.901241285074427,45.310947763629066],[9.900948263632758,45.31016694526189],[9.90063272373081,45.30957535382005],[9.89979470500172,45.30897040180997],[9.896673275447892,45.31134023064163],[9.895457836905448,45.31228044951303],[9.89405267615596,45.31378569116485],[9.893126843742106,45.31494511125009],[9.89156481630805,45.316217501836455],[9.888712115408788,45.31654579083293],[9.88797291084941,45.316596538720844],[9.88644994327402,45.31465507386966],[9.88484445492619,45.312318191881424],[9.876434982726604,45.314651366267896],[9.865345108528842,45.31862451343595],[9.860663307705394,45.322881532142276],[9.851665015108281,45.32099569364993],[9.85168282892801,45.32048248386036],[9.850092292797237,45.32077338070782],[9.84640812166688,45.321537989275996],[9.845888214160171,45.322064779934045],[9.845786810359334,45.32554422848107],[9.845775628615366,45.326503288437365],[9.84849842472743,45.32853539788822],[9.850421102870117,45.33166256515054],[9.853532600955084,45.33745422487844],[9.8530537241604,45.34041023604038],[9.853104774431914,45.34465848538548],[9.853897984539433,45.35242068360811],[9.857313218195914,45.350797382305835],[9.859802416055095,45.35242140353375],[9.857564940598937,45.35388743149598],[9.856619129859391,45.35476765113422],[9.855486320745154,45.356796951441254],[9.855650480751178,45.3585824652182],[9.858921060646175,45.3619874263093],[9.860928316872013,45.36342151763077],[9.861790159894177,45.36157874125142],[9.862320652795608,45.36046308996152],[9.863268727519724,45.35973131593807],[9.863546844494204,45.360021754337666],[9.86468787854269,45.36405032735582],[9.864492910960045,45.36816977291784],[9.863671415088444,45.372717138754304],[9.865328525406346,45.37806034994927],[9.865415821694416,45.37805756780446],[9.867177175554861,45.378001329285915],[9.869905346633667,45.37725597380773],[9.877706099955322,45.372322104331616],[9.877457657941425,45.3694706090188],[9.878192805580053,45.35957253762535],[9.878456838036609,45.358895410673114],[9.880158651293888,45.35820719306689],[9.881522611563055,45.357809620101776],[9.883327742810454,45.35756164382206]]]},"properties":{"name":"Genivolta","op_id":"2742","minint_elettorale":"1030260460","minint_finloc":"1030260460","prov_name":"Cremona","prov_istat_code":"019","prov_istat_code_num":19,"prov_acr":"CR","prov_iso_3166_2":"IT-CR","reg_name":"Lombardia","reg_istat_code":"03","reg_istat_code_num":3,"reg_iso_3166_2":"IT-25","opdm_id":"2453","com_catasto_code":"D966","com_istat_code":"019047","com_istat_code_num":19047,"prov_uts_code":"019","prov_tipo_uts":"Provincia"}},
{"type":"Feature","geometry":{"type":"Polygon","coordinates":[[[10.017843167600281,45.10406986414116],[10.020944639492082,45.10552702030415],[10.037722048440944,45.1131416864464],[10.040096303805758,45.112273916422055],[10.041307285349832,45.111056667931756],[10.041817120096809,45.110430889522554],[10.042096336687932,45.109708216683885],[10.042146960953604,45.10899662487464],[10.042134397438888,45.10864687089442],[10.04212124295859,45.108280698575726],[10.042103963828744,45.10812597919307],[10.04207747538311,45.10789380538619],[10.042060630348477,45.107746161909624],[10.042002754986239,45.10735961793453],[10.04190525263814,45.10682211675697],[10.0417908322642,45.10619134229985],[10.04103850988609,45.10326364682489],[10.040997292177554,45.10314472845412],[10.040491953086649,45.101864363992156],[10.039397974380936,45.09971392227957],[10.039163032210073,45.09937399310145],[10.039013344175494,45.09920932914038],[10.038812895945194,45.0989901043041],[10.038269385829262,45.098454944368044],[10.037353462733682,45.0977071209895],[10.040161631985981,45.094873050526985],[10.054224804490243,45.09043226290151],[10.06072932702514,45.08895875963304],[10.057599487414986,45.08599920519403],[10.056300990596213,45.084489941973246],[10.056151140099281,45.084072749882246],[10.054598083184993,45.076881217534265],[10.052858556579475,45.07416972792781],[10.051061298769053,45.074537352095284],[10.049057336165243,45.07471782882121],[10.046945968539019,45.07458417194411],[10.044422404922694,45.07413918329095],[10.042923253983526,45.07384722986421],[10.042694635906523,45.0738027052762],[10.042038297055242,45.07367487174833],[10.030142341361701,45.071280323232656],[10.025691070604857,45.07028819475953],[10.02530314923645,45.070617256070335],[10.024039288913405,45.07169079916291],[10.022884695321187,45.07319543370811],[10.022260467450819,45.074524282490714],[10.021649626660048,45.07589052282995],[10.021316882238645,45.07717925530018],[10.021715761830238,45.0781748849445],[10.02297717585515,45.08051303749288],[10.023538373552213,45.08134516733065],[10.024214577615368,45.08221227636476],[10.024989855805659,45.08293446418814],[10.025634078351155,45.083432772569296],[10.026340855767703,45.08387650699966],[10.026812407796607,45.08408831464325],[10.027193887488862,45.084240402494245],[10.027761842274963,45.08446684551232],[10.028359005734831,45.085172601381835],[10.029501666631196,45.08724170547916],[10.029933390493188,45.090055313117205],[10.029893652715376,45.09137892771613],[10.029797566716544,45.09239699133211],[10.029600639247853,45.09346096653555],[10.02923246730981,45.094895553199656],[10.028531935025345,45.09622512895552],[10.027388226998797,45.09764868963062],[10.026303312520465,45.09881066410792],[10.025242008426384,45.09987339838781],[10.024345977336075,45.1007696899867],[10.024260892981472,45.10083459887903],[10.023902370430697,45.10110255876365],[10.023414802043206,45.10146508183497],[10.020911212448233,45.10290976159509],[10.019441161190509,45.103521485670555],[10.017843167600281,45.10406986414116]]]},"properties":{"name":"Gerre de' Caprioli","op_id":"2743","minint_elettorale":"1030260470","minint_finloc":"1030260470","prov_name":"Cremona","prov_istat_code":"019","prov_istat_code_num":19,"prov_acr":"CR","prov_iso_3166_2":"IT-CR","reg_name":"Lombardia","reg_istat_code":"03","reg_istat_code_num":3,"reg_iso_3166_2":"IT-25","opdm_id":"2454","com_catasto_code":"D993","com_istat_code":"019048","com_istat_code_num":19048,"prov_uts_code":"019","prov_tipo_uts":"Provincia"}},
{"type":"Feature","geometry":{"type":"MultiPolygon","coordinates":[[[[9.721373904950706,45.236162590873455],[9.722053803903927,45.231316302981135],[9.715782999344674,45.23392120248851],[9.717262141049877,45.235226174693196],[9.721373904950706,45.236162590873455]]],[[[9.734615394213622,45.27190482478913],[9.742087078697951,45.26808491448904],[9.754733422853736,45.26142197761212],[9.761409481549666,45.25644486755485],[9.763119319325774,45.252494357105206],[9.76367172831462,45.25121791253068],[9.76669021765874,45.243510433924385],[9.766525623896051,45.24347477912974],[9.765642308738006,45.243283430854454],[9.764915004039231,45.24320728323965],[9.763932539581207,45.24310584779973],[9.763842471996512,45.24309708501602],[9.762783454619607,45.24299405070361],[9.759084488631588,45.242643082059885],[9.758990187552401,45.24417396372855],[9.757452682826655,45.24737070231149],[9.75217821941687,45.24745056253543],[9.750837512534227,45.24724336295404],[9.738635979185783,45.244757493513276],[9.732064532217153,45.24205436931689],[9.733184313125433,45.24094899251961],[9.733516226268225,45.24042949978929],[9.733721367914582,45.24010840822563],[9.733908857519152,45.238837987278465],[9.733160001547287,45.23806867324895],[9.732106915510148,45.237418329557634],[9.730213853620986,45.23683634355991],[9.728453861153065,45.23669455286449],[9.727093165693221,45.2368922573233],[9.726265828921827,45.23719528759032],[9.726192795410483,45.23722203744442],[9.72552106498817,45.23749636147402],[9.725306521643274,45.237668518811134],[9.72525805927662,45.23771073151624],[9.72509251406723,45.23785916063308],[9.725830948933918,45.2388176426537],[9.726391833196294,45.23984024471373],[9.726657085850865,45.24065769943454],[9.72661737084461,45.24154008785328],[9.72633327476994,45.24224401131928],[9.7257681859735,45.24289571970577],[9.724782559882396,45.24354108514643],[9.723478468397847,45.24419744878983],[9.721957950231856,45.244873160781495],[9.720751514051168,45.245195816848515],[9.719071035155132,45.24531443907889],[9.718781415700299,45.2453286690252],[9.717542754434964,45.2453780666913],[9.71620798414303,45.24562947310254],[9.714507516746156,45.24618921110045],[9.713189166087297,45.246737542939876],[9.712113098422055,45.247302358459216],[9.711001362312235,45.24807441134631],[9.71001488967514,45.24867463280286],[9.709792565126605,45.24883617821043],[9.708840405904256,45.2495280764736],[9.708558488326172,45.24989072807235],[9.708376337415539,45.25012504370199],[9.707511289730158,45.25127359633161],[9.707339261217593,45.25178774573171],[9.707257768469374,45.25240934359303],[9.707202891519403,45.253120795437184],[9.707216658759727,45.25349615774787],[9.707240317018824,45.254083737365086],[9.707363176088178,45.25474007283362],[9.707538819672251,45.25513837905479],[9.707782818444144,45.25569163134901],[9.708135856531959,45.25640954977604],[9.708692794627394,45.25712622176161],[9.70952820593108,45.257688130843306],[9.710233943851213,45.258070805264865],[9.711054288200058,45.258443765706645],[9.711859658195735,45.25863677681245],[9.712967634146102,45.25856685480703],[9.713263263221538,45.25850592471489],[9.714048166208206,45.25834406504121],[9.714782265297334,45.25793440083605],[9.7154620778627,45.25726405115656],[9.716078166164023,45.25659407801063],[9.716619241720398,45.256041599218015],[9.717225746363974,45.25582549458833],[9.717469331917613,45.25573919993866],[9.718425100124822,45.255733191716395],[9.719460634080066,45.25598771282703],[9.720562847306274,45.25647585435684],[9.721812442248863,45.25753013191644],[9.722368991887274,45.258201720215936],[9.72259089963905,45.25861438381081],[9.722549287361172,45.25935276562307],[9.722152192636345,45.26020142377462],[9.72108234262758,45.261270352041166],[9.720238221389929,45.26204980003096],[9.719317851891908,45.26284773306475],[9.718963368083527,45.26303899698649],[9.718518984125739,45.26317681092612],[9.718367239082028,45.263220222042776],[9.718036357966447,45.263314864469635],[9.720342081847438,45.26411542771455],[9.73386943176247,45.27040637931129],[9.734615394213622,45.27190482478913]]]]},"properties":{"name":"Gombito","op_id":"2744","minint_elettorale":"1030260480","minint_finloc":"1030260480","prov_name":"Cremona","prov_istat_code":"019","prov_istat_code_num":19,"prov_acr":"CR","prov_iso_3166_2":"IT-CR","reg_name":"Lombardia","reg_istat_code":"03","reg_istat_code_num":3,"reg_iso_3166_2":"IT-25","opdm_id":"2455","com_catasto_code":"E082","com_istat_code":"019049","com_istat_code_num":19049,"prov_uts_code":"019","prov_tipo_uts":"Provincia"}},
{"type":"Feature","geometry":{"type":"Polygon","coordinates":[[[10.117695573949,45.20473449562479],[10.119700464441364,45.20632612586956],[10.120600109838664,45.208045596783606],[10.120953222272897,45.20916733926385],[10.120207649095418,45.21270325223148],[10.123338232517366,45.220350804877974],[10.128665677880477,45.221171416511226],[10.131166875464128,45.22076860119864],[10.130870060290214,45.21969135374764],[10.134028650650317,45.21736465613449],[10.134381594986406,45.217820222075794],[10.135146511132437,45.21785763910919],[10.137346005321517,45.217664713507084],[10.14724463607814,45.216530528863785],[10.148234392345055,45.21634953932767],[10.150568240575977,45.21587597467301],[10.151822465929927,45.21554829236609],[10.15207495551341,45.21543771545122],[10.15401579083864,45.2137978546445],[10.154482198128855,45.21096153991076],[10.154812848280844,45.210840260391386],[10.162390130825585,45.21540519173732],[10.170582042037797,45.21554654937031],[10.170562662711522,45.213980499615474],[10.172759970650091,45.21245469776795],[10.174959940831915,45.211063845392076],[10.17519238463428,45.210602362733546],[10.175504081109986,45.2090419011322],[10.174845395227264,45.20735638707909],[10.168708354807087,45.20303560841343],[10.167042953594292,45.20191845368792],[10.165130368035923,45.199291520868634],[10.164093551436514,45.19777182688849],[10.163407578824643,45.19534839652745],[10.163157196395169,45.19430675819934],[10.163660064093312,45.190872043051336],[10.149222514233085,45.190793211856665],[10.146470572171687,45.19131597009041],[10.144793742792103,45.19149481982775],[10.139397378603459,45.181989113304326],[10.135371912142588,45.17861761899906],[10.130905927593505,45.17932803707365],[10.129332890772178,45.184096448217076],[10.123537762591658,45.185206798147306],[10.121980014712829,45.18755352409702],[10.121698839118539,45.199159290115695],[10.121834984258129,45.199608029295554],[10.12182613995982,45.20045427294259],[10.121597530199477,45.20177974014253],[10.121331153963101,45.202995841439105],[10.120147133567855,45.204431421395874],[10.119601303937959,45.20451779756464],[10.11885214549698,45.20462415494001],[10.117695573949,45.20473449562479]]]},"properties":{"name":"Grontardo","op_id":"2745","minint_elettorale":"1030260490","minint_finloc":"1030260490","prov_name":"Cremona","prov_istat_code":"019","prov_istat_code_num":19,"prov_acr":"CR","prov_iso_3166_2":"IT-CR","reg_name":"Lombardia","reg_istat_code":"03","reg_istat_code_num":3,"reg_iso_3166_2":"IT-25","opdm_id":"2456","com_catasto_code":"E193","com_istat_code":"019050","com_istat_code_num":19050,"prov_uts_code":"019","prov_tipo_uts":"Provincia"}},
{"type":"Feature","geometry":{"type":"Polygon","coordinates":[[[9.895022459922163,45.20672377889555],[9.892403280886347,45.20209048670883],[9.889586835552748,45.19375902026903],[9.88661388060228,45.188408205075824],[9.87957908911809,45.18788650391873],[9.876813582262752,45.18436114830249],[9.878097216570817,45.18009353976286],[9.874055311653045,45.171302986831456],[9.872666020143757,45.16741141820541],[9.871211913268905,45.16843520598549],[9.870103598055977,45.16919078203278],[9.869703570703,45.16945037474233],[9.868994707334833,45.16991034765162],[9.866723924832936,45.17121484706456],[9.863049424992619,45.17311499767645],[9.862254913097257,45.173472467098975],[9.859639460755089,45.174004869263484],[9.849686792588706,45.17567263815837],[9.843582503072271,45.17665599909934],[9.840900702456329,45.1770879052662],[9.834652814530733,45.17803389577557],[9.83471428254738,45.1782108861365],[9.83534973005271,45.18003986116212],[9.83821965558061,45.18258957286441],[9.841223072964729,45.186879245603265],[9.840275067836142,45.1890646030911],[9.839520660730011,45.19316586300599],[9.839983384375067,45.196060969996594],[9.842712625528032,45.2093181433668],[9.842192426008307,45.2094480031475],[9.840960656527107,45.20968211833274],[9.84026218616814,45.20981326299256],[9.835037763283854,45.21045468952979],[9.835778510478278,45.21233959032906],[9.838266357874645,45.220449732260846],[9.837784352117762,45.22145245121748],[9.835089511342211,45.223560535167266],[9.837336772573556,45.22566842954591],[9.840896631844501,45.226938499538605],[9.843316793932848,45.227793795059135],[9.845778362120386,45.22800062835184],[9.847544392346894,45.22769049115116],[9.854103599048806,45.22676846535862],[9.859347513667347,45.230716800064364],[9.861677097466135,45.23482193609384],[9.86443643685413,45.23447703178914],[9.882114774319893,45.22759072353625],[9.882145470828235,45.2271044086375],[9.882456644863948,45.226633920031816],[9.884295252918617,45.2252694744699],[9.8848759570312,45.224931910067966],[9.88526894365252,45.22481185744412],[9.888569970733936,45.22412010544583],[9.887315258654104,45.22124937649834],[9.883052471733349,45.21822189399968],[9.881569299656949,45.213689851476545],[9.895022459922163,45.20672377889555]]]},"properties":{"name":"Grumello Cremonese ed Uniti","op_id":"2746","minint_elettorale":"1030260500","minint_finloc":"1030260500","prov_name":"Cremona","prov_istat_code":"019","prov_istat_code_num":19,"prov_acr":"CR","prov_iso_3166_2":"IT-CR","reg_name":"Lombardia","reg_istat_code":"03","reg_istat_code_num":3,"reg_iso_3166_2":"IT-25","opdm_id":"2457","com_catasto_code":"E217","com_istat_code":"019051","com_istat_code_num":19051,"prov_uts_code":"019","prov_tipo_uts":"Provincia"}},
{"type":"Feature","geometry":{"type":"Polygon","coordinates":[[[10.360531656083307,45.04537136679499],[10.365387561821674,45.03919219065922],[10.364532157894798,45.03632184028007],[10.363504435588776,45.0326073781905],[10.365066833023683,45.021966566849635],[10.365859581960706,45.014737613314566],[10.36656177809477,45.007977831480396],[10.366648094186646,45.00307079709959],[10.366426589141438,45.00175917946345],[10.363628984440997,44.997219678558245],[10.359937312996157,44.98334522934044],[10.359777328480197,44.98242152365656],[10.35943362570324,44.976938799417645],[10.358831867169437,44.96548672195788],[10.35851601525813,44.965535482921],[10.356899984805818,44.965833763043086],[10.355284571501493,44.966159011666406],[10.35142257793183,44.96747405159918],[10.350014580053026,44.9679948183961],[10.349459306802475,44.96827301293197],[10.348861563758268,44.96857556077576],[10.347273868536856,44.96954851024028],[10.345990813605336,44.97053584987435],[10.34451413321074,44.97192153068346],[10.342773837268405,44.973427324212004],[10.339287578604647,44.97620484429071],[10.33742601164524,44.977414911176055],[10.335973171128419,44.97820608693305],[10.332752693458165,44.97989105812474],[10.33076965438589,44.980796379694205],[10.329007337825907,44.98137501416787],[10.32379354329644,44.98299291119704],[10.321537335867367,44.98361316898399],[10.31981564459848,44.983759111122296],[10.31823071497867,44.9837849252734],[10.319148326642724,44.98452747516754],[10.320120472369714,44.98543443689849],[10.323429366983829,44.98866381265531],[10.32416253891992,44.98965451725962],[10.324763101720926,44.990943829399036],[10.324878863889683,44.99156360730767],[10.32505370698111,44.99545899424953],[10.32460784877165,45.00017253317907],[10.324468710520076,45.0007412691857],[10.324011741511102,45.00238490306908],[10.323786258340808,45.00306265411234],[10.323486125308532,45.00380428421793],[10.322806885991637,45.00461331839387],[10.322596962108813,45.00480265868047],[10.32204860487421,45.00529723767675],[10.321055319019296,45.005695812354894],[10.319932496501472,45.005978862624815],[10.317938685266176,45.00646098027999],[10.31114870970602,45.01196726713975],[10.311499577917415,45.01343953747958],[10.312140649893715,45.01705990433529],[10.312195129494103,45.019444770843094],[10.31193289652725,45.02296749845124],[10.31721384534805,45.02631837886815],[10.328757497111804,45.032026813507606],[10.336146298519571,45.035316260231994],[10.340561948811741,45.04173679275805],[10.342415946748444,45.044460562288116],[10.360531656083307,45.04537136679499]]]},"properties":{"name":"Gussola","op_id":"2747","minint_elettorale":"1030260510","minint_finloc":"1030260510","prov_name":"Cremona","prov_istat_code":"019","prov_istat_code_num":19,"prov_acr":"CR","prov_iso_3166_2":"IT-CR","reg_name":"Lombardia","reg_istat_code":"03","reg_istat_code_num":3,"reg_iso_3166_2":"IT-25","opdm_id":"2458","com_catasto_code":"E272","com_istat_code":"019052","com_istat_code_num":19052,"prov_uts_code":"019","prov_tipo_uts":"Provincia"}},
{"type":"Feature","geometry":{"type":"Polygon","coordinates":[[[10.32772008349976,45.184292800999145],[10.329990950596072,45.17879413658857],[10.329100435981767,45.17826440567633],[10.328918321879485,45.17809548293832],[10.328693218116005,45.17772005082501],[10.326602377127875,45.17372963957854],[10.327979465548367,45.168915778892966],[10.331349480086052,45.16718423312644],[10.336244688809481,45.161759949630856],[10.335862441728914,45.15665365598648],[10.333644303202206,45.15537434399828],[10.32595030821497,45.15659816085327],[10.31361861657519,45.157550829725366],[10.307931093479992,45.15864230091807],[10.302129060659604,45.16030189947918],[10.295716196051952,45.15972673634616],[10.29069000912669,45.158577435309674],[10.28962940866452,45.15837337508215],[10.28832753267015,45.158190038839656],[10.286719399254027,45.15796512076492],[10.285725245887193,45.15788631710406],[10.285408268212144,45.157934885971095],[10.284926977466512,45.15916451834571],[10.28458942435704,45.160455542435635],[10.28425440186184,45.16198067769004],[10.284094723341296,45.162707560483696],[10.284059160601739,45.16286945230254],[10.287062188471879,45.169798376765144],[10.289477417535595,45.17306571442094],[10.298620451161895,45.17891215494411],[10.305703307476442,45.184207499678024],[10.308894119464656,45.18735536966168],[10.309672970322778,45.19134312517583],[10.310538373113307,45.19244040311067],[10.311045064375769,45.19288466409296],[10.311469811223711,45.19308683243415],[10.31172592065578,45.1925977908377],[10.31235061029514,45.190421249588866],[10.31230652979687,45.18961160242139],[10.311789934895023,45.18873539445199],[10.313584028085456,45.18704046516045],[10.316660232620698,45.186302911593046],[10.32263655872552,45.18492863121692],[10.323978780586849,45.18462502595178],[10.325271525368802,45.184384990645796],[10.327012670568907,45.18416672035188],[10.32772008349976,45.184292800999145]]]},"properties":{"name":"Isola Dovarese","op_id":"2748","minint_elettorale":"1030260520","minint_finloc":"1030260520","prov_name":"Cremona","prov_istat_code":"019","prov_istat_code_num":19,"prov_acr":"CR","prov_iso_3166_2":"IT-CR","reg_name":"Lombardia","reg_istat_code":"03","reg_istat_code_num":3,"reg_iso_3166_2":"IT-25","opdm_id":"2459","com_catasto_code":"E356","com_istat_code":"019053","com_istat_code_num":19053,"prov_uts_code":"019","prov_tipo_uts":"Provincia"}},
{"type":"Feature","geometry":{"type":"Polygon","coordinates":[[[9.755057079291676,45.3386697868749],[9.747696781455353,45.33607181191889],[9.748201216530056,45.33851688057608],[9.748099146384316,45.33948968580604],[9.744850507687387,45.34286841522847],[9.741009941310768,45.342002263859214],[9.740021253714755,45.34840861458033],[9.73970150672432,45.35228125158298],[9.739359206743003,45.35540692891052],[9.737156516655826,45.35685236045414],[9.736065835634577,45.36036990823345],[9.735859408409242,45.36119036433058],[9.735837039246007,45.36143353265722],[9.737166501178189,45.364503417029375],[9.737673458916316,45.36519323043881],[9.738532558317369,45.36546672424503],[9.75056591124305,45.36775561885929],[9.75936134230525,45.3684895969587],[9.766152278961298,45.36734607451663],[9.767443794742578,45.36275574922728],[9.763029574237493,45.362083222888124],[9.7631521580041,45.35600652311339],[9.764248449216215,45.35113850179138],[9.76799835575428,45.34900703643311],[9.769422859060356,45.34861939070141],[9.76946595276096,45.348595442044974],[9.769616891917014,45.34851155920973],[9.769701593999748,45.348464485468085],[9.769754707664143,45.34768226183589],[9.769805816049864,45.34673553054437],[9.769811740195728,45.34623141203223],[9.769200225344834,45.34443527231027],[9.767242932459602,45.34411539597528],[9.75986502698203,45.34315656323158],[9.758446619768932,45.343039971688135],[9.757075214946843,45.342617016224565],[9.755135213138109,45.34166671920138],[9.755078900923365,45.34127102203793],[9.755007535011725,45.34070442301907],[9.755014335241697,45.34025431275635],[9.755057079291676,45.3386697868749]]]},"properties":{"name":"Izano","op_id":"2749","minint_elettorale":"1030260530","minint_finloc":"1030260530","prov_name":"Cremona","prov_istat_code":"019","prov_istat_code_num":19,"prov_acr":"CR","prov_iso_3166_2":"IT-CR","reg_name":"Lombardia","reg_istat_code":"03","reg_istat_code_num":3,"reg_iso_3166_2":"IT-25","opdm_id":"2460","com_catasto_code":"E380","com_istat_code":"019054","com_istat_code_num":19054,"prov_uts_code":"019","prov_tipo_uts":"Provincia"}},
{"type":"Feature","geometry":{"type":"Polygon","coordinates":[[[9.747696781455353,45.33607181191889],[9.73983373714152,45.33043438419523],[9.730571856653834,45.32038528465068],[9.729014462416735,45.31914404933488],[9.716532873402265,45.31703569418269],[9.715760516532072,45.31649145694345],[9.715017322672301,45.31623507592907],[9.71471035093937,45.31617398726308],[9.712845322902568,45.31598761678935],[9.712510224545852,45.315996487668365],[9.712452586678921,45.31599821544496],[9.71196691453531,45.31601759603176],[9.710524500042085,45.316765390049326],[9.71025524765176,45.31699390446609],[9.710238361012285,45.31702682419829],[9.710158490064533,45.31718274947661],[9.710093327857155,45.31730996139547],[9.71004691050639,45.31767929605045],[9.71012773625442,45.31802085149624],[9.710567217227773,45.318477181149255],[9.711017568711359,45.31878043331268],[9.709352159055097,45.32232831355923],[9.702853174094413,45.33039536321567],[9.69842483300301,45.335201012162855],[9.696710777598927,45.338212490347054],[9.700023348642942,45.339669738268896],[9.703965963109274,45.34073337740739],[9.710272861469424,45.34596910822147],[9.711600661126617,45.35108259126814],[9.71125721668446,45.352200895109526],[9.711401241666188,45.35248804037508],[9.71272126827493,45.352893871359],[9.72470953359099,45.35594189329835],[9.732813663940908,45.35571014984157],[9.739359206743003,45.35540692891052],[9.73970150672432,45.35228125158298],[9.740021253714755,45.34840861458033],[9.741009941310768,45.342002263859214],[9.744850507687387,45.34286841522847],[9.748099146384316,45.33948968580604],[9.748201216530056,45.33851688057608],[9.747696781455353,45.33607181191889]]]},"properties":{"name":"Madignano","op_id":"2750","minint_elettorale":"1030260540","minint_finloc":"1030260540","prov_name":"Cremona","prov_istat_code":"019","prov_istat_code_num":19,"prov_acr":"CR","prov_iso_3166_2":"IT-CR","reg_name":"Lombardia","reg_istat_code":"03","reg_istat_code_num":3,"reg_iso_3166_2":"IT-25","opdm_id":"2461","com_catasto_code":"E793","com_istat_code":"019055","com_istat_code_num":19055,"prov_uts_code":"019","prov_tipo_uts":"Provincia"}},
{"type":"Feature","geometry":{"type":"Polygon","coordinates":[[[10.114011585331161,45.107246953898915],[10.10932926812349,45.11554708529933],[10.108403652650285,45.11698734571462],[10.108080657040007,45.11737755090246],[10.098712989759468,45.11882731031825],[10.095518232688374,45.119308087060354],[10.093919469625142,45.11947644661752],[10.09214118214942,45.119565475276055],[10.091107734277147,45.1193773213522],[10.090572487155214,45.117978171272384],[10.090395596772819,45.11736774809234],[10.089831357718028,45.11644596169024],[10.089210040655304,45.116532913403994],[10.088513985510293,45.11670157908146],[10.08769237320011,45.11695244230319],[10.085292746453906,45.11779443375482],[10.084662624127324,45.11808847460347],[10.084485654414541,45.11948542197381],[10.085384899047646,45.12265446386607],[10.08641118872522,45.1258132920629],[10.086785966032025,45.12679990926321],[10.087347644802334,45.1282528210994],[10.091226294653508,45.13359882886044],[10.091647285490856,45.13366681446824],[10.0924873250005,45.13370378158003],[10.093962801440417,45.133716664337655],[10.097536427988757,45.13371837737745],[10.10143332904164,45.13367814818535],[10.102519858471187,45.13362537139541],[10.103234923475558,45.133606823518576],[10.104731578073562,45.133567992380534],[10.106473024696609,45.13352412351752],[10.109488029751372,45.13357587513426],[10.109499746360962,45.13365109489985],[10.10951465590061,45.13374681656578],[10.109604230547438,45.13432189699082],[10.109651333760358,45.13504622441574],[10.109658616776716,45.13515851939775],[10.109523292354913,45.13932759156342],[10.10938942462322,45.141606305064464],[10.108878899495942,45.143483613276146],[10.10873325671271,45.14384508844211],[10.107639219503078,45.14560203132087],[10.112710464687298,45.14510714689453],[10.131999922825415,45.144769025807484],[10.138375137440852,45.145376273667935],[10.140892309823537,45.14805613361279],[10.143061670246913,45.147683375019255],[10.146824514501063,45.147006530802656],[10.148031506155982,45.14678600278784],[10.15109952291348,45.14622538401646],[10.150855868943541,45.13791034049122],[10.149393563682148,45.13792506829299],[10.144371989924931,45.1365169135474],[10.139826704310384,45.13523945036339],[10.139108949005465,45.13500942694756],[10.13563117342367,45.132742772724875],[10.126613552912726,45.12945648328545],[10.124938349716732,45.11669061614206],[10.125168879907262,45.11548213235724],[10.125379451874691,45.1145528835017],[10.125510420315553,45.11410151062409],[10.114011585331161,45.107246953898915]]]},"properties":{"name":"Malagnino","op_id":"2751","minint_elettorale":"1030260550","minint_finloc":"1030260550","prov_name":"Cremona","prov_istat_code":"019","prov_istat_code_num":19,"prov_acr":"CR","prov_iso_3166_2":"IT-CR","reg_name":"Lombardia","reg_istat_code":"03","reg_istat_code_num":3,"reg_iso_3166_2":"IT-25","opdm_id":"2462","com_catasto_code":"E843","com_istat_code":"019056","com_istat_code_num":19056,"prov_uts_code":"019","prov_tipo_uts":"Provincia"}},
{"type":"Feature","geometry":{"type":"Polygon","coordinates":[[[10.389039898560915,45.03861885212168],[10.388414511743532,45.034809699272586],[10.38839643988749,45.0324874448066],[10.388408748514934,45.031950392709405],[10.389486863177897,45.024039492289745],[10.390108173112448,45.01614631936387],[10.390135133753175,45.01568690417203],[10.38900269767897,45.00874227324304],[10.388059217942018,45.0069040111064],[10.385843437939407,45.00297445911695],[10.383801315649169,45.001423907010874],[10.382604435476317,45.00075427140351],[10.38344440216514,44.99489524085947],[10.384015898636319,44.99090824800314],[10.386205113579129,44.98903519532372],[10.391797931863778,44.98462918785874],[10.393238170744596,44.98349745262312],[10.391704356876406,44.98301356070401],[10.389797834374653,44.982325628029585],[10.389407397661481,44.982142039899834],[10.387745121650388,44.98136038698946],[10.387151341245339,44.9810811419179],[10.385499875999207,44.98029842643964],[10.383365835763362,44.979109045150565],[10.38210074519629,44.97818816527622],[10.37938608427586,44.97605154153336],[10.376265888209787,44.97338862261817],[10.373119565361172,44.97068092967299],[10.369304863916913,44.96811618920529],[10.367968021871578,44.96735805320593],[10.365288018618653,44.966102852342566],[10.363399699954522,44.96561230703525],[10.362184304489288,44.96551014446472],[10.361430340900423,44.96544676332473],[10.360747529493606,44.965400665579196],[10.359957106416024,44.96534729809456],[10.358831867169437,44.96548672195788],[10.35943362570324,44.976938799417645],[10.359777328480197,44.98242152365656],[10.359937312996157,44.98334522934044],[10.363628984440997,44.997219678558245],[10.366426589141438,45.00175917946345],[10.366648094186646,45.00307079709959],[10.36656177809477,45.007977831480396],[10.365859581960706,45.014737613314566],[10.365066833023683,45.021966566849635],[10.363504435588776,45.0326073781905],[10.364532157894798,45.03632184028007],[10.365387561821674,45.03919219065922],[10.36724942826159,45.04060120200469],[10.370340243857278,45.04242751733195],[10.379101784000893,45.04244805806766],[10.381556869985937,45.041581215706636],[10.385764265922008,45.04019795884354],[10.388761994915882,45.04025155906722],[10.389039898560915,45.03861885212168]]]},"properties":{"name":"Martignana di Po","op_id":"2752","minint_elettorale":"1030260560","minint_finloc":"1030260560","prov_name":"Cremona","prov_istat_code":"019","prov_istat_code_num":19,"prov_acr":"CR","prov_iso_3166_2":"IT-CR","reg_name":"Lombardia","reg_istat_code":"03","reg_istat_code_num":3,"reg_iso_3166_2":"IT-25","opdm_id":"2463","com_catasto_code":"E983","com_istat_code":"019057","com_istat_code_num":19057,"prov_uts_code":"019","prov_tipo_uts":"Provincia"}},
{"type":"Feature","geometry":{"type":"Polygon","coordinates":[[[9.568052445782444,45.366945955230285],[9.561722970340409,45.36995665602323],[9.56102471980624,45.3703741471105],[9.55969767311649,45.37177584542608],[9.560153553738177,45.37526610289531],[9.560960401175945,45.37678336539061],[9.561873992923871,45.37747197850719],[9.562067723407708,45.377687042946825],[9.561775198025128,45.379101695899614],[9.560993481628262,45.38082690482538],[9.559844341833584,45.3827566714829],[9.563356880859553,45.3840355906208],[9.565624352960624,45.38213412027618],[9.570372963653552,45.38184045875993],[9.573571073611257,45.38394821647243],[9.57949877024724,45.38212153263719],[9.580414477007588,45.38041201510395],[9.578920714541997,45.37161610738796],[9.575768771092337,45.369989819052854],[9.573645364853727,45.36870882621933],[9.571901000631918,45.366791837579136],[9.571913277917194,45.36638816808944],[9.572130385107599,45.365580702684525],[9.568052445782444,45.366945955230285]]]},"properties":{"name":"Monte Cremasco","op_id":"2753","minint_elettorale":"1030260570","minint_finloc":"1030260570","prov_name":"Cremona","prov_istat_code":"019","prov_istat_code_num":19,"prov_acr":"CR","prov_iso_3166_2":"IT-CR","reg_name":"Lombardia","reg_istat_code":"03","reg_istat_code_num":3,"reg_iso_3166_2":"IT-25","opdm_id":"2464","com_catasto_code":"F434","com_istat_code":"019058","com_istat_code_num":19058,"prov_uts_code":"019","prov_tipo_uts":"Provincia"}},
{"type":"Feature","geometry":{"type":"Polygon","coordinates":[[[9.712930420566881,45.29905853111795],[9.713984227798445,45.29686242993481],[9.718231947362394,45.29107402710012],[9.721476392489821,45.29054951239198],[9.727972784763722,45.28343318091647],[9.728393609450483,45.28100910967662],[9.729147737026022,45.27661160655816],[9.724279791174885,45.27556604012486],[9.723703830547437,45.27598712931783],[9.718575218645249,45.27527439089075],[9.709672552041452,45.27042428232651],[9.702861686385674,45.261428939751],[9.701189741161,45.25827070591012],[9.697266828003093,45.25568431165403],[9.694696885243463,45.25578997267332],[9.694389045233097,45.25587321675346],[9.693541731137204,45.256103050572236],[9.692428806423118,45.25681191797775],[9.69180494590554,45.25791387111715],[9.691813651524535,45.259615090809476],[9.691851942307109,45.26066803042484],[9.69191118089886,45.26147253695724],[9.691933655573862,45.26177774488707],[9.691974340439712,45.26235056738412],[9.691880676537954,45.262775996512964],[9.691696516902589,45.263612446336744],[9.690471472702624,45.26448399815629],[9.688742098697558,45.264827504345355],[9.687162384996855,45.26490003138693],[9.685999257795443,45.26463697013431],[9.684865750823205,45.26365361268403],[9.684166337333643,45.26273065484293],[9.683591296372635,45.26154590870648],[9.682866809739288,45.259587933128756],[9.68215054027691,45.25831400549699],[9.681103826169359,45.25711405192443],[9.67953857630594,45.256542099598434],[9.679261850833212,45.25649598276722],[9.678192445012355,45.256418478053234],[9.678100410183912,45.256411816110976],[9.677244479063708,45.25656999551175],[9.675239927188136,45.25694186441043],[9.67378086950799,45.25749956816491],[9.673498554116986,45.25768923556904],[9.672980204475257,45.25803748604835],[9.672024032341795,45.25868010004885],[9.668704096942452,45.26134599942459],[9.667989145547468,45.262331354944486],[9.66839870875235,45.26361676507329],[9.668420246215115,45.26368060828824],[9.671995696744219,45.26809577662454],[9.679608347379274,45.26943694514939],[9.684540477444154,45.277751822028414],[9.691100272988024,45.28872554761644],[9.693460407321547,45.295021221531954],[9.695077406243383,45.302041486750596],[9.700319074027265,45.301019311550824],[9.709585767939256,45.29913031566396],[9.712930420566881,45.29905853111795]]]},"properties":{"name":"Montodine","op_id":"2754","minint_elettorale":"1030260580","minint_finloc":"1030260580","prov_name":"Cremona","prov_istat_code":"019","prov_istat_code_num":19,"prov_acr":"CR","prov_iso_3166_2":"IT-CR","reg_name":"Lombardia","reg_istat_code":"03","reg_istat_code_num":3,"reg_iso_3166_2":"IT-25","opdm_id":"2465","com_catasto_code":"F681","com_istat_code":"019059","com_istat_code_num":19059,"prov_uts_code":"019","prov_tipo_uts":"Provincia"}},
{"type":"Feature","geometry":{"type":"Polygon","coordinates":[[[9.657238632687672,45.275893071150136],[9.660974034447898,45.27702200784519],[9.66538344637985,45.27911173661668],[9.669270695912795,45.290781853176846],[9.671762781815488,45.29447580174268],[9.67389241869862,45.30085425209031],[9.672676230440729,45.30364285203357],[9.671834660327363,45.30582613852001],[9.670750939473937,45.31222347284672],[9.674404958027367,45.31275103546977],[9.67264603989373,45.31713158013474],[9.672153413123398,45.31862871230333],[9.674429536212383,45.3190563463995],[9.681511554826601,45.31394204707896],[9.687351859112768,45.312727864545685],[9.688201208030495,45.3122816793498],[9.689251120681778,45.31160926141859],[9.689994766077172,45.31086664049836],[9.690773517579663,45.309862784788756],[9.691208899167709,45.30895101931906],[9.691690476765494,45.307705909785874],[9.695077406243383,45.302041486750596],[9.693460407321547,45.295021221531954],[9.691100272988024,45.28872554761644],[9.684540477444154,45.277751822028414],[9.679608347379274,45.26943694514939],[9.671995696744219,45.26809577662454],[9.667745299873767,45.26973196146193],[9.666486687727208,45.26995534928539],[9.665470077940421,45.27023131523025],[9.664442930093646,45.270807649677494],[9.664283840184277,45.27089692395932],[9.66426165800077,45.2709184126424],[9.663510667578967,45.2716469389975],[9.662141397183605,45.27332017403201],[9.657238632687672,45.275893071150136]]]},"properties":{"name":"Moscazzano","op_id":"2755","minint_elettorale":"1030260590","minint_finloc":"1030260590","prov_name":"Cremona","prov_istat_code":"019","prov_istat_code_num":19,"prov_acr":"CR","prov_iso_3166_2":"IT-CR","reg_name":"Lombardia","reg_istat_code":"03","reg_istat_code_num":3,"reg_iso_3166_2":"IT-25","opdm_id":"2466","com_catasto_code":"F761","com_istat_code":"019060","com_istat_code_num":19060,"prov_uts_code":"019","prov_tipo_uts":"Provincia"}},
{"type":"Feature","geometry":{"type":"Polygon","coordinates":[[[10.211938206099576,45.06624595502513],[10.218327560997102,45.0668440955655],[10.219260791091683,45.06716577283933],[10.219568802671946,45.06727193591254],[10.22322919642373,45.06796192865689],[10.229929999768244,45.068853136682904],[10.231378387335141,45.068864535250405],[10.236873130652777,45.068012990778016],[10.238340856196782,45.06774503147974],[10.24022506045579,45.06617628705232],[10.242189042382497,45.06477765278693],[10.242529589310456,45.06466593300335],[10.244775376957175,45.06396634320786],[10.246520569574367,45.06361424791993],[10.247705892288366,45.06379933732751],[10.248403184844303,45.06432280955655],[10.249047394445244,45.065323970193774],[10.24914452285807,45.06570098527641],[10.249146703877699,45.06638508745213],[10.256449050593377,45.06515274553883],[10.265955239776446,45.06192413223097],[10.275045132276743,45.060013648803576],[10.278063034582157,45.059435303330915],[10.276065148177599,45.056194505824784],[10.272591635673546,45.05132730771089],[10.270384591891405,45.05029867416159],[10.270393625720088,45.04726496813667],[10.272295834659717,45.04657765414783],[10.269896683115988,45.04431791529338],[10.261903396607302,45.03882540678786],[10.261400842183063,45.03848890384047],[10.259411413707317,45.03808776447336],[10.2546977375363,45.03793262310092],[10.252998819170248,45.03799504508967],[10.250853879343639,45.03807381306856],[10.249507417647125,45.03804355425321],[10.24842497110198,45.03789336192878],[10.246157775956458,45.0375580419826],[10.244355164769992,45.036983590962805],[10.243145080912923,45.03621360503627],[10.242312096490997,45.03526849475283],[10.241847021403617,45.03431034341688],[10.24175314550333,45.033492211903386],[10.241903747151854,45.03282443722527],[10.242245245843645,45.02983212842759],[10.242400775772397,45.02469938932682],[10.242333079812099,45.023916976076265],[10.242182684902644,45.02283239213486],[10.237501249784016,45.02470309335655],[10.222480469251526,45.03044600968014],[10.221169925038335,45.03090112533957],[10.21827143882568,45.031904274716005],[10.216783518398367,45.03237924401528],[10.214575518654186,45.03302386826501],[10.211067550304056,45.03403182115535],[10.209842799018976,45.04278254334456],[10.211035148039208,45.04332802577043],[10.212171614562912,45.04363103335804],[10.21368669915533,45.04442509379001],[10.21398345151085,45.0446469839464],[10.214784044257822,45.045277597122144],[10.215029890647115,45.04609415207516],[10.21656945961527,45.05402632545944],[10.215647940898647,45.06148060973707],[10.21453877222885,45.0612853620993],[10.211937003901784,45.062582260395864],[10.21157394205678,45.064035391228515],[10.2116501925064,45.0646377027637],[10.211938206099576,45.06624595502513]]]},"properties":{"name":"Motta Baluffi","op_id":"2756","minint_elettorale":"1030260600","minint_finloc":"1030260600","prov_name":"Cremona","prov_istat_code":"019","prov_istat_code_num":19,"prov_acr":"CR","prov_iso_3166_2":"IT-CR","reg_name":"Lombardia","reg_istat_code":"03","reg_istat_code_num":3,"reg_iso_3166_2":"IT-25","opdm_id":"2467","com_catasto_code":"F771","com_istat_code":"019061","com_istat_code_num":19061,"prov_uts_code":"019","prov_tipo_uts":"Provincia"}},
{"type":"Feature","geometry":{"type":"Polygon","coordinates":[[[9.768905708529324,45.40844531138473],[9.769968585243015,45.40672792635611],[9.770979082662267,45.40210346507761],[9.770479435535364,45.393546666255624],[9.769865234751283,45.392533662917415],[9.768725172784675,45.3894809098521],[9.766214134721139,45.37192730948079],[9.765995259908268,45.36990349475613],[9.765952337418796,45.36861660372416],[9.766152278961298,45.36734607451663],[9.75936134230525,45.3684895969587],[9.75056591124305,45.36775561885929],[9.738532558317369,45.36546672424503],[9.737622966060709,45.366219703090984],[9.732517389094559,45.36836786297557],[9.728685098809015,45.36826635815616],[9.728320351119494,45.368700755843335],[9.726799520755685,45.37060071190941],[9.727163303116493,45.37806045118025],[9.727379145702216,45.38094847827662],[9.72764749071749,45.388921899192724],[9.727681623582553,45.39058691312678],[9.728689711897719,45.390499466106746],[9.741863380239147,45.40145018500362],[9.742345129796341,45.403112281871756],[9.748249129153399,45.405099028685285],[9.748403411742153,45.40512769602916],[9.748638166224936,45.40517129906333],[9.759624438716257,45.40721124937404],[9.768905708529324,45.40844531138473]]]},"properties":{"name":"Offanengo","op_id":"2757","minint_elettorale":"1030260610","minint_finloc":"1030260610","prov_name":"Cremona","prov_istat_code":"019","prov_istat_code_num":19,"prov_acr":"CR","prov_iso_3166_2":"IT-CR","reg_name":"Lombardia","reg_istat_code":"03","reg_istat_code_num":3,"reg_iso_3166_2":"IT-25","opdm_id":"2468","com_catasto_code":"G004","com_istat_code":"019062","com_istat_code_num":19062,"prov_uts_code":"019","prov_tipo_uts":"Provincia"}},
{"type":"Feature","geometry":{"type":"Polygon","coordinates":[[[10.00404982581743,45.23141758250355],[10.001428829982867,45.23523021954379],[9.999507748548481,45.23828955357507],[9.998927810162552,45.2401719062297],[10.000176386214278,45.24372060015112],[9.99797297038494,45.24741248529095],[9.998893409031067,45.24976282997469],[10.002476664908812,45.25062256225836],[10.010684265994147,45.25075726319915],[10.01311821416492,45.250663689168],[10.02269525541238,45.24961517039271],[10.024842927577836,45.24920878187227],[10.030209654996364,45.2481973928832],[10.032795038566494,45.24693185201866],[10.047340702233267,45.24302775438395],[10.05276975876698,45.24364394758149],[10.057342063629333,45.24512294650178],[10.063368950184403,45.244598901814186],[10.06459656359507,45.24415090360973],[10.068412210144498,45.242456041541715],[10.068328177494813,45.242098299373076],[10.067587069171264,45.23951570891151],[10.066286618387245,45.236084831633605],[10.065789734476786,45.23470199484132],[10.054928952672244,45.23341632835527],[10.040294298332773,45.2328934627646],[10.033879876927715,45.2318355254185],[10.029316894616397,45.229590370609834],[10.024776346447872,45.22876023992184],[10.018180083215118,45.227988925344505],[10.009866417824083,45.22968300527074],[10.00404982581743,45.23141758250355]]]},"properties":{"name":"Olmeneta","op_id":"2758","minint_elettorale":"1030260620","minint_finloc":"1030260620","prov_name":"Cremona","prov_istat_code":"019","prov_istat_code_num":19,"prov_acr":"CR","prov_iso_3166_2":"IT-CR","reg_name":"Lombardia","reg_istat_code":"03","reg_istat_code_num":3,"reg_iso_3166_2":"IT-25","opdm_id":"2469","com_catasto_code":"G047","com_istat_code":"019063","com_istat_code_num":19063,"prov_uts_code":"019","prov_tipo_uts":"Provincia"}},
{"type":"Feature","geometry":{"type":"Polygon","coordinates":[[[10.263546621844725,45.25148890706204],[10.266347212996939,45.25079180295891],[10.267750658156306,45.24628447868337],[10.26944588319629,45.24172890974257],[10.278288091015012,45.23205266151649],[10.285079621116417,45.22872689935014],[10.290684825140856,45.22648531726455],[10.29551177900082,45.225363965991164],[10.29354134714432,45.22009791301877],[10.287644672416818,45.2160598653123],[10.28649376117644,45.21426352095469],[10.285251681186422,45.212162148663275],[10.282627620505334,45.201758861148015],[10.282404232286392,45.199465987072976],[10.285072764573039,45.196654504398666],[10.286840537454399,45.19561741566874],[10.289288670699419,45.19437459022406],[10.286764181526296,45.19385397266541],[10.285074420143392,45.19344091815161],[10.283588279828232,45.19245846504653],[10.282556751485506,45.191308855217585],[10.279101816141369,45.19222075490552],[10.27432751443588,45.19525318102219],[10.269123890996552,45.198882130316846],[10.268762001056437,45.20412813996692],[10.260426921577137,45.21185376321293],[10.247600732552419,45.20726188970579],[10.247343279103394,45.206965569608364],[10.24659328084212,45.206442661558405],[10.246015902322936,45.20624193581841],[10.245228164349815,45.20632253589565],[10.244596740486863,45.20656345420718],[10.244105346352079,45.20680286153356],[10.243982742864485,45.20702022146346],[10.246249228789113,45.2095126623004],[10.24395318406994,45.212016396128824],[10.243335542606276,45.212855763696446],[10.24246241638131,45.21552523711337],[10.242256183937444,45.217714846332726],[10.242297127893798,45.21831332113477],[10.237145400818068,45.220191746774134],[10.225546170605929,45.224299984745905],[10.219821809293324,45.22465382826217],[10.220772079863414,45.226200956568704],[10.221751412579607,45.23326566844413],[10.2218505542288,45.23848547631894],[10.220783249911957,45.241765067944684],[10.22222461213395,45.240479829219794],[10.223148314729102,45.240181891120486],[10.227096245862674,45.240688642931296],[10.228489193195971,45.240880691616084],[10.240856268608923,45.24300631604864],[10.245950185879483,45.242878824082894],[10.246424682931272,45.24301767995324],[10.248292165699997,45.244509525833934],[10.248879917805295,45.24574530858724],[10.249365956204107,45.246991196160444],[10.250382768315243,45.25075618885671],[10.25747899232462,45.25258208910638],[10.263546621844725,45.25148890706204]]]},"properties":{"name":"Ostiano","op_id":"2759","minint_elettorale":"1030260630","minint_finloc":"1030260630","prov_name":"Cremona","prov_istat_code":"019","prov_istat_code_num":19,"prov_acr":"CR","prov_iso_3166_2":"IT-CR","reg_name":"Lombardia","reg_istat_code":"03","reg_istat_code_num":3,"reg_iso_3166_2":"IT-25","opdm_id":"2470","com_catasto_code":"G185","com_istat_code":"019064","com_istat_code_num":19064,"prov_uts_code":"019","prov_tipo_uts":"Provincia"}},
{"type":"Feature","geometry":{"type":"Polygon","coordinates":[[[9.902994337222129,45.22526716695284],[9.90088704754732,45.22733615267555],[9.900413018733618,45.22797000119151],[9.900608637732331,45.23874325821715],[9.902525357225384,45.24150958757273],[9.89703552255982,45.24809690741826],[9.89995602038506,45.254883726667394],[9.906553016410705,45.25361167283536],[9.908041170488353,45.253428811204934],[9.914857520815973,45.25887430639544],[9.916498249815197,45.2602473879225],[9.918216345163836,45.26720945440629],[9.91822791783111,45.2672618329808],[9.918237100683779,45.267303398347714],[9.918256024751333,45.26738929525458],[9.918477771917267,45.26839579847388],[9.918728831392338,45.26973499601909],[9.92866139923784,45.26907856734011],[9.929059944201326,45.26694197741456],[9.934380017183996,45.258671247275416],[9.941190884541864,45.25356549386336],[9.946666301815947,45.24792132127933],[9.948090913928203,45.24395611152008],[9.948484850601238,45.2339179233858],[9.950708321172952,45.222098454448776],[9.948124891651586,45.22069770023555],[9.944953010130531,45.218365586361266],[9.944015792331932,45.21637500773915],[9.945581937476597,45.214048663913786],[9.948920834683653,45.21341786248489],[9.949877335949427,45.213499929454166],[9.950882820097968,45.21346455532001],[9.951299590882645,45.21325403867255],[9.951594814967233,45.21263048057497],[9.95169681477488,45.21187349634924],[9.951602282384027,45.210055672771404],[9.951442828541657,45.20962523408453],[9.949778747507425,45.206812609876884],[9.949128108247214,45.20520673135048],[9.949204656248384,45.20444997702118],[9.949571163879371,45.20351977051625],[9.95121685302942,45.200652568754634],[9.952000108674659,45.19627579901403],[9.951276517714323,45.196592388265366],[9.950667455754502,45.19671446759861],[9.949420235491147,45.19674285458534],[9.948133499291577,45.19669053332618],[9.945135617119744,45.196328318866726],[9.941459242746406,45.19573756715561],[9.936250245964517,45.19484423500932],[9.934277123766227,45.194077267921976],[9.93313059945523,45.19403262574849],[9.930789162496186,45.19409673340254],[9.929102344011776,45.1944885401458],[9.9241419018043,45.19634710585297],[9.92252515374652,45.19714330409324],[9.921883907457255,45.19764357772774],[9.920591466792725,45.19881519800538],[9.911222298387928,45.20768485327161],[9.910773776826288,45.21149608081204],[9.910920838752082,45.21751692584696],[9.910421435837339,45.22133754848731],[9.90931511230445,45.22304766442788],[9.90773731472137,45.22315021682642],[9.905015297262015,45.22338786164241],[9.902994337222129,45.22526716695284]]]},"properties":{"name":"Paderno Ponchielli","op_id":"2760","minint_elettorale":"1030260640","minint_finloc":"1030260640","prov_name":"Cremona","prov_istat_code":"019","prov_istat_code_num":19,"prov_acr":"CR","prov_iso_3166_2":"IT-CR","reg_name":"Lombardia","reg_istat_code":"03","reg_istat_code_num":3,"reg_iso_3166_2":"IT-25","opdm_id":"2471","com_catasto_code":"G222","com_istat_code":"019065","com_istat_code_num":19065,"prov_uts_code":"019","prov_tipo_uts":"Provincia"}},
{"type":"Feature","geometry":{"type":"Polygon","coordinates":[[[9.575042089586473,45.421575490983564],[9.576965411619552,45.42216887484987],[9.57981732107944,45.422316453423406],[9.579575533541846,45.41992335804792],[9.579753238373394,45.41855426954055],[9.582002691226416,45.41855182473582],[9.584441357758882,45.42078067151407],[9.585063457102327,45.42269474367179],[9.583803735428475,45.41844362216526],[9.58427687027702,45.41490373837189],[9.586055473716222,45.41279442833444],[9.588119598323841,45.41065344951237],[9.594044540155567,45.40898455174349],[9.597722518659442,45.40875834316862],[9.600411107520978,45.409230304118715],[9.600890099656826,45.40981285976137],[9.601466002287198,45.409890848247684],[9.602883360127729,45.40978436349863],[9.6035315078448,45.40944788490502],[9.60383130653932,45.407601062700486],[9.603838652911316,45.4058907806449],[9.601830191006963,45.40206685505817],[9.600759563785433,45.39629370980934],[9.600595119972168,45.39282910142333],[9.600622553663182,45.391802817488326],[9.60120587050961,45.38898235767317],[9.601840356923027,45.38858295011265],[9.59657547355549,45.387197377000085],[9.578807610942105,45.38478645554744],[9.573571073611257,45.38394821647243],[9.570372963653552,45.38184045875993],[9.565624352960624,45.38213412027618],[9.563356880859553,45.3840355906208],[9.56368308827325,45.386014259625696],[9.564645193937366,45.39155427278526],[9.56737921757357,45.39922777897996],[9.569129682719776,45.40432277752035],[9.569822937061266,45.40972905404393],[9.569029005921047,45.41465667819288],[9.56964530221212,45.41621080345253],[9.572584670689633,45.41998562434805],[9.575042089586473,45.421575490983564]]]},"properties":{"name":"Palazzo Pignano","op_id":"2761","minint_elettorale":"1030260650","minint_finloc":"1030260650","prov_name":"Cremona","prov_istat_code":"019","prov_istat_code_num":19,"prov_acr":"CR","prov_iso_3166_2":"IT-CR","reg_name":"Lombardia","reg_istat_code":"03","reg_istat_code_num":3,"reg_iso_3166_2":"IT-25","opdm_id":"2472","com_catasto_code":"G260","com_istat_code":"019066","com_istat_code_num":19066,"prov_uts_code":"019","prov_tipo_uts":"Provincia"}},
{"type":"Feature","geometry":{"type":"Polygon","coordinates":[[[9.52451411327131,45.43387127915648],[9.5268055851022,45.43419378871064],[9.54083286009921,45.43507924329042],[9.550402490730702,45.433812471600596],[9.55996706568849,45.43010250984084],[9.564690050375662,45.428116986436955],[9.571438547982824,45.424203912814804],[9.575042089586473,45.421575490983564],[9.572584670689633,45.41998562434805],[9.56964530221212,45.41621080345253],[9.569029005921047,45.41465667819288],[9.569822937061266,45.40972905404393],[9.569129682719776,45.40432277752035],[9.56737921757357,45.39922777897996],[9.564645193937366,45.39155427278526],[9.56368308827325,45.386014259625696],[9.563356880859553,45.3840355906208],[9.559844341833584,45.3827566714829],[9.557078124813737,45.38462445696876],[9.558650162621827,45.38990051182158],[9.551929760515643,45.391121365465736],[9.53504918733281,45.39061659491806],[9.533245457657138,45.390355000567624],[9.527559368760178,45.38862229796404],[9.52531282327535,45.38765537207572],[9.522486037949971,45.386207841524445],[9.521494051106593,45.38495449165253],[9.516444008530776,45.38446436629716],[9.514056672104216,45.384610169085676],[9.512229807525099,45.38458235680626],[9.5118872814907,45.38484494424477],[9.511728476973945,45.38564676625385],[9.511808843698565,45.38623702690594],[9.512297536917226,45.3892537024687],[9.511119278007067,45.400258502186],[9.509921798213375,45.40207310966265],[9.507980906429566,45.405070157505584],[9.507855947988018,45.405385760127594],[9.50742253118025,45.40692689325109],[9.504909618116956,45.41746944649941],[9.50478104358579,45.42025138699229],[9.504761487521218,45.420926562058845],[9.504944678541097,45.421402816711776],[9.50520376553311,45.42178872182844],[9.513604729947634,45.42573478055575],[9.52059546071227,45.42759739111125],[9.523887295596822,45.42830242538668],[9.524424587649285,45.43248551446283],[9.52451411327131,45.43387127915648]]]},"properties":{"name":"Pandino","op_id":"2762","minint_elettorale":"1030260660","minint_finloc":"1030260660","prov_name":"Cremona","prov_istat_code":"019","prov_istat_code_num":19,"prov_acr":"CR","prov_iso_3166_2":"IT-CR","reg_name":"Lombardia","reg_istat_code":"03","reg_istat_code_num":3,"reg_iso_3166_2":"IT-25","opdm_id":"2473","com_catasto_code":"G306","com_istat_code":"019067","com_istat_code_num":19067,"prov_uts_code":"019","prov_tipo_uts":"Provincia"}},
{"type":"Feature","geometry":{"type":"Polygon","coordinates":[[[10.034721252709588,45.181302272438316],[10.0400728403942,45.19140742174177],[10.040731078673517,45.191203394419055],[10.04222759451763,45.1908926817515],[10.044028886126686,45.19054317681321],[10.046060244866773,45.19024553345539],[10.046822409840834,45.190157545598204],[10.063008139114372,45.189107873090705],[10.072823698837576,45.18780086914706],[10.0761023839959,45.189534325343494],[10.076965305065636,45.191784927345026],[10.077432405724617,45.19593089228142],[10.07696691198951,45.199598908408575],[10.077005889271682,45.20322617625681],[10.08108110414097,45.20708534278783],[10.082090935095431,45.20819696482734],[10.083010975018526,45.20812923505263],[10.088434566342835,45.20740073961919],[10.093547750999068,45.20643554346277],[10.093210987868249,45.204809487004304],[10.105603366315206,45.20364599623545],[10.114426890785357,45.20362323933086],[10.117695573949,45.20473449562479],[10.11885214549698,45.20462415494001],[10.119601303937959,45.20451779756464],[10.120147133567855,45.204431421395874],[10.121331153963101,45.202995841439105],[10.121597530199477,45.20177974014253],[10.12182613995982,45.20045427294259],[10.121834984258129,45.199608029295554],[10.121698839118539,45.199159290115695],[10.121980014712829,45.18755352409702],[10.123537762591658,45.185206798147306],[10.12310272989469,45.18379783290882],[10.122210450618462,45.181142123728655],[10.118371541056401,45.17879437559807],[10.105263281835175,45.17358405309371],[10.104308641997505,45.17357527723529],[10.10292242244791,45.173624696701516],[10.09963074457906,45.175979179705834],[10.09695844567626,45.17850698040468],[10.095015308398812,45.17872367823915],[10.084502840784982,45.1720239655309],[10.085900938731088,45.16926900945971],[10.089628446179121,45.16854938878329],[10.091254500938344,45.16740416610326],[10.09205283156871,45.16623081558428],[10.092395242801919,45.160844583083524],[10.092222281197934,45.15978405095827],[10.091966666295287,45.15905736109007],[10.090354270256935,45.15723644501865],[10.088590547930993,45.15547994206159],[10.085336016048604,45.15493481630271],[10.081433355277994,45.15442274595218],[10.077008233321576,45.15508568938326],[10.0670992369075,45.15802322713172],[10.065587951831025,45.15899390287738],[10.066038561760205,45.16118369025507],[10.066404214737302,45.16236848689285],[10.067614251207159,45.16448155272682],[10.068628954703174,45.16566928614212],[10.069981157480994,45.169248259817216],[10.066861865915408,45.16984454851067],[10.064691868253531,45.17017084541368],[10.060756327763691,45.17067556055014],[10.060282778764064,45.16915867958952],[10.057249119285302,45.16957389075944],[10.054610508149544,45.170021360585096],[10.04402500407539,45.17187843963333],[10.044454971603207,45.173588254869735],[10.044106052360167,45.17875040298276],[10.040637209599364,45.181860622198236],[10.034721252709588,45.181302272438316]]]},"properties":{"name":"Persico Dosimo","op_id":"2763","minint_elettorale":"1030260670","minint_finloc":"1030260670","prov_name":"Cremona","prov_istat_code":"019","prov_istat_code_num":19,"prov_acr":"CR","prov_iso_3166_2":"IT-CR","reg_name":"Lombardia","reg_istat_code":"03","reg_istat_code_num":3,"reg_iso_3166_2":"IT-25","opdm_id":"2474","com_catasto_code":"G469","com_istat_code":"019068","com_istat_code_num":19068,"prov_uts_code":"019","prov_tipo_uts":"Provincia"}},
{"type":"Feature","geometry":{"type":"Polygon","coordinates":[[[10.22668547642275,45.17361349881755],[10.219764465469446,45.17192332681412],[10.217954724955188,45.17204888001576],[10.207742750478475,45.17393242552065],[10.20200513249352,45.17550072992878],[10.19848347371665,45.1766224378634],[10.19310164659226,45.17792101781309],[10.190024945955093,45.178079144758485],[10.190473544982137,45.17945171116722],[10.190567347255524,45.18028787784062],[10.190147436905006,45.18090436087958],[10.184719264978007,45.183679283347516],[10.178278377450956,45.18675245086295],[10.17091949554264,45.18668412870264],[10.170167513579912,45.1866378215209],[10.169188877069752,45.18671085783918],[10.167649652517861,45.18738373010476],[10.165196219199807,45.188795027106025],[10.163660064093312,45.190872043051336],[10.163157196395169,45.19430675819934],[10.163407578824643,45.19534839652745],[10.164093551436514,45.19777182688849],[10.165130368035923,45.199291520868634],[10.167042953594292,45.20191845368792],[10.168708354807087,45.20303560841343],[10.174845395227264,45.20735638707909],[10.175504081109986,45.2090419011322],[10.17519238463428,45.210602362733546],[10.174959940831915,45.211063845392076],[10.172759970650091,45.21245469776795],[10.170562662711522,45.213980499615474],[10.170582042037797,45.21554654937031],[10.1723497739964,45.21666261837582],[10.174943390627279,45.21768014683028],[10.176131413500977,45.21723583454098],[10.17743533221116,45.216853344128474],[10.179778135384776,45.216208047999196],[10.183139719526858,45.215561168221036],[10.188148214724478,45.21511310534369],[10.190716298959908,45.21489732253603],[10.195809777194539,45.21486209197784],[10.19948158205602,45.21483305854828],[10.211109307287435,45.19586063043974],[10.21124476081028,45.1956431520194],[10.212226081355064,45.19509264320195],[10.213070653000646,45.194696608140696],[10.21940575273943,45.19506120045831],[10.225221238675125,45.19671825561185],[10.225404655461045,45.196959336857084],[10.225517296365634,45.19746220201787],[10.225466028719355,45.19803885170883],[10.2253300736329,45.19882345551005],[10.225101559767417,45.199447007564515],[10.224744971560316,45.20003594608971],[10.224673823639504,45.20087385088595],[10.22480054045412,45.201439576803715],[10.225220249993585,45.20141708198278],[10.228150126457328,45.20089051279685],[10.234215952764103,45.19818766505259],[10.23445630464957,45.197527963738],[10.234622633686774,45.19697705468649],[10.234642720564777,45.19613969519629],[10.234582079309146,45.195690273918004],[10.234494803370975,45.19518712533507],[10.23424924949664,45.189716828003974],[10.232391189359548,45.1803032575717],[10.226615471033503,45.176872830708525],[10.226265921390096,45.17659753080836],[10.22577138918507,45.175495637234604],[10.225824184345713,45.174990976700435],[10.22668547642275,45.17361349881755]]]},"properties":{"name":"Pescarolo ed Uniti","op_id":"2764","minint_elettorale":"1030260680","minint_finloc":"1030260680","prov_name":"Cremona","prov_istat_code":"019","prov_istat_code_num":19,"prov_acr":"CR","prov_iso_3166_2":"IT-CR","reg_name":"Lombardia","reg_istat_code":"03","reg_istat_code_num":3,"reg_iso_3166_2":"IT-25","opdm_id":"2475","com_catasto_code":"G483","com_istat_code":"019069","com_istat_code_num":19069,"prov_uts_code":"019","prov_tipo_uts":"Provincia"}},
{"type":"Feature","geometry":{"type":"Polygon","coordinates":[[[10.255689093914803,45.15383227095691],[10.247312870672268,45.155269814797016],[10.242936627477047,45.15955728685625],[10.240975052591883,45.16355732744091],[10.23694023828344,45.16996524288467],[10.232546697659668,45.16981471788659],[10.228695200847946,45.170871198904685],[10.22668547642275,45.17361349881755],[10.225824184345713,45.174990976700435],[10.22577138918507,45.175495637234604],[10.226265921390096,45.17659753080836],[10.226615471033503,45.176872830708525],[10.232391189359548,45.1803032575717],[10.23424924949664,45.189716828003974],[10.234494803370975,45.19518712533507],[10.238368644376337,45.19828674120014],[10.236475182537596,45.202564993419784],[10.242914796255912,45.20943526016378],[10.246249228789113,45.2095126623004],[10.243982742864485,45.20702022146346],[10.244105346352079,45.20680286153356],[10.244596740486863,45.20656345420718],[10.245228164349815,45.20632253589565],[10.246015902322936,45.20624193581841],[10.24659328084212,45.206442661558405],[10.247343279103394,45.206965569608364],[10.247600732552419,45.20726188970579],[10.260426921577137,45.21185376321293],[10.268762001056437,45.20412813996692],[10.269123890996552,45.198882130316846],[10.27432751443588,45.19525318102219],[10.279101816141369,45.19222075490552],[10.282556751485506,45.191308855217585],[10.283588279828232,45.19245846504653],[10.285074420143392,45.19344091815161],[10.286764181526296,45.19385397266541],[10.289288670699419,45.19437459022406],[10.292032585238182,45.19488367320465],[10.293749409335906,45.19480122295032],[10.295098006584778,45.19420083984581],[10.29557988342833,45.19355626139535],[10.29537923654237,45.19256836429501],[10.294958491941054,45.19197902489073],[10.294789242337902,45.19190126700871],[10.294250937884508,45.19165399586585],[10.292017394707264,45.191400235493866],[10.29024488277218,45.19126724611845],[10.288305833052291,45.19052400410483],[10.287109020303705,45.189385299471894],[10.287194332093698,45.18808812062389],[10.28808499490043,45.18716496174472],[10.289833918393414,45.18660007297427],[10.29159854692016,45.18639109194347],[10.29328427339812,45.18663305493035],[10.294436969400683,45.18694406688669],[10.29540284853313,45.18743718884047],[10.295687106814809,45.18762299741941],[10.295948301458917,45.18781645467999],[10.29598336767826,45.18784242702193],[10.297125736210916,45.188191780549644],[10.302566599779134,45.188984982398104],[10.304095831100915,45.18905754759211],[10.305352459804178,45.188899174273686],[10.30652818319673,45.18854366143534],[10.307702038414776,45.188107155691156],[10.308570261968672,45.18766512366664],[10.308894119464656,45.18735536966168],[10.305703307476442,45.184207499678024],[10.298620451161895,45.17891215494411],[10.289477417535595,45.17306571442094],[10.287062188471879,45.169798376765144],[10.284059160601739,45.16286945230254],[10.283435821804273,45.16301597872791],[10.273362049601413,45.162606670975954],[10.266926436735933,45.16100394201717],[10.256184226285091,45.157161461483774],[10.255689093914803,45.15383227095691]]]},"properties":{"name":"Pessina Cremonese","op_id":"2765","minint_elettorale":"1030260690","minint_finloc":"1030260690","prov_name":"Cremona","prov_istat_code":"019","prov_istat_code_num":19,"prov_acr":"CR","prov_iso_3166_2":"IT-CR","reg_name":"Lombardia","reg_istat_code":"03","reg_istat_code_num":3,"reg_iso_3166_2":"IT-25","opdm_id":"2476","com_catasto_code":"G504","com_istat_code":"019070","com_istat_code_num":19070,"prov_uts_code":"019","prov_tipo_uts":"Provincia"}},
{"type":"Feature","geometry":{"type":"Polygon","coordinates":[[[9.685137624408664,45.3902919565315],[9.684656582047642,45.39065488654795],[9.683630492711199,45.39243428903798],[9.6827384380253,45.39787779559953],[9.681845207408303,45.40332745753915],[9.683564911672885,45.409486610853605],[9.683303635323746,45.413013060053835],[9.683008464498132,45.41503109692026],[9.682206617055126,45.41636805645545],[9.680902899154157,45.421677551832325],[9.683183333044436,45.42144036106998],[9.685705641493232,45.42035265520068],[9.686217096586596,45.4193144338106],[9.686460280134035,45.41828683555217],[9.68631231749217,45.417414613732575],[9.686352935677348,45.41681128602031],[9.686526630226126,45.41532504945835],[9.686745424146368,45.41439660874817],[9.687183752821905,45.41365587376966],[9.688074587379822,45.41334446083662],[9.69373000203877,45.412842181272445],[9.70132834590657,45.41238172116754],[9.710569346078383,45.41247762892623],[9.710876356872948,45.41255747090375],[9.71094117101424,45.41257432655206],[9.711127418927243,45.412682815343125],[9.711430391445186,45.41285931874085],[9.711457202831928,45.412891394331545],[9.711550596601022,45.413003126050704],[9.711625009574783,45.41309215049973],[9.711348171463234,45.41343590928455],[9.710945113975043,45.41390648902822],[9.712214079411261,45.41379057520555],[9.718895927145732,45.414783846670595],[9.718578893270978,45.41286987215738],[9.715376035975321,45.40550767966458],[9.710617721892072,45.40002863187677],[9.706685772299192,45.39517436439979],[9.706320332683251,45.39455552815024],[9.706330705565154,45.394497597276],[9.706439761454957,45.39388871229561],[9.706601129938699,45.39348926741895],[9.70666322356023,45.39336524573083],[9.706977984500005,45.39299425662899],[9.707585305598803,45.39252242301265],[9.70552931417284,45.39258915487186],[9.70471197692805,45.39261219344849],[9.701979894892805,45.392503000069496],[9.697839278491996,45.39161025904605],[9.696156023361219,45.390819419232066],[9.693677543658687,45.390188865798734],[9.687083960880205,45.38961416813026],[9.685306672101332,45.38948083547337],[9.685137624408664,45.3902919565315]]]},"properties":{"name":"Pianengo","op_id":"2767","minint_elettorale":"1030260701","minint_finloc":"1030260701","prov_name":"Cremona","prov_istat_code":"019","prov_istat_code_num":19,"prov_acr":"CR","prov_iso_3166_2":"IT-CR","reg_name":"Lombardia","reg_istat_code":"03","reg_istat_code_num":3,"reg_iso_3166_2":"IT-25","opdm_id":"2478","com_catasto_code":"G558","com_istat_code":"019072","com_istat_code_num":19072,"prov_uts_code":"019","prov_tipo_uts":"Provincia"}},
{"type":"Feature","geometry":{"type":"Polygon","coordinates":[[[9.610505405129297,45.43943430584631],[9.613370136565562,45.439792512260446],[9.614718733204064,45.43891942507784],[9.62127040846527,45.43325096545435],[9.622058523246675,45.43145543989772],[9.622475288746376,45.429900474931955],[9.614503246678659,45.42449453565722],[9.611423819762727,45.41962229751596],[9.609562086305726,45.41884013737689],[9.60582901699309,45.41875197359232],[9.602434038940537,45.42040816397958],[9.601430634000318,45.42100752110583],[9.600517179513217,45.42165141270247],[9.598160225512395,45.42359003364508],[9.597530166110756,45.424448450480654],[9.597042775826507,45.425504140378266],[9.596975467588354,45.426395613260915],[9.597245646392391,45.42777138156236],[9.597537114185538,45.42874197926682],[9.59775946389532,45.429217880543675],[9.604119721998002,45.437096507091454],[9.609681376777202,45.43586075431293],[9.610505405129297,45.43943430584631]]]},"properties":{"name":"Pieranica","op_id":"2768","minint_elettorale":"1030260710","minint_finloc":"1030260710","prov_name":"Cremona","prov_istat_code":"019","prov_istat_code_num":19,"prov_acr":"CR","prov_iso_3166_2":"IT-CR","reg_name":"Lombardia","reg_istat_code":"03","reg_istat_code_num":3,"reg_iso_3166_2":"IT-25","opdm_id":"2479","com_catasto_code":"G603","com_istat_code":"019073","com_istat_code_num":19073,"prov_uts_code":"019","prov_tipo_uts":"Provincia"}},
{"type":"Feature","geometry":{"type":"Polygon","coordinates":[[[10.109767910099476,45.101446182901455],[10.114011585331161,45.107246953898915],[10.125510420315553,45.11410151062409],[10.125980156637223,45.11342175485386],[10.126462582143489,45.112741871901264],[10.126710928529056,45.1124423531833],[10.138265391983376,45.11237278282743],[10.138349334937404,45.11467637648881],[10.143607421605674,45.112508445363765],[10.148087115978806,45.1102130598987],[10.148802354235288,45.109746787041495],[10.152950233697677,45.098868350864386],[10.155176599616974,45.08922161051105],[10.153309997921976,45.08408249387289],[10.149578796409813,45.0774948413448],[10.145675805245483,45.07800214555924],[10.14331794292026,45.07762970764135],[10.138689299675256,45.07358916121784],[10.142079555106353,45.06521067611419],[10.144487268872913,45.05792214700063],[10.150720192159714,45.05207138266175],[10.150986360618806,45.05141156092687],[10.151486529321252,45.04785981430609],[10.152413118983878,45.04083926098818],[10.148930042553548,45.03687650886208],[10.147661966258195,45.03548615257844],[10.146733983804463,45.034981070600104],[10.143638529980334,45.033755659395354],[10.142319804381936,45.033260953384016],[10.140914851148878,45.03283391636172],[10.130660931819456,45.02983908457188],[10.12911397917789,45.04666994716926],[10.128496177224173,45.051735380755815],[10.128164422094008,45.05445513702695],[10.127648521022161,45.058683797076455],[10.1243893454881,45.066061362695066],[10.124152122961766,45.07015949693385],[10.12334189358716,45.072895013981075],[10.122145579664487,45.075382249936574],[10.112502234332565,45.08647672935378],[10.109910838867524,45.085862823967695],[10.109171031866403,45.08571697894517],[10.10683932956278,45.086045651425856],[10.104555948819261,45.09283706375676],[10.105355142271577,45.09408056667707],[10.106255846235118,45.095314084928084],[10.1066455745903,45.095751395939246],[10.107771763083873,45.0954974231834],[10.108223782326577,45.095871112960225],[10.108996481411559,45.0970518344375],[10.109712112409298,45.0985661796955],[10.110034358575163,45.09945420081106],[10.110137439559475,45.10018234051664],[10.109767910099476,45.101446182901455]]]},"properties":{"name":"Pieve d'Olmi","op_id":"2769","minint_elettorale":"1030260720","minint_finloc":"1030260720","prov_name":"Cremona","prov_istat_code":"019","prov_istat_code_num":19,"prov_acr":"CR","prov_iso_3166_2":"IT-CR","reg_name":"Lombardia","reg_istat_code":"03","reg_istat_code_num":3,"reg_iso_3166_2":"IT-25","opdm_id":"2480","com_catasto_code":"G647","com_istat_code":"019074","com_istat_code_num":19074,"prov_uts_code":"019","prov_tipo_uts":"Provincia"}},
{"type":"Feature","geometry":{"type":"Polygon","coordinates":[[[10.21228394854003,45.147437571233375],[10.21320694539071,45.14537539870769],[10.211728626665739,45.14044018728104],[10.20851868466341,45.13600038197396],[10.206128840833468,45.13303710754507],[10.20200705463172,45.132441450500835],[10.200472861931027,45.12894693768293],[10.200379137278958,45.1286889783055],[10.200969133034103,45.12852723574478],[10.201387429359228,45.12841417766521],[10.202007142388192,45.12824667733636],[10.205351835629433,45.12754529451992],[10.217894992490763,45.125395832399484],[10.224502782499766,45.11211971767691],[10.224388217134159,45.11151782944982],[10.224133632982452,45.11090844667906],[10.22348143179186,45.11013227996234],[10.222700999868328,45.1093034845662],[10.2221830367832,45.108858946005085],[10.221376221230155,45.10857952482765],[10.220561698274837,45.10853421797723],[10.212537577384452,45.11019501574562],[10.207888628274459,45.1109734080638],[10.204812746369193,45.11039379102697],[10.19824440954662,45.10814947442351],[10.198245907471449,45.104575779506646],[10.195603411076085,45.10342425216862],[10.19085963205965,45.10451802635715],[10.18304381112097,45.1088930737259],[10.177063972300997,45.11234850466739],[10.174630170294634,45.1171680731811],[10.173645378626755,45.1235637885491],[10.170677274647053,45.12453942041893],[10.170601357220482,45.124558210248246],[10.163553287658205,45.126250532259135],[10.162972972401056,45.12460015177548],[10.161719337690524,45.12485594641352],[10.160416302290342,45.12518425666102],[10.158077345398388,45.12584711933576],[10.160721118714989,45.13268855167142],[10.161726425470341,45.13522578522753],[10.165758266985877,45.13461758691678],[10.17366097033906,45.14540163124482],[10.182004839686975,45.14537858004112],[10.189876030365172,45.144036593686714],[10.191333809397154,45.14379635283963],[10.194830772036257,45.14557815141458],[10.197714606285352,45.1478343659055],[10.198148841645603,45.14973814464732],[10.21228394854003,45.147437571233375]]]},"properties":{"name":"Pieve San Giacomo","op_id":"2770","minint_elettorale":"1030260730","minint_finloc":"1030260730","prov_name":"Cremona","prov_istat_code":"019","prov_istat_code_num":19,"prov_acr":"CR","prov_iso_3166_2":"IT-CR","reg_name":"Lombardia","reg_istat_code":"03","reg_istat_code_num":3,"reg_iso_3166_2":"IT-25","opdm_id":"2481","com_catasto_code":"G651","com_istat_code":"019075","com_istat_code_num":19075,"prov_uts_code":"019","prov_tipo_uts":"Provincia"}},
{"type":"Feature","geometry":{"type":"Polygon","coordinates":[[[9.820323357892642,45.21817212477433],[9.835778510478278,45.21233959032906],[9.835037763283854,45.21045468952979],[9.84026218616814,45.20981326299256],[9.840960656527107,45.20968211833274],[9.842192426008307,45.2094480031475],[9.842712625528032,45.2093181433668],[9.839983384375067,45.196060969996594],[9.839520660730011,45.19316586300599],[9.840275067836142,45.1890646030911],[9.841223072964729,45.186879245603265],[9.83821965558061,45.18258957286441],[9.83534973005271,45.18003986116212],[9.83471428254738,45.1782108861365],[9.834652814530733,45.17803389577557],[9.840900702456329,45.1770879052662],[9.83747502278944,45.17260328130478],[9.836675063282346,45.16740173633583],[9.832863174726498,45.161781083643845],[9.828711726036248,45.160659101113794],[9.828641136609532,45.161055687979434],[9.82845748654373,45.1615521179316],[9.828162839183383,45.16229238601934],[9.82764879207744,45.162818200640466],[9.827094087575368,45.163173281884156],[9.82649987818995,45.163438627797696],[9.824838137936528,45.16379270906164],[9.823069261960358,45.163778444574255],[9.82166690721037,45.1635905114674],[9.820147672325632,45.16335855693566],[9.819868878531816,45.163315376657685],[9.818131125883838,45.16280575173772],[9.81674266526754,45.16180749982502],[9.815074684644527,45.160829268217114],[9.813039304394431,45.159961625910846],[9.812770043205388,45.15987459245453],[9.81082818091126,45.159257208203975],[9.809131192902285,45.15887964685881],[9.80781922734276,45.15881045979577],[9.80755291592835,45.15881339464541],[9.806700088885584,45.15884536031523],[9.806166024543732,45.15886714301651],[9.804937592222918,45.159271865651135],[9.801993236217237,45.16161498506672],[9.800583848748493,45.16273207880357],[9.797052169395933,45.16404400744382],[9.794892145530886,45.16426609085453],[9.793134397778841,45.16413429587933],[9.79151072078378,45.163578454461465],[9.790528812682076,45.16342322816518],[9.789626237726925,45.16348348775186],[9.788406832534953,45.16363592840208],[9.78760866053261,45.16388448724083],[9.786471011257273,45.16443242585497],[9.785637367758845,45.164879227581174],[9.784707837570323,45.16575878737256],[9.784270419423471,45.16633789522793],[9.784072292017829,45.166735318202576],[9.784008349818894,45.16694691467696],[9.783889689696837,45.167339681561835],[9.783679054622018,45.168682367101844],[9.783320492096266,45.17315862335388],[9.774388303849186,45.188811984592945],[9.767662293588124,45.18793754732131],[9.765999311442537,45.18638244159892],[9.764646858549144,45.18519430421437],[9.763454279591675,45.18453616244623],[9.759287880591549,45.18231355192451],[9.758327015877894,45.18184285181254],[9.757340941285344,45.18139030234373],[9.756769584568245,45.18119688991577],[9.75668889724398,45.18116958607179],[9.75571999658356,45.18104997771004],[9.754270447341046,45.181158576805764],[9.753387875083964,45.18126577529475],[9.752859864323831,45.18132991573954],[9.751617940465772,45.18174312582879],[9.750645758006224,45.182343631939865],[9.750231445140846,45.18277842058692],[9.750213997741739,45.185325987469795],[9.75224468463054,45.185394055922266],[9.75542774097218,45.184940557234675],[9.758486171934535,45.18807984191332],[9.761966297158086,45.19226939459565],[9.764897790164603,45.199181002742954],[9.77390428306255,45.20705968309389],[9.774642803031435,45.209872156839815],[9.7751555382545,45.21105687719161],[9.775636602942514,45.21178273948924],[9.776232844154881,45.21257888359292],[9.776568730300012,45.212901591940394],[9.77689155998937,45.21310998143486],[9.776941316777032,45.21314208829773],[9.77758994633073,45.21588314331549],[9.77839514305813,45.21795700984125],[9.77857982214107,45.218423837081275],[9.78045371974289,45.218546065111454],[9.780742985752383,45.217346893089754],[9.78256776925107,45.21760444151161],[9.784600545097687,45.21909374846266],[9.787280262606508,45.22182527110705],[9.787858804805786,45.222617917731526],[9.79340686918132,45.220401142585715],[9.808261651123544,45.220666029046846],[9.81778084592129,45.22011218232249],[9.81902514827381,45.21984222411117],[9.819947462371585,45.21932252103949],[9.820323357892642,45.21817212477433]]]},"properties":{"name":"Pizzighettone","op_id":"2771","minint_elettorale":"1030260740","minint_finloc":"1030260740","prov_name":"Cremona","prov_istat_code":"019","prov_istat_code_num":19,"prov_acr":"CR","prov_iso_3166_2":"IT-CR","reg_name":"Lombardia","reg_istat_code":"03","reg_istat_code_num":3,"reg_iso_3166_2":"IT-25","opdm_id":"2482","com_catasto_code":"G721","com_istat_code":"019076","com_istat_code_num":19076,"prov_uts_code":"019","prov_tipo_uts":"Provincia"}},
{"type":"Feature","geometry":{"type":"Polygon","coordinates":[[[10.0400728403942,45.19140742174177],[10.039137011298065,45.19174899145897],[10.038227786373858,45.192153341936965],[10.03693055631049,45.1950276162558],[10.036334933358942,45.196581284436384],[10.036093593739661,45.19731260485906],[10.037574450813715,45.1975331931263],[10.03759829694257,45.19814509845179],[10.03486010611591,45.199502163460174],[10.031762919214765,45.20072740561279],[10.026379079977184,45.2022521725677],[10.020321195308815,45.20383672454996],[10.01430280745687,45.2098133509061],[10.007264310061522,45.22227974037885],[10.004563387131642,45.230197862226554],[10.00404982581743,45.23141758250355],[10.009866417824083,45.22968300527074],[10.018180083215118,45.227988925344505],[10.024776346447872,45.22876023992184],[10.029316894616397,45.229590370609834],[10.033879876927715,45.2318355254185],[10.040294298332773,45.2328934627646],[10.054928952672244,45.23341632835527],[10.065789734476786,45.23470199484132],[10.066286618387245,45.236084831633605],[10.071590449645942,45.23323840463486],[10.07220012655533,45.23071704032426],[10.071910597797627,45.228900232421466],[10.071400825245162,45.225937981992594],[10.06860648242239,45.22359429319819],[10.07386185267145,45.21501084720499],[10.08088307810781,45.21066493242579],[10.08241588995096,45.20910605580005],[10.082090935095431,45.20819696482734],[10.08108110414097,45.20708534278783],[10.077005889271682,45.20322617625681],[10.07696691198951,45.199598908408575],[10.077432405724617,45.19593089228142],[10.076965305065636,45.191784927345026],[10.0761023839959,45.189534325343494],[10.072823698837576,45.18780086914706],[10.063008139114372,45.189107873090705],[10.046822409840834,45.190157545598204],[10.046060244866773,45.19024553345539],[10.044028886126686,45.19054317681321],[10.04222759451763,45.1908926817515],[10.040731078673517,45.191203394419055],[10.0400728403942,45.19140742174177]]]},"properties":{"name":"Pozzaglio ed Uniti","op_id":"2772","minint_elettorale":"1030260750","minint_finloc":"1030260750","prov_name":"Cremona","prov_istat_code":"019","prov_istat_code_num":19,"prov_acr":"CR","prov_iso_3166_2":"IT-CR","reg_name":"Lombardia","reg_istat_code":"03","reg_istat_code_num":3,"reg_iso_3166_2":"IT-25","opdm_id":"2483","com_catasto_code":"B914","com_istat_code":"019077","com_istat_code_num":19077,"prov_uts_code":"019","prov_tipo_uts":"Provincia"}},
{"type":"Feature","geometry":{"type":"Polygon","coordinates":[[[9.622475288746376,45.429900474931955],[9.624623038000939,45.43200852421376],[9.628243464912632,45.43223168950086],[9.633153240626891,45.42771299288385],[9.634502345205592,45.42376298677402],[9.635923832851152,45.42172080270243],[9.629839262453135,45.41938720016137],[9.619872522303398,45.41379797496584],[9.619022204113703,45.41200234844466],[9.619660437421015,45.41076571288117],[9.61980756917576,45.41019784987738],[9.619710869240745,45.410186338057436],[9.617709042542476,45.409948168319055],[9.612293203385747,45.41255168799978],[9.607874411181086,45.414024479948964],[9.604953089272918,45.414526052466684],[9.60582901699309,45.41875197359232],[9.609562086305726,45.41884013737689],[9.611423819762727,45.41962229751596],[9.614503246678659,45.42449453565722],[9.622475288746376,45.429900474931955]]]},"properties":{"name":"Quintano","op_id":"2773","minint_elettorale":"1030260760","minint_finloc":"1030260760","prov_name":"Cremona","prov_istat_code":"019","prov_istat_code_num":19,"prov_acr":"CR","prov_iso_3166_2":"IT-CR","reg_name":"Lombardia","reg_istat_code":"03","reg_istat_code_num":3,"reg_iso_3166_2":"IT-25","opdm_id":"2484","com_catasto_code":"H130","com_istat_code":"019078","com_istat_code_num":19078,"prov_uts_code":"019","prov_tipo_uts":"Provincia"}},
{"type":"Feature","geometry":{"type":"Polygon","coordinates":[[[9.73526883919013,45.43088177585335],[9.736450272195077,45.430307085341056],[9.747929448584138,45.42444474007985],[9.749350663238598,45.42468051303452],[9.750402743545584,45.42485503622077],[9.757063636497913,45.42595976614433],[9.758346173284698,45.42627529898643],[9.761112708923985,45.426679949367035],[9.767116071815126,45.42727887228486],[9.769129929923086,45.423079766941136],[9.769237121944768,45.42250296838509],[9.769558129033555,45.42072757644212],[9.76967688924272,45.420060683866694],[9.769528238241726,45.41946761584764],[9.769147349334514,45.41871407346481],[9.768925927466947,45.4184095155613],[9.767234554874495,45.4171517302958],[9.766787193486604,45.412429091699714],[9.768905708529324,45.40844531138473],[9.759624438716257,45.40721124937404],[9.748638166224936,45.40517129906333],[9.748403411742153,45.40512769602916],[9.748249129153399,45.405099028685285],[9.742345129796341,45.403112281871756],[9.741863380239147,45.40145018500362],[9.728689711897719,45.390499466106746],[9.727681623582553,45.39058691312678],[9.726621863162185,45.390629662596886],[9.725638496559538,45.390653907077706],[9.725063087200514,45.390612561926176],[9.720109832667362,45.387862510596214],[9.715884869773333,45.38508968887985],[9.71458993899574,45.38471072648524],[9.713707509045562,45.384626246907494],[9.71356299265014,45.384633933261206],[9.713133075214854,45.384656823628035],[9.711220409157916,45.387981221615924],[9.711544298153553,45.389755792121385],[9.711611935627332,45.38975365148293],[9.711839409900493,45.38974904213942],[9.71191019080107,45.38975673727693],[9.712418871759864,45.3898712955879],[9.712931832637242,45.389986834864196],[9.713448465620258,45.390433669400615],[9.713542980017191,45.390838141855475],[9.712781852007064,45.39204504703901],[9.712546552586929,45.39223528448128],[9.712336542903989,45.39233144399555],[9.712056581381765,45.39241870217765],[9.71155808147573,45.39252532307959],[9.711165662673363,45.3925592717311],[9.710666144507215,45.39258488235069],[9.707585305598803,45.39252242301265],[9.706977984500005,45.39299425662899],[9.70666322356023,45.39336524573083],[9.706601129938699,45.39348926741895],[9.706439761454957,45.39388871229561],[9.706330705565154,45.394497597276],[9.706320332683251,45.39455552815024],[9.706685772299192,45.39517436439979],[9.710617721892072,45.40002863187677],[9.715376035975321,45.40550767966458],[9.718578893270978,45.41286987215738],[9.718895927145732,45.414783846670595],[9.718761967743339,45.414953008266885],[9.715861321068212,45.419645551313096],[9.716202707322434,45.42036351649494],[9.716915864369984,45.4210356274423],[9.717250250656022,45.421329066799345],[9.717608800439342,45.42138082769686],[9.722407252188477,45.42079249342826],[9.72698863430269,45.42122249909213],[9.73388531054278,45.42277160984446],[9.734527748507801,45.42302851155322],[9.734965593477822,45.42524898326138],[9.733118374301716,45.430670570234014],[9.73526883919013,45.43088177585335]]]},"properties":{"name":"Ricengo","op_id":"2774","minint_elettorale":"1030260770","minint_finloc":"1030260770","prov_name":"Cremona","prov_istat_code":"019","prov_istat_code_num":19,"prov_acr":"CR","prov_iso_3166_2":"IT-CR","reg_name":"Lombardia","reg_istat_code":"03","reg_istat_code_num":3,"reg_iso_3166_2":"IT-25","opdm_id":"2485","com_catasto_code":"H276","com_istat_code":"019079","com_istat_code_num":19079,"prov_uts_code":"019","prov_tipo_uts":"Provincia"}},
{"type":"Feature","geometry":{"type":"Polygon","coordinates":[[[9.729014462416735,45.31914404933488],[9.729130603096879,45.313463435938644],[9.729726308399014,45.309183989177036],[9.730772569607977,45.30721498702418],[9.73099788024844,45.30688050060123],[9.73176005713516,45.30663257531209],[9.73309479162587,45.306272961057964],[9.735327560866251,45.30532246851881],[9.736950945899801,45.3046008994609],[9.737417367405126,45.304174827859576],[9.739594032428778,45.300884237093555],[9.739386594781363,45.30062454243651],[9.737034395640826,45.29824537219835],[9.736028590161412,45.297396739421565],[9.732962204102623,45.29499507815117],[9.729565163290031,45.28838158734804],[9.730290322391623,45.28555170807771],[9.730754038095936,45.28392849856522],[9.731980860428145,45.28116620925531],[9.733119475171282,45.277504313367366],[9.7343172614257,45.27350000057378],[9.734615394213622,45.27190482478913],[9.73386943176247,45.27040637931129],[9.720342081847438,45.26411542771455],[9.718036357966447,45.263314864469635],[9.717631080556124,45.263343497236036],[9.716635502994345,45.26341368095832],[9.713970479255353,45.2633313582975],[9.711851060761484,45.26304754521068],[9.708434236757316,45.262181177277235],[9.707579235193158,45.26188717535562],[9.70729776033903,45.261788614064336],[9.701189741161,45.25827070591012],[9.702861686385674,45.261428939751],[9.709672552041452,45.27042428232651],[9.718575218645249,45.27527439089075],[9.723703830547437,45.27598712931783],[9.724279791174885,45.27556604012486],[9.729147737026022,45.27661160655816],[9.728393609450483,45.28100910967662],[9.727972784763722,45.28343318091647],[9.721476392489821,45.29054951239198],[9.718231947362394,45.29107402710012],[9.713984227798445,45.29686242993481],[9.712930420566881,45.29905853111795],[9.718193594469504,45.299022516144916],[9.719662833972736,45.29922029043751],[9.720092232486774,45.29989268615644],[9.719996363375666,45.30037938101572],[9.719525499934306,45.30247966252408],[9.719143756468103,45.303695248580325],[9.717672784655612,45.30828820748449],[9.7153913665724,45.3114890160201],[9.715896448772813,45.31411424964671],[9.717788377619376,45.315425569900974],[9.716532873402265,45.31703569418269],[9.729014462416735,45.31914404933488]]]},"properties":{"name":"Ripalta Arpina","op_id":"2775","minint_elettorale":"1030260780","minint_finloc":"1030260780","prov_name":"Cremona","prov_istat_code":"019","prov_istat_code_num":19,"prov_acr":"CR","prov_iso_3166_2":"IT-CR","reg_name":"Lombardia","reg_istat_code":"03","reg_istat_code_num":3,"reg_iso_3166_2":"IT-25","opdm_id":"2486","com_catasto_code":"H314","com_istat_code":"019080","com_istat_code_num":19080,"prov_uts_code":"019","prov_tipo_uts":"Provincia"}},
{"type":"Feature","geometry":{"type":"Polygon","coordinates":[[[9.653691967088392,45.320608142677486],[9.652313355044928,45.32055301477957],[9.65136504500022,45.3213055515376],[9.649764141402203,45.3229438999856],[9.649157002116612,45.32557576328581],[9.655328194974864,45.33560401357736],[9.66094758472309,45.34032432521944],[9.666298117866251,45.34163443547752],[9.668352181120845,45.34047026382298],[9.669177192317562,45.340078378510945],[9.672126749113641,45.340178081687164],[9.67271521944698,45.34029164067621],[9.673303098863666,45.34143133291105],[9.67372176218504,45.34229299055274],[9.674184074189249,45.34360445479255],[9.680695161609313,45.345843184907125],[9.686939009215441,45.34599481229507],[9.689461688789628,45.34560157159031],[9.691432397460634,45.34495955934249],[9.693819768804408,45.34394593919743],[9.69390845382167,45.34389138578628],[9.694161275681173,45.3437358276035],[9.694009894348909,45.343445204234484],[9.693509296617183,45.34256160885824],[9.693235448274635,45.34220610241153],[9.692980822225556,45.34190249230685],[9.6926345902822,45.34149669168423],[9.692045889136505,45.3408332353806],[9.691307896806855,45.33997357703053],[9.691275171185447,45.339600626736555],[9.691248962961764,45.33930193269329],[9.691751905953248,45.33905773482824],[9.692365565494224,45.33878799276358],[9.694200159470775,45.338515820644005],[9.694658340426734,45.338457232494264],[9.695308810670257,45.33837406031307],[9.696710777598927,45.338212490347054],[9.69842483300301,45.335201012162855],[9.702853174094413,45.33039536321567],[9.709352159055097,45.32232831355923],[9.711017568711359,45.31878043331268],[9.710567217227773,45.318477181149255],[9.71012773625442,45.31802085149624],[9.71004691050639,45.31767929605045],[9.710093327857155,45.31730996139547],[9.710158490064533,45.31718274947661],[9.710238361012285,45.31702682419829],[9.71025524765176,45.31699390446609],[9.710524500042085,45.316765390049326],[9.71196691453531,45.31601759603176],[9.712452586678921,45.31599821544496],[9.712510224545852,45.315996487668365],[9.712845322902568,45.31598761678935],[9.71471035093937,45.31617398726308],[9.715017322672301,45.31623507592907],[9.715760516532072,45.31649145694345],[9.716532873402265,45.31703569418269],[9.717788377619376,45.315425569900974],[9.710970321541831,45.31398299793535],[9.70327983175225,45.31211331871435],[9.690168610581892,45.3125758618606],[9.687351859112768,45.312727864545685],[9.681511554826601,45.31394204707896],[9.674429536212383,45.3190563463995],[9.672153413123398,45.31862871230333],[9.67264603989373,45.31713158013474],[9.66564586319394,45.32170928308024],[9.658023288587698,45.322293538354344],[9.655021114032781,45.32190572876775],[9.654445128579589,45.32174700681362],[9.653691967088392,45.320608142677486]]]},"properties":{"name":"Ripalta Cremasca","op_id":"2776","minint_elettorale":"1030260790","minint_finloc":"1030260790","prov_name":"Cremona","prov_istat_code":"019","prov_istat_code_num":19,"prov_acr":"CR","prov_iso_3166_2":"IT-CR","reg_name":"Lombardia","reg_istat_code":"03","reg_istat_code_num":3,"reg_iso_3166_2":"IT-25","opdm_id":"2487","com_catasto_code":"H315","com_istat_code":"019081","com_istat_code_num":19081,"prov_uts_code":"019","prov_tipo_uts":"Provincia"}},
{"type":"Feature","geometry":{"type":"Polygon","coordinates":[[[9.712930420566881,45.29905853111795],[9.709585767939256,45.29913031566396],[9.700319074027265,45.301019311550824],[9.695077406243383,45.302041486750596],[9.691690476765494,45.307705909785874],[9.691208899167709,45.30895101931906],[9.690773517579663,45.309862784788756],[9.689994766077172,45.31086664049836],[9.689251120681778,45.31160926141859],[9.688201208030495,45.3122816793498],[9.687351859112768,45.312727864545685],[9.690168610581892,45.3125758618606],[9.70327983175225,45.31211331871435],[9.710970321541831,45.31398299793535],[9.717788377619376,45.315425569900974],[9.715896448772813,45.31411424964671],[9.7153913665724,45.3114890160201],[9.717672784655612,45.30828820748449],[9.719143756468103,45.303695248580325],[9.719525499934306,45.30247966252408],[9.719996363375666,45.30037938101572],[9.720092232486774,45.29989268615644],[9.719662833972736,45.29922029043751],[9.718193594469504,45.299022516144916],[9.712930420566881,45.29905853111795]]]},"properties":{"name":"Ripalta Guerina","op_id":"2777","minint_elettorale":"1030260791","minint_finloc":"1030260791","prov_name":"Cremona","prov_istat_code":"019","prov_istat_code_num":19,"prov_acr":"CR","prov_iso_3166_2":"IT-CR","reg_name":"Lombardia","reg_istat_code":"03","reg_istat_code_num":3,"reg_iso_3166_2":"IT-25","opdm_id":"2488","com_catasto_code":"H316","com_istat_code":"019082","com_istat_code_num":19082,"prov_uts_code":"019","prov_tipo_uts":"Provincia"}},
{"type":"Feature","geometry":{"type":"Polygon","coordinates":[[[10.464413019591253,45.014709627915806],[10.460145148137007,45.01788270885932],[10.456651583132755,45.02075389923888],[10.450446384737832,45.02352605830288],[10.449595942778897,45.0238232946545],[10.444182026983361,45.024567033403535],[10.436971928071141,45.02500683637328],[10.431805666350758,45.024915923144654],[10.422925269043844,45.024743910048976],[10.415223921462818,45.02488462556839],[10.414612934941523,45.02636703666416],[10.410415165290246,45.03840182071497],[10.409577846823948,45.04255318187916],[10.412085960669911,45.04438539507376],[10.412441966123831,45.043372809938916],[10.41317610138422,45.04224750128116],[10.41545138839564,45.04131914190647],[10.416276650289015,45.041317905247986],[10.419809118810742,45.04142707009926],[10.420802963929908,45.04156772423376],[10.438798528044632,45.0447630973747],[10.446381662182125,45.046881725878244],[10.447321272701268,45.04771767995893],[10.447628674462324,45.047991162552194],[10.460151240214376,45.05704952017531],[10.461293358070415,45.05751200395501],[10.466904318946268,45.05939344011061],[10.46849718640803,45.05910290048183],[10.478103442983253,45.05680951868202],[10.488363372659569,45.056244163950886],[10.493826111039148,45.05630782867564],[10.496289598067332,45.05483525287744],[10.504522305725388,45.05108134702653],[10.514351972147033,45.04581139265403],[10.516975118600621,45.04224785678457],[10.519936899910034,45.04078619277956],[10.521161941240763,45.0376039374142],[10.518510833483539,45.03343128012278],[10.513884488140794,45.028978454923525],[10.513208999840758,45.02282906790009],[10.512262092308115,45.01976813710894],[10.511196953063854,45.018302508889505],[10.504783836047903,45.02065116117151],[10.502526070674586,45.021553974711445],[10.50137481767953,45.02164188344693],[10.499422042283488,45.02146741755754],[10.495846190330008,45.02097777449102],[10.491211487177749,45.020183496486105],[10.490617376340866,45.02000934921166],[10.48784255881647,45.018772276434795],[10.484331129750434,45.01679895193186],[10.481139608982604,45.01529428333801],[10.480211522208075,45.01508801255573],[10.476603541963444,45.014325288125846],[10.47092609621773,45.013816497887795],[10.468058032255792,45.013917086849375],[10.466856096143305,45.01402347756736],[10.464413019591253,45.014709627915806]]]},"properties":{"name":"Rivarolo del Re ed Uniti","op_id":"2778","minint_elettorale":"1030260800","minint_finloc":"1030260800","prov_name":"Cremona","prov_istat_code":"019","prov_istat_code_num":19,"prov_acr":"CR","prov_iso_3166_2":"IT-CR","reg_name":"Lombardia","reg_istat_code":"03","reg_istat_code_num":3,"reg_iso_3166_2":"IT-25","opdm_id":"2489","com_catasto_code":"H341","com_istat_code":"019083","com_istat_code_num":19083,"prov_uts_code":"019","prov_tipo_uts":"Provincia"}},
{"type":"Feature","geometry":{"type":"Polygon","coordinates":[[[9.514229521167799,45.50140473663833],[9.519186984464614,45.504477972721354],[9.526499330777789,45.49745520196063],[9.531025554857452,45.494238862947434],[9.53990410005089,45.488517563097915],[9.54224751076618,45.48734532729806],[9.545058828548488,45.48738169282498],[9.54145666583224,45.482272416749645],[9.5413730785297,45.481561730380186],[9.541226164402758,45.47958218033136],[9.541234755464385,45.479141082078115],[9.545424032507801,45.47040811213338],[9.546364932279477,45.46716321546],[9.547681274528681,45.46307039328874],[9.550154008354639,45.46085323022407],[9.550775504968414,45.460319151487745],[9.548020332291689,45.45846910066156],[9.54159802426784,45.45628660112592],[9.537749520622873,45.45440440416797],[9.533106356204566,45.44754928662814],[9.529868578828811,45.440453437470914],[9.52637018481295,45.43549195531924],[9.52451411327131,45.43387127915648],[9.524424587649285,45.43248551446283],[9.523887295596822,45.42830242538668],[9.52059546071227,45.42759739111125],[9.513604729947634,45.42573478055575],[9.50520376553311,45.42178872182844],[9.499210936546735,45.422004097477355],[9.498201045750978,45.42199049615046],[9.497355164300282,45.42173315214684],[9.495329018200968,45.42097685271842],[9.481058690486979,45.41877855617021],[9.48066339414785,45.41888822744134],[9.480211540693091,45.41986226309699],[9.480509633646735,45.42788108202551],[9.48248426265146,45.43008703558734],[9.488519094184456,45.43759538063619],[9.488676932738791,45.43810777246498],[9.488673090114405,45.43914291769277],[9.488362076117175,45.44014337241909],[9.48709575612522,45.441570975388906],[9.486177700641237,45.44187191923397],[9.485385906806558,45.441983293343256],[9.481627408986588,45.4455437295113],[9.483908387313525,45.44868807277604],[9.483862929399546,45.44880921475951],[9.483721560850938,45.44921828802537],[9.483961821870675,45.45039642467644],[9.484020649183856,45.45054791255542],[9.484575488086035,45.45187000733568],[9.485391975648115,45.45312672248176],[9.48586181424883,45.45376732431906],[9.487074094920715,45.455396842704516],[9.488029037720747,45.4566397465837],[9.49156266240089,45.4649595701941],[9.492589434158258,45.474842624556565],[9.493568409235218,45.47852888143355],[9.498878316062502,45.487236885789734],[9.503596471380993,45.49255379714547],[9.510300019109462,45.49793373047975],[9.514229521167799,45.50140473663833]]]},"properties":{"name":"Rivolta d'Adda","op_id":"2779","minint_elettorale":"1030260810","minint_finloc":"1030260810","prov_name":"Cremona","prov_istat_code":"019","prov_istat_code_num":19,"prov_acr":"CR","prov_iso_3166_2":"IT-CR","reg_name":"Lombardia","reg_istat_code":"03","reg_istat_code_num":3,"reg_iso_3166_2":"IT-25","opdm_id":"2490","com_catasto_code":"H357","com_istat_code":"019084","com_istat_code_num":19084,"prov_uts_code":"019","prov_tipo_uts":"Provincia"}},
{"type":"Feature","geometry":{"type":"Polygon","coordinates":[[[10.06220396834137,45.27678031830449],[10.0627621635985,45.27431838261852],[10.06778424271396,45.27222820656329],[10.072099468284472,45.27070752100951],[10.07816013195989,45.27081650966971],[10.083861365654926,45.269628367752794],[10.08475802723848,45.26583923016364],[10.085856443381608,45.26160826940125],[10.087092517184063,45.25866412897026],[10.090585690076361,45.254368907342396],[10.096836997610481,45.253661913838066],[10.098608133955732,45.25364488925711],[10.099504153858645,45.253144788357915],[10.099642017082909,45.25306783992426],[10.10003153902663,45.25270335276335],[10.10046817491864,45.252294755489054],[10.100688480051442,45.251824548664466],[10.100523251616831,45.251187036144366],[10.099384263838823,45.24922516907546],[10.097472015244774,45.249578134904645],[10.090376355721684,45.25036623205738],[10.090718967745088,45.24886543560914],[10.090511976870799,45.24280367973978],[10.086205143978933,45.23878506960068],[10.08435813500016,45.23478794500503],[10.075204003195687,45.232777018420045],[10.074772417378584,45.23272024211713],[10.072039964951477,45.2330197008805],[10.071590449645942,45.23323840463486],[10.066286618387245,45.236084831633605],[10.067587069171264,45.23951570891151],[10.068328177494813,45.242098299373076],[10.068412210144498,45.242456041541715],[10.06459656359507,45.24415090360973],[10.063368950184403,45.244598901814186],[10.057342063629333,45.24512294650178],[10.05276975876698,45.24364394758149],[10.047340702233267,45.24302775438395],[10.032795038566494,45.24693185201866],[10.030209654996364,45.2481973928832],[10.030333346040207,45.24847532758092],[10.031019927486593,45.25050347258358],[10.03013478164922,45.25440908303339],[10.029281026466354,45.256532143085906],[10.026487706351503,45.26065294937389],[10.026844893380241,45.26703176144424],[10.026794824129615,45.27273912114922],[10.024837166996159,45.274466988892186],[10.025911107338434,45.27605058645387],[10.029280573133207,45.27678092565538],[10.035317840955614,45.27824465585488],[10.039414699251596,45.27896200160397],[10.049526031701188,45.280381774925836],[10.05898661352032,45.27767848520956],[10.06220396834137,45.27678031830449]]]},"properties":{"name":"Robecco d'Oglio","op_id":"2780","minint_elettorale":"1030260820","minint_finloc":"1030260820","prov_name":"Cremona","prov_istat_code":"019","prov_istat_code_num":19,"prov_acr":"CR","prov_iso_3166_2":"IT-CR","reg_name":"Lombardia","reg_istat_code":"03","reg_istat_code_num":3,"reg_iso_3166_2":"IT-25","opdm_id":"2491","com_catasto_code":"H372","com_istat_code":"019085","com_istat_code_num":19085,"prov_uts_code":"019","prov_tipo_uts":"Provincia"}},
{"type":"Feature","geometry":{"type":"Polygon","coordinates":[[[9.769968585243015,45.40672792635611],[9.771732970471984,45.40679701932999],[9.776893840209087,45.40760815719926],[9.784104297769051,45.408765035139155],[9.788496337761014,45.411237135795616],[9.794506562709596,45.40421955256711],[9.80190123906764,45.398533082423086],[9.803539183345245,45.39781047735235],[9.804826897511036,45.39790874675185],[9.80521313138584,45.3979382194559],[9.804434856698363,45.39610294029585],[9.807076814968886,45.39591328434458],[9.808996113424076,45.396115722095004],[9.81157435783943,45.39504430097964],[9.813669334798805,45.391464889868224],[9.813269970387969,45.39034258014158],[9.81291116509179,45.38937300620666],[9.811762635967323,45.38677979873544],[9.809345186827672,45.37760666613746],[9.80937764677025,45.376301247096514],[9.808796071720627,45.3731581648485],[9.80872727814423,45.37278635357268],[9.803211808383896,45.37289730052172],[9.79543211784115,45.36636280369122],[9.797748199415414,45.363979310655985],[9.800017817183468,45.361938147846146],[9.801296010098325,45.36112807321928],[9.803527221315193,45.359185550732576],[9.799838449277457,45.35645759971623],[9.798478796041607,45.356008053235854],[9.782382267464081,45.36153823069286],[9.776091330360874,45.36392148665143],[9.767443794742578,45.36275574922728],[9.766152278961298,45.36734607451663],[9.765952337418796,45.36861660372416],[9.765995259908268,45.36990349475613],[9.766214134721139,45.37192730948079],[9.768725172784675,45.3894809098521],[9.769865234751283,45.392533662917415],[9.770479435535364,45.393546666255624],[9.770979082662267,45.40210346507761],[9.769968585243015,45.40672792635611]]]},"properties":{"name":"Romanengo","op_id":"2781","minint_elettorale":"1030260830","minint_finloc":"1030260830","prov_name":"Cremona","prov_istat_code":"019","prov_istat_code_num":19,"prov_acr":"CR","prov_iso_3166_2":"IT-CR","reg_name":"Lombardia","reg_istat_code":"03","reg_istat_code_num":3,"reg_iso_3166_2":"IT-25","opdm_id":"2492","com_catasto_code":"H508","com_istat_code":"019086","com_istat_code_num":19086,"prov_uts_code":"019","prov_tipo_uts":"Provincia"}},
{"type":"Feature","geometry":{"type":"Polygon","coordinates":[[[9.816645133873047,45.35680673719764],[9.816416094986625,45.35597125596881],[9.814317725207378,45.356544309722146],[9.814085745049228,45.356392936531556],[9.811169700628085,45.353353251882886],[9.806161657426605,45.34590861257903],[9.80488249088941,45.348463909779824],[9.804075289423697,45.34916419630223],[9.80285127727016,45.34921741876521],[9.802804200394679,45.34859664787137],[9.802911327882999,45.34804681752731],[9.803159974115033,45.34757701251216],[9.79791454129623,45.34927673604799],[9.790071155878124,45.35000864614632],[9.789793083755038,45.34929045516609],[9.787610973339522,45.34658712529552],[9.786767493710261,45.34559379554285],[9.78012121317781,45.34311001583929],[9.778959397545993,45.34309093876541],[9.776994598557376,45.34316698191339],[9.772520161027353,45.3445208735138],[9.769200225344834,45.34443527231027],[9.769811740195728,45.34623141203223],[9.769805816049864,45.34673553054437],[9.769754707664143,45.34768226183589],[9.769701593999748,45.348464485468085],[9.769616891917014,45.34851155920973],[9.76946595276096,45.348595442044974],[9.769422859060356,45.34861939070141],[9.76799835575428,45.34900703643311],[9.764248449216215,45.35113850179138],[9.7631521580041,45.35600652311339],[9.763029574237493,45.362083222888124],[9.767443794742578,45.36275574922728],[9.776091330360874,45.36392148665143],[9.782382267464081,45.36153823069286],[9.798478796041607,45.356008053235854],[9.799838449277457,45.35645759971623],[9.803527221315193,45.359185550732576],[9.801296010098325,45.36112807321928],[9.800017817183468,45.361938147846146],[9.797748199415414,45.363979310655985],[9.79543211784115,45.36636280369122],[9.803211808383896,45.37289730052172],[9.80872727814423,45.37278635357268],[9.808796071720627,45.3731581648485],[9.80937764677025,45.376301247096514],[9.813573048739018,45.37584838341419],[9.812809163590924,45.37156021528785],[9.81456469397627,45.36307748923618],[9.814937204379676,45.3614546098218],[9.816000595129758,45.35815253927904],[9.816645133873047,45.35680673719764]]]},"properties":{"name":"Salvirola","op_id":"2782","minint_elettorale":"1030260840","minint_finloc":"1030260840","prov_name":"Cremona","prov_istat_code":"019","prov_istat_code_num":19,"prov_acr":"CR","prov_iso_3166_2":"IT-CR","reg_name":"Lombardia","reg_istat_code":"03","reg_istat_code_num":3,"reg_iso_3166_2":"IT-25","opdm_id":"2493","com_catasto_code":"H731","com_istat_code":"019087","com_istat_code_num":19087,"prov_uts_code":"019","prov_tipo_uts":"Provincia"}},
{"type":"Feature","geometry":{"type":"Polygon","coordinates":[[[9.808212878975457,45.257662486237415],[9.808777495465659,45.25658732462897],[9.810151903335367,45.255042833394995],[9.813299278279366,45.25272058555898],[9.814458194781254,45.252442291490524],[9.815087157352647,45.25303638833616],[9.820379152383168,45.24888933346034],[9.823076538038636,45.24280100409942],[9.82757924123828,45.23733348146124],[9.831619984230102,45.23790723083477],[9.835149260181142,45.235361073732875],[9.832312326556487,45.23215024626713],[9.827001508407282,45.231045631852325],[9.823427046756901,45.22903711333326],[9.821855789781827,45.22757218711667],[9.823134543009923,45.22493453943453],[9.821896491615103,45.21962356664005],[9.820323357892642,45.21817212477433],[9.819947462371585,45.21932252103949],[9.81902514827381,45.21984222411117],[9.81778084592129,45.22011218232249],[9.808261651123544,45.220666029046846],[9.79340686918132,45.220401142585715],[9.787858804805786,45.222617917731526],[9.78746193836507,45.22339478168035],[9.787066309530303,45.22610696906279],[9.785964602490347,45.23397285711367],[9.777639145130918,45.23630722496927],[9.777302952253548,45.242484533593355],[9.779371883694948,45.24376665553297],[9.779460153093225,45.24463019527648],[9.779316871478242,45.24533328909694],[9.776106364900745,45.248181609722195],[9.775775700933018,45.24822887480335],[9.772600680278353,45.248079358456565],[9.770875867860806,45.246803805822246],[9.76669021765874,45.243510433924385],[9.76367172831462,45.25121791253068],[9.766841411164206,45.251907804084105],[9.771610864202438,45.25497216938931],[9.780793284292667,45.25544085480744],[9.786121700227023,45.2546031723206],[9.799905338573408,45.25419240751887],[9.806039557141581,45.25629162752264],[9.808212878975457,45.257662486237415]]]},"properties":{"name":"San Bassano","op_id":"2783","minint_elettorale":"1030260850","minint_finloc":"1030260850","prov_name":"Cremona","prov_istat_code":"019","prov_istat_code_num":19,"prov_acr":"CR","prov_iso_3166_2":"IT-CR","reg_name":"Lombardia","reg_istat_code":"03","reg_istat_code_num":3,"reg_iso_3166_2":"IT-25","opdm_id":"2494","com_catasto_code":"H767","com_istat_code":"019088","com_istat_code_num":19088,"prov_uts_code":"019","prov_tipo_uts":"Provincia"}},
{"type":"Feature","geometry":{"type":"Polygon","coordinates":[[[10.178539726996098,45.078423844843954],[10.186278642186332,45.07296966920376],[10.193903297165784,45.0675881677489],[10.208491701951091,45.0666515618559],[10.211938206099576,45.06624595502513],[10.2116501925064,45.0646377027637],[10.21157394205678,45.064035391228515],[10.211937003901784,45.062582260395864],[10.21453877222885,45.0612853620993],[10.215647940898647,45.06148060973707],[10.21656945961527,45.05402632545944],[10.215029890647115,45.04609415207516],[10.214784044257822,45.045277597122144],[10.21398345151085,45.0446469839464],[10.21368669915533,45.04442509379001],[10.212171614562912,45.04363103335804],[10.211035148039208,45.04332802577043],[10.209842799018976,45.04278254334456],[10.211067550304056,45.03403182115535],[10.206904111475465,45.0323746661486],[10.20111372684554,45.03035769369052],[10.193959022160142,45.02815527243949],[10.192903788093124,45.02807628931844],[10.187295907123195,45.02821575093445],[10.184371206819733,45.02920031872558],[10.182757998748196,45.0297661467377],[10.18094597138644,45.03046292862865],[10.177165250400575,45.031889866954224],[10.174749160063257,45.03424691141421],[10.17488932546361,45.0348863855288],[10.175071280214693,45.03572815599684],[10.17485680286296,45.03700822855985],[10.174248190178863,45.038274341351254],[10.172486481911863,45.04025535248315],[10.170610084964306,45.042047474161706],[10.16900803413497,45.04303536490416],[10.168750162183379,45.04319253672361],[10.1682660223642,45.04334833231101],[10.167854513965825,45.04348075237999],[10.164773420048114,45.04432238700409],[10.163073928134917,45.04442072616273],[10.161003390136806,45.04437878249271],[10.157721351440088,45.044079037354045],[10.15645729371337,45.04373177876891],[10.155041786496694,45.04300764053964],[10.153627594188501,45.04192369223713],[10.152413118983878,45.04083926098818],[10.151486529321252,45.04785981430609],[10.150986360618806,45.05141156092687],[10.150720192159714,45.05207138266175],[10.144487268872913,45.05792214700063],[10.142079555106353,45.06521067611419],[10.138689299675256,45.07358916121784],[10.14331794292026,45.07762970764135],[10.145675805245483,45.07800214555924],[10.149578796409813,45.0774948413448],[10.153851888523397,45.0770736664575],[10.16723982948295,45.07692858677353],[10.16766064274227,45.0770053089365],[10.169593191861885,45.07769666434236],[10.170876656495112,45.07833163158907],[10.171475505795875,45.07841551043415],[10.1725305389725,45.078440686698976],[10.178539726996098,45.078423844843954]]]},"properties":{"name":"San Daniele Po","op_id":"2784","minint_elettorale":"1030260860","minint_finloc":"1030260860","prov_name":"Cremona","prov_istat_code":"019","prov_istat_code_num":19,"prov_acr":"CR","prov_iso_3166_2":"IT-CR","reg_name":"Lombardia","reg_istat_code":"03","reg_istat_code_num":3,"reg_iso_3166_2":"IT-25","opdm_id":"2495","com_catasto_code":"H815","com_istat_code":"019089","com_istat_code_num":19089,"prov_uts_code":"019","prov_tipo_uts":"Provincia"}},
{"type":"Feature","geometry":{"type":"Polygon","coordinates":[[[10.397669456039013,45.09873902372081],[10.401406981315018,45.095826916517424],[10.402001544009515,45.09467639526164],[10.401831425882618,45.09187895873161],[10.400644979731672,45.084413080666494],[10.396076250074405,45.07838386264194],[10.39224009224638,45.07592049685869],[10.38875232253477,45.070803700320674],[10.386972074306255,45.06075236719568],[10.385640905995889,45.05244189363048],[10.385653188088842,45.04979521601209],[10.385941002690481,45.04856748491488],[10.386367903077721,45.04784215084496],[10.38837626643444,45.046350454000766],[10.389100379329259,45.042242404056736],[10.388761994915882,45.04025155906722],[10.385764265922008,45.04019795884354],[10.381556869985937,45.041581215706636],[10.379101784000893,45.04244805806766],[10.370340243857278,45.04242751733195],[10.36724942826159,45.04060120200469],[10.365387561821674,45.03919219065922],[10.360531656083307,45.04537136679499],[10.363930194445139,45.047320213239935],[10.365116473288808,45.057685099386944],[10.362183431926026,45.0657406870835],[10.360297741479092,45.06710443049034],[10.35911233462601,45.06854083299426],[10.358865588492824,45.06884981983806],[10.35879602145445,45.06912970771752],[10.358960213635873,45.07123416663344],[10.359288576369542,45.07383175751913],[10.363964596176759,45.0765395259576],[10.365401976660491,45.08462226492298],[10.365981323802647,45.0881276558861],[10.364255232564288,45.094620523069814],[10.363701656116504,45.09752569517011],[10.363619083256015,45.09832783312745],[10.364113545925441,45.10201262105086],[10.366603665181595,45.10782495663873],[10.366975025365196,45.11113312401888],[10.367041623998864,45.11114080727989],[10.36761239580695,45.11120651597566],[10.368293933696894,45.11100031795282],[10.36926972125902,45.11034048544594],[10.370419527911295,45.109516545194424],[10.37136466516315,45.10864103550283],[10.382920889440676,45.10553109672408],[10.38643176265266,45.10458835468482],[10.395996894574477,45.10120419762245],[10.396017675729501,45.10117571850072],[10.397202179170042,45.099551148411834],[10.397669456039013,45.09873902372081]]]},"properties":{"name":"San Giovanni in Croce","op_id":"2785","minint_elettorale":"1030260870","minint_finloc":"1030260870","prov_name":"Cremona","prov_istat_code":"019","prov_istat_code_num":19,"prov_acr":"CR","prov_iso_3166_2":"IT-CR","reg_name":"Lombardia","reg_istat_code":"03","reg_istat_code_num":3,"reg_iso_3166_2":"IT-25","opdm_id":"2496","com_catasto_code":"H918","com_istat_code":"019090","com_istat_code_num":19090,"prov_uts_code":"019","prov_tipo_uts":"Provincia"}},
{"type":"Feature","geometry":{"type":"Polygon","coordinates":[[[10.293859965495072,45.06640929075251],[10.295097700520914,45.06778154186355],[10.296024305012843,45.06943635205734],[10.29613078055861,45.06965117187757],[10.296189635546721,45.0705686874672],[10.295933222990483,45.07158880039271],[10.294644589500452,45.07584323032259],[10.294208379441242,45.077342470843064],[10.293998612572636,45.08155766727987],[10.294133974247284,45.08192519359415],[10.295871769060016,45.08460601597267],[10.297924532737648,45.08996572948115],[10.298076660282579,45.09107120119195],[10.29831487460941,45.09204968584283],[10.298643664454687,45.09309915044811],[10.299088480095268,45.093661204043485],[10.3039807945628,45.09754818643321],[10.30431565432165,45.09774239569854],[10.305892467301426,45.098336487341],[10.306672677483109,45.09855260368482],[10.309488990893767,45.09888040542971],[10.312628827969945,45.098349268495106],[10.31978193095842,45.09493618556338],[10.327495237466039,45.09050793737211],[10.3285906684459,45.08952301749569],[10.329555910497293,45.088404563419196],[10.329547252461944,45.08638827802749],[10.329664897000612,45.08598184363285],[10.329995738572068,45.0849067752045],[10.330271396388659,45.0841924303234],[10.334056860767863,45.08087164379103],[10.336918564496893,45.076094243550656],[10.335418804958318,45.0749775820784],[10.33502521406914,45.07444207755151],[10.334870813168804,45.073813754867444],[10.334663270872156,45.06817209022197],[10.335360940040644,45.06703871740606],[10.336468931055265,45.066071564022465],[10.337692953783725,45.06572417453665],[10.342748366538753,45.063549424835664],[10.339131840629493,45.06261069753237],[10.334187337396749,45.061912424481804],[10.32173458546737,45.063335499448904],[10.308756867584455,45.06515932295833],[10.307542908661437,45.06595637458711],[10.306086827858094,45.06616207689182],[10.304272087821577,45.06623683677649],[10.297366793111664,45.06645052400483],[10.2956140914713,45.06646142859996],[10.293859965495072,45.06640929075251]]]},"properties":{"name":"San Martino del Lago","op_id":"2786","minint_elettorale":"1030260880","minint_finloc":"1030260880","prov_name":"Cremona","prov_istat_code":"019","prov_istat_code_num":19,"prov_acr":"CR","prov_iso_3166_2":"IT-CR","reg_name":"Lombardia","reg_istat_code":"03","reg_istat_code_num":3,"reg_iso_3166_2":"IT-25","opdm_id":"2497","com_catasto_code":"I007","com_istat_code":"019091","com_istat_code_num":19091,"prov_uts_code":"019","prov_tipo_uts":"Provincia"}},
{"type":"Feature","geometry":{"type":"Polygon","coordinates":[[[10.278063034582157,45.059435303330915],[10.282144722658407,45.06276971476592],[10.290988491972154,45.06546061112295],[10.293859965495072,45.06640929075251],[10.2956140914713,45.06646142859996],[10.297366793111664,45.06645052400483],[10.304272087821577,45.06623683677649],[10.306086827858094,45.06616207689182],[10.307542908661437,45.06595637458711],[10.308756867584455,45.06515932295833],[10.32173458546737,45.063335499448904],[10.334187337396749,45.061912424481804],[10.339131840629493,45.06261069753237],[10.342748366538753,45.063549424835664],[10.34218845336707,45.05916313365185],[10.343377576754454,45.052451836217166],[10.343380568529467,45.04769887009491],[10.342415946748444,45.044460562288116],[10.340561948811741,45.04173679275805],[10.336146298519571,45.035316260231994],[10.328757497111804,45.032026813507606],[10.31721384534805,45.02631837886815],[10.31193289652725,45.02296749845124],[10.308490095616726,45.02673374688824],[10.307397293597777,45.02668325107754],[10.305634968616104,45.02677542504849],[10.30419255537893,45.02698094916047],[10.302881681484283,45.02735858165617],[10.302565699809684,45.027449609261645],[10.300970706875798,45.02820594062739],[10.299216816416662,45.02923412214223],[10.297845420252534,45.030338935877495],[10.29705615400094,45.03136511329812],[10.296357532186093,45.03247126031789],[10.294421820968646,45.03558083141217],[10.293736595368916,45.03672283433142],[10.292917017722814,45.03810039465608],[10.292285745413217,45.03938579830484],[10.291838156680734,45.040372046203316],[10.291274975260164,45.041863722523956],[10.290892455856447,45.04292124083436],[10.290667532219066,45.0442110544751],[10.29027609719891,45.04713205398094],[10.290408007726604,45.04848082762595],[10.287691548632417,45.05135605937306],[10.283955534583813,45.050677977609325],[10.27960563042287,45.0492325242432],[10.278116929909611,45.04852904543549],[10.276732471558876,45.047374311559125],[10.272295834659717,45.04657765414783],[10.270393625720088,45.04726496813667],[10.270384591891405,45.05029867416159],[10.272591635673546,45.05132730771089],[10.276065148177599,45.056194505824784],[10.278063034582157,45.059435303330915]]]},"properties":{"name":"Scandolara Ravara","op_id":"2787","minint_elettorale":"1030260890","minint_finloc":"1030260890","prov_name":"Cremona","prov_istat_code":"019","prov_istat_code_num":19,"prov_acr":"CR","prov_iso_3166_2":"IT-CR","reg_name":"Lombardia","reg_istat_code":"03","reg_istat_code_num":3,"reg_iso_3166_2":"IT-25","opdm_id":"2498","com_catasto_code":"I497","com_istat_code":"019092","com_istat_code_num":19092,"prov_uts_code":"019","prov_tipo_uts":"Provincia"}},
{"type":"Feature","geometry":{"type":"Polygon","coordinates":[[[10.144991949355076,45.24325160492489],[10.153844343599593,45.239585538889564],[10.160507650973639,45.23930539526365],[10.160319241363451,45.235058566120706],[10.161444741277567,45.2338938637114],[10.161852835082268,45.23404381124269],[10.16309576080624,45.233770099008844],[10.16457809463522,45.23336792894511],[10.166395819831061,45.2325482449061],[10.166989369964009,45.23042682842226],[10.167178929261961,45.22163942265932],[10.166945341424059,45.22080467113465],[10.166079205837137,45.21831108083455],[10.165407525032759,45.21722875363526],[10.16250521680026,45.21547473678836],[10.162390130825585,45.21540519173732],[10.154812848280844,45.210840260391386],[10.154482198128855,45.21096153991076],[10.15401579083864,45.2137978546445],[10.15207495551341,45.21543771545122],[10.151822465929927,45.21554829236609],[10.150568240575977,45.21587597467301],[10.148234392345055,45.21634953932767],[10.14724463607814,45.216530528863785],[10.137346005321517,45.217664713507084],[10.135146511132437,45.21785763910919],[10.134381594986406,45.217820222075794],[10.134028650650317,45.21736465613449],[10.130870060290214,45.21969135374764],[10.134962911115004,45.22071294484339],[10.139343912622923,45.22467499141395],[10.140902632211956,45.23083896516587],[10.142666276251335,45.23700086098184],[10.144991949355076,45.24325160492489]]]},"properties":{"name":"Scandolara Ripa d'Oglio","op_id":"2788","minint_elettorale":"1030260900","minint_finloc":"1030260900","prov_name":"Cremona","prov_istat_code":"019","prov_istat_code_num":19,"prov_acr":"CR","prov_iso_3166_2":"IT-CR","reg_name":"Lombardia","reg_istat_code":"03","reg_istat_code_num":3,"reg_iso_3166_2":"IT-25","opdm_id":"2499","com_catasto_code":"I498","com_istat_code":"019093","com_istat_code_num":19093,"prov_uts_code":"019","prov_tipo_uts":"Provincia"}},
{"type":"Feature","geometry":{"type":"MultiPolygon","coordinates":[[[[9.712214079411261,45.41379057520555],[9.718761967743339,45.414953008266885],[9.718895927145732,45.414783846670595],[9.712214079411261,45.41379057520555]]],[[[9.66181577851081,45.43721779199076],[9.682093051342447,45.441248769511894],[9.685363410774826,45.44382085760253],[9.68832046743548,45.45355132009255],[9.689839448024651,45.45842973219546],[9.698807429767408,45.46059854042724],[9.699282981102158,45.459947492622675],[9.701754347135585,45.45914024919144],[9.702389679163693,45.45880329119453],[9.703172871877204,45.45801538050266],[9.7033903180733,45.45698791330469],[9.702839313234456,45.4558751590513],[9.702067150070405,45.45445771741839],[9.701983678503618,45.454380392421655],[9.700593373374684,45.44672842380405],[9.701575610842557,45.441634097519795],[9.70703211669216,45.433273471029764],[9.70969776489372,45.42859521218763],[9.71299654918381,45.423569991236576],[9.713268101296162,45.42280319263845],[9.712232872061199,45.41741344190815],[9.710945113975043,45.41390648902822],[9.711348171463234,45.41343590928455],[9.711625009574783,45.41309215049973],[9.711550596601022,45.413003126050704],[9.711457202831928,45.412891394331545],[9.711430391445186,45.41285931874085],[9.711127418927243,45.412682815343125],[9.71094117101424,45.41257432655206],[9.710876356872948,45.41255747090375],[9.710569346078383,45.41247762892623],[9.70132834590657,45.41238172116754],[9.69373000203877,45.412842181272445],[9.688074587379822,45.41334446083662],[9.687183752821905,45.41365587376966],[9.686745424146368,45.41439660874817],[9.686526630226126,45.41532504945835],[9.686352935677348,45.41681128602031],[9.68631231749217,45.417414613732575],[9.686460280134035,45.41828683555217],[9.686217096586596,45.4193144338106],[9.685705641493232,45.42035265520068],[9.683183333044436,45.42144036106998],[9.680902899154157,45.421677551832325],[9.682206617055126,45.41636805645545],[9.678649142626613,45.41493106290428],[9.676589073693851,45.41472725115716],[9.675028308598618,45.41526756578602],[9.668329602335923,45.417422241102805],[9.668001427516414,45.418990372492686],[9.666559876311156,45.42404395531535],[9.66509815475469,45.42746843416174],[9.664644954397525,45.42820017322455],[9.661569618793159,45.43188150170786],[9.660584261670408,45.43652281586841],[9.66181577851081,45.43721779199076]]]]},"properties":{"name":"Sergnano","op_id":"2789","minint_elettorale":"1030260910","minint_finloc":"1030260910","prov_name":"Cremona","prov_istat_code":"019","prov_istat_code_num":19,"prov_acr":"CR","prov_iso_3166_2":"IT-CR","reg_name":"Lombardia","reg_istat_code":"03","reg_istat_code_num":3,"reg_iso_3166_2":"IT-25","opdm_id":"2500","com_catasto_code":"I627","com_istat_code":"019094","com_istat_code_num":19094,"prov_uts_code":"019","prov_tipo_uts":"Provincia"}},
{"type":"Feature","geometry":{"type":"Polygon","coordinates":[[[9.901267565227306,45.1498026648793],[9.90028575227869,45.15288896061018],[9.900026317426063,45.15418724773678],[9.899749066849012,45.15597174102678],[9.899386781426331,45.16043940335197],[9.901691037177057,45.162941688723706],[9.902509672897128,45.16321425782025],[9.90443026004442,45.163782437769186],[9.904784863019145,45.16788609771839],[9.901462013068096,45.17746305691198],[9.900581524495971,45.191845512405195],[9.900785343011842,45.20371467241834],[9.899213539415282,45.20454548933265],[9.89858633909999,45.20487380618365],[9.89776548805591,45.20530348068829],[9.895022459922163,45.20672377889555],[9.881569299656949,45.213689851476545],[9.883052471733349,45.21822189399968],[9.887315258654104,45.22124937649834],[9.888569970733936,45.22412010544583],[9.886950545163968,45.22564494376338],[9.895761378889746,45.22702541140172],[9.901155543128601,45.225785780472],[9.902994337222129,45.22526716695284],[9.905015297262015,45.22338786164241],[9.90773731472137,45.22315021682642],[9.90931511230445,45.22304766442788],[9.910421435837339,45.22133754848731],[9.910920838752082,45.21751692584696],[9.910773776826288,45.21149608081204],[9.911222298387928,45.20768485327161],[9.920591466792725,45.19881519800538],[9.921883907457255,45.19764357772774],[9.92252515374652,45.19714330409324],[9.9241419018043,45.19634710585297],[9.929102344011776,45.1944885401458],[9.930789162496186,45.19409673340254],[9.93313059945523,45.19403262574849],[9.934277123766227,45.194077267921976],[9.936250245964517,45.19484423500932],[9.941459242746406,45.19573756715561],[9.945135617119744,45.196328318866726],[9.948133499291577,45.19669053332618],[9.949420235491147,45.19674285458534],[9.950667455754502,45.19671446759861],[9.951276517714323,45.196592388265366],[9.952000108674659,45.19627579901403],[9.95326785426745,45.19614370015078],[9.954457675183482,45.19572868465942],[9.95678999518361,45.194358937835624],[9.965238571807337,45.18880589430735],[9.969127922029065,45.18620750998013],[9.970266389459733,45.1850366459542],[9.97118416354513,45.18361558067855],[9.971020869019597,45.18299586847521],[9.970732017283593,45.18247623869817],[9.970439016414312,45.182460718410915],[9.965310603330902,45.18327831429882],[9.95587284589343,45.182160498721124],[9.954719953980748,45.18172006587634],[9.951999891017671,45.17893877354067],[9.951505644800458,45.178254280769146],[9.95127074160027,45.177905176023266],[9.950298050127223,45.17528481307967],[9.950110619972534,45.174728264535744],[9.950283079854902,45.174384781958686],[9.950569472426915,45.174004327986566],[9.950756591254374,45.17377773158137],[9.951220197176847,45.1733417841911],[9.95153563622898,45.17317713009288],[9.952485014290607,45.172872167352565],[9.96251676532379,45.171572841213695],[9.96806870979839,45.166521012059256],[9.96810276242295,45.164774421860514],[9.967757632567734,45.1639311863025],[9.967600404089334,45.16366247919526],[9.9674200763262,45.162781841093576],[9.967385120332745,45.16146790336148],[9.967711002545029,45.16117709049014],[9.968530306814896,45.160720065518625],[9.969503287403612,45.16032474184272],[9.97118883968312,45.1599323493209],[9.970132315057253,45.15765492771453],[9.96802627828573,45.154999310575356],[9.96293404127218,45.154043186398425],[9.958987573033022,45.154643503030336],[9.952809240958251,45.15646113734183],[9.947060939919284,45.153509805015815],[9.943300648113325,45.1510024261644],[9.94259830149631,45.15391552926722],[9.94070887028587,45.15555676757276],[9.923422775488143,45.16211090542175],[9.921896612266089,45.16253661063001],[9.920066071025184,45.16304717187832],[9.913841559286617,45.164354862262236],[9.913205425364444,45.164488482127645],[9.912585494216719,45.16461046483399],[9.911429576682881,45.16483571986908],[9.911145797032074,45.16414487364015],[9.911005950810972,45.16380392216236],[9.910673547997163,45.16290641500771],[9.910306956291208,45.161460084260234],[9.910423858965396,45.16081102264041],[9.91075258794457,45.15988123588508],[9.911148435122836,45.15837480770629],[9.911852918040525,45.155479671558766],[9.912574711015054,45.152080295748185],[9.913257488188103,45.14783508033424],[9.912999141664098,45.14679294996678],[9.912777634402316,45.1466301119708],[9.91217538294162,45.14618742435842],[9.911636607857961,45.14590367395293],[9.904873790616977,45.1485859339259],[9.901267565227306,45.1498026648793]]]},"properties":{"name":"Sesto ed Uniti","op_id":"2790","minint_elettorale":"1030260920","minint_finloc":"1030260920","prov_name":"Cremona","prov_istat_code":"019","prov_istat_code_num":19,"prov_acr":"CR","prov_iso_3166_2":"IT-CR","reg_name":"Lombardia","reg_istat_code":"03","reg_istat_code_num":3,"reg_iso_3166_2":"IT-25","opdm_id":"2501","com_catasto_code":"I683","com_istat_code":"019095","com_istat_code_num":19095,"prov_uts_code":"019","prov_tipo_uts":"Provincia"}},
{"type":"Feature","geometry":{"type":"Polygon","coordinates":[[[10.360531656083307,45.04537136679499],[10.342415946748444,45.044460562288116],[10.343380568529467,45.04769887009491],[10.343377576754454,45.052451836217166],[10.34218845336707,45.05916313365185],[10.342748366538753,45.063549424835664],[10.337692953783725,45.06572417453665],[10.336468931055265,45.066071564022465],[10.335360940040644,45.06703871740606],[10.334663270872156,45.06817209022197],[10.334870813168804,45.073813754867444],[10.33502521406914,45.07444207755151],[10.335418804958318,45.0749775820784],[10.336918564496893,45.076094243550656],[10.334056860767863,45.08087164379103],[10.330271396388659,45.0841924303234],[10.329995738572068,45.0849067752045],[10.329664897000612,45.08598184363285],[10.329547252461944,45.08638827802749],[10.329555910497293,45.088404563419196],[10.33184690966924,45.08965611016262],[10.339371955601344,45.09137744565338],[10.353080522861376,45.09607675375603],[10.362366306408143,45.100161135519954],[10.363530188974657,45.10847381241591],[10.366603665181595,45.10782495663873],[10.364113545925441,45.10201262105086],[10.363619083256015,45.09832783312745],[10.363701656116504,45.09752569517011],[10.364255232564288,45.094620523069814],[10.365981323802647,45.0881276558861],[10.365401976660491,45.08462226492298],[10.363964596176759,45.0765395259576],[10.359288576369542,45.07383175751913],[10.358960213635873,45.07123416663344],[10.35879602145445,45.06912970771752],[10.358865588492824,45.06884981983806],[10.35911233462601,45.06854083299426],[10.360297741479092,45.06710443049034],[10.362183431926026,45.0657406870835],[10.365116473288808,45.057685099386944],[10.363930194445139,45.047320213239935],[10.360531656083307,45.04537136679499]]]},"properties":{"name":"Solarolo Rainerio","op_id":"2791","minint_elettorale":"1030260930","minint_finloc":"1030260930","prov_name":"Cremona","prov_istat_code":"019","prov_istat_code_num":19,"prov_acr":"CR","prov_iso_3166_2":"IT-CR","reg_name":"Lombardia","reg_istat_code":"03","reg_istat_code_num":3,"reg_iso_3166_2":"IT-25","opdm_id":"2502","com_catasto_code":"I790","com_istat_code":"019096","com_istat_code_num":19096,"prov_uts_code":"019","prov_tipo_uts":"Provincia"}},
{"type":"Feature","geometry":{"type":"Polygon","coordinates":[[[9.807881498994488,45.422785281481985],[9.807736858045773,45.423398398871775],[9.807354540111985,45.42527333224331],[9.810958197119408,45.438587567145156],[9.814280930456457,45.440256150247215],[9.816907204334377,45.44149755548883],[9.82088663830953,45.44345827968555],[9.824120089641557,45.4461736094997],[9.823704970804762,45.44645339548251],[9.822792878938897,45.44704504066925],[9.821639768427664,45.44777342471495],[9.819926893585649,45.44870385905532],[9.818274920332085,45.44942679309961],[9.817839244332335,45.44936690578933],[9.814166496123017,45.45302064310741],[9.823070877042646,45.45648527165841],[9.827666708704522,45.455239377560225],[9.82904379241233,45.45289746826134],[9.833774657182204,45.4485856766729],[9.83507093036732,45.448036134706314],[9.836392462131199,45.44833249437893],[9.837477571691453,45.44907165167681],[9.83832259525014,45.45000156966907],[9.840057269682797,45.45142001348037],[9.840929874441708,45.451620610602184],[9.842980397760202,45.45191154239178],[9.845107003272116,45.452156857517025],[9.846513078712926,45.45211044306971],[9.847982394134561,45.45116340929429],[9.851130843405338,45.447926582791496],[9.851291350099308,45.44775886922078],[9.851521134683782,45.447518615595854],[9.852162927781755,45.44682974706058],[9.852663009217515,45.445223807700906],[9.853084061441434,45.44346543313047],[9.853564821606883,45.44142756817846],[9.854336285642864,45.44001763245919],[9.856739958245248,45.43578706827166],[9.85775212045385,45.434240270050736],[9.858877137397096,45.433394708174966],[9.863181645214055,45.431462995142454],[9.864454743901065,45.43112023646435],[9.86941991976931,45.432270797289775],[9.873538633699093,45.43323849812376],[9.881055706958788,45.43075944999531],[9.88247894852423,45.42938927288811],[9.88489986474584,45.4281741277399],[9.88737610438709,45.42754343490396],[9.889613962951483,45.4273312570508],[9.889520856111847,45.42276370332796],[9.889500933855896,45.41742613761358],[9.890836080553106,45.41373428608079],[9.891046181719187,45.404237305015705],[9.892988027325758,45.39458085658662],[9.888850223361757,45.387689299238914],[9.887374954146653,45.37868580860609],[9.887275253698864,45.36751348605941],[9.886893773939653,45.364516744957335],[9.887368249067322,45.362310044112625],[9.888682877650316,45.36057273564315],[9.883327742810454,45.35756164382206],[9.881522611563055,45.357809620101776],[9.880158651293888,45.35820719306689],[9.878456838036609,45.358895410673114],[9.878192805580053,45.35957253762535],[9.877457657941425,45.3694706090188],[9.877706099955322,45.372322104331616],[9.869905346633667,45.37725597380773],[9.867177175554861,45.378001329285915],[9.865415821694416,45.37805756780446],[9.865328525406346,45.37806034994927],[9.863671415088444,45.372717138754304],[9.864492910960045,45.36816977291784],[9.86468787854269,45.36405032735582],[9.863546844494204,45.360021754337666],[9.863268727519724,45.35973131593807],[9.862320652795608,45.36046308996152],[9.861790159894177,45.36157874125142],[9.860928316872013,45.36342151763077],[9.858921060646175,45.3619874263093],[9.855650480751178,45.3585824652182],[9.855486320745154,45.356796951441254],[9.856619129859391,45.35476765113422],[9.857564940598937,45.35388743149598],[9.859802416055095,45.35242140353375],[9.857313218195914,45.350797382305835],[9.853897984539433,45.35242068360811],[9.85052870156825,45.35419208713208],[9.849439483442785,45.354776276891165],[9.84744822224641,45.35736543534813],[9.846949244768496,45.35815226047329],[9.84736072657298,45.36005749057868],[9.847859578885043,45.36097190807493],[9.849631792664097,45.362506973072946],[9.849332780537495,45.363004259459984],[9.846738300815575,45.36540887547519],[9.842971388915428,45.368848219287685],[9.83925190092122,45.372071070292805],[9.83057269727027,45.372883863259474],[9.830450413319205,45.375393873079595],[9.830255356834561,45.381264113048665],[9.829687617746407,45.38611093133214],[9.826748521974649,45.39304520776471],[9.827314035667591,45.39940497703573],[9.824880082777348,45.40599349530404],[9.822936136111379,45.405881500939486],[9.821069649045873,45.40582291004786],[9.81927996622783,45.405772770553575],[9.81735088297769,45.40580458443778],[9.816496763788306,45.40594570753032],[9.816377032726468,45.41005113673212],[9.820027867623915,45.41065505663392],[9.818457401771111,45.416418619828036],[9.818450167855536,45.41644516243146],[9.818066016740476,45.416393900546126],[9.814058210411334,45.41765571187287],[9.809761473294357,45.42107069503003],[9.807881498994488,45.422785281481985]]]},"properties":{"name":"Soncino","op_id":"2792","minint_elettorale":"1030260940","minint_finloc":"1030260940","prov_name":"Cremona","prov_istat_code":"019","prov_istat_code_num":19,"prov_acr":"CR","prov_iso_3166_2":"IT-CR","reg_name":"Lombardia","reg_istat_code":"03","reg_istat_code_num":3,"reg_iso_3166_2":"IT-25","opdm_id":"2503","com_catasto_code":"I827","com_istat_code":"019097","com_istat_code_num":19097,"prov_uts_code":"019","prov_tipo_uts":"Provincia"}},
{"type":"Feature","geometry":{"type":"Polygon","coordinates":[[[9.886518415927318,45.27894598572815],[9.882985523076936,45.27804620713522],[9.872696118285349,45.273858624998546],[9.866742238229524,45.27049243233976],[9.858648961965384,45.26383848715128],[9.854856492590596,45.26168858790416],[9.852911733110494,45.25864262669891],[9.85114666400419,45.25566731750029],[9.851006420441855,45.25395807441929],[9.849885582518354,45.25400242426329],[9.844267258580237,45.25498925929414],[9.844402565764865,45.255519351942084],[9.844856532777664,45.256911209913355],[9.84544221445976,45.25859015578578],[9.845935514322054,45.26005374414507],[9.8468907784256,45.26429533576055],[9.846830542029055,45.264529832642296],[9.843537831144786,45.26597642067425],[9.840509187740519,45.26718693997911],[9.838086722393538,45.26628658911838],[9.831700633293874,45.26629727120826],[9.830873225273917,45.26637531842038],[9.829932448546858,45.27004573824288],[9.823267866841343,45.27110214502255],[9.821293538552133,45.27121537470338],[9.814489085132905,45.268752693884394],[9.811272251125247,45.271124976909626],[9.80936351920372,45.273163838052305],[9.808550181656349,45.27783234544076],[9.809922845151027,45.284699689562416],[9.817497392236735,45.28916444607041],[9.82493100758764,45.29350367631047],[9.825415504062265,45.294373305738695],[9.825526784889691,45.295011601210696],[9.8251523495075,45.29645453103966],[9.824835889504893,45.29661884159177],[9.821466864119694,45.29824537162973],[9.825961762128449,45.30125542238256],[9.832188384410891,45.30838432222291],[9.83449536983118,45.310860872423625],[9.840625826713316,45.31306626958997],[9.841756157694405,45.31530828154356],[9.84279321145237,45.32243871475751],[9.841968808432572,45.32913270974657],[9.845775628615366,45.326503288437365],[9.845786810359334,45.32554422848107],[9.845888214160171,45.322064779934045],[9.84640812166688,45.321537989275996],[9.850092292797237,45.32077338070782],[9.85168282892801,45.32048248386036],[9.851665015108281,45.32099569364993],[9.860663307705394,45.322881532142276],[9.865345108528842,45.31862451343595],[9.876434982726604,45.314651366267896],[9.88484445492619,45.312318191881424],[9.88568693354236,45.31153752753876],[9.886555529059612,45.30997354365866],[9.88757071731249,45.30799434873106],[9.887873427132618,45.306956842536096],[9.887789685989818,45.30567929542989],[9.887386846952069,45.304386236583746],[9.886829586517322,45.30382347249537],[9.885464080666342,45.302960937951916],[9.883937147810258,45.30237866637484],[9.88156713959184,45.3017128858152],[9.880359833198607,45.30117309875473],[9.879424347912861,45.30006415008538],[9.87894419319815,45.29788049529958],[9.87890810847131,45.29719667242987],[9.878999970236963,45.296538855699275],[9.879624050410332,45.29483278855074],[9.880056309265873,45.29392032348407],[9.880864751156638,45.293419003733],[9.881736785850073,45.29290821099563],[9.88270943857702,45.292306595780396],[9.883416643308362,45.29186005448149],[9.88537866382432,45.290098598130264],[9.888265211715193,45.28656283981343],[9.889637188665725,45.28434060229387],[9.889991579286558,45.283356679983754],[9.889743945049963,45.28219743186821],[9.888836212611231,45.28122333855404],[9.887800150796236,45.28019624006922],[9.886518415927318,45.27894598572815]]]},"properties":{"name":"Soresina","op_id":"2793","minint_elettorale":"1030260950","minint_finloc":"1030260950","prov_name":"Cremona","prov_istat_code":"019","prov_istat_code_num":19,"prov_acr":"CR","prov_iso_3166_2":"IT-CR","reg_name":"Lombardia","reg_istat_code":"03","reg_istat_code_num":3,"reg_iso_3166_2":"IT-25","opdm_id":"2504","com_catasto_code":"I849","com_istat_code":"019098","com_istat_code_num":19098,"prov_uts_code":"019","prov_tipo_uts":"Provincia"}},
{"type":"Feature","geometry":{"type":"Polygon","coordinates":[[[10.195603411076085,45.10342425216862],[10.1981653229178,45.10072390411809],[10.198157411444962,45.09548498800573],[10.19114260348355,45.09367701392485],[10.186695660550564,45.09249908550376],[10.18377059435649,45.08870372584432],[10.180384039885107,45.084075883151726],[10.178539726996098,45.078423844843954],[10.1725305389725,45.078440686698976],[10.171475505795875,45.07841551043415],[10.170876656495112,45.07833163158907],[10.169593191861885,45.07769666434236],[10.16766064274227,45.0770053089365],[10.16723982948295,45.07692858677353],[10.153851888523397,45.0770736664575],[10.149578796409813,45.0774948413448],[10.153309997921976,45.08408249387289],[10.155176599616974,45.08922161051105],[10.152950233697677,45.098868350864386],[10.148802354235288,45.109746787041495],[10.148087115978806,45.1102130598987],[10.143607421605674,45.112508445363765],[10.138349334937404,45.11467637648881],[10.138265391983376,45.11237278282743],[10.126710928529056,45.1124423531833],[10.126462582143489,45.112741871901264],[10.125980156637223,45.11342175485386],[10.125510420315553,45.11410151062409],[10.125379451874691,45.1145528835017],[10.125168879907262,45.11548213235724],[10.124938349716732,45.11669061614206],[10.126613552912726,45.12945648328545],[10.13563117342367,45.132742772724875],[10.139108949005465,45.13500942694756],[10.139826704310384,45.13523945036339],[10.144371989924931,45.1365169135474],[10.149393563682148,45.13792506829299],[10.150855868943541,45.13791034049122],[10.161726425470341,45.13522578522753],[10.160721118714989,45.13268855167142],[10.158077345398388,45.12584711933576],[10.160416302290342,45.12518425666102],[10.161719337690524,45.12485594641352],[10.162972972401056,45.12460015177548],[10.163553287658205,45.126250532259135],[10.170601357220482,45.124558210248246],[10.170677274647053,45.12453942041893],[10.173645378626755,45.1235637885491],[10.174630170294634,45.1171680731811],[10.177063972300997,45.11234850466739],[10.18304381112097,45.1088930737259],[10.19085963205965,45.10451802635715],[10.195603411076085,45.10342425216862]]]},"properties":{"name":"Sospiro","op_id":"2794","minint_elettorale":"1030260960","minint_finloc":"1030260960","prov_name":"Cremona","prov_istat_code":"019","prov_istat_code_num":19,"prov_acr":"CR","prov_iso_3166_2":"IT-CR","reg_name":"Lombardia","reg_istat_code":"03","reg_istat_code_num":3,"reg_iso_3166_2":"IT-25","opdm_id":"2505","com_catasto_code":"I865","com_istat_code":"019099","com_istat_code_num":19099,"prov_uts_code":"019","prov_tipo_uts":"Provincia"}},
{"type":"Feature","geometry":{"type":"Polygon","coordinates":[[[9.90132400413906,45.14612055424105],[9.901267565227306,45.1498026648793],[9.904873790616977,45.1485859339259],[9.911636607857961,45.14590367395293],[9.91217538294162,45.14618742435842],[9.912777634402316,45.1466301119708],[9.912999141664098,45.14679294996678],[9.913257488188103,45.14783508033424],[9.912574711015054,45.152080295748185],[9.911852918040525,45.155479671558766],[9.911148435122836,45.15837480770629],[9.91075258794457,45.15988123588508],[9.910423858965396,45.16081102264041],[9.910306956291208,45.161460084260234],[9.910673547997163,45.16290641500771],[9.911005950810972,45.16380392216236],[9.911145797032074,45.16414487364015],[9.911429576682881,45.16483571986908],[9.912585494216719,45.16461046483399],[9.913205425364444,45.164488482127645],[9.913841559286617,45.164354862262236],[9.920066071025184,45.16304717187832],[9.921896612266089,45.16253661063001],[9.923422775488143,45.16211090542175],[9.94070887028587,45.15555676757276],[9.94259830149631,45.15391552926722],[9.943300648113325,45.1510024261644],[9.943052257787778,45.14494643530587],[9.947041439926451,45.14234795925426],[9.954235216068135,45.13897546215801],[9.964151741891975,45.12968347437148],[9.966416078482247,45.127472447401445],[9.966077615865077,45.12700722754486],[9.965443838040644,45.12637346896618],[9.963750440976298,45.124731470945655],[9.960007167300452,45.12140537688776],[9.958990186117868,45.12065777371753],[9.957999096070761,45.11993695302211],[9.956880176659771,45.11917219419428],[9.955898117677668,45.11857386784106],[9.95584249110124,45.118540157433],[9.940960922423056,45.10827741606777],[9.936468010339146,45.10482169340034],[9.936170465458392,45.10463196242864],[9.935812933293771,45.10440397776972],[9.934889944154133,45.10392545038109],[9.932122944864608,45.102606813920985],[9.931943140136715,45.10253030088987],[9.93135499628677,45.10228002407052],[9.930281008299653,45.10189269391335],[9.928850791965795,45.10148124991035],[9.925633387035045,45.10058920499866],[9.924434015565527,45.100301859033124],[9.922687566696565,45.09997401302933],[9.918487334110756,45.09960279881443],[9.917407424555337,45.09962948192651],[9.916711076761501,45.099797103939515],[9.915813106000781,45.10007436093596],[9.915208559028986,45.10042126935197],[9.914549695679042,45.101344717382574],[9.914255465115948,45.101828131425364],[9.913955180872161,45.10232167239752],[9.913439490562602,45.10346000386915],[9.913458439800097,45.10464807443932],[9.914177201173603,45.10826998401251],[9.914449642373372,45.10941101334558],[9.914891873873225,45.110037595142686],[9.915956628891399,45.11064117127961],[9.917557163922133,45.111357463846765],[9.91859523836364,45.111880215637704],[9.919545103222976,45.112448679712045],[9.92054683982283,45.1130797290654],[9.921566373882282,45.1140256781771],[9.92214391371615,45.11515520398548],[9.926514391048864,45.12440058783487],[9.927074175766219,45.12598933525512],[9.927199795453621,45.12746458469233],[9.927074098990092,45.12866335346089],[9.927000538407782,45.12929354664783],[9.926822026974667,45.130524214396665],[9.926817523172119,45.13055525738673],[9.92645819143887,45.13147968217919],[9.92625535757678,45.13196407906793],[9.925559597006893,45.13297790479642],[9.924699370312476,45.13404706645383],[9.923824976586058,45.13502632337011],[9.92260601566331,45.135936339432384],[9.921257842921532,45.136721362570455],[9.920418947384945,45.13719468394553],[9.919720192505164,45.13758891753458],[9.918557773443238,45.13806636592329],[9.915507435512696,45.13899102244558],[9.914733574960746,45.13911424226373],[9.913690927861147,45.13913159522875],[9.912516222245989,45.138843929493724],[9.911299815774793,45.138331544343124],[9.910450180150622,45.13769020685765],[9.908077774565658,45.13566416214034],[9.9070394004458,45.13674960981849],[9.906750434748826,45.13716175980774],[9.906090342538619,45.138103221277426],[9.905497171413435,45.138949242242376],[9.90483081743677,45.140241754832644],[9.904451518039112,45.14118993970901],[9.90440259815552,45.14211749661836],[9.90132400413906,45.14612055424105]]]},"properties":{"name":"Spinadesco","op_id":"2795","minint_elettorale":"1030260970","minint_finloc":"1030260970","prov_name":"Cremona","prov_istat_code":"019","prov_istat_code_num":19,"prov_acr":"CR","prov_iso_3166_2":"IT-CR","reg_name":"Lombardia","reg_istat_code":"03","reg_istat_code_num":3,"reg_iso_3166_2":"IT-25","opdm_id":"2506","com_catasto_code":"I906","com_istat_code":"019100","com_istat_code_num":19100,"prov_uts_code":"019","prov_tipo_uts":"Provincia"}},
{"type":"Feature","geometry":{"type":"Polygon","coordinates":[[[10.519936899910034,45.04078619277956],[10.516975118600621,45.04224785678457],[10.514351972147033,45.04581139265403],[10.504522305725388,45.05108134702653],[10.496289598067332,45.05483525287744],[10.493826111039148,45.05630782867564],[10.493764349121612,45.05832505197248],[10.494603646056909,45.06275194565502],[10.494918217078723,45.06361199689234],[10.495084476700452,45.06803871719704],[10.49449964581151,45.071431036859536],[10.494277782717546,45.072667170463994],[10.494022055644209,45.07406579532928],[10.492971625235006,45.07763522216782],[10.492593090300623,45.078711387861134],[10.492033127595818,45.08301068685257],[10.493516619176425,45.08099478811843],[10.497399749844051,45.07594796624653],[10.501883342504929,45.07493489038246],[10.520478256069918,45.073338464295816],[10.524231792908799,45.07355848070841],[10.531618670610435,45.07425177029563],[10.533117209174941,45.07452713279245],[10.532858364027392,45.07405506566343],[10.532696353730772,45.07369715626311],[10.53224913631909,45.07264997146444],[10.532180304991453,45.07197574632736],[10.532609806987095,45.07093478839245],[10.533828419536567,45.069001049908614],[10.534813692144304,45.06784458147853],[10.53848575896882,45.05888344613025],[10.539555659299676,45.05514409041054],[10.53183924863359,45.05160037051609],[10.533404304388114,45.0474385311764],[10.534274151377918,45.0453024103093],[10.519936899910034,45.04078619277956]]]},"properties":{"name":"Spineda","op_id":"2796","minint_elettorale":"1030260980","minint_finloc":"1030260980","prov_name":"Cremona","prov_istat_code":"019","prov_istat_code_num":19,"prov_acr":"CR","prov_iso_3166_2":"IT-CR","reg_name":"Lombardia","reg_istat_code":"03","reg_istat_code_num":3,"reg_iso_3166_2":"IT-25","opdm_id":"2507","com_catasto_code":"I909","com_istat_code":"019101","com_istat_code_num":19101,"prov_uts_code":"019","prov_tipo_uts":"Provincia"}},
{"type":"Feature","geometry":{"type":"Polygon","coordinates":[[[9.514056672104216,45.384610169085676],[9.514257134957214,45.384177197800916],[9.514349599747364,45.38310564098485],[9.51435514400555,45.382929496991174],[9.514379349986461,45.382160365111105],[9.514347019207268,45.381413413165184],[9.51417697243862,45.38097311281824],[9.511954643928547,45.37956990020841],[9.50844387211489,45.377609464123644],[9.505867352425813,45.37585249678687],[9.505274011950526,45.37232662884523],[9.50526914205505,45.37034636746601],[9.505461300970167,45.36754611001708],[9.505565659836009,45.36635748791754],[9.500186929385064,45.36458992263736],[9.491149194217241,45.36786059603375],[9.490325885233144,45.368638239391075],[9.489147688058036,45.36973244599292],[9.488096094261875,45.370700080461354],[9.47946447412698,45.37688452511448],[9.478570698783436,45.37691526217726],[9.477480054286,45.37631675709247],[9.477296800957772,45.37614292501816],[9.47634706108741,45.37523231628765],[9.475918200926907,45.37435199096971],[9.47104954042573,45.37401212722724],[9.467465730564616,45.3746029483116],[9.466977053203554,45.37468947254355],[9.46681586797407,45.374718367720874],[9.466534787555368,45.37476876337479],[9.466492765102513,45.374788570527656],[9.465924129445128,45.375059290700065],[9.463424662056044,45.37707673537153],[9.45544273153884,45.38509297038689],[9.454408238535047,45.38670831157487],[9.45861083318842,45.39617882997336],[9.461614774343902,45.40143242640476],[9.466384262244256,45.40616572340101],[9.468367981626155,45.408083863610884],[9.468625334176334,45.4083422682709],[9.469617921744145,45.40933889400579],[9.469676195950258,45.41020277120038],[9.469173840757197,45.41126697610443],[9.467593329567963,45.413316748327425],[9.480211540693091,45.41986226309699],[9.48066339414785,45.41888822744134],[9.481058690486979,45.41877855617021],[9.495329018200968,45.42097685271842],[9.497355164300282,45.42173315214684],[9.498201045750978,45.42199049615046],[9.499210936546735,45.422004097477355],[9.50520376553311,45.42178872182844],[9.504944678541097,45.421402816711776],[9.504761487521218,45.420926562058845],[9.50478104358579,45.42025138699229],[9.504909618116956,45.41746944649941],[9.50742253118025,45.40692689325109],[9.507855947988018,45.405385760127594],[9.507980906429566,45.405070157505584],[9.509921798213375,45.40207310966265],[9.511119278007067,45.400258502186],[9.512297536917226,45.3892537024687],[9.511808843698565,45.38623702690594],[9.511728476973945,45.38564676625385],[9.5118872814907,45.38484494424477],[9.512229807525099,45.38458235680626],[9.514056672104216,45.384610169085676]]]},"properties":{"name":"Spino d'Adda","op_id":"2797","minint_elettorale":"1030260990","minint_finloc":"1030260990","prov_name":"Cremona","prov_istat_code":"019","prov_istat_code_num":19,"prov_acr":"CR","prov_iso_3166_2":"IT-CR","reg_name":"Lombardia","reg_istat_code":"03","reg_istat_code_num":3,"reg_iso_3166_2":"IT-25","opdm_id":"2508","com_catasto_code":"I914","com_istat_code":"019102","com_istat_code_num":19102,"prov_uts_code":"019","prov_tipo_uts":"Provincia"}},
{"type":"Feature","geometry":{"type":"Polygon","coordinates":[[[10.07297333209578,45.092030971849596],[10.077098666804355,45.0924512303864],[10.082108960542397,45.09329503486008],[10.089510379200092,45.097440378700036],[10.090832161287427,45.0995762325433],[10.091835141917256,45.10285227447054],[10.095674157624467,45.10486789007734],[10.104535238444273,45.10428743895123],[10.106945868540429,45.104057048231894],[10.108314189608475,45.10382774912085],[10.109205482578467,45.10259484947029],[10.109767910099476,45.101446182901455],[10.110137439559475,45.10018234051664],[10.110034358575163,45.09945420081106],[10.109712112409298,45.0985661796955],[10.108996481411559,45.0970518344375],[10.108223782326577,45.095871112960225],[10.107771763083873,45.0954974231834],[10.1066455745903,45.095751395939246],[10.106255846235118,45.095314084928084],[10.105355142271577,45.09408056667707],[10.104555948819261,45.09283706375676],[10.10683932956278,45.086045651425856],[10.109171031866403,45.08571697894517],[10.109910838867524,45.085862823967695],[10.112502234332565,45.08647672935378],[10.122145579664487,45.075382249936574],[10.12334189358716,45.072895013981075],[10.124152122961766,45.07015949693385],[10.1243893454881,45.066061362695066],[10.127648521022161,45.058683797076455],[10.128164422094008,45.05445513702695],[10.128496177224173,45.051735380755815],[10.12911397917789,45.04666994716926],[10.130660931819456,45.02983908457188],[10.120575576752488,45.026707846155816],[10.106190803722413,45.02213035147072],[10.105227562380927,45.02220269070549],[10.102819837873012,45.02240600384934],[10.09474051982395,45.02338392498494],[10.092877607327747,45.02376202643931],[10.091668564953407,45.02470104746394],[10.090434125094163,45.025873704340526],[10.089101359241566,45.027192269778375],[10.084486285250712,45.03238642451784],[10.084133161635451,45.03292875940319],[10.08400405225324,45.03353247508509],[10.083943239110798,45.03437012929156],[10.083893456263306,45.035738851116776],[10.084024898339631,45.03868120337914],[10.08347462673747,45.04396380389568],[10.082307534936264,45.0466055798664],[10.077008919326394,45.0458680139662],[10.069983002473702,45.044165217158394],[10.064601514206949,45.04291925737737],[10.058954161390453,45.0417025167923],[10.057349648053696,45.041447330562576],[10.055697823900534,45.04138159735],[10.050223560763337,45.041279032716595],[10.050371765123732,45.04174576999749],[10.05152997168811,45.04536282632502],[10.052961094573668,45.05000356239283],[10.052857572833233,45.05058963609776],[10.052342952740341,45.05161157571096],[10.048374071604938,45.05749922858485],[10.046946126112127,45.05928568876703],[10.04423547374923,45.0624791292938],[10.043509717025238,45.063079868917384],[10.042739436372306,45.06332996076298],[10.040702509591359,45.06377313138206],[10.03797888458796,45.06417450359872],[10.034170971007983,45.065028211095864],[10.034062626202338,45.06506198317989],[10.032743634074967,45.06547321234381],[10.031041401581472,45.06617273086578],[10.029668230025809,45.06680624369474],[10.025691070604857,45.07028819475953],[10.030142341361701,45.071280323232656],[10.042038297055242,45.07367487174833],[10.042694635906523,45.0738027052762],[10.042923253983526,45.07384722986421],[10.044422404922694,45.07413918329095],[10.046945968539019,45.07458417194411],[10.049057336165243,45.07471782882121],[10.051061298769053,45.074537352095284],[10.052858556579475,45.07416972792781],[10.054598083184993,45.076881217534265],[10.056151140099281,45.084072749882246],[10.056300990596213,45.084489941973246],[10.057599487414986,45.08599920519403],[10.06072932702514,45.08895875963304],[10.06108858026354,45.08914445872084],[10.061944677048729,45.08939754992465],[10.064779146366245,45.09011829441307],[10.065493003280064,45.09023766105421],[10.067169632084841,45.09019499788277],[10.068209471902138,45.090077257862376],[10.06905587287566,45.089808289057224],[10.070054390290528,45.08951988149721],[10.073161307252574,45.08917566357172],[10.073208528252968,45.08966131094752],[10.073170716461915,45.090048481200554],[10.07297333209578,45.092030971849596]]]},"properties":{"name":"Stagno Lombardo","op_id":"2798","minint_elettorale":"1030261000","minint_finloc":"1030261000","prov_name":"Cremona","prov_istat_code":"019","prov_istat_code_num":19,"prov_acr":"CR","prov_iso_3166_2":"IT-CR","reg_name":"Lombardia","reg_istat_code":"03","reg_istat_code_num":3,"reg_iso_3166_2":"IT-25","opdm_id":"2509","com_catasto_code":"I935","com_istat_code":"019103","com_istat_code_num":19103,"prov_uts_code":"019","prov_tipo_uts":"Provincia"}},
{"type":"Feature","geometry":{"type":"Polygon","coordinates":[[[9.80521313138584,45.3979382194559],[9.807440512134258,45.39812501615065],[9.810379269245933,45.399922456080645],[9.812266963878878,45.40236638837675],[9.812458581597774,45.40414725680604],[9.812208585187891,45.406318335730326],[9.812329251710324,45.40938689778704],[9.813028418416065,45.41002100922482],[9.816377032726468,45.41005113673212],[9.816496763788306,45.40594570753032],[9.81735088297769,45.40580458443778],[9.81927996622783,45.405772770553575],[9.821069649045873,45.40582291004786],[9.822936136111379,45.405881500939486],[9.824880082777348,45.40599349530404],[9.827314035667591,45.39940497703573],[9.826748521974649,45.39304520776471],[9.829687617746407,45.38611093133214],[9.830255356834561,45.381264113048665],[9.830450413319205,45.375393873079595],[9.83057269727027,45.372883863259474],[9.83925190092122,45.372071070292805],[9.842971388915428,45.368848219287685],[9.841475165479508,45.36784210225805],[9.837311673116021,45.364344201269965],[9.826407937337345,45.36090411169293],[9.818178095964035,45.35686777146813],[9.816645133873047,45.35680673719764],[9.816000595129758,45.35815253927904],[9.814937204379676,45.3614546098218],[9.81456469397627,45.36307748923618],[9.812809163590924,45.37156021528785],[9.813573048739018,45.37584838341419],[9.80937764677025,45.376301247096514],[9.809345186827672,45.37760666613746],[9.811762635967323,45.38677979873544],[9.81291116509179,45.38937300620666],[9.813269970387969,45.39034258014158],[9.813669334798805,45.391464889868224],[9.81157435783943,45.39504430097964],[9.808996113424076,45.396115722095004],[9.807076814968886,45.39591328434458],[9.804434856698363,45.39610294029585],[9.80521313138584,45.3979382194559]]]},"properties":{"name":"Ticengo","op_id":"2799","minint_elettorale":"1030261010","minint_finloc":"1030261010","prov_name":"Cremona","prov_istat_code":"019","prov_istat_code_num":19,"prov_acr":"CR","prov_iso_3166_2":"IT-CR","reg_name":"Lombardia","reg_istat_code":"03","reg_istat_code_num":3,"reg_iso_3166_2":"IT-25","opdm_id":"2510","com_catasto_code":"L164","com_istat_code":"019104","com_istat_code_num":19104,"prov_uts_code":"019","prov_tipo_uts":"Provincia"}},
{"type":"Feature","geometry":{"type":"Polygon","coordinates":[[[9.585063457102327,45.42269474367179],[9.582206349322263,45.428416111567245],[9.579760123104474,45.43397010765173],[9.578911338583733,45.43873963457497],[9.592551059953408,45.440499578636675],[9.598502296580778,45.4426527494492],[9.598299582993155,45.44403998409972],[9.598952228758527,45.445296738570256],[9.600706574359325,45.44553054634167],[9.605137437283528,45.444940096789225],[9.608786432446385,45.44418261279365],[9.609528010718222,45.44299048715511],[9.610505405129297,45.43943430584631],[9.609681376777202,45.43586075431293],[9.604119721998002,45.437096507091454],[9.59775946389532,45.429217880543675],[9.597537114185538,45.42874197926682],[9.597245646392391,45.42777138156236],[9.596975467588354,45.426395613260915],[9.597042775826507,45.425504140378266],[9.597530166110756,45.424448450480654],[9.598160225512395,45.42359003364508],[9.600517179513217,45.42165141270247],[9.601430634000318,45.42100752110583],[9.602434038940537,45.42040816397958],[9.60582901699309,45.41875197359232],[9.604953089272918,45.414526052466684],[9.600890099656826,45.40981285976137],[9.600411107520978,45.409230304118715],[9.597722518659442,45.40875834316862],[9.594044540155567,45.40898455174349],[9.588119598323841,45.41065344951237],[9.586055473716222,45.41279442833444],[9.58427687027702,45.41490373837189],[9.583803735428475,45.41844362216526],[9.585063457102327,45.42269474367179]]]},"properties":{"name":"Torlino Vimercati","op_id":"2800","minint_elettorale":"1030261020","minint_finloc":"1030261020","prov_name":"Cremona","prov_istat_code":"019","prov_istat_code_num":19,"prov_acr":"CR","prov_iso_3166_2":"IT-CR","reg_name":"Lombardia","reg_istat_code":"03","reg_istat_code_num":3,"reg_iso_3166_2":"IT-25","opdm_id":"2511","com_catasto_code":"L221","com_istat_code":"019105","com_istat_code_num":19105,"prov_uts_code":"019","prov_tipo_uts":"Provincia"}},
{"type":"Feature","geometry":{"type":"Polygon","coordinates":[[[10.415921802331761,45.120033442824784],[10.419420744127223,45.12013403693912],[10.421887901743101,45.12015733850854],[10.422851239311488,45.11748084595559],[10.433071667045876,45.11539067044163],[10.438565154205799,45.11443042193888],[10.445782052216975,45.11325906358511],[10.453142912973213,45.116349351027445],[10.456563198002083,45.11528246226903],[10.457611606407786,45.112019472886544],[10.461832082603985,45.105847272570756],[10.464593569614813,45.100696011304166],[10.465185777351335,45.09950019120109],[10.465619690797078,45.098576442212895],[10.466671899732006,45.095493345638154],[10.4632062926905,45.09365648880448],[10.461579904711497,45.09366830598313],[10.456221297780772,45.09334070401078],[10.445250819032188,45.09221084032282],[10.438954878362956,45.090985103691004],[10.422981968610937,45.091023250332185],[10.417310809048155,45.091912936615614],[10.419339934151317,45.098413950929356],[10.415520163415069,45.09916350317975],[10.41146927010464,45.10240024238243],[10.412059971785204,45.1124388338724],[10.411837779157786,45.11779618245594],[10.41175703324413,45.11974294246626],[10.415921802331761,45.120033442824784]]]},"properties":{"name":"Tornata","op_id":"2801","minint_elettorale":"1030261030","minint_finloc":"1030261030","prov_name":"Cremona","prov_istat_code":"019","prov_istat_code_num":19,"prov_acr":"CR","prov_iso_3166_2":"IT-CR","reg_name":"Lombardia","reg_istat_code":"03","reg_istat_code_num":3,"reg_iso_3166_2":"IT-25","opdm_id":"2512","com_catasto_code":"L225","com_istat_code":"019106","com_istat_code_num":19106,"prov_uts_code":"019","prov_tipo_uts":"Provincia"}},
{"type":"Feature","geometry":{"type":"Polygon","coordinates":[[[10.251372479149918,45.12527692271818],[10.25505108063202,45.132986977902206],[10.259707401412609,45.141082207406825],[10.260894237609016,45.145666979271226],[10.261170931713433,45.14829435253107],[10.261298621141792,45.15199261918649],[10.261273014572197,45.152614825474494],[10.261268600144682,45.15272208710518],[10.260288866930935,45.15318298348529],[10.258959719809763,45.153379803252015],[10.255689093914803,45.15383227095691],[10.256184226285091,45.157161461483774],[10.266926436735933,45.16100394201717],[10.273362049601413,45.162606670975954],[10.283435821804273,45.16301597872791],[10.284059160601739,45.16286945230254],[10.284094723341296,45.162707560483696],[10.28425440186184,45.16198067769004],[10.28458942435704,45.160455542435635],[10.284926977466512,45.15916451834571],[10.285408268212144,45.157934885971095],[10.285725245887193,45.15788631710406],[10.286719399254027,45.15796512076492],[10.28832753267015,45.158190038839656],[10.28962940866452,45.15837337508215],[10.29069000912669,45.158577435309674],[10.295716196051952,45.15972673634616],[10.302129060659604,45.16030189947918],[10.307931093479992,45.15864230091807],[10.31361861657519,45.157550829725366],[10.32595030821497,45.15659816085327],[10.333644303202206,45.15537434399828],[10.334189301343146,45.1514702874389],[10.332923031823077,45.14353662085589],[10.330914042766647,45.139194264330634],[10.329069497486946,45.13917974495805],[10.327015441416787,45.13941965894044],[10.326444341570859,45.139507318796134],[10.325025813353209,45.13963245564758],[10.323492408386187,45.13965705018907],[10.323096470172228,45.139384131002736],[10.322470545086599,45.1387162603638],[10.321894008717585,45.137984801575094],[10.32088213770959,45.136574240350434],[10.319101950861828,45.13383131746147],[10.318752905166955,45.133034201982646],[10.318928487642673,45.13237504549369],[10.319357539794296,45.131127874216574],[10.315090050538734,45.130808026215085],[10.317617114954993,45.12734026720409],[10.321580926683987,45.12112831004871],[10.320658770540993,45.11698020257255],[10.317736715655764,45.114862563836574],[10.314781124007027,45.114495394343464],[10.314745565344973,45.11443346123125],[10.31210799279175,45.10834713994774],[10.310657582915086,45.10273773155736],[10.309813706321782,45.09974084435399],[10.309488990893767,45.09888040542971],[10.306672677483109,45.09855260368482],[10.305892467301426,45.098336487341],[10.30431565432165,45.09774239569854],[10.3039807945628,45.09754818643321],[10.299088480095268,45.093661204043485],[10.298643664454687,45.09309915044811],[10.29831487460941,45.09204968584283],[10.298076660282579,45.09107120119195],[10.297924532737648,45.08996572948115],[10.292571189063855,45.090377521425104],[10.287333465755571,45.09028365697197],[10.28513371794937,45.08852608980776],[10.28516979702611,45.087868567414986],[10.284608999990303,45.08722675854645],[10.282285838716655,45.08562355624085],[10.2815339285655,45.08552396498672],[10.281374609288747,45.08578680044678],[10.280880958667348,45.09383089101496],[10.280853659356005,45.09545149445266],[10.280994561141465,45.096638137026964],[10.281284337518414,45.09766108043747],[10.281534591741503,45.09862145226991],[10.281705007751844,45.099420710134154],[10.28173703943556,45.10028451364119],[10.281592985250118,45.101231300368894],[10.27663826430107,45.10133180317986],[10.275553952316024,45.10115490141114],[10.274720992990463,45.10084914091268],[10.271635816740826,45.10271988004153],[10.265719120629985,45.10761053144552],[10.265427858527671,45.108810977481056],[10.26464373500576,45.110719032556375],[10.260670233601276,45.116740075339244],[10.259188735940471,45.1184865878034],[10.255122236134818,45.119158374330326],[10.250910639077349,45.11985627205794],[10.250788455428756,45.12182668020991],[10.250728185583885,45.12314158255963],[10.250912530781795,45.1240127210188],[10.251372479149918,45.12527692271818]]]},"properties":{"name":"Torre de' Picenardi","op_id":"2802","minint_elettorale":"1030261040","minint_finloc":"1030261040","prov_name":"Cremona","prov_istat_code":"019","prov_istat_code_num":19,"prov_acr":"CR","prov_iso_3166_2":"IT-CR","reg_name":"Lombardia","reg_istat_code":"03","reg_istat_code_num":3,"reg_iso_3166_2":"IT-25","opdm_id":"2513","com_catasto_code":"L258","com_istat_code":"019107","com_istat_code_num":19107,"prov_uts_code":"019","prov_tipo_uts":"Provincia"}},
{"type":"Feature","geometry":{"type":"Polygon","coordinates":[[[10.31193289652725,45.02296749845124],[10.312195129494103,45.019444770843094],[10.312140649893715,45.01705990433529],[10.311499577917415,45.01343953747958],[10.31114870970602,45.01196726713975],[10.317938685266176,45.00646098027999],[10.319932496501472,45.005978862624815],[10.321055319019296,45.005695812354894],[10.32204860487421,45.00529723767675],[10.322596962108813,45.00480265868047],[10.322806885991637,45.00461331839387],[10.323486125308532,45.00380428421793],[10.323786258340808,45.00306265411234],[10.324011741511102,45.00238490306908],[10.324468710520076,45.0007412691857],[10.32460784877165,45.00017253317907],[10.32505370698111,44.99545899424953],[10.324878863889683,44.99156360730767],[10.324763101720926,44.990943829399036],[10.32416253891992,44.98965451725962],[10.323429366983829,44.98866381265531],[10.320120472369714,44.98543443689849],[10.319148326642724,44.98452747516754],[10.31823071497867,44.9837849252734],[10.317081519793971,44.98400672016343],[10.314580644857418,44.98502574873148],[10.310848201614096,44.986553969665394],[10.308900787022015,44.987377474877306],[10.308655361355155,44.987740368270764],[10.309191956892617,44.98957959795864],[10.309941785011311,44.99242458815029],[10.310005841501706,44.99300897811521],[10.309748723678652,44.9934170083221],[10.305544185823774,44.998209145229865],[10.304687581551391,44.99903809404028],[10.30378227927034,44.9993995076045],[10.302987645767974,44.999606624772696],[10.300532325721074,45.000146088237756],[10.299856348362766,45.000281446051],[10.291848096637878,44.99995374092266],[10.27393413651919,44.99852118914661],[10.273580253732847,44.99915527326343],[10.272874179463807,44.999928306164044],[10.270597266227671,45.00196107350586],[10.269649682838825,45.00271877023815],[10.269581655883607,45.00276833411339],[10.268712393755925,45.00336832070992],[10.267897775762393,45.00382746111825],[10.265114484940394,45.004777999990786],[10.262581784730768,45.009629517264905],[10.260788315015445,45.01290799412815],[10.26056843027872,45.01329749909978],[10.260030514332424,45.01423062579291],[10.258484134603695,45.016057056673226],[10.25781792534577,45.016538261568876],[10.257509642192643,45.016760930624436],[10.25652081449448,45.01740223859986],[10.255857175712784,45.01780532480674],[10.254086164695122,45.01865295877317],[10.253278985941092,45.018886866411194],[10.252870122144627,45.018956381058224],[10.252090330827265,45.01908894701585],[10.250547573768927,45.019348899728506],[10.24931029906069,45.019650501956406],[10.248821483396627,45.019800366222576],[10.248074797689952,45.020033087518684],[10.246829502742292,45.0205507896132],[10.243185619819924,45.02225585636214],[10.242182684902644,45.02283239213486],[10.242333079812099,45.023916976076265],[10.242400775772397,45.02469938932682],[10.242245245843645,45.02983212842759],[10.241903747151854,45.03282443722527],[10.24175314550333,45.033492211903386],[10.241847021403617,45.03431034341688],[10.242312096490997,45.03526849475283],[10.243145080912923,45.03621360503627],[10.244355164769992,45.036983590962805],[10.246157775956458,45.0375580419826],[10.24842497110198,45.03789336192878],[10.249507417647125,45.03804355425321],[10.250853879343639,45.03807381306856],[10.252998819170248,45.03799504508967],[10.2546977375363,45.03793262310092],[10.259411413707317,45.03808776447336],[10.261400842183063,45.03848890384047],[10.261903396607302,45.03882540678786],[10.269896683115988,45.04431791529338],[10.272295834659717,45.04657765414783],[10.276732471558876,45.047374311559125],[10.278116929909611,45.04852904543549],[10.27960563042287,45.0492325242432],[10.283955534583813,45.050677977609325],[10.287691548632417,45.05135605937306],[10.290408007726604,45.04848082762595],[10.29027609719891,45.04713205398094],[10.290667532219066,45.0442110544751],[10.290892455856447,45.04292124083436],[10.291274975260164,45.041863722523956],[10.291838156680734,45.040372046203316],[10.292285745413217,45.03938579830484],[10.292917017722814,45.03810039465608],[10.293736595368916,45.03672283433142],[10.294421820968646,45.03558083141217],[10.296357532186093,45.03247126031789],[10.29705615400094,45.03136511329812],[10.297845420252534,45.030338935877495],[10.299216816416662,45.02923412214223],[10.300970706875798,45.02820594062739],[10.302565699809684,45.027449609261645],[10.302881681484283,45.02735858165617],[10.30419255537893,45.02698094916047],[10.305634968616104,45.02677542504849],[10.307397293597777,45.02668325107754],[10.308490095616726,45.02673374688824],[10.31193289652725,45.02296749845124]]]},"properties":{"name":"Torricella del Pizzo","op_id":"2803","minint_elettorale":"1030261050","minint_finloc":"1030261050","prov_name":"Cremona","prov_istat_code":"019","prov_istat_code_num":19,"prov_acr":"CR","prov_iso_3166_2":"IT-CR","reg_name":"Lombardia","reg_istat_code":"03","reg_istat_code_num":3,"reg_iso_3166_2":"IT-25","opdm_id":"2514","com_catasto_code":"L296","com_istat_code":"019108","com_istat_code_num":19108,"prov_uts_code":"019","prov_tipo_uts":"Provincia"}},
{"type":"Feature","geometry":{"type":"Polygon","coordinates":[[[9.62864266580877,45.38180465359329],[9.628704209061505,45.38966240138184],[9.624314443041532,45.388930387523416],[9.620206071927552,45.38822366498009],[9.618107573381733,45.38790200169456],[9.617239292844548,45.38788297244813],[9.616459303783317,45.38786589316284],[9.61442869469937,45.3879128373305],[9.605158833241516,45.3883133783223],[9.601840356923027,45.38858295011265],[9.60120587050961,45.38898235767317],[9.600622553663182,45.391802817488326],[9.600595119972168,45.39282910142333],[9.600759563785433,45.39629370980934],[9.601830191006963,45.40206685505817],[9.603838652911316,45.4058907806449],[9.60383130653932,45.407601062700486],[9.6035315078448,45.40944788490502],[9.602883360127729,45.40978436349863],[9.601466002287198,45.409890848247684],[9.600890099656826,45.40981285976137],[9.604953089272918,45.414526052466684],[9.607874411181086,45.414024479948964],[9.612293203385747,45.41255168799978],[9.617709042542476,45.409948168319055],[9.619710869240745,45.410186338057436],[9.61980756917576,45.41019784987738],[9.619660437421015,45.41076571288117],[9.619022204113703,45.41200234844466],[9.620740858242112,45.41139893200365],[9.623152654685647,45.408505524942356],[9.62374981152915,45.407277988527895],[9.627997285944193,45.40426631411284],[9.632004070978137,45.4014808248145],[9.633793284748021,45.40151592696735],[9.635290566186523,45.40172362377078],[9.636954267503217,45.40195739939561],[9.636498019362683,45.40001567206725],[9.635932894880014,45.398614626711364],[9.63563845667773,45.39856227135715],[9.634730761294337,45.39851330595991],[9.633507594520214,45.39881713254468],[9.630892463116426,45.398039510642406],[9.629471432112307,45.39663414069531],[9.629314966796157,45.390595181952015],[9.633368299972968,45.38749433445801],[9.634148657220669,45.38188222511004],[9.62864266580877,45.38180465359329]]]},"properties":{"name":"Trescore Cremasco","op_id":"2804","minint_elettorale":"1030261060","minint_finloc":"1030261060","prov_name":"Cremona","prov_istat_code":"019","prov_istat_code_num":19,"prov_acr":"CR","prov_iso_3166_2":"IT-CR","reg_name":"Lombardia","reg_istat_code":"03","reg_istat_code_num":3,"reg_iso_3166_2":"IT-25","opdm_id":"2515","com_catasto_code":"L389","com_istat_code":"019109","com_istat_code_num":19109,"prov_uts_code":"019","prov_tipo_uts":"Provincia"}},
{"type":"Feature","geometry":{"type":"Polygon","coordinates":[[[9.821466864119694,45.29824537162973],[9.819030713163153,45.300009147128755],[9.808989127543121,45.306021622763346],[9.80021059479708,45.31128627330596],[9.794010091580128,45.31946678197008],[9.79096463620644,45.323988600760714],[9.793453517991976,45.323467255484296],[9.795100591099276,45.324454947181174],[9.79619959099708,45.32548245804407],[9.797372634514053,45.3317842171569],[9.797625804607046,45.33436583923201],[9.797602939546714,45.33637328433985],[9.797021215311203,45.33675540519301],[9.796040483596054,45.33689726151426],[9.797288440979903,45.340336071207204],[9.803758279827884,45.34565551966685],[9.803159974115033,45.34757701251216],[9.802911327882999,45.34804681752731],[9.802804200394679,45.34859664787137],[9.80285127727016,45.34921741876521],[9.804075289423697,45.34916419630223],[9.80488249088941,45.348463909779824],[9.806161657426605,45.34590861257903],[9.811169700628085,45.353353251882886],[9.814085745049228,45.356392936531556],[9.814317725207378,45.356544309722146],[9.816416094986625,45.35597125596881],[9.819733920860902,45.35497533828951],[9.820431722348225,45.35467328965578],[9.820937157032153,45.354309609967025],[9.822958851580289,45.35198172793748],[9.834466217335113,45.34016050164598],[9.83871139979148,45.33722197239619],[9.8402287603888,45.33453741297226],[9.841968808432572,45.32913270974657],[9.84279321145237,45.32243871475751],[9.841756157694405,45.31530828154356],[9.840625826713316,45.31306626958997],[9.83449536983118,45.310860872423625],[9.832188384410891,45.30838432222291],[9.825961762128449,45.30125542238256],[9.821466864119694,45.29824537162973]]]},"properties":{"name":"Trigolo","op_id":"2805","minint_elettorale":"1030261070","minint_finloc":"1030261070","prov_name":"Cremona","prov_istat_code":"019","prov_istat_code_num":19,"prov_acr":"CR","prov_iso_3166_2":"IT-CR","reg_name":"Lombardia","reg_istat_code":"03","reg_istat_code_num":3,"reg_iso_3166_2":"IT-25","opdm_id":"2516","com_catasto_code":"L426","com_istat_code":"019110","com_istat_code_num":19110,"prov_uts_code":"019","prov_tipo_uts":"Provincia"}},
{"type":"Feature","geometry":{"type":"Polygon","coordinates":[[[9.601840356923027,45.38858295011265],[9.600830260808891,45.386085922733876],[9.600928077870815,45.38567134911727],[9.601535921917721,45.38517308933012],[9.60239950979763,45.384700465494895],[9.603123446018088,45.3843095926239],[9.603912016794755,45.383990379509115],[9.60947569251286,45.38109843341616],[9.611912386707504,45.37964520283352],[9.612402126163628,45.37886845351777],[9.612595668066001,45.37786827924565],[9.61263800197741,45.37705794368306],[9.611829605180017,45.37552306170431],[9.60807664937181,45.37212261733822],[9.603713008990796,45.36649295479977],[9.603196621114643,45.36596461766992],[9.59958314739636,45.36357128785062],[9.593787525532163,45.362485403010346],[9.593280553262579,45.362848103561575],[9.592066676970607,45.36276438522085],[9.589891818219114,45.36236157857507],[9.588982777998128,45.36212322686156],[9.587759688394605,45.35991521337179],[9.587627071033548,45.3594388253091],[9.587875349545442,45.356287127260615],[9.584240261937559,45.35988830925345],[9.578832111017691,45.3633993495657],[9.572130385107599,45.365580702684525],[9.571913277917194,45.36638816808944],[9.571901000631918,45.366791837579136],[9.573645364853727,45.36870882621933],[9.575768771092337,45.369989819052854],[9.578920714541997,45.37161610738796],[9.580414477007588,45.38041201510395],[9.57949877024724,45.38212153263719],[9.573571073611257,45.38394821647243],[9.578807610942105,45.38478645554744],[9.59657547355549,45.387197377000085],[9.601840356923027,45.38858295011265]]]},"properties":{"name":"Vaiano Cremasco","op_id":"2806","minint_elettorale":"1030261080","minint_finloc":"1030261080","prov_name":"Cremona","prov_istat_code":"019","prov_istat_code_num":19,"prov_acr":"CR","prov_iso_3166_2":"IT-CR","reg_name":"Lombardia","reg_istat_code":"03","reg_istat_code_num":3,"reg_iso_3166_2":"IT-25","opdm_id":"2517","com_catasto_code":"L535","com_istat_code":"019111","com_istat_code_num":19111,"prov_uts_code":"019","prov_tipo_uts":"Provincia"}},
{"type":"Feature","geometry":{"type":"Polygon","coordinates":[[[9.577589428451368,45.460236204361024],[9.57747485725326,45.46208654812846],[9.57882266198697,45.46505010327111],[9.586277472483301,45.46971967094243],[9.590827727693696,45.476068675029644],[9.592036736248769,45.47484761284679],[9.593432184113137,45.473715235340904],[9.602203846334277,45.47446146630803],[9.605381448816681,45.47490370998926],[9.60864059925239,45.47545346743414],[9.607608496872984,45.47142637997996],[9.608332757751894,45.46858716256446],[9.610278268430433,45.46394121068282],[9.611190538101356,45.4631352332526],[9.612476841384042,45.46261527830857],[9.620039580087276,45.45590463753089],[9.624205882044471,45.455620914773085],[9.626616142238085,45.456147753605876],[9.609528010718222,45.44299048715511],[9.608786432446385,45.44418261279365],[9.605137437283528,45.444940096789225],[9.600706574359325,45.44553054634167],[9.598952228758527,45.445296738570256],[9.598299582993155,45.44403998409972],[9.598502296580778,45.4426527494492],[9.592551059953408,45.440499578636675],[9.578911338583733,45.43873963457497],[9.578749443621142,45.44164739266808],[9.579038946278306,45.452447324530226],[9.577180836021977,45.45835247643135],[9.577218182058717,45.459504433242095],[9.577589428451368,45.460236204361024]]]},"properties":{"name":"Vailate","op_id":"2807","minint_elettorale":"1030261090","minint_finloc":"1030261090","prov_name":"Cremona","prov_istat_code":"019","prov_istat_code_num":19,"prov_acr":"CR","prov_iso_3166_2":"IT-CR","reg_name":"Lombardia","reg_istat_code":"03","reg_istat_code_num":3,"reg_iso_3166_2":"IT-25","opdm_id":"2518","com_catasto_code":"L539","com_istat_code":"019112","com_istat_code_num":19112,"prov_uts_code":"019","prov_tipo_uts":"Provincia"}},
{"type":"Feature","geometry":{"type":"Polygon","coordinates":[[[10.190024945955093,45.178079144758485],[10.189149500565504,45.175153741519935],[10.18812408340126,45.1729680377288],[10.184418653297039,45.168568736323195],[10.18390882978491,45.16852902369854],[10.182420488089615,45.16855344059777],[10.180918846947932,45.16731775900166],[10.179961359700968,45.16285385355289],[10.187349222862071,45.15956370819128],[10.192030222807208,45.157678598306134],[10.194378905425067,45.15743803194042],[10.19569781545625,45.15723519325442],[10.197153051137153,45.156859868289054],[10.19991671628784,45.150934801068125],[10.198148841645603,45.14973814464732],[10.197714606285352,45.1478343659055],[10.194830772036257,45.14557815141458],[10.191333809397154,45.14379635283963],[10.189876030365172,45.144036593686714],[10.182004839686975,45.14537858004112],[10.17366097033906,45.14540163124482],[10.165758266985877,45.13461758691678],[10.161726425470341,45.13522578522753],[10.150855868943541,45.13791034049122],[10.15109952291348,45.14622538401646],[10.151725681413192,45.1482624439492],[10.150016046967698,45.15243842762636],[10.148190761089968,45.153401974272896],[10.141236930695003,45.156838284350094],[10.136299340094162,45.159335953497276],[10.136890326130613,45.16282271305597],[10.138826731432236,45.16677312598957],[10.140206708828716,45.169410312039226],[10.141065843632653,45.17017588292498],[10.14197082288689,45.17000930746846],[10.149791777659178,45.16975078862635],[10.151978885904796,45.17408551543538],[10.152871907016682,45.17744753757294],[10.15149392816288,45.18285795273578],[10.149222514233085,45.190793211856665],[10.163660064093312,45.190872043051336],[10.165196219199807,45.188795027106025],[10.167649652517861,45.18738373010476],[10.169188877069752,45.18671085783918],[10.170167513579912,45.1866378215209],[10.17091949554264,45.18668412870264],[10.178278377450956,45.18675245086295],[10.184719264978007,45.183679283347516],[10.190147436905006,45.18090436087958],[10.190567347255524,45.18028787784062],[10.190473544982137,45.17945171116722],[10.190024945955093,45.178079144758485]]]},"properties":{"name":"Vescovato","op_id":"2808","minint_elettorale":"1030261100","minint_finloc":"1030261100","prov_name":"Cremona","prov_istat_code":"019","prov_istat_code_num":19,"prov_acr":"CR","prov_iso_3166_2":"IT-CR","reg_name":"Lombardia","reg_istat_code":"03","reg_istat_code_num":3,"reg_iso_3166_2":"IT-25","opdm_id":"2519","com_catasto_code":"L806","com_istat_code":"019113","com_istat_code_num":19113,"prov_uts_code":"019","prov_tipo_uts":"Provincia"}},
{"type":"Feature","geometry":{"type":"Polygon","coordinates":[[[10.305527955898574,45.22391326056449],[10.307096182569575,45.22282340993936],[10.317030963877036,45.21616582884098],[10.31841887876314,45.21505161329013],[10.317729546108762,45.21001871812522],[10.317032653453898,45.206309122993765],[10.317696455771191,45.20471733836376],[10.314084821458131,45.202715427659605],[10.311829224569337,45.19920270201928],[10.309413292151298,45.19278636028367],[10.309310787510492,45.19220243928851],[10.309278305230825,45.19189676782493],[10.309385223025028,45.19156247327383],[10.309672970322778,45.19134312517583],[10.308894119464656,45.18735536966168],[10.308570261968672,45.18766512366664],[10.307702038414776,45.188107155691156],[10.30652818319673,45.18854366143534],[10.305352459804178,45.188899174273686],[10.304095831100915,45.18905754759211],[10.302566599779134,45.188984982398104],[10.297125736210916,45.188191780549644],[10.29598336767826,45.18784242702193],[10.295948301458917,45.18781645467999],[10.295687106814809,45.18762299741941],[10.29540284853313,45.18743718884047],[10.294436969400683,45.18694406688669],[10.29328427339812,45.18663305493035],[10.29159854692016,45.18639109194347],[10.289833918393414,45.18660007297427],[10.28808499490043,45.18716496174472],[10.287194332093698,45.18808812062389],[10.287109020303705,45.189385299471894],[10.288305833052291,45.19052400410483],[10.29024488277218,45.19126724611845],[10.292017394707264,45.191400235493866],[10.294250937884508,45.19165399586585],[10.294789242337902,45.19190126700871],[10.294958491941054,45.19197902489073],[10.29537923654237,45.19256836429501],[10.29557988342833,45.19355626139535],[10.295098006584778,45.19420083984581],[10.293749409335906,45.19480122295032],[10.292032585238182,45.19488367320465],[10.289288670699419,45.19437459022406],[10.286840537454399,45.19561741566874],[10.285072764573039,45.196654504398666],[10.282404232286392,45.199465987072976],[10.282627620505334,45.201758861148015],[10.285251681186422,45.212162148663275],[10.28649376117644,45.21426352095469],[10.287644672416818,45.2160598653123],[10.29354134714432,45.22009791301877],[10.29551177900082,45.225363965991164],[10.305527955898574,45.22391326056449]]]},"properties":{"name":"Volongo","op_id":"2809","minint_elettorale":"1030261110","minint_finloc":"1030261110","prov_name":"Cremona","prov_istat_code":"019","prov_istat_code_num":19,"prov_acr":"CR","prov_iso_3166_2":"IT-CR","reg_name":"Lombardia","reg_istat_code":"03","reg_istat_code_num":3,"reg_iso_3166_2":"IT-25","opdm_id":"2520","com_catasto_code":"M116","com_istat_code":"019114","com_istat_code_num":19114,"prov_uts_code":"019","prov_tipo_uts":"Provincia"}},
{"type":"Feature","geometry":{"type":"Polygon","coordinates":[[[10.329555910497293,45.088404563419196],[10.3285906684459,45.08952301749569],[10.327495237466039,45.09050793737211],[10.31978193095842,45.09493618556338],[10.312628827969945,45.098349268495106],[10.309488990893767,45.09888040542971],[10.309813706321782,45.09974084435399],[10.310657582915086,45.10273773155736],[10.31210799279175,45.10834713994774],[10.314745565344973,45.11443346123125],[10.314781124007027,45.114495394343464],[10.317736715655764,45.114862563836574],[10.320658770540993,45.11698020257255],[10.321580926683987,45.12112831004871],[10.317617114954993,45.12734026720409],[10.315090050538734,45.130808026215085],[10.319357539794296,45.131127874216574],[10.319748637237376,45.129890118960375],[10.320412715326343,45.128910269540334],[10.32076182700058,45.12860916419491],[10.32144790263494,45.12858323312895],[10.327015448843435,45.12896874838406],[10.33338572592567,45.13010076662554],[10.336634707011637,45.13036882814499],[10.339544357801499,45.13026272288122],[10.341350941442878,45.1297554294571],[10.343951482936694,45.12786149266852],[10.342906701835888,45.1256053809565],[10.341374152291742,45.118269023202416],[10.346651782180102,45.116163519591986],[10.34896987273722,45.116343187598936],[10.352062249860174,45.11646866043328],[10.354937042894237,45.116533601272586],[10.35684378071713,45.116519955704526],[10.357004726394822,45.11633800275782],[10.359602977487587,45.112787436680236],[10.359314367763057,45.10919920214175],[10.362183756496437,45.10851689043859],[10.363530188974657,45.10847381241591],[10.362366306408143,45.100161135519954],[10.353080522861376,45.09607675375603],[10.339371955601344,45.09137744565338],[10.33184690966924,45.08965611016262],[10.329555910497293,45.088404563419196]]]},"properties":{"name":"Voltido","op_id":"2810","minint_elettorale":"1030261120","minint_finloc":"1030261120","prov_name":"Cremona","prov_istat_code":"019","prov_istat_code_num":19,"prov_acr":"CR","prov_iso_3166_2":"IT-CR","reg_name":"Lombardia","reg_istat_code":"03","reg_istat_code_num":3,"reg_iso_3166_2":"IT-25","opdm_id":"2521","com_catasto_code":"M127","com_istat_code":"019115","com_istat_code_num":19115,"prov_uts_code":"019","prov_tipo_uts":"Provincia"}},
{"type":"Feature","geometry":{"type":"Polygon","coordinates":[[[10.419580661621364,45.13045232938838],[10.415921802331761,45.120033442824784],[10.41175703324413,45.11974294246626],[10.411837779157786,45.11779618245594],[10.412059971785204,45.1124388338724],[10.41146927010464,45.10240024238243],[10.415520163415069,45.09916350317975],[10.419339934151317,45.098413950929356],[10.417310809048155,45.091912936615614],[10.416830994944812,45.090496627757354],[10.414843341383497,45.090800289468206],[10.413324847565738,45.09106214835912],[10.410820068450686,45.09152519779727],[10.410190602413502,45.093315318866935],[10.407731498269342,45.0956411060359],[10.402768297927624,45.098400020655056],[10.400315809230767,45.09879857564866],[10.397669456039013,45.09873902372081],[10.397202179170042,45.099551148411834],[10.396017675729501,45.10117571850072],[10.395996894574477,45.10120419762245],[10.38643176265266,45.10458835468482],[10.382920889440676,45.10553109672408],[10.37136466516315,45.10864103550283],[10.370419527911295,45.109516545194424],[10.36926972125902,45.11034048544594],[10.368293933696894,45.11100031795282],[10.36761239580695,45.11120651597566],[10.367041623998864,45.11114080727989],[10.366975025365196,45.11113312401888],[10.366603665181595,45.10782495663873],[10.363530188974657,45.10847381241591],[10.362183756496437,45.10851689043859],[10.359314367763057,45.10919920214175],[10.359602977487587,45.112787436680236],[10.357004726394822,45.11633800275782],[10.35684378071713,45.116519955704526],[10.354937042894237,45.116533601272586],[10.352062249860174,45.11646866043328],[10.34896987273722,45.116343187598936],[10.346651782180102,45.116163519591986],[10.341374152291742,45.118269023202416],[10.342906701835888,45.1256053809565],[10.343951482936694,45.12786149266852],[10.341350941442878,45.1297554294571],[10.339544357801499,45.13026272288122],[10.336634707011637,45.13036882814499],[10.33338572592567,45.13010076662554],[10.327015448843435,45.12896874838406],[10.32144790263494,45.12858323312895],[10.32076182700058,45.12860916419491],[10.320412715326343,45.128910269540334],[10.319748637237376,45.129890118960375],[10.319357539794296,45.131127874216574],[10.318928487642673,45.13237504549369],[10.318752905166955,45.133034201982646],[10.319101950861828,45.13383131746147],[10.32088213770959,45.136574240350434],[10.321894008717585,45.137984801575094],[10.322470545086599,45.1387162603638],[10.323096470172228,45.139384131002736],[10.323492408386187,45.13965705018907],[10.325025813353209,45.13963245564758],[10.326444341570859,45.139507318796134],[10.327015441416787,45.13941965894044],[10.329069497486946,45.13917974495805],[10.330914042766647,45.139194264330634],[10.332923031823077,45.14353662085589],[10.334189301343146,45.1514702874389],[10.333644303202206,45.15537434399828],[10.335862441728914,45.15665365598648],[10.336244688809481,45.161759949630856],[10.331349480086052,45.16718423312644],[10.327979465548367,45.168915778892966],[10.326602377127875,45.17372963957854],[10.328693218116005,45.17772005082501],[10.328918321879485,45.17809548293832],[10.329100435981767,45.17826440567633],[10.329990950596072,45.17879413658857],[10.334704738649043,45.17572359447715],[10.335518188305857,45.17458888681358],[10.336731970998544,45.17316143692475],[10.338006302215046,45.172147338263905],[10.339818092250965,45.171261940847295],[10.346890989283912,45.167911152964116],[10.353222015482801,45.16539045050294],[10.35835727655658,45.16462244740616],[10.363375482098984,45.16227854446706],[10.364673061607741,45.16165784973223],[10.365265257843257,45.1609597225102],[10.365387330339605,45.16021113580648],[10.365026074774848,45.15946832675641],[10.364392683406516,45.15870974336382],[10.364371196871506,45.15868400682597],[10.363965383288564,45.15767171110238],[10.36504339329762,45.15326602127405],[10.365158573325996,45.152867565171164],[10.365560403879613,45.15147749577891],[10.366585505938446,45.14912482560471],[10.367166208481114,45.14787563059401],[10.367581393982856,45.14715055143868],[10.36827781890932,45.14648508056603],[10.37673220219893,45.141540564157616],[10.383559229085327,45.139306659520535],[10.389511376918113,45.138775287456184],[10.403613409862283,45.136586440744395],[10.414355322488635,45.13330332079682],[10.414843398428706,45.13195602523297],[10.41537069302374,45.13116635371743],[10.416395330565427,45.130433507477335],[10.417518295841548,45.13007750129283],[10.41794920086977,45.13001815430913],[10.418727124856948,45.13010750782486],[10.419370497978207,45.130331780325676],[10.419580661621364,45.13045232938838]]]},"properties":{"name":"Piadena Drizzona","op_id":null,"minint_elettorale":null,"minint_finloc":null,"prov_name":"Cremona","prov_istat_code":"019","prov_istat_code_num":19,"prov_acr":"CR","prov_iso_3166_2":"IT-CR","reg_name":"Lombardia","reg_istat_code":"03","reg_istat_code_num":3,"reg_iso_3166_2":"IT-25","opdm_id":"8353","com_catasto_code":"M418","com_istat_code":"019116","com_istat_code_num":19116,"prov_uts_code":"019","prov_tipo_uts":"Provincia"}}
]}