{"type":"FeatureCollection","bbox":[12.492478162706604,45.64339220462943,13.717331094104305,46.647809805786906], "features": [
{"type":"Feature","geometry":{"type":"Polygon","coordinates":[[[13.38252361177399,45.870948853947304],[13.370106567375652,45.85496648153719],[13.369376548881098,45.854408558989796],[13.369338305001087,45.85437933408086],[13.367297647985403,45.853233331360116],[13.365767207290672,45.85250818003825],[13.35623317479716,45.85672143685026],[13.351137945850972,45.859139256436904],[13.350323140648232,45.859273846033865],[13.349803103151087,45.85925682984911],[13.349370610373086,45.85924267463952],[13.339548960234653,45.85276131515705],[13.338460793855177,45.85161108067682],[13.336506811953535,45.853895205372766],[13.326402785619207,45.865731796793426],[13.325743538314939,45.86658169324202],[13.325703407644218,45.86706025870007],[13.326510078989779,45.86894244312989],[13.327024893630137,45.869391118649204],[13.328224865743257,45.87017183478623],[13.330447069503565,45.87366350188025],[13.330970431973665,45.874712230581686],[13.331539785578853,45.8765331170337],[13.329932937581411,45.87868757757492],[13.33045686401954,45.8847338826143],[13.331544504304075,45.88540819527847],[13.333812222571286,45.88675323206287],[13.337977071779715,45.887094464803994],[13.346388865071006,45.88709864110293],[13.358039888568612,45.890334169865504],[13.36190670208378,45.891168484360264],[13.363878476519174,45.89165562185631],[13.365723333353877,45.89203217747177],[13.365902496003699,45.89206874166394],[13.367332067547522,45.8922885401265],[13.367820332773547,45.892362294770535],[13.368211915078849,45.892412368309834],[13.369195331254978,45.89231618125918],[13.369751227452328,45.891772816041204],[13.370984119059063,45.88879059882694],[13.374143185179186,45.88320188291232],[13.379267461138244,45.87540713449128],[13.381654610038533,45.87205339522759],[13.38252361177399,45.870948853947304]]]},"properties":{"name":"Aiello del Friuli","op_id":"3797","minint_elettorale":"1060850010","minint_finloc":"2060850010","prov_name":"Udine","prov_istat_code":"030","prov_istat_code_num":30,"prov_acr":"UD","prov_iso_3166_2":"IT-UD","reg_name":"Friuli-Venezia Giulia","reg_istat_code":"06","reg_istat_code_num":6,"reg_iso_3166_2":"IT-36","opdm_id":"3651","com_catasto_code":"A103","com_istat_code":"030001","com_istat_code_num":30001}},
{"type":"Feature","geometry":{"type":"Polygon","coordinates":[[[13.15846240539971,46.389401994047766],[13.14769917009212,46.389871633399515],[13.145271241049645,46.38997167462661],[13.143063369736922,46.38984637904036],[13.138876532076448,46.3894101157149],[13.138190361253898,46.38931214705066],[13.13541143195764,46.388549799060236],[13.134654690066593,46.388226418696874],[13.125510956593429,46.382679316625605],[13.122651436449926,46.378220936789],[13.118763011518887,46.372076252259625],[13.118797125384837,46.371895184156394],[13.11982585193483,46.36901819975011],[13.120094031494238,46.36627871943986],[13.12012923945284,46.365887314990644],[13.120018347001123,46.36531259725011],[13.119506551367367,46.36436945017776],[13.11921491796331,46.36398774283649],[13.117075753677312,46.362897202135485],[13.11509052831466,46.36239712802242],[13.106675265175735,46.36218437340988],[13.10099895542974,46.36228703545677],[13.098967646824866,46.36247250960978],[13.09721272329923,46.36311605490994],[13.095614283802632,46.36348395121632],[13.093608288829929,46.36359639644303],[13.090043363479783,46.36330114346187],[13.084937325378666,46.362858406281404],[13.081908879656638,46.36244469144271],[13.07918945273637,46.362186370390184],[13.078225060800147,46.3622208261509],[13.077781982452949,46.3622501459717],[13.07723452756194,46.36229670219942],[13.075027875247157,46.362941518776516],[13.074936209022612,46.36296831003501],[13.074886732008904,46.362983055318075],[13.074803060757157,46.36300800394655],[13.074158891866578,46.36320009375433],[13.071484371175453,46.363997594381274],[13.070941635122084,46.364159423802846],[13.062451014864026,46.36678858689771],[13.062029095362291,46.36696111470179],[13.060574081716997,46.36912356349296],[13.059035921846064,46.37143744488649],[13.05838567101532,46.372524060184816],[13.058302691332683,46.37266272901424],[13.057211605852682,46.37448604125459],[13.055864326056433,46.37655008971607],[13.054695906612178,46.37831974287268],[13.05339763816014,46.37972046862848],[13.051272712468384,46.38133052405971],[13.050266929813983,46.38182074285318],[13.051386721190527,46.38399967683419],[13.052895633985765,46.38647167858061],[13.053045711163621,46.38671752762646],[13.056547605424374,46.39029697212883],[13.057426786973616,46.39107465158763],[13.058059009304857,46.39163385900688],[13.058797552800154,46.3921903182438],[13.059770197842894,46.39292313615463],[13.063090165601793,46.39496774303639],[13.067903764916425,46.39758853426207],[13.074629713757789,46.4012640234151],[13.076928032699886,46.40274872861268],[13.07791535781239,46.40513853057322],[13.078491294420102,46.40687310789711],[13.078503795782153,46.40729119023633],[13.078320995042676,46.407653252532185],[13.077059128486113,46.410119531285545],[13.076853045904796,46.410518416717615],[13.075882075253837,46.41192569919395],[13.074903190497423,46.41308573326411],[13.074237012193734,46.41398030923698],[13.07418018777522,46.41405662068769],[13.074539067452065,46.41453884899162],[13.076567570093236,46.41608657428166],[13.079674334302982,46.417465218606736],[13.087695435742678,46.41753385982016],[13.091820403721165,46.417548102921835],[13.101181900791731,46.41808077528255],[13.105118857121477,46.41929388999108],[13.10658384397733,46.418818175268854],[13.124460062853787,46.41290380447231],[13.133060702998758,46.411341657416415],[13.134301199437042,46.41136178165955],[13.134348116373992,46.41136253985767],[13.137857344245177,46.41080487465994],[13.141184085386316,46.40967096967094],[13.158120610153412,46.40053527107592],[13.162357388169012,46.39292820651768],[13.15846240539971,46.389401994047766]]]},"properties":{"name":"Amaro","op_id":"3798","minint_elettorale":"1060850020","minint_finloc":"2060850020","prov_name":"Udine","prov_istat_code":"030","prov_istat_code_num":30,"prov_acr":"UD","prov_iso_3166_2":"IT-UD","reg_name":"Friuli-Venezia Giulia","reg_istat_code":"06","reg_istat_code_num":6,"reg_iso_3166_2":"IT-36","opdm_id":"3652","com_catasto_code":"A254","com_istat_code":"030002","com_istat_code_num":30002}},
{"type":"Feature","geometry":{"type":"Polygon","coordinates":[[[12.693113943906777,46.34373997295558],[12.692308579066403,46.346191687704035],[12.692289859882866,46.346322721630465],[12.692217520122568,46.34682916995362],[12.692564212538047,46.34717292793928],[12.692753766045984,46.3473608706514],[12.693177640772399,46.34767316667607],[12.693245287004666,46.34772300270252],[12.697118756886889,46.35048234607416],[12.697550704505577,46.350742133640246],[12.697892694085896,46.35094781350942],[12.698579646898033,46.35130359376553],[12.699299841181233,46.351478270729416],[12.705459759859702,46.36142222718111],[12.716466394505638,46.37087519880043],[12.727449469870614,46.37637763499451],[12.727626909923911,46.37639781891121],[12.73015408879822,46.378178405920806],[12.736052524491756,46.382391376696425],[12.741139421718357,46.38613558749348],[12.737929715483432,46.38734326544864],[12.733737168961843,46.38933906355859],[12.731465852337138,46.39422410197217],[12.73239461377048,46.39535932019551],[12.735510764840104,46.39705755500414],[12.738292931520117,46.398672118097764],[12.738946073171464,46.39922227634035],[12.739099267837576,46.40026131682802],[12.736058627386377,46.4042400982116],[12.73469499421438,46.405703651234624],[12.734575202425065,46.405832209482256],[12.732701091351135,46.40772959177799],[12.7088126681934,46.40736559194532],[12.701810869091645,46.40720497287647],[12.698258460634815,46.40753419029375],[12.698152378429242,46.407544024932044],[12.694706286979036,46.4081146042302],[12.693949551438868,46.40825346314695],[12.691967129353529,46.40861721568721],[12.689839883798214,46.40904147958207],[12.688844698883974,46.40947864685996],[12.682316540371414,46.41495464431657],[12.679886910014547,46.417958122154424],[12.680459470207284,46.41852470184683],[12.680724669200854,46.41932171733124],[12.681391796089233,46.422630406937934],[12.681335791462022,46.42365827038545],[12.68086495606916,46.427993700709315],[12.679265683870945,46.431001896774845],[12.678716085004009,46.43204565781423],[12.677775277522281,46.43487961930877],[12.67761029322896,46.4357039753705],[12.678625789660915,46.4415126083184],[12.67894340968033,46.44260034843382],[12.680071278697866,46.444220189697276],[12.682480841091808,46.44762122752561],[12.692103254735938,46.452512859836204],[12.693697521721901,46.4517412756043],[12.697743723325617,46.450017265377866],[12.699290317435116,46.44976917895217],[12.71372351095771,46.447716669565295],[12.729929821086243,46.447499058516904],[12.733420207590177,46.44753353265594],[12.753505059503677,46.449753667413546],[12.76657826452845,46.45049949529141],[12.770174958403198,46.4507498437061],[12.770952563119467,46.45148472250781],[12.771496284566833,46.45218536801283],[12.771817444523709,46.45259922155288],[12.77161410976195,46.453460994598494],[12.770550817717282,46.45616477504928],[12.769155079497308,46.45944204513654],[12.767091638935783,46.46117521776374],[12.766615292402152,46.46136193099968],[12.766287780749776,46.461723755172144],[12.764204569226417,46.4642225861284],[12.76263467745406,46.46825254250197],[12.762960384664398,46.47107248819831],[12.76558990157302,46.474422319270104],[12.768858806043465,46.47792460479693],[12.770725331404154,46.47902035522102],[12.77430732486629,46.480324114568404],[12.77537290620453,46.47815578385983],[12.775941319955669,46.47701642872598],[12.776777086227412,46.475998729569994],[12.778017964137549,46.474940631268616],[12.786252569070099,46.46848457222064],[12.800980527869129,46.45657364960285],[12.80754454875095,46.45302028257975],[12.812099276934552,46.44821055948477],[12.811732011233024,46.440833316853386],[12.814694262287992,46.41947052669305],[12.816331083593877,46.408232498746735],[12.815631789331771,46.4067618541694],[12.810394249091951,46.407292265947554],[12.805778670004669,46.40783321234896],[12.802177710890126,46.40707828230114],[12.791028582751734,46.40419256729747],[12.789178045102384,46.40262487508246],[12.788702446817297,46.40154708358061],[12.788838723539904,46.4001114654488],[12.788987749737244,46.39897694623534],[12.776878791341968,46.39794341052255],[12.773111514163007,46.39785100838738],[12.772063401525296,46.39677855746405],[12.771097839953242,46.39523984130937],[12.769186903421017,46.389763086071916],[12.76936174860247,46.38866822533878],[12.770268336871812,46.38718470693558],[12.77107473373644,46.386199949511834],[12.775479575190587,46.38177269911607],[12.778267156852694,46.38012035889835],[12.783496113247102,46.378115976621146],[12.784157196279233,46.3779046866234],[12.784910434066365,46.377596192023766],[12.784471162934684,46.37688621407097],[12.782338782168166,46.374963222683704],[12.778378272947931,46.37257417424165],[12.769933576586633,46.3676104314843],[12.768312191478035,46.3668763896164],[12.765062211938556,46.365620008657764],[12.753361935084227,46.36432106349612],[12.74188153936127,46.36551558519176],[12.736672936575971,46.364248376846355],[12.724896465851804,46.36044335229445],[12.721839172438688,46.358940937981856],[12.71716431337166,46.356636035643895],[12.711488148326305,46.35371996130846],[12.707105915491738,46.351283627052624],[12.704398855110027,46.34953985858565],[12.702060177902208,46.34770306863634],[12.696441841056272,46.34510747811815],[12.693113943906777,46.34373997295558]]]},"properties":{"name":"Ampezzo","op_id":"3799","minint_elettorale":"1060850030","minint_finloc":"2060850030","prov_name":"Udine","prov_istat_code":"030","prov_istat_code_num":30,"prov_acr":"UD","prov_iso_3166_2":"IT-UD","reg_name":"Friuli-Venezia Giulia","reg_istat_code":"06","reg_istat_code_num":6,"reg_iso_3166_2":"IT-36","opdm_id":"3653","com_catasto_code":"A267","com_istat_code":"030003","com_istat_code_num":30003}},
{"type":"Feature","geometry":{"type":"Polygon","coordinates":[[[13.418687983823663,45.742391478448376],[13.410968144610203,45.74084462292938],[13.403673358538176,45.738773179344975],[13.405774488678102,45.73448411145171],[13.406333802055842,45.73383215976614],[13.40711452213807,45.73347344418531],[13.40781752756206,45.7331582248639],[13.40815555538757,45.73252405781293],[13.408293590694182,45.731798614684756],[13.408288499846988,45.73059261750156],[13.408256384280376,45.730124523573636],[13.408234602622677,45.729807092429084],[13.407927109211302,45.72885133283515],[13.406537916254855,45.725727532523415],[13.405114944455777,45.725048994883984],[13.389534587237588,45.724238350477755],[13.384284748788728,45.7251541145146],[13.370468212343765,45.73012248801183],[13.368268778232274,45.73113753997349],[13.365788474271882,45.73271836356074],[13.367582596839929,45.73358940425436],[13.370110551111294,45.73481660843927],[13.371506291663817,45.735015149998354],[13.372377663209853,45.73506276364182],[13.37192365569193,45.73742501723801],[13.355507464132076,45.73747714773035],[13.353685374469341,45.73607500377248],[13.349329068807657,45.73560663951855],[13.34406526799117,45.73563689944396],[13.340403197424708,45.73575343713611],[13.336402255702644,45.73604419299378],[13.334520728373521,45.7361842836656],[13.332587646675972,45.73632822729707],[13.32716981329066,45.736925796666974],[13.322939909879535,45.73798959739085],[13.321588348015936,45.73845725280822],[13.321347942170718,45.738571135047955],[13.3204715807485,45.73898654804364],[13.318497349524115,45.74074669382068],[13.317259022733886,45.74185985445135],[13.316364879059426,45.7428166747334],[13.315793524030202,45.74427489269991],[13.291139965420804,45.750225086955034],[13.290899244649111,45.750234149037105],[13.290316275652428,45.750256091253064],[13.289196027335231,45.75029823028763],[13.287294978245983,45.75006898685862],[13.276268975659546,45.747614489200856],[13.273772469473657,45.75083104096495],[13.27264811783619,45.75209591940535],[13.270705335307554,45.7530478928623],[13.270726672895037,45.75321219547274],[13.270799014522906,45.75376898566057],[13.271050587747354,45.754358156544995],[13.271570259725735,45.75499577639915],[13.27251685933433,45.755214741261035],[13.272859656502717,45.75529402743429],[13.280679718769575,45.7556443552534],[13.282813896359716,45.75564974056094],[13.284451663199516,45.75554320730727],[13.288256292735174,45.7547161109962],[13.289793740077368,45.753620779205804],[13.294671596595109,45.75388511647931],[13.299671946522151,45.75519090348023],[13.309415960968478,45.757774756721716],[13.316650479241869,45.75973875724665],[13.324032846482456,45.76182642016351],[13.350539664978701,45.76872142964019],[13.348314102249779,45.778306638159144],[13.347985000002023,45.77870141718661],[13.347554479785742,45.77921832652139],[13.347092398480477,45.780460122429375],[13.347063248615267,45.78103380330063],[13.34702984742827,45.781691179128615],[13.347096091824902,45.782521273866294],[13.347566694869874,45.783556496859646],[13.348219337047679,45.78454427076371],[13.349158784623835,45.785827132603714],[13.349582921308786,45.78636899768396],[13.349966085370212,45.78685849672111],[13.35083619353014,45.7876232950553],[13.351054173094585,45.78781488589653],[13.351287943501378,45.78795038923257],[13.351479617353732,45.788061155828736],[13.352095926412904,45.78841590274636],[13.35251906841769,45.788459531825836],[13.352953125061223,45.78850427294999],[13.353139156739088,45.7883329504812],[13.353216752501986,45.78826148786465],[13.357750392762213,45.78787355303091],[13.362969894538443,45.78999826738307],[13.367963265644697,45.794316780351984],[13.37037777907069,45.79406224783867],[13.376304019373972,45.79380347282724],[13.385040237249868,45.79733191574662],[13.390347321341926,45.801179150187096],[13.39186747618518,45.80017430740169],[13.391579663886272,45.79484688686198],[13.390795768646242,45.792355266699005],[13.390363917270848,45.791701298236006],[13.389773863991632,45.79081850854912],[13.388283118525646,45.786205065123504],[13.38685534363904,45.78041812252238],[13.38684234859912,45.779706070927226],[13.38683565056286,45.779338729056555],[13.393901968805066,45.76391737936217],[13.394384377241082,45.762894213443055],[13.394656261982522,45.76231758219258],[13.396188377667167,45.75908105018583],[13.398590390245532,45.75467675557988],[13.398907939677311,45.754190337779285],[13.399304717016422,45.75358254767771],[13.407617750837577,45.751942825313876],[13.41641586919091,45.74361367551789],[13.418687983823663,45.742391478448376]]]},"properties":{"name":"Aquileia","op_id":"3800","minint_elettorale":"1060850040","minint_finloc":"2060850040","prov_name":"Udine","prov_istat_code":"030","prov_istat_code_num":30,"prov_acr":"UD","prov_iso_3166_2":"IT-UD","reg_name":"Friuli-Venezia Giulia","reg_istat_code":"06","reg_istat_code_num":6,"reg_iso_3166_2":"IT-36","opdm_id":"3654","com_catasto_code":"A346","com_istat_code":"030004","com_istat_code_num":30004}},
{"type":"Feature","geometry":{"type":"Polygon","coordinates":[[[13.138247053844717,46.475315681171246],[13.13513764110245,46.4717560372121],[13.132787296348008,46.4672261910008],[13.131873455083921,46.46437659645064],[13.131186512674873,46.46351937517486],[13.127005340327264,46.459266203408774],[13.123405291688156,46.45613204304014],[13.118670114119997,46.45254965520747],[13.116768003800447,46.45143914945253],[13.113943704791643,46.450294355976844],[13.111809569943203,46.44949364567938],[13.104968684513778,46.450041346646074],[13.10323617123717,46.450423141781016],[13.09871903496482,46.45154847268096],[13.098545335913977,46.45166539073828],[13.097624334060612,46.4522853263193],[13.096539741244115,46.454272880378674],[13.095880828190246,46.455979666763696],[13.095776494331158,46.45747303968398],[13.09618395227349,46.458497995535204],[13.096345659780255,46.45949127231014],[13.095912654254699,46.45992533372925],[13.094771871101836,46.46050629804942],[13.091696230339906,46.46169665092691],[13.084936381945353,46.45990452645827],[13.08041434088482,46.458477608478745],[13.079474355209658,46.45816466665025],[13.077838572560912,46.45730952007307],[13.077455651608728,46.45702167811148],[13.077130501125076,46.456188305152516],[13.077053880591107,46.45599193491212],[13.075551665225968,46.45451546006586],[13.074609691953667,46.45428354722739],[13.073189775438024,46.45470324118598],[13.071353205634466,46.455407798024545],[13.066520086497405,46.45735316468236],[13.055226967897484,46.46254319097787],[13.044930582780015,46.46022619497923],[13.043984253704684,46.45936414841939],[13.042866708882796,46.458553151116675],[13.041463027907168,46.458076307041715],[13.035454899825899,46.456425673879984],[13.033882209166485,46.45599520400408],[13.03276388903336,46.455900577235866],[13.032386464789731,46.457055336674486],[13.029174274916956,46.462155097130996],[13.02686865872068,46.46530784303793],[13.021540083527785,46.47242927753287],[13.015650117573976,46.472929587752674],[13.012512352092102,46.47300623526059],[13.006328463073375,46.47735180429923],[13.003796899570482,46.481031866491016],[13.004403805547948,46.4818881417263],[13.004921958799814,46.48268901732976],[13.005405757888989,46.483698120976484],[13.005572537206737,46.48449333435463],[13.005263478190304,46.48510727657951],[13.003398000508886,46.486585794449645],[13.002295204148584,46.48609784647805],[13.001236418153916,46.48548692173351],[12.999546686050897,46.484313036812026],[12.997654883645579,46.48294817205913],[12.996895122669077,46.48234921782258],[12.996724827388652,46.481671115326925],[12.996732427198989,46.480775287704034],[12.997019595497383,46.480382706297384],[12.9955117437928,46.479931434963],[12.991104463268886,46.48039609012948],[12.990693151448609,46.48059497940115],[12.98855784362955,46.48162815663866],[12.984825704272176,46.48378809351502],[12.9926007103121,46.48674688778231],[13.001020209983297,46.48925227008335],[13.002600804696874,46.490911491909806],[13.002667634489185,46.490982075873546],[13.003265968259543,46.49161721915164],[13.003293523182942,46.49229129703936],[13.0020244656248,46.499275647101406],[13.001856609587175,46.50082480350618],[13.002263342941525,46.50082852381017],[13.004647871516841,46.5012174377375],[13.009070307991712,46.50394699008283],[13.025454931211808,46.50678632442848],[13.026842128195563,46.507718493698256],[13.027298478663063,46.50792522218844],[13.027957395781257,46.50822369480428],[13.02944587750217,46.50853120216542],[13.032892774094753,46.50838465599418],[13.034787641460284,46.50817438541372],[13.0369747111892,46.50767030338402],[13.039143715079163,46.50671698949038],[13.042390275656919,46.5048829911453],[13.044540691336008,46.504154286372184],[13.04575911474454,46.50398511528849],[13.053214763706086,46.50360822469378],[13.055106565077349,46.50357705424166],[13.060905196798323,46.50395602870505],[13.063948389082183,46.50456903929049],[13.077808559700694,46.5065332910098],[13.08140491270009,46.506973941569804],[13.08138086238539,46.50506666230625],[13.08035271490042,46.49873993917169],[13.079786874570736,46.49815709371996],[13.07942709812708,46.49724738000068],[13.07979478085459,46.496446696537674],[13.082211668793661,46.49368710538506],[13.083898680419175,46.49201565660066],[13.094670075948363,46.48739546416904],[13.096820041525833,46.48657988752848],[13.100528152931371,46.48597426191131],[13.10191625096858,46.48576237290817],[13.105134938310927,46.48538567777636],[13.115886949995806,46.48514084312586],[13.130258083007138,46.484916204239184],[13.132964337263667,46.48285698935541],[13.134228714155705,46.48120822920854],[13.137202249861067,46.47690166297291],[13.138247053844717,46.475315681171246]]]},"properties":{"name":"Arta Terme","op_id":"3801","minint_elettorale":"1060850050","minint_finloc":"2060850050","prov_name":"Udine","prov_istat_code":"030","prov_istat_code_num":30,"prov_acr":"UD","prov_iso_3166_2":"IT-UD","reg_name":"Friuli-Venezia Giulia","reg_istat_code":"06","reg_istat_code_num":6,"reg_iso_3166_2":"IT-36","opdm_id":"3655","com_catasto_code":"A447","com_istat_code":"030005","com_istat_code_num":30005}},
{"type":"Feature","geometry":{"type":"Polygon","coordinates":[[[13.169874968201574,46.23789738981936],[13.166402654241232,46.23371724398089],[13.161845382416118,46.223185912180114],[13.160830871921476,46.21939352605014],[13.160276629590735,46.218499616738505],[13.157886662931762,46.2174705997381],[13.157317095004606,46.21733846637951],[13.149866326066276,46.217325997628066],[13.146387802294939,46.21884083828364],[13.141683972147286,46.22533702298543],[13.14001002552865,46.227237307965574],[13.13854797543853,46.228398315463046],[13.131194853043723,46.2316083132292],[13.127187277121287,46.23303141796035],[13.123210393619827,46.234432919784986],[13.119488219238264,46.235568795839136],[13.117490642034678,46.23593778521441],[13.114336452327416,46.23674023395758],[13.11427101351709,46.23682186444654],[13.113957547095483,46.23721295071202],[13.11386966359063,46.23741202541065],[13.113634537176706,46.23794465256895],[13.114371436115723,46.23952476455229],[13.118639562544237,46.24180105578451],[13.12872904503051,46.24982984444493],[13.138828662319193,46.2558006730726],[13.15029794585907,46.260064660370666],[13.153328773672806,46.2613720731872],[13.155255115915688,46.26045133467632],[13.160210008504055,46.25749856016702],[13.16038722828439,46.2567225258599],[13.160595460413566,46.25568295522909],[13.159619738980117,46.251975518223944],[13.158673450958265,46.24823861953226],[13.158806339908391,46.24813024796902],[13.159192395677271,46.24784166784557],[13.166718035537983,46.24234662856796],[13.167035416513013,46.242191016008924],[13.168696371882977,46.240946738006],[13.16987171371691,46.239607666861396],[13.169874968201574,46.23789738981936]]]},"properties":{"name":"Artegna","op_id":"3802","minint_elettorale":"1060850060","minint_finloc":"2060850060","prov_name":"Udine","prov_istat_code":"030","prov_istat_code_num":30,"prov_acr":"UD","prov_iso_3166_2":"IT-UD","reg_name":"Friuli-Venezia Giulia","reg_istat_code":"06","reg_istat_code_num":6,"reg_iso_3166_2":"IT-36","opdm_id":"3656","com_catasto_code":"A448","com_istat_code":"030006","com_istat_code_num":30006}},
{"type":"Feature","geometry":{"type":"Polygon","coordinates":[[[13.387601940994879,46.210682878270525],[13.382119234196372,46.207581199751594],[13.38112373659592,46.20658879951989],[13.379700889722939,46.205153755699676],[13.377929355396008,46.20324600377619],[13.377214047846554,46.202463364032326],[13.375482836092202,46.20007246700102],[13.369297651607342,46.191407445852896],[13.365677477806036,46.186739479437875],[13.356464048802142,46.181510944182655],[13.349841132630221,46.17553040735632],[13.35006431860401,46.1710978874714],[13.349661066295916,46.16941652956118],[13.345906704742305,46.164176960484774],[13.344833834277145,46.16268414981617],[13.343710267797963,46.16138481045242],[13.34202841911319,46.160035666765104],[13.341155028406204,46.15934882372422],[13.340190436337974,46.15912893882008],[13.336390103509045,46.15832489335783],[13.326585570290037,46.15331340922325],[13.322217080350553,46.14919896894892],[13.321209889710847,46.14825600997682],[13.320057092116704,46.148718193821644],[13.314977026315582,46.15265487983599],[13.312127098790919,46.15731267418247],[13.312357894076118,46.16119240016414],[13.3111190851793,46.16613578628007],[13.310742219445796,46.16658657914506],[13.310437123531567,46.16683662591378],[13.309022582209094,46.167457134298886],[13.306299271795712,46.167856975501515],[13.295671898879522,46.16928818533703],[13.292888789918608,46.17507261564192],[13.288075707612531,46.183251005760724],[13.278861414590935,46.188254921878546],[13.278606621564895,46.18853002596869],[13.279971602059076,46.190063008984346],[13.281295988523574,46.19079190171638],[13.284056950321771,46.19119233817155],[13.28529686875373,46.1925724608886],[13.288211353973788,46.196396408592264],[13.292436234490514,46.20015748514943],[13.295042737848762,46.20177860383241],[13.302091311000058,46.204397897479545],[13.303143208103949,46.20476328290838],[13.30743961215153,46.205825309152445],[13.310536315684129,46.206320434805455],[13.317621536370497,46.2073352083624],[13.33106800669475,46.20891835282836],[13.342335199865344,46.21316617097732],[13.347510720094098,46.21523285109092],[13.349040698739625,46.21609265520636],[13.34962390565556,46.21652947690665],[13.35208217714663,46.21844747096237],[13.352639704022568,46.21890775048268],[13.353249345962867,46.222768450621636],[13.353061962124821,46.22340116672507],[13.352674098783744,46.224235062709454],[13.349795332109789,46.22682910717793],[13.35635874887284,46.22678125045305],[13.357911915166898,46.22597486079063],[13.357809989861497,46.2254971855959],[13.358611980503783,46.224264925084185],[13.35921573797141,46.223589272273884],[13.361922688221567,46.22152360277781],[13.362819248662976,46.220994283372754],[13.370690575604863,46.2196579123372],[13.377316417240875,46.217900733217014],[13.386184855313617,46.215287402753354],[13.386899823379094,46.21475769870081],[13.386966544569356,46.21470824657379],[13.386992094262835,46.214689306995574],[13.387653042378354,46.211648525193915],[13.387601940994879,46.210682878270525]]]},"properties":{"name":"Attimis","op_id":"3803","minint_elettorale":"1060850070","minint_finloc":"2060850070","prov_name":"Udine","prov_istat_code":"030","prov_istat_code_num":30,"prov_acr":"UD","prov_iso_3166_2":"IT-UD","reg_name":"Friuli-Venezia Giulia","reg_istat_code":"06","reg_istat_code_num":6,"reg_iso_3166_2":"IT-36","opdm_id":"3657","com_catasto_code":"A491","com_istat_code":"030007","com_istat_code_num":30007}},
{"type":"Feature","geometry":{"type":"Polygon","coordinates":[[[13.333812222571286,45.88675323206287],[13.331544504304075,45.88540819527847],[13.33045686401954,45.8847338826143],[13.329932937581411,45.87868757757492],[13.331539785578853,45.8765331170337],[13.330970431973665,45.874712230581686],[13.330447069503565,45.87366350188025],[13.328224865743257,45.87017183478623],[13.327024893630137,45.869391118649204],[13.326563275441242,45.87069144422201],[13.325085900473482,45.87431619746139],[13.324557885299821,45.87515984040915],[13.32451185567614,45.87516168471407],[13.32257116731462,45.87523940180736],[13.321443316626366,45.87503486577073],[13.321244455328308,45.87466254459088],[13.32108989708966,45.87437315700641],[13.32102933843757,45.873416828570335],[13.313438285133392,45.87215594187305],[13.312467166971,45.87315579675974],[13.305716385348681,45.870624966278335],[13.305595478982395,45.8705741544712],[13.30416394054777,45.8699724762988],[13.303173624481568,45.869465264419226],[13.30220302540435,45.868358712530956],[13.295808698828948,45.8575010749693],[13.29512352195164,45.85590677653976],[13.295853811744717,45.85223375336233],[13.298602172303566,45.85165763263254],[13.299193339549548,45.85252648185328],[13.303784961658163,45.854873663715026],[13.313578452490285,45.84878336370336],[13.314611827857568,45.84784415058817],[13.315765519848647,45.84673385936294],[13.316106914883493,45.846090837484944],[13.31608590085525,45.84580017837304],[13.316062129943262,45.84547143989922],[13.31241473841779,45.838295884906366],[13.308714992078015,45.82949296309896],[13.305362531089102,45.82627557606133],[13.295859932474022,45.82602632056037],[13.289993871387324,45.82839117058749],[13.281626851311913,45.843263406407225],[13.281498813023813,45.843578056673714],[13.281487707102478,45.84360535514832],[13.28195918553332,45.851575815031424],[13.282581621912161,45.8621376942678],[13.28322411906514,45.87308300423796],[13.283226407305706,45.87319101051593],[13.274496781611436,45.8735455486579],[13.273585785278291,45.876311568785496],[13.275396875263848,45.887733228563086],[13.280412057109507,45.89348048081606],[13.288277616583523,45.894694199664535],[13.29030560335435,45.89403110546107],[13.2919992967605,45.893797143743896],[13.29592500069358,45.89504550901206],[13.296318532316135,45.893923535685985],[13.296744226165229,45.8930268219679],[13.296801501167355,45.892906207230084],[13.297229871259185,45.892215151487356],[13.297492782488787,45.891791015004344],[13.298341236909168,45.89102094614019],[13.31327867186184,45.89122235046119],[13.321301081695093,45.89369071795992],[13.32394609021371,45.894657255875906],[13.324193306262249,45.894808961915324],[13.325127196870042,45.89538206717052],[13.32707381262178,45.89385002071606],[13.332833679775987,45.889693307894596],[13.333812222571286,45.88675323206287]]]},"properties":{"name":"Bagnaria Arsa","op_id":"3804","minint_elettorale":"1060850080","minint_finloc":"2060850080","prov_name":"Udine","prov_istat_code":"030","prov_istat_code_num":30,"prov_acr":"UD","prov_iso_3166_2":"IT-UD","reg_name":"Friuli-Venezia Giulia","reg_istat_code":"06","reg_istat_code_num":6,"reg_iso_3166_2":"IT-36","opdm_id":"3658","com_catasto_code":"A553","com_istat_code":"030008","com_istat_code_num":30008}},
{"type":"Feature","geometry":{"type":"Polygon","coordinates":[[[13.133560972272658,46.04131824463432],[13.134528856698005,46.03868184625221],[13.13457007161338,46.03855121355194],[13.134788791032122,46.03785784257192],[13.134896644414452,46.03715674253568],[13.134947060736168,46.036478651563655],[13.13503475081879,46.034793072295635],[13.133406719434992,46.034397497367806],[13.13094330370662,46.033811728398256],[13.128597022840239,46.026821727912996],[13.126033854656049,46.01816542961173],[13.12674547427756,46.01581739385583],[13.127303189307263,46.0146225709062],[13.127465065639969,46.01440818275931],[13.127506044166193,46.014354208334964],[13.130081656293244,46.015011472636296],[13.132077292069004,46.01559290475694],[13.134341043988519,46.01628571952832],[13.134637878862002,46.016379470636316],[13.135962324246453,46.01679780185787],[13.137145988314016,46.01729928061555],[13.147375504478129,46.01189973397393],[13.1521922233967,46.00856635511778],[13.15693543754394,46.00340251420669],[13.15923706866868,46.00080289105187],[13.15676094448461,45.99932238787226],[13.14949226002946,45.995369982127606],[13.140640664745876,45.99477993310871],[13.134962589557803,45.996235058966874],[13.12637880013411,45.993799390205005],[13.12535824359123,45.99188866744035],[13.115491257854632,45.992321536485356],[13.105767684365846,45.99422456787819],[13.105196994085153,45.994681641280906],[13.10117871915429,45.99359751451106],[13.09923536310696,45.99303277746535],[13.09063209155501,45.99051523061632],[13.077930886002711,45.98664038939],[13.072564925805553,45.98389320616849],[13.066295062095453,45.98339227030635],[13.063231518414764,45.98607573912749],[13.060567639410952,45.986220073073106],[13.049665943395732,45.98153993931438],[13.048622862503839,45.98109090481392],[13.047980178185425,45.98067715313201],[13.047198614221712,45.97976426052551],[13.047569669386997,45.98168630640024],[13.047619406544314,45.98321921765528],[13.04767622077238,45.9856114949137],[13.047232339393048,45.99420075445764],[13.044267835508334,46.003046298387936],[13.042380603682592,46.00645232987522],[13.045720445802543,46.007404831036325],[13.048232060023008,46.010560703318625],[13.051543700143009,46.01556925740055],[13.052010453421792,46.018869582845056],[13.055742540618487,46.02698191926968],[13.059735252061976,46.032519589035445],[13.065832304662571,46.0322304853305],[13.06859153666009,46.03196893214482],[13.074695393178516,46.0333859814275],[13.08501456640141,46.03580281938728],[13.087077180576847,46.03632301951002],[13.086794522748303,46.0368749477238],[13.086342262472547,46.03775800639413],[13.085318312849642,46.03972089182698],[13.084405661456627,46.04144126325424],[13.082725695094656,46.04406218301998],[13.0809587685831,46.04581308955315],[13.084798632819329,46.050648751727294],[13.090444744323595,46.05225569711195],[13.093878070197183,46.05349171273651],[13.107575863497539,46.056707853306726],[13.116326627177852,46.05784164690082],[13.116786573735443,46.054967237529205],[13.120009320074619,46.050296388021174],[13.126898002270337,46.0499394052464],[13.13267664704267,46.04493277658158],[13.133560972272658,46.04131824463432]]]},"properties":{"name":"Basiliano","op_id":"3805","minint_elettorale":"1060850090","minint_finloc":"2060850090","prov_name":"Udine","prov_istat_code":"030","prov_istat_code_num":30,"prov_acr":"UD","prov_iso_3166_2":"IT-UD","reg_name":"Friuli-Venezia Giulia","reg_istat_code":"06","reg_istat_code_num":6,"reg_iso_3166_2":"IT-36","opdm_id":"3659","com_catasto_code":"A700","com_istat_code":"030009","com_istat_code_num":30009}},
{"type":"Feature","geometry":{"type":"Polygon","coordinates":[[[13.105019561354359,45.946986184901455],[13.098768942708444,45.945208689607355],[13.088139001376842,45.944775488968766],[13.084132587011126,45.945387035171315],[13.08396852940458,45.945343884027615],[13.082265897225367,45.94489580274602],[13.081934385496202,45.944367611665754],[13.080158011974909,45.936019572816],[13.077065808670717,45.92741704248449],[13.074022225279382,45.92249864093401],[13.072439474092967,45.9201833541703],[13.071242323653074,45.91859688387883],[13.070361907069586,45.917449142572615],[13.068707570369984,45.91584745214169],[13.068030576031468,45.91528654819733],[13.067280148340553,45.91536279763779],[13.062115061694263,45.91407961963163],[13.060986458014881,45.91355723353106],[13.060711556967739,45.913270010685345],[13.060880339404337,45.91028461119348],[13.061171076265243,45.90750190145981],[13.061999471781494,45.9007395628231],[13.062032613775823,45.899406213168405],[13.06157835374549,45.898382772398314],[13.053133697421028,45.89767946471007],[13.045836376628444,45.896961876186225],[13.043012376316053,45.89737251412707],[13.04123843578904,45.89795295378998],[13.04065100321835,45.89815447814051],[13.040155918068061,45.898324330330645],[13.037783624728574,45.90016354200499],[13.033535653516319,45.90617356484599],[13.03046737049791,45.91088156089173],[13.029109196966301,45.91322482752393],[13.03032743754853,45.91595413982935],[13.02893759298375,45.92242102118325],[13.027962566291036,45.92884174154826],[13.029063899503894,45.93378945210709],[13.032527489894546,45.94348279182456],[13.032577648861738,45.947126470747314],[13.03291579125232,45.95097146944366],[13.04443052885134,45.956819626392566],[13.049894521500624,45.959573678732454],[13.053351572247601,45.95485582476298],[13.058777252220223,45.95500948057236],[13.064889433420365,45.955935014548295],[13.06528444109421,45.95601995306812],[13.066501962620134,45.956300596566074],[13.067585532438887,45.95668955221718],[13.06953354919351,45.957461661558966],[13.072950492037174,45.96015708530698],[13.073779158834883,45.96264328393433],[13.074267455053365,45.966415318142886],[13.074280410459307,45.96830509876296],[13.07340107956269,45.97021769358982],[13.079889485618658,45.97182209263681],[13.08407395355507,45.97212243129405],[13.087783600145906,45.970873438475245],[13.097602319276517,45.96782200696973],[13.10062774358979,45.960963177620464],[13.100821585631353,45.958749124930065],[13.107653823865952,45.9528776144263],[13.108084400137933,45.95199351457392],[13.108169352139715,45.950229828398875],[13.105019561354359,45.946986184901455]]]},"properties":{"name":"Bertiolo","op_id":"3806","minint_elettorale":"1060850100","minint_finloc":"2060850100","prov_name":"Udine","prov_istat_code":"030","prov_istat_code_num":30,"prov_acr":"UD","prov_iso_3166_2":"IT-UD","reg_name":"Friuli-Venezia Giulia","reg_istat_code":"06","reg_istat_code_num":6,"reg_iso_3166_2":"IT-36","opdm_id":"3660","com_catasto_code":"A810","com_istat_code":"030010","com_istat_code_num":30010}},
{"type":"Feature","geometry":{"type":"Polygon","coordinates":[[[13.278074743370153,45.91075296619263],[13.274199838798614,45.909831158419],[13.273150299583936,45.909565482711805],[13.2687289555537,45.9081998392603],[13.266126997758153,45.90732092925904],[13.26449379861878,45.90674741109291],[13.257188128007199,45.904531495674455],[13.24941099636493,45.9058701320771],[13.248151453356558,45.90695669516418],[13.244203228016685,45.9111724280765],[13.242319541088325,45.914455704762545],[13.242917370399987,45.91471701789004],[13.24255218835146,45.91524366383521],[13.24181322293438,45.91581571343345],[13.239382745609383,45.917458786720864],[13.236971759161923,45.91801645889355],[13.232235292147273,45.916468542511666],[13.231026693916053,45.91559526788226],[13.229636120932522,45.91381849389272],[13.22807274187315,45.91159123129552],[13.224625490498976,45.91455694382616],[13.20985719816022,45.92106362312706],[13.203653405399436,45.92583351606382],[13.200286692052527,45.92869838616799],[13.199692310982382,45.930326972861074],[13.200678814937158,45.93049318664636],[13.202069952799244,45.930189924880516],[13.20966277626027,45.92828525416723],[13.213976595119071,45.927021399130155],[13.21434712361335,45.926208526253745],[13.214360492278079,45.9254069306129],[13.213993939966604,45.92477239163937],[13.214189758386675,45.92384703058861],[13.214469347600547,45.92364317446996],[13.216635900505498,45.9240221811102],[13.217069855419442,45.92416366997088],[13.218935339938561,45.927551132453615],[13.220594052927854,45.9377736104558],[13.233622644176613,45.94389766471309],[13.245004747583042,45.94708862778614],[13.248915078417612,45.94823478470133],[13.248815523802014,45.949377054454935],[13.249204779732494,45.94889000444801],[13.251728726031363,45.949043492672615],[13.253836251897866,45.949761530234795],[13.256576744345626,45.95242267381499],[13.257806737024918,45.95147663664805],[13.260123083017104,45.94920736944291],[13.264446792495896,45.944180664019605],[13.267268842561444,45.93938100070872],[13.267928049450827,45.93682700295608],[13.268354101687168,45.934754314110045],[13.26768865843826,45.934508975138684],[13.265649879616515,45.93375731462582],[13.263538341413991,45.93203600593631],[13.265817027749609,45.928239204903875],[13.267106488407531,45.92678541865226],[13.268326070398683,45.92574515807759],[13.27366413600202,45.920324565582185],[13.276920542926305,45.91472078014115],[13.277862083370996,45.912532213749266],[13.278074743370153,45.91075296619263]]]},"properties":{"name":"Bicinicco","op_id":"3807","minint_elettorale":"1060850110","minint_finloc":"2060850110","prov_name":"Udine","prov_istat_code":"030","prov_istat_code_num":30,"prov_acr":"UD","prov_iso_3166_2":"IT-UD","reg_name":"Friuli-Venezia Giulia","reg_istat_code":"06","reg_istat_code_num":6,"reg_iso_3166_2":"IT-36","opdm_id":"3661","com_catasto_code":"A855","com_istat_code":"030011","com_istat_code_num":30011}},
{"type":"Feature","geometry":{"type":"Polygon","coordinates":[[[13.121140855796611,46.313200219441384],[13.112672942797742,46.30112949346722],[13.108067098830952,46.30251042867452],[13.103389297884448,46.303691296844015],[13.102479443596577,46.303822557526864],[13.101445714917402,46.30396816117497],[13.096653398356432,46.30360921075735],[13.087455708431417,46.30221078298037],[13.085276225783522,46.3018162697975],[13.084293632567748,46.30240946809241],[13.079851716127843,46.30540359023212],[13.079003143950015,46.30615981156251],[13.078846872222277,46.3062990859691],[13.07773197542522,46.308836648607674],[13.077447236884389,46.309908916098394],[13.077668176439905,46.31065259829134],[13.078557211948365,46.313447111648095],[13.072243040199252,46.31904600869234],[13.071121590780908,46.32063865689169],[13.07512263889332,46.32396570144256],[13.081054912217018,46.3292937860831],[13.08122188720024,46.32987695094853],[13.081275565257453,46.33006445530032],[13.080990841073588,46.33113673803474],[13.080603785800568,46.332176665444614],[13.080239403955051,46.332932271429776],[13.079551507818223,46.33328087947782],[13.078750420403905,46.33352999967982],[13.079496483207308,46.33409288851786],[13.08227836765439,46.33629764495636],[13.090396954168826,46.343833233045494],[13.09100009606108,46.34443717132347],[13.092177236981836,46.34719873319413],[13.092698373017626,46.348660675731985],[13.095918706151053,46.35342812164482],[13.09758710135994,46.35333673387426],[13.105974600934381,46.350704142390065],[13.106692124194042,46.35023352673009],[13.111103984104274,46.33734196886081],[13.115787509906584,46.33414929946508],[13.119401254318378,46.335171038031014],[13.12027699826265,46.335400448290265],[13.122219937140635,46.334799248356575],[13.123692250448055,46.33128077869919],[13.123845920154594,46.32791790030535],[13.122121845024717,46.32325472581902],[13.121206729564603,46.31698267888331],[13.121052589161367,46.31540519999014],[13.121140855796611,46.313200219441384]]]},"properties":{"name":"Bordano","op_id":"3808","minint_elettorale":"1060850120","minint_finloc":"2060850120","prov_name":"Udine","prov_istat_code":"030","prov_istat_code_num":30,"prov_acr":"UD","prov_iso_3166_2":"IT-UD","reg_name":"Friuli-Venezia Giulia","reg_istat_code":"06","reg_istat_code_num":6,"reg_iso_3166_2":"IT-36","opdm_id":"3662","com_catasto_code":"A983","com_istat_code":"030012","com_istat_code_num":30012}},
{"type":"Feature","geometry":{"type":"Polygon","coordinates":[[[13.114371436115723,46.23952476455229],[13.113634537176706,46.23794465256895],[13.11386966359063,46.23741202541065],[13.113957547095483,46.23721295071202],[13.11427101351709,46.23682186444654],[13.114336452327416,46.23674023395758],[13.117490642034678,46.23593778521441],[13.119488219238264,46.235568795839136],[13.123210393619827,46.234432919784986],[13.127187277121287,46.23303141796035],[13.131194853043723,46.2316083132292],[13.13854797543853,46.228398315463046],[13.14001002552865,46.227237307965574],[13.141683972147286,46.22533702298543],[13.146387802294939,46.21884083828364],[13.149866326066276,46.217325997628066],[13.1498743298883,46.21555250237746],[13.142269899721478,46.19694030182522],[13.139132219534428,46.19178344275526],[13.13637987332996,46.18904409997739],[13.132349034988577,46.18600827959334],[13.130409119985808,46.185101958826515],[13.125668546311266,46.18240766667898],[13.12399131127297,46.18484345816995],[13.121193426207805,46.187822005045994],[13.119915070048147,46.188861093444906],[13.119146026574345,46.189343697135456],[13.115115832584168,46.1912664874872],[13.110138506300556,46.19274237444174],[13.108703920140579,46.193050181636664],[13.108480702398944,46.193082439349396],[13.107583999096837,46.19321175136142],[13.106108508412683,46.19268751288841],[13.102873577140674,46.19243284273609],[13.097479762138997,46.19270214402798],[13.093894950605804,46.1933845705343],[13.090920135373626,46.19455610495746],[13.088695071104606,46.19603251552435],[13.085131960457579,46.19934644066691],[13.084942926317039,46.199537798965785],[13.084177991012375,46.20031217576015],[13.08281785062887,46.204015211459144],[13.082955731151884,46.20454871731358],[13.08322928289392,46.205607148574586],[13.083363601352543,46.20736202459861],[13.083328156839674,46.207992397821755],[13.083326404449362,46.208020786583404],[13.082400295613427,46.211163365855256],[13.081899829814484,46.2117573282952],[13.073421343730946,46.216583194624086],[13.07037342066702,46.21810509478617],[13.073633052278932,46.222694176122026],[13.086791453691033,46.2387955847042],[13.091962346769291,46.24501084713437],[13.094722711026666,46.24546090802167],[13.098821790547035,46.24460079256882],[13.108208091392266,46.24192548754859],[13.114371436115723,46.23952476455229]]]},"properties":{"name":"Buja","op_id":"3809","minint_elettorale":"1060850130","minint_finloc":"2060850130","prov_name":"Udine","prov_istat_code":"030","prov_istat_code_num":30,"prov_acr":"UD","prov_iso_3166_2":"IT-UD","reg_name":"Friuli-Venezia Giulia","reg_istat_code":"06","reg_istat_code_num":6,"reg_iso_3166_2":"IT-36","opdm_id":"3663","com_catasto_code":"B259","com_istat_code":"030013","com_istat_code_num":30013}},
{"type":"Feature","geometry":{"type":"Polygon","coordinates":[[[13.363317030982852,46.01026095314064],[13.363693933257098,46.00983333859718],[13.363749742485636,46.00909050895619],[13.363498737448358,46.005351099801906],[13.360162975227391,46.0007980497739],[13.353354292432618,45.995522405237296],[13.34742806163139,45.99376362895344],[13.34624883050281,45.99390758002526],[13.33916869797814,45.99311506118033],[13.335032560788324,45.99243965459619],[13.332646319494007,45.9919182437921],[13.327071091798606,45.98792179515457],[13.321867640211204,45.98667442963492],[13.318746807023864,45.990278875449285],[13.31433723831846,46.0007881632129],[13.31256773995208,46.0080126435238],[13.310852948536148,46.01221230192472],[13.311839306148732,46.01413847272475],[13.312310167908311,46.01521881401041],[13.312542486822846,46.016406567454005],[13.312554247509622,46.016504937345594],[13.312629183710376,46.01932617128081],[13.312648416107356,46.02239651555294],[13.312938834533783,46.02817583716791],[13.31585865801775,46.03320837776153],[13.31922333201821,46.03477774371462],[13.324570026934959,46.036568962459825],[13.330965662068234,46.03942879672186],[13.331922554633907,46.039933733956545],[13.332196229713448,46.04014621481511],[13.332392981645555,46.04030010752564],[13.334266202969115,46.040742020469544],[13.335180848669648,46.04041472606887],[13.344948540746012,46.0353265079837],[13.34753225682319,46.03492201807602],[13.351237780075028,46.03370510696357],[13.35306884592714,46.03299617000612],[13.354680242562841,46.032205568036325],[13.355747034464965,46.03151327599801],[13.360561559823397,46.02430739379326],[13.361890273762889,46.02046710871122],[13.361783705819393,46.017505283977435],[13.36191866206765,46.01291405326024],[13.36205969726319,46.012521588602276],[13.36236737995788,46.01175371771682],[13.363087597820442,46.01056502036243],[13.363317030982852,46.01026095314064]]]},"properties":{"name":"Buttrio","op_id":"3810","minint_elettorale":"1060850140","minint_finloc":"2060850140","prov_name":"Udine","prov_istat_code":"030","prov_istat_code_num":30,"prov_acr":"UD","prov_iso_3166_2":"IT-UD","reg_name":"Friuli-Venezia Giulia","reg_istat_code":"06","reg_istat_code_num":6,"reg_iso_3166_2":"IT-36","opdm_id":"3664","com_catasto_code":"B309","com_istat_code":"030014","com_istat_code_num":30014}},
{"type":"Feature","geometry":{"type":"Polygon","coordinates":[[[12.96412649117546,45.923606701266074],[12.96271987239544,45.92331351318746],[12.961909009390883,45.9229186187772],[12.959355115227778,45.92151309523884],[12.958886411268084,45.9209307781698],[12.958706739878899,45.91985689190013],[12.958780429790037,45.918571688624134],[12.95906118343604,45.9172419814747],[12.959677367652624,45.91588591584467],[12.960721789773755,45.91519173349157],[12.959287203735714,45.90965200299477],[12.949297162851623,45.90678036067215],[12.950913241081022,45.903155466455964],[12.95183648079214,45.900850715679525],[12.95285246866107,45.89534912541963],[12.952744458223405,45.89456799499726],[12.95242314509166,45.892256846269994],[12.95122801518761,45.88821217206697],[12.950042797321256,45.884752258197054],[12.939597183585946,45.890171841351275],[12.937604809939764,45.89174341947121],[12.934941542333155,45.89301934411696],[12.93104519274172,45.894836362316866],[12.930594086754223,45.895161328027626],[12.925442126975641,45.90028191960675],[12.921745708354534,45.904001170459345],[12.921477804138211,45.90427070997415],[12.92071884077234,45.90525540668268],[12.915014704852906,45.91469089842088],[12.910091649021687,45.93319039563156],[12.908059916810073,45.94159046715789],[12.907355620391613,45.94451429675399],[12.918466035606047,45.94551287250989],[12.926431722236423,45.946422681758655],[12.937538125017536,45.95163409787091],[12.944996536707517,45.95795172564327],[12.950026735839614,45.95798922495244],[12.951374115722894,45.9579164333853],[12.952122912185867,45.955728621478485],[12.952246685299942,45.95488799323924],[12.952060438843734,45.95441289778907],[12.95166438446806,45.95382352635713],[12.951572240273887,45.9528231328294],[12.951659924678344,45.95152845275745],[12.951807759392665,45.94960607942082],[12.952061758709858,45.94853964056267],[12.954793381186146,45.94560966410203],[12.961251544277976,45.94015220306714],[12.962808540787554,45.93912923598507],[12.963888315480244,45.93857095843782],[12.972980564070777,45.931575201910995],[12.973452780394142,45.930658651671834],[12.973288074538267,45.92703696853031],[12.97014449516801,45.92553070060118],[12.968403825553949,45.92481715798224],[12.96412649117546,45.923606701266074]]]},"properties":{"name":"Camino al Tagliamento","op_id":"3811","minint_elettorale":"1060850150","minint_finloc":"2060850150","prov_name":"Udine","prov_istat_code":"030","prov_istat_code_num":30,"prov_acr":"UD","prov_iso_3166_2":"IT-UD","reg_name":"Friuli-Venezia Giulia","reg_istat_code":"06","reg_istat_code_num":6,"reg_iso_3166_2":"IT-36","opdm_id":"3665","com_catasto_code":"B483","com_istat_code":"030015","com_istat_code_num":30015}},
{"type":"Feature","geometry":{"type":"Polygon","coordinates":[[[13.15923706866868,46.00080289105187],[13.15693543754394,46.00340251420669],[13.1521922233967,46.00856635511778],[13.147375504478129,46.01189973397393],[13.137145988314016,46.01729928061555],[13.135962324246453,46.01679780185787],[13.134637878862002,46.016379470636316],[13.134341043988519,46.01628571952832],[13.132077292069004,46.01559290475694],[13.130081656293244,46.015011472636296],[13.127506044166193,46.014354208334964],[13.127465065639969,46.01440818275931],[13.127303189307263,46.0146225709062],[13.12674547427756,46.01581739385583],[13.126033854656049,46.01816542961173],[13.128597022840239,46.026821727912996],[13.13094330370662,46.033811728398256],[13.133406719434992,46.034397497367806],[13.13503475081879,46.034793072295635],[13.134947060736168,46.036478651563655],[13.134896644414452,46.03715674253568],[13.134788791032122,46.03785784257192],[13.13457007161338,46.03855121355194],[13.134528856698005,46.03868184625221],[13.133560972272658,46.04131824463432],[13.137982446175624,46.04179605425577],[13.155459003534517,46.04416950877809],[13.160178359141813,46.04424375326835],[13.162698879702887,46.04384577775074],[13.162862255694908,46.04363049999504],[13.163780764013133,46.04242012982071],[13.164166845936963,46.04157248901391],[13.164369139258925,46.04112834335035],[13.164393608685977,46.041074613541795],[13.164747587153185,46.03975653667339],[13.165080054077423,46.038700285899786],[13.165811316466364,46.037683462608264],[13.168151061452248,46.03483884774905],[13.1687456515504,46.034151376758146],[13.169039144892706,46.03394922524473],[13.169133029317852,46.03388464079376],[13.16924528673701,46.03380859249151],[13.169406305425012,46.03369970369126],[13.18117074530613,46.03309487013011],[13.191397197930621,46.03807267464416],[13.196282558764356,46.04131935622797],[13.195529435987842,46.04264772462523],[13.197363920000218,46.04483950675673],[13.201497115247099,46.047117666015026],[13.211146794905355,46.04346354095816],[13.213023832827925,46.04251609117216],[13.2179137357852,46.03862695364868],[13.219203251001897,46.037125602043226],[13.225934210892124,46.03000412008608],[13.228993005407107,46.02719493306886],[13.224953568985546,46.02583179735112],[13.212969377202999,46.022442054701294],[13.20892822198068,46.02275233545066],[13.205389439567588,46.02267280122771],[13.201099391523806,46.02215446860234],[13.196216650368411,46.021114330017326],[13.188299854758986,46.01511796091636],[13.185814264604634,46.01248634769091],[13.18764666069681,46.009394745631326],[13.189322663932327,46.00697589676141],[13.186536328917636,46.00620859343609],[13.177896475241758,46.005791728824256],[13.166406521578894,46.00289952876601],[13.15923706866868,46.00080289105187]]]},"properties":{"name":"Campoformido","op_id":"3812","minint_elettorale":"1060850160","minint_finloc":"2060850160","prov_name":"Udine","prov_istat_code":"030","prov_istat_code_num":30,"prov_acr":"UD","prov_iso_3166_2":"IT-UD","reg_name":"Friuli-Venezia Giulia","reg_istat_code":"06","reg_istat_code_num":6,"reg_iso_3166_2":"IT-36","opdm_id":"3666","com_catasto_code":"B536","com_istat_code":"030016","com_istat_code_num":30016}},
{"type":"Feature","geometry":{"type":"Polygon","coordinates":[[[13.221842755191489,45.771785156432394],[13.221242402040913,45.77206391699926],[13.219822546913154,45.77221097401907],[13.21570357081574,45.77230028978068],[13.214573844476178,45.771860478916366],[13.214027594695601,45.7716421183827],[13.213471488008405,45.77141256163673],[13.212361050796192,45.769466863282574],[13.211185225998838,45.76764702192788],[13.209770207702908,45.76724919282715],[13.206276154227679,45.766302473586876],[13.205229699486686,45.76608000515669],[13.202149360182702,45.76629257241691],[13.200201488338632,45.767241946631295],[13.199025828691266,45.768230360794746],[13.191745585399923,45.77368787169547],[13.183486289133368,45.77373066248668],[13.182190621302263,45.77263153081179],[13.182401723590468,45.76807610035954],[13.18251818973972,45.76485386474087],[13.175104274778754,45.766509801546874],[13.171253533603968,45.768007299122466],[13.156545270124532,45.770587565633164],[13.143061644400001,45.77225730264393],[13.142586245402152,45.77226396289051],[13.14150439735375,45.772277852146296],[13.137570824731476,45.77220380734809],[13.13351467178898,45.77200639396959],[13.130844780370474,45.77183630220287],[13.131808565688859,45.774477992312676],[13.132692106355702,45.77810136751905],[13.133267951055236,45.78286508343316],[13.132829617004205,45.78519877986867],[13.131935755702369,45.788017054255256],[13.131537412406056,45.78919715432957],[13.138210956995787,45.794716027093976],[13.148629029049612,45.797343728742355],[13.159275674763341,45.804040224466895],[13.159736564991245,45.80448247500607],[13.160619021857558,45.807060660816326],[13.159976550334743,45.80854228006414],[13.15861725995587,45.80961349595074],[13.158420945907666,45.81006621812129],[13.157674079216148,45.81323487429546],[13.157641620291532,45.81337714393762],[13.157518873842546,45.814023645268435],[13.157416372419783,45.815152535609],[13.157344910848224,45.81656833615472],[13.157372267255756,45.81770150338272],[13.157555333863783,45.81953107861539],[13.157754256372874,45.82012690602467],[13.158410313991158,45.82131815664095],[13.159009424161349,45.82265100002263],[13.159525797111474,45.82380233971055],[13.15944712138567,45.82655507850469],[13.172580798334042,45.83007561134376],[13.173115259608377,45.82920630718367],[13.175872263179215,45.82626995018939],[13.183319568634861,45.820519804948596],[13.19370818945245,45.81180315678518],[13.200645591197253,45.80900052233305],[13.206867076474598,45.80522019533353],[13.206738974238931,45.803061972515025],[13.21276618298853,45.796829554527385],[13.216508012580864,45.79469725960242],[13.21811563309559,45.79004848080018],[13.216147570270394,45.78821165984988],[13.217464714869319,45.78606115660354],[13.221153584859968,45.780514913413896],[13.224023334043379,45.77720484015378],[13.227006922076797,45.773610162418166],[13.225945822026834,45.77262333865858],[13.221842755191489,45.771785156432394]]]},"properties":{"name":"Carlino","op_id":"3814","minint_elettorale":"1060850180","minint_finloc":"2060850180","prov_name":"Udine","prov_istat_code":"030","prov_istat_code_num":30,"prov_acr":"UD","prov_iso_3166_2":"IT-UD","reg_name":"Friuli-Venezia Giulia","reg_istat_code":"06","reg_istat_code_num":6,"reg_iso_3166_2":"IT-36","opdm_id":"3667","com_catasto_code":"B788","com_istat_code":"030018","com_istat_code_num":30018}},
{"type":"Feature","geometry":{"type":"Polygon","coordinates":[[[13.188972139282237,46.19361544840901],[13.190208310178646,46.191717100341535],[13.190735627209097,46.19161541326694],[13.196372053418711,46.19114309690578],[13.201783311226535,46.19142843763415],[13.204923575470051,46.191687758256],[13.206416118603023,46.19163255315818],[13.21319564190117,46.190387842823796],[13.21157457737719,46.18921003793177],[13.209254942247673,46.186772096941326],[13.209260541309538,46.18671171658245],[13.209376640243637,46.18546571551397],[13.209648084797589,46.184281082842546],[13.210569935898434,46.181434260325794],[13.211690905304058,46.17643783730427],[13.20502914184207,46.17054934059163],[13.202873339886052,46.16904263990426],[13.199122685564166,46.166540911009456],[13.195745357551575,46.16483791254222],[13.191378877505175,46.163315208013785],[13.189153052031184,46.16286587048561],[13.186095315068306,46.162879079246466],[13.185004266495437,46.162968594944864],[13.183644974341224,46.16334246718856],[13.182439224335788,46.16408255621174],[13.181093058894612,46.1645161247218],[13.176085426377771,46.16516755776786],[13.173069349438354,46.16470632721012],[13.169322771893947,46.16400618714482],[13.168049234714136,46.163364130411225],[13.165442528606855,46.16191116262506],[13.164824903153894,46.16108512206514],[13.160541506077756,46.160478773735534],[13.158782215025798,46.1604348931187],[13.159835017465879,46.16380812327893],[13.16275205749151,46.16917411362488],[13.168220721736406,46.17302491726085],[13.1737182871659,46.17797253973992],[13.173059144354854,46.18417132071404],[13.172147351494079,46.18508226061181],[13.171253956237642,46.185861996582545],[13.170176027945121,46.18669797458024],[13.169519090502948,46.18699650144591],[13.168197057774254,46.18736885190955],[13.166737148462072,46.18764268238749],[13.16634928502899,46.188007883722825],[13.16594256939593,46.18853127192343],[13.164437247503093,46.19053942828968],[13.163298600137209,46.192448686936814],[13.162371251625004,46.19459323661111],[13.162040254225275,46.195604413265286],[13.162007144434133,46.19735179188061],[13.162018838262515,46.1974011770496],[13.16229155751325,46.198552056101995],[13.162439034876556,46.19879870565553],[13.170988813098132,46.20478723217604],[13.171940793216628,46.20565249585918],[13.173178384682375,46.205998790643825],[13.17388909141592,46.20605380845885],[13.175510533241729,46.20563896252394],[13.17773579782556,46.20457641008915],[13.178759530838295,46.20384584965803],[13.178994770714096,46.20259061170399],[13.184406276727833,46.197266257606984],[13.188972139282237,46.19361544840901]]]},"properties":{"name":"Cassacco","op_id":"3815","minint_elettorale":"1060850190","minint_finloc":"2060850190","prov_name":"Udine","prov_istat_code":"030","prov_istat_code_num":30,"prov_acr":"UD","prov_iso_3166_2":"IT-UD","reg_name":"Friuli-Venezia Giulia","reg_istat_code":"06","reg_istat_code_num":6,"reg_iso_3166_2":"IT-36","opdm_id":"3668","com_catasto_code":"B994","com_istat_code":"030019","com_istat_code_num":30019}},
{"type":"Feature","geometry":{"type":"Polygon","coordinates":[[[13.200286692052527,45.92869838616799],[13.203653405399436,45.92583351606382],[13.20985719816022,45.92106362312706],[13.224625490498976,45.91455694382616],[13.22807274187315,45.91159123129552],[13.228723716542262,45.908124153824005],[13.21682671281849,45.895971028115625],[13.212725157269897,45.893585123094304],[13.205797081518524,45.887824355042056],[13.205494939689512,45.887545793646844],[13.205158304756143,45.88723495083452],[13.204551399571207,45.88659976245856],[13.204497847178514,45.88654370522189],[13.204261564278513,45.88624187054051],[13.203845197222678,45.88555062549561],[13.203682527411866,45.88500754297645],[13.203570453178745,45.88408905195457],[13.20363302412856,45.8833396315911],[13.204165241047855,45.88164129763704],[13.203949850187698,45.87914240844683],[13.203798448404502,45.87859891956357],[13.203580335202385,45.87817488751402],[13.202434624232865,45.876943432233524],[13.197846829742664,45.87257574792796],[13.189404985265519,45.86905611311837],[13.182405913751484,45.864838109161944],[13.183230538534552,45.86164969948969],[13.181959657338933,45.854668693579185],[13.180708943276215,45.85324000510599],[13.175699902126869,45.85336968538897],[13.175307968284502,45.853379819994686],[13.175147515257985,45.85321175238325],[13.173551899338483,45.85154031499956],[13.173581166614014,45.847880257664215],[13.173664059157339,45.840626731033986],[13.173834824024713,45.8401344217411],[13.176096458050646,45.8379093423617],[13.172580798334042,45.83007561134376],[13.15944712138567,45.82655507850469],[13.157874174999549,45.825968518941174],[13.157578117405475,45.82585811704415],[13.15746976247243,45.82800885776401],[13.15781810449193,45.84005781031541],[13.158593611261995,45.846199857399434],[13.161440657003974,45.849093015490006],[13.161146239004664,45.853864618542836],[13.155515651093362,45.85516023355994],[13.153012094802476,45.85568346333587],[13.151883637691514,45.855828075486166],[13.153355755948716,45.858920392085686],[13.16149380070683,45.873351526566516],[13.160751195884645,45.878043969619505],[13.161344220347814,45.88036263760096],[13.16232000166003,45.88165922262407],[13.16462829439653,45.88352518437258],[13.16182384416487,45.894341797238894],[13.16078771395818,45.90388502781194],[13.162362964039202,45.91988208163809],[13.16296229858608,45.922775655431614],[13.164118063080197,45.92531584776379],[13.164788811610304,45.926043913482886],[13.165607095601176,45.92662632636214],[13.16897542581637,45.925778491061735],[13.179566931854069,45.927900998909436],[13.184055075722252,45.92881783358637],[13.186039489444463,45.92932560213556],[13.197773874035905,45.929159042153],[13.200286692052527,45.92869838616799]]]},"properties":{"name":"Castions di Strada","op_id":"3816","minint_elettorale":"1060850200","minint_finloc":"2060850200","prov_name":"Udine","prov_istat_code":"030","prov_istat_code_num":30,"prov_acr":"UD","prov_iso_3166_2":"IT-UD","reg_name":"Friuli-Venezia Giulia","reg_istat_code":"06","reg_istat_code_num":6,"reg_iso_3166_2":"IT-36","opdm_id":"3669","com_catasto_code":"C327","com_istat_code":"030020","com_istat_code_num":30020}},
{"type":"Feature","geometry":{"type":"Polygon","coordinates":[[[13.050266929813983,46.38182074285318],[13.051272712468384,46.38133052405971],[13.05339763816014,46.37972046862848],[13.054695906612178,46.37831974287268],[13.055864326056433,46.37655008971607],[13.057211605852682,46.37448604125459],[13.058302691332683,46.37266272901424],[13.05838567101532,46.372524060184816],[13.059035921846064,46.37143744488649],[13.060574081716997,46.36912356349296],[13.062029095362291,46.36696111470179],[13.062451014864026,46.36678858689771],[13.070941635122084,46.364159423802846],[13.071484371175453,46.363997594381274],[13.074158891866578,46.36320009375433],[13.074803060757157,46.36300800394655],[13.074886732008904,46.362983055318075],[13.074936209022612,46.36296831003501],[13.075027875247157,46.362941518776516],[13.07723452756194,46.36229670219942],[13.077781982452949,46.3622501459717],[13.078225060800147,46.3622208261509],[13.07918945273637,46.362186370390184],[13.081908879656638,46.36244469144271],[13.084937325378666,46.362858406281404],[13.090043363479783,46.36330114346187],[13.093608288829929,46.36359639644303],[13.095614283802632,46.36348395121632],[13.09721272329923,46.36311605490994],[13.098967646824866,46.36247250960978],[13.095918706151053,46.35342812164482],[13.092698373017626,46.348660675731985],[13.092177236981836,46.34719873319413],[13.09100009606108,46.34443717132347],[13.090396954168826,46.343833233045494],[13.08227836765439,46.33629764495636],[13.079496483207308,46.33409288851786],[13.078750420403905,46.33352999967982],[13.071095331384747,46.33341171272167],[13.05487052563123,46.33567233940783],[13.038338712493164,46.33797302081111],[13.019125565621497,46.33927211490732],[13.008051034848664,46.339728969117445],[13.006833904108237,46.339664647222925],[13.00620926632323,46.33963162778482],[13.005404386306965,46.33889028998075],[13.000649167781512,46.33414711165872],[12.995096420321339,46.331506334936385],[12.987329746305027,46.32968066755644],[12.97989173051566,46.328090591156275],[12.978835034998417,46.327875387762774],[12.97653782133201,46.3274288706446],[12.975640982308649,46.32744661374663],[12.9735556474267,46.32824911871443],[12.967681039982258,46.32944720068891],[12.966662425578466,46.32984135189747],[12.966007141031797,46.3300949080015],[12.964298895441257,46.33096430319005],[12.962967122095835,46.33182961458068],[12.96215067626465,46.332465507575186],[12.962106363728859,46.33256894365848],[12.961937361925475,46.332963445846296],[12.961202974040825,46.33700327285687],[12.959295349500962,46.34145728438546],[12.958678765437067,46.3447594312598],[12.958665439632593,46.345821987804726],[12.958729470895387,46.34760639927637],[12.962326147390105,46.34767966515596],[12.965655932678361,46.34796006993464],[12.974290161554695,46.349590488994075],[12.980865947336993,46.35137304677594],[12.983363132035368,46.35592583900761],[12.98569345596707,46.36078140070717],[12.987821066191094,46.36478894119077],[12.992636462443535,46.367482869916664],[12.996620061556046,46.36771702222205],[13.002910396142035,46.3709664397467],[13.005134752980734,46.37521777923023],[13.017870371793126,46.382249908816746],[13.022410318459537,46.38616288464414],[13.027195443178682,46.385850255228604],[13.035829252334242,46.38551379704122],[13.036996580558675,46.38563453200067],[13.038569594924578,46.385623921572794],[13.041446176592673,46.38555362368129],[13.043480964532927,46.38540055971654],[13.044937214313553,46.38502045384034],[13.050266929813983,46.38182074285318]]]},"properties":{"name":"Cavazzo Carnico","op_id":"3817","minint_elettorale":"1060850210","minint_finloc":"2060850210","prov_name":"Udine","prov_istat_code":"030","prov_istat_code_num":30,"prov_acr":"UD","prov_iso_3166_2":"IT-UD","reg_name":"Friuli-Venezia Giulia","reg_istat_code":"06","reg_istat_code_num":6,"reg_iso_3166_2":"IT-36","opdm_id":"3670","com_catasto_code":"C389","com_istat_code":"030021","com_istat_code_num":30021}},
{"type":"Feature","geometry":{"type":"Polygon","coordinates":[[[12.9992656347019,46.52074322078324],[12.996045451567637,46.522232408488904],[12.991707201933048,46.522160305657465],[12.98718091796154,46.521175382036546],[12.984231881257827,46.520817712784556],[12.97603025669578,46.51995669394337],[12.964788691553478,46.51897664029491],[12.95959134713666,46.5198078788678],[12.954838134814311,46.52070719313491],[12.954661911113352,46.52074054044233],[12.956435379726827,46.5249314378933],[12.962545342432888,46.52822082536219],[12.959075221250169,46.53626619646847],[12.95497064443498,46.545604718692644],[12.948906946829045,46.554497860192185],[12.947878341115436,46.55582949055617],[12.946146382123475,46.558166481741345],[12.9455291146017,46.55931287474211],[12.945597962109648,46.560935098366734],[12.9461499551839,46.56191058718725],[12.946863530030951,46.562695995218114],[12.952344998324252,46.56647568007846],[12.955278457743383,46.564466011140766],[12.956586660993002,46.56398416165812],[12.95932525761771,46.563322238663325],[12.960359079835335,46.563250393458034],[12.968765037681354,46.56254092636479],[12.985933437315845,46.55479573621642],[12.987433470277491,46.55399963408939],[12.98770334215685,46.553856399109755],[12.99124693113106,46.55186498326931],[12.991669378334231,46.550666642879776],[12.991915610909928,46.54893443896241],[13.000869177091493,46.54152049521451],[13.005028380143164,46.53899770084226],[13.010391144833118,46.53722528919426],[13.011491501807905,46.534247908306334],[13.011666837516959,46.533685174564205],[13.01205010471859,46.52987753798481],[13.012057471221363,46.52924625054187],[13.008320932458227,46.52406168370093],[13.005128886645702,46.522638208983594],[12.9992656347019,46.52074322078324]]]},"properties":{"name":"Cercivento","op_id":"3818","minint_elettorale":"1060850220","minint_finloc":"2060850220","prov_name":"Udine","prov_istat_code":"030","prov_istat_code_num":30,"prov_acr":"UD","prov_iso_3166_2":"IT-UD","reg_name":"Friuli-Venezia Giulia","reg_istat_code":"06","reg_istat_code_num":6,"reg_iso_3166_2":"IT-36","opdm_id":"3671","com_catasto_code":"C494","com_istat_code":"030022","com_istat_code_num":30022}},
{"type":"Feature","geometry":{"type":"Polygon","coordinates":[[[13.327024893630137,45.869391118649204],[13.326510078989779,45.86894244312989],[13.325703407644218,45.86706025870007],[13.325743538314939,45.86658169324202],[13.326402785619207,45.865731796793426],[13.336506811953535,45.853895205372766],[13.338460793855177,45.85161108067682],[13.33824845943569,45.84837997890932],[13.3420018020941,45.839315582966265],[13.346001386515558,45.83949178981382],[13.350632211534009,45.83880218633837],[13.355670185529778,45.83562591731599],[13.356453316533324,45.833989279887845],[13.356602977173688,45.83347096226194],[13.356611223160861,45.83344236227739],[13.356621046291597,45.833406758392826],[13.356631334995479,45.83336945076671],[13.356125437809716,45.831967496260376],[13.355590812440813,45.83112493719066],[13.354496170080504,45.83089107171374],[13.354193487261545,45.83016741508239],[13.354142659923092,45.83004588393736],[13.354003320873222,45.829712707426786],[13.354263229238422,45.82874413902414],[13.356040437503282,45.827852645661096],[13.358249128311128,45.82849737157278],[13.36368689310498,45.83010320121253],[13.363834211887852,45.83015831444473],[13.364221639573836,45.83030327229987],[13.364727105643238,45.83061246891802],[13.365080206982318,45.830918493865816],[13.365828543263488,45.834574125659834],[13.367390109602827,45.835965058155466],[13.370991877711823,45.837006671055654],[13.37656329960963,45.83718051479542],[13.377421619561662,45.83698684756922],[13.379257725585939,45.83480810557978],[13.379720220914374,45.834128744041124],[13.379468584198747,45.833916838948575],[13.379684142340123,45.82591079578632],[13.382258210850997,45.82191592227728],[13.382278894474966,45.82123507683236],[13.382281686546968,45.82112696198308],[13.382218433007266,45.820958231391835],[13.3819589696272,45.820266228813715],[13.380747857815733,45.81855047751446],[13.375048614929911,45.811300701906205],[13.372628875228548,45.80962350762704],[13.370261900201683,45.808189759842485],[13.365047857963562,45.80520299951631],[13.35983429472896,45.80261651675884],[13.349996728807387,45.80008194409656],[13.349192395175356,45.800657552850936],[13.348820975427728,45.80105071122514],[13.34816063188363,45.80212158102799],[13.346671119951631,45.80460409071225],[13.346677901313825,45.805996624431984],[13.340081463664195,45.808189998852185],[13.327356379506272,45.81052395951824],[13.327075998471818,45.811359825370296],[13.327007340990152,45.81156290877821],[13.324510828739426,45.81110402702209],[13.313145709590627,45.806877127827526],[13.311932634258694,45.80556607935157],[13.311108943314775,45.802879562658674],[13.311235378000385,45.80026050684716],[13.312149461321164,45.79929993232269],[13.312190548480084,45.79925675643695],[13.314631859594712,45.79609819374511],[13.317397334983479,45.79173718870991],[13.317616339025875,45.79092528161198],[13.317658578572692,45.7907686607157],[13.31789160579607,45.789000624042075],[13.317930832638734,45.788534994421276],[13.317973393032403,45.788029350738505],[13.306085761735886,45.785476894059016],[13.302166116449996,45.78449066950057],[13.307499166008155,45.786755712614834],[13.308224322536171,45.787065863400876],[13.309190638737595,45.78784397949217],[13.309487388855565,45.78868787906437],[13.309443388142826,45.78889039846024],[13.309277465808252,45.789653922377],[13.303039204481658,45.79891381646205],[13.2993372227534,45.80177633855543],[13.297912576072243,45.80653250034492],[13.300889758355426,45.81358193512971],[13.302256210686005,45.816840401725365],[13.305230497636748,45.82491493855459],[13.305362531089102,45.82627557606133],[13.308714992078015,45.82949296309896],[13.31241473841779,45.838295884906366],[13.316062129943262,45.84547143989922],[13.31608590085525,45.84580017837304],[13.316106914883493,45.846090837484944],[13.315765519848647,45.84673385936294],[13.314611827857568,45.84784415058817],[13.313578452490285,45.84878336370336],[13.303784961658163,45.854873663715026],[13.299193339549548,45.85252648185328],[13.298602172303566,45.85165763263254],[13.295853811744717,45.85223375336233],[13.29512352195164,45.85590677653976],[13.295808698828948,45.8575010749693],[13.30220302540435,45.868358712530956],[13.303173624481568,45.869465264419226],[13.30416394054777,45.8699724762988],[13.305595478982395,45.8705741544712],[13.305716385348681,45.870624966278335],[13.312467166971,45.87315579675974],[13.313438285133392,45.87215594187305],[13.32102933843757,45.873416828570335],[13.32108989708966,45.87437315700641],[13.321244455328308,45.87466254459088],[13.321443316626366,45.87503486577073],[13.32257116731462,45.87523940180736],[13.32451185567614,45.87516168471407],[13.324557885299821,45.87515984040915],[13.325085900473482,45.87431619746139],[13.326563275441242,45.87069144422201],[13.327024893630137,45.869391118649204]]]},"properties":{"name":"Cervignano del Friuli","op_id":"3819","minint_elettorale":"1060850230","minint_finloc":"2060850230","prov_name":"Udine","prov_istat_code":"030","prov_istat_code_num":30,"prov_acr":"UD","prov_iso_3166_2":"IT-UD","reg_name":"Friuli-Venezia Giulia","reg_istat_code":"06","reg_istat_code_num":6,"reg_iso_3166_2":"IT-36","opdm_id":"3672","com_catasto_code":"C556","com_istat_code":"030023","com_istat_code_num":30023}},
{"type":"Feature","geometry":{"type":"Polygon","coordinates":[[[13.420427064812976,45.938782298967304],[13.420779646954172,45.930500982913294],[13.420563001304025,45.92994679743791],[13.419952373533553,45.928696776009545],[13.419497842295836,45.927908780497546],[13.419447930304758,45.92786915546517],[13.418287088662419,45.92694756052821],[13.407975258427527,45.91891609927063],[13.405131379145173,45.917068998925785],[13.40215603170619,45.91602721897538],[13.392834098363632,45.91347708410894],[13.386654146043675,45.91296551151921],[13.383928339096633,45.91847105485901],[13.382878443445735,45.92043766878053],[13.382259635101502,45.9213300825414],[13.381564020842688,45.92222992611524],[13.380047751385362,45.923773364134796],[13.3799652921499,45.92375337941719],[13.379406722131401,45.923617971575894],[13.376894818805697,45.922917895411416],[13.369757441181,45.924774819233],[13.367847214898235,45.92556894810409],[13.367171927601042,45.9298663751593],[13.366876526260569,45.93825371839582],[13.372665745171377,45.94694952251127],[13.376051089806442,45.949800846480414],[13.376527062165662,45.9497825840429],[13.377135776585943,45.949759225559596],[13.379316576630039,45.94939550166815],[13.382966151564519,45.94808720010183],[13.38631498369318,45.946392723473245],[13.386029613890429,45.94162247688043],[13.387129128464295,45.93706608549879],[13.38914595625164,45.93247886266844],[13.395497898370047,45.93135480525118],[13.399913079403383,45.93246437828284],[13.405872307451393,45.93546185685149],[13.416672892603032,45.93745604738066],[13.420427064812976,45.938782298967304]]]},"properties":{"name":"Chiopris-Viscone","op_id":"3820","minint_elettorale":"1060850240","minint_finloc":"2060850240","prov_name":"Udine","prov_istat_code":"030","prov_istat_code_num":30,"prov_acr":"UD","prov_iso_3166_2":"IT-UD","reg_name":"Friuli-Venezia Giulia","reg_istat_code":"06","reg_istat_code_num":6,"reg_iso_3166_2":"IT-36","opdm_id":"3673","com_catasto_code":"C641","com_istat_code":"030024","com_istat_code_num":30024}},
{"type":"Feature","geometry":{"type":"Polygon","coordinates":[[[13.43352191915278,46.43585935943654],[13.438079274562728,46.43445811934174],[13.4494733383576,46.42883445344819],[13.45318905444233,46.42580473039676],[13.457020361930478,46.42286037117045],[13.463729848605183,46.41847121712737],[13.465255146930248,46.417876000074514],[13.466068398556528,46.41765515831871],[13.470654089289868,46.41702557373336],[13.478527522655378,46.41747746266249],[13.481607655089968,46.416168408984284],[13.493220346924488,46.412480446650015],[13.499212416276853,46.41120021458043],[13.499299508553536,46.41109063161582],[13.501463597541175,46.40819968147862],[13.501713217811846,46.40770374195478],[13.50213065771469,46.40687435299123],[13.502494318830081,46.40615179350567],[13.503363318581995,46.40343520591765],[13.504888227344079,46.39983563974412],[13.505947430499699,46.398092081438016],[13.511748318293694,46.39022357299667],[13.515492641381377,46.38504391919598],[13.516912363621897,46.38301199592809],[13.51750424522641,46.37940167715984],[13.517754496414625,46.37786609402545],[13.517340614006244,46.37728390526147],[13.516261177518786,46.3767820627978],[13.488234410673773,46.36993539174234],[13.481981005241812,46.368997544073466],[13.479468784529791,46.36906466818872],[13.468117732477328,46.36955914698341],[13.443300082584281,46.370825155804845],[13.423801577450908,46.372082184463906],[13.41067556794397,46.37587558193977],[13.398183890057888,46.38284734986977],[13.379051737986694,46.388204999782616],[13.377419848687673,46.388425116388525],[13.373769561757602,46.38866856755215],[13.370794359970988,46.388190040247316],[13.365720684617267,46.38691548288213],[13.357493906042095,46.38322448138076],[13.344562481629206,46.38383898631595],[13.337885586083456,46.384416938897594],[13.333467935101826,46.38519232649515],[13.31861261995721,46.38912887103123],[13.316354474872078,46.38976516355242],[13.312018484065844,46.39283184974038],[13.307153300570741,46.39621536058464],[13.305072105867021,46.39666289476533],[13.300095838474457,46.397363524033686],[13.29891214390088,46.3973451033726],[13.2977571942985,46.396389525356476],[13.296823451269862,46.39550658599038],[13.296182547533746,46.39473864436658],[13.29607123551096,46.39417125100457],[13.296291872044918,46.39331685734552],[13.296200892476737,46.39246970076473],[13.294290410316131,46.389895329882066],[13.29394897545736,46.38958419887285],[13.290637075693757,46.38903817296169],[13.286167934246638,46.38889099025905],[13.279334922052824,46.389088868117824],[13.276061576766615,46.388919036910806],[13.272095766324865,46.39090369471559],[13.264029932057792,46.39470661808709],[13.25487954309205,46.395277622654135],[13.244417625865465,46.39620716867976],[13.24058064141494,46.39661528161997],[13.241758013055362,46.402093544986506],[13.25493329974424,46.400928135862394],[13.26159341060792,46.40296589548749],[13.259942251162041,46.41117780545261],[13.260745808158713,46.41748441494902],[13.268477461274008,46.41975630504148],[13.271420499315107,46.41806205792794],[13.272282213326697,46.418803898745686],[13.272925840932933,46.41978115180163],[13.272953313855346,46.41982286880774],[13.273527820528699,46.421426019348125],[13.276218722749235,46.42918368397081],[13.275417446240635,46.434937543069246],[13.27297649727047,46.4408556277791],[13.272976569900644,46.443791260554505],[13.279851105518238,46.444190802818],[13.292026649547859,46.44328362611844],[13.2960446435468,46.44260592454203],[13.296635427678002,46.4424229605118],[13.297070212379651,46.44228829600255],[13.297553449055364,46.441811067027466],[13.309302416922945,46.438213353924304],[13.319729887073175,46.440789500494105],[13.330448863432492,46.43681452564797],[13.33984545188426,46.43428844706478],[13.352411383170868,46.430277159318784],[13.361037384740166,46.425932548275675],[13.364559537094891,46.4248898006033],[13.365646576677122,46.42466820183566],[13.36656247275852,46.42449366218308],[13.36833837456725,46.42433120158712],[13.370032778901304,46.42424833267853],[13.375332602170221,46.42410380174136],[13.382279035044023,46.42422436235282],[13.401193052909733,46.42274054109637],[13.416006156372125,46.42399107712553],[13.418116560980762,46.42435495659238],[13.421910386079517,46.42506311007042],[13.429040055842357,46.428751590459996],[13.431283977081847,46.42992463674234],[13.432271314610725,46.43136245698676],[13.432904873901547,46.43332255708958],[13.433445385654611,46.43535827582195],[13.43352191915278,46.43585935943654]]]},"properties":{"name":"Chiusaforte","op_id":"3821","minint_elettorale":"1060850250","minint_finloc":"2060850250","prov_name":"Udine","prov_istat_code":"030","prov_istat_code_num":30,"prov_acr":"UD","prov_iso_3166_2":"IT-UD","reg_name":"Friuli-Venezia Giulia","reg_istat_code":"06","reg_istat_code_num":6,"reg_iso_3166_2":"IT-36","opdm_id":"3674","com_catasto_code":"C656","com_istat_code":"030025","com_istat_code_num":30025}},
{"type":"Feature","geometry":{"type":"Polygon","coordinates":[[[13.449806593564091,46.12929133680753],[13.455808364794569,46.1272312859019],[13.458386815339736,46.12624842554565],[13.460165280586144,46.12529735369492],[13.464505073706432,46.12176960898611],[13.466137397852574,46.11938789959418],[13.468994467570518,46.116435571944514],[13.47800769975079,46.110488071987746],[13.486098813247969,46.10643955402445],[13.490424685865829,46.10444660529852],[13.49601772581959,46.10237654028055],[13.503028560867888,46.099093594701785],[13.506411453553103,46.09506251554675],[13.507457443093541,46.09366198186925],[13.507208302306623,46.09342629377029],[13.506877367270837,46.09311333592008],[13.504283733485773,46.091442570079344],[13.503217722949405,46.09115157240982],[13.49411391985428,46.08988284270234],[13.472909902917566,46.085521162041225],[13.470260981885211,46.081191930590826],[13.470379063453658,46.07513808350098],[13.470955597221966,46.06679343837473],[13.463814448307373,46.05857685627291],[13.462391817494389,46.056719769811735],[13.462088208941308,46.05627987355577],[13.46089096639047,46.05454509066962],[13.460814224221537,46.0544332654669],[13.462975969451431,46.050562599275956],[13.464176919517767,46.04872436259942],[13.465707868820731,46.04764692102767],[13.466538825891122,46.04471636343298],[13.467547427620227,46.040182888314305],[13.467138718403142,46.035261164731516],[13.466507453516344,46.03368213269488],[13.463790202735092,46.02912586856081],[13.462244619577739,46.02711605438219],[13.458671247492797,46.018529132098074],[13.457975449267987,46.016758212616395],[13.440138333055675,46.02284032962995],[13.440540242803841,46.023396253815164],[13.441711852365144,46.026643648373025],[13.442120364299345,46.02866941265466],[13.441774554169163,46.033952394643606],[13.440621778171502,46.03746126076972],[13.438526808543273,46.04345213634212],[13.43572689704638,46.04831375935766],[13.432745518522832,46.04953229189499],[13.429745917390957,46.05137255765174],[13.424010390710302,46.055326144512634],[13.418041710633378,46.06018408311833],[13.415018566611062,46.06641741608217],[13.40792394845516,46.07255605423662],[13.40002152615314,46.07573700699476],[13.396352474127449,46.07637534306172],[13.392582030853708,46.07784753597489],[13.386049476765422,46.08193694295367],[13.38523397206448,46.08317431587955],[13.384756571037874,46.08413777161864],[13.384389321660034,46.084939474320656],[13.384054463113925,46.086262009934046],[13.3841621148891,46.087414527741316],[13.38433015700413,46.08876724254125],[13.39849600391788,46.08912654733835],[13.399802932215753,46.08909335009831],[13.399868648524206,46.08909169762825],[13.40170050609512,46.08928197521484],[13.403504091106512,46.089531971064204],[13.405571913011824,46.09046920208771],[13.404214049723315,46.095767413967764],[13.401908837333314,46.09819409909965],[13.400639873830334,46.09995774132504],[13.397966691053478,46.10476392917168],[13.397762391633268,46.10595546277981],[13.397686601601272,46.10679097733806],[13.39780246464888,46.10729059153858],[13.40140692652275,46.110175944054674],[13.401684374023272,46.11027775621793],[13.403851551342463,46.11107172572382],[13.410087567282556,46.11260344647989],[13.41573792886728,46.11397417078395],[13.42188458021687,46.11537428632838],[13.42500366120063,46.11535237545352],[13.42780325077927,46.115230228828025],[13.430071135432998,46.11511517847291],[13.432657352554601,46.118871708998626],[13.430265905889094,46.12196196201148],[13.43205205099825,46.124205906100684],[13.446952132779641,46.129188757525355],[13.449806593564091,46.12929133680753]]]},"properties":{"name":"Cividale del Friuli","op_id":"3822","minint_elettorale":"1060850260","minint_finloc":"2060850260","prov_name":"Udine","prov_istat_code":"030","prov_istat_code_num":30,"prov_acr":"UD","prov_iso_3166_2":"IT-UD","reg_name":"Friuli-Venezia Giulia","reg_istat_code":"06","reg_istat_code_num":6,"reg_iso_3166_2":"IT-36","opdm_id":"3675","com_catasto_code":"C758","com_istat_code":"030026","com_istat_code_num":30026}},
{"type":"Feature","geometry":{"type":"Polygon","coordinates":[[[13.042380603682592,46.00645232987522],[13.044267835508334,46.003046298387936],[13.047232339393048,45.99420075445764],[13.04767622077238,45.9856114949137],[13.047619406544314,45.98321921765528],[13.047569669386997,45.98168630640024],[13.047198614221712,45.97976426052551],[13.047076487700776,45.978787468445645],[13.047095106598915,45.97464180984405],[13.047183455482228,45.973221004985724],[13.047806788131274,45.96975595440337],[13.048168709287221,45.967915889794085],[13.048602093752022,45.96624882824221],[13.049894521500624,45.959573678732454],[13.04443052885134,45.956819626392566],[13.03291579125232,45.95097146944366],[13.032577648861738,45.947126470747314],[13.032527489894546,45.94348279182456],[13.029063899503894,45.93378945210709],[13.027962566291036,45.92884174154826],[13.02893759298375,45.92242102118325],[13.03032743754853,45.91595413982935],[13.029109196966301,45.91322482752393],[13.022694076137906,45.91413078253679],[13.019348553014265,45.91174637528222],[13.014574135497579,45.907872983748504],[13.006854254722054,45.901650062618984],[13.00566328984635,45.901471363849275],[12.99214870579884,45.9001358908515],[12.99095441886541,45.90035764851387],[12.987432865958395,45.902555552910265],[12.987016510403324,45.90444683115869],[12.987490992899243,45.905568879622685],[12.988123662716117,45.906995955120856],[12.990123116879014,45.90801966988481],[12.99041006204394,45.90898627952127],[12.990463599555916,45.910024015529125],[12.990469642781076,45.91163499602126],[12.989114525625533,45.91275349709088],[12.983767338857982,45.91516362889941],[12.978167475145138,45.915548059918756],[12.97615710670085,45.91485754551312],[12.971498623744493,45.91456523139138],[12.970219195487356,45.91465028334796],[12.96610696527267,45.91496430135622],[12.96490872929943,45.91528499284998],[12.964415819200433,45.91820497655647],[12.964223049194004,45.91959334303799],[12.964077238140124,45.9214931522777],[12.96412649117546,45.923606701266074],[12.968403825553949,45.92481715798224],[12.97014449516801,45.92553070060118],[12.973288074538267,45.92703696853031],[12.973452780394142,45.930658651671834],[12.972980564070777,45.931575201910995],[12.963888315480244,45.93857095843782],[12.962808540787554,45.93912923598507],[12.961251544277976,45.94015220306714],[12.954793381186146,45.94560966410203],[12.952061758709858,45.94853964056267],[12.951807759392665,45.94960607942082],[12.951659924678344,45.95152845275745],[12.951572240273887,45.9528231328294],[12.95166438446806,45.95382352635713],[12.952060438843734,45.95441289778907],[12.952246685299942,45.95488799323924],[12.952122912185867,45.955728621478485],[12.951374115722894,45.9579164333853],[12.950026735839614,45.95798922495244],[12.944996536707517,45.95795172564327],[12.937538125017536,45.95163409787091],[12.926431722236423,45.946422681758655],[12.918466035606047,45.94551287250989],[12.907355620391613,45.94451429675399],[12.9038608164984,45.96327370462767],[12.903820096551616,45.964979509372036],[12.905062437714443,45.9735162559887],[12.90576762982103,45.97812315272368],[12.906304734786753,45.97994096141689],[12.909227107552923,45.98850313549936],[12.920274034266116,45.986459496709955],[12.927374580768975,45.98508571242444],[12.933725972496413,45.98667160515186],[12.94974851326997,45.9907266310452],[12.964443964460747,45.99353838150954],[12.973987699141626,45.9927878453498],[12.985487873460032,45.99044701989738],[12.994628594193442,45.985145321897264],[13.002165310427525,45.98165883260818],[13.006298441330209,45.984484104128256],[13.008387179131443,45.98788063084561],[13.014475599732549,45.99720630345668],[13.016960255545253,46.00520959445702],[13.021068797958513,46.005232548448205],[13.025183654646977,46.006104834151635],[13.031320137311607,46.00656799074198],[13.036547527907853,46.004970798444866],[13.037347921011218,46.00504718096535],[13.042380603682592,46.00645232987522]]]},"properties":{"name":"Codroipo","op_id":"3823","minint_elettorale":"1060850270","minint_finloc":"2060850270","prov_name":"Udine","prov_istat_code":"030","prov_istat_code_num":30,"prov_acr":"UD","prov_iso_3166_2":"IT-UD","reg_name":"Friuli-Venezia Giulia","reg_istat_code":"06","reg_istat_code_num":6,"reg_iso_3166_2":"IT-36","opdm_id":"3676","com_catasto_code":"C817","com_istat_code":"030027","com_istat_code_num":30027}},
{"type":"Feature","geometry":{"type":"Polygon","coordinates":[[[13.107583999096837,46.19321175136142],[13.108480702398944,46.193082439349396],[13.108703920140579,46.193050181636664],[13.110138506300556,46.19274237444174],[13.115115832584168,46.1912664874872],[13.119146026574345,46.189343697135456],[13.119915070048147,46.188861093444906],[13.121193426207805,46.187822005045994],[13.12399131127297,46.18484345816995],[13.125668546311266,46.18240766667898],[13.126495966583262,46.18053599037089],[13.126964305826416,46.17971796427136],[13.128089221294237,46.179015703433244],[13.134851350517428,46.177137218864786],[13.139676147532759,46.176916504134056],[13.142610504299466,46.17526713818549],[13.14539173830719,46.1730686479683],[13.151322168128647,46.16777678279408],[13.157225655812512,46.16244482931417],[13.158782215025798,46.1604348931187],[13.166638891744823,46.15554878835421],[13.166683000256864,46.15183876998385],[13.165741565331661,46.150167441335014],[13.163079047102089,46.1472807839895],[13.159679351973413,46.14714823254546],[13.15847839029842,46.147408029786746],[13.157980332103346,46.14759719903069],[13.156983325410275,46.14875864613544],[13.154287089225136,46.15013862895081],[13.15139022269342,46.15065893807348],[13.148390395707153,46.15014247685923],[13.146709595934645,46.14966351296831],[13.142821472992821,46.147459997861894],[13.130868926546803,46.14975648808498],[13.127254990485902,46.14902316120237],[13.118314156505413,46.14615083523277],[13.11695414332422,46.14428271794528],[13.111411153471767,46.14467605842527],[13.108236879186267,46.144740890202165],[13.09361165654379,46.14077946838659],[13.081078565779958,46.13708794667876],[13.079923470447966,46.13713824137863],[13.078597904450799,46.13728013588462],[13.078094767565691,46.137622153941265],[13.074877284327318,46.1422555832422],[13.074697147392255,46.14292807284383],[13.075634696275113,46.14911875274079],[13.074346908637875,46.151527503244225],[13.072659175427225,46.15237083436276],[13.074944705973298,46.15813536990623],[13.081582709742612,46.16203407089399],[13.083070471107677,46.162106847367404],[13.084623401628729,46.16214128585073],[13.086247512182915,46.161628602300866],[13.086558199995972,46.161243935357604],[13.086677952680791,46.16040256193857],[13.086650561471576,46.15896338970219],[13.086465332538907,46.15793941545573],[13.086075779322305,46.15762033547513],[13.08534224118252,46.15708404742798],[13.085792861881583,46.15644682248122],[13.08617933460958,46.156090964572904],[13.089167166015372,46.15473730255589],[13.091013263006696,46.1545361135975],[13.09151548632257,46.154594639741475],[13.095718691942173,46.1551549233789],[13.096463056324774,46.15533522036716],[13.097397296547388,46.155684228674644],[13.098225220567075,46.15609555402297],[13.100624294359333,46.15755122182948],[13.101917813051967,46.15866766675155],[13.1019245360621,46.164500040317094],[13.09373984082408,46.170437523414805],[13.096325036552614,46.184881272242684],[13.099004225495515,46.18607672770721],[13.100167724484574,46.18653897937076],[13.106306809379367,46.18892944420205],[13.107583999096837,46.19321175136142]]]},"properties":{"name":"Colloredo di Monte Albano","op_id":"3824","minint_elettorale":"1060850280","minint_finloc":"2060850280","prov_name":"Udine","prov_istat_code":"030","prov_istat_code_num":30,"prov_acr":"UD","prov_iso_3166_2":"IT-UD","reg_name":"Friuli-Venezia Giulia","reg_istat_code":"06","reg_istat_code_num":6,"reg_iso_3166_2":"IT-36","opdm_id":"3677","com_catasto_code":"C885","com_istat_code":"030028","com_istat_code_num":30028}},
{"type":"Feature","geometry":{"type":"Polygon","coordinates":[[[12.906256847219558,46.56795703944512],[12.907899134369611,46.56311392722355],[12.917159094328548,46.554696246199434],[12.917763327464275,46.5542210004843],[12.91808416986401,46.55335493742096],[12.917690050209155,46.55232016525731],[12.91739724186196,46.55155139506015],[12.916895120006647,46.55065954566088],[12.915870965099323,46.5494705988431],[12.91504784583943,46.54921529731691],[12.908194737753195,46.54795592648141],[12.901609032236756,46.5469075068454],[12.900605735784822,46.54687877061112],[12.89775786273863,46.545639403795846],[12.896986351964594,46.5450697767686],[12.896755921077592,46.54489963923911],[12.893107977682241,46.54073969997356],[12.89107598405102,46.53830679466489],[12.889519132014973,46.536415778356265],[12.889209299786671,46.53601672517776],[12.890247526523966,46.535135328481395],[12.894767818608177,46.527830362159634],[12.894552950771045,46.52258583081053],[12.897887804997293,46.52098248079693],[12.902735943215404,46.51933631363079],[12.906318547380305,46.518079764189466],[12.907516322911789,46.51640968551178],[12.909271026623307,46.512794414516065],[12.909630690419078,46.51089201019637],[12.909746714835029,46.50924088506136],[12.909727217881093,46.50701843647767],[12.909141885357936,46.50598090709955],[12.908357248216461,46.50535525660661],[12.899036269536337,46.50405821893326],[12.892690130949486,46.507388890506185],[12.890169127058392,46.50853687167553],[12.887951600554807,46.5082433576155],[12.87285346875493,46.504311279449716],[12.868795638702723,46.501778937092396],[12.864532320469205,46.506801626824696],[12.864174751672184,46.510269932914284],[12.860925287892304,46.51494659050159],[12.85446808304165,46.52141652354285],[12.850531371500832,46.52370043288808],[12.848665246921279,46.522768802481195],[12.848004284917012,46.5239791125762],[12.845062506535665,46.527489388522405],[12.84442429712747,46.5281229023772],[12.839893256543983,46.52892787282481],[12.836806959721308,46.53233179899103],[12.834637025189263,46.534905308967716],[12.835166430847,46.535004509324786],[12.838096554999373,46.53510410820471],[12.84416629867615,46.5352915020515],[12.847258217701496,46.534935381943185],[12.848546016920952,46.53402345042883],[12.853550281272796,46.53212666545101],[12.861325941711616,46.53169750319759],[12.869002036448572,46.53382291809156],[12.869131855655374,46.53405554747243],[12.869245940786193,46.53426019854459],[12.869284568160008,46.53495194002607],[12.86886504765146,46.536995757281524],[12.868477703397406,46.538574970447414],[12.86773187676811,46.539963817547886],[12.867189377437148,46.540713090095174],[12.867139443263753,46.540780811742536],[12.872351121681401,46.54523453570376],[12.881328487257788,46.55015913689729],[12.8861837295073,46.55649691409941],[12.889302727801224,46.56116061481703],[12.889554720361797,46.56305806877411],[12.889792873505824,46.56815862766446],[12.89154116230001,46.57172693491552],[12.906256847219558,46.56795703944512]]]},"properties":{"name":"Comeglians","op_id":"3825","minint_elettorale":"1060850290","minint_finloc":"2060850290","prov_name":"Udine","prov_istat_code":"030","prov_istat_code_num":30,"prov_acr":"UD","prov_iso_3166_2":"IT-UD","reg_name":"Friuli-Venezia Giulia","reg_istat_code":"06","reg_istat_code_num":6,"reg_iso_3166_2":"IT-36","opdm_id":"3678","com_catasto_code":"C918","com_istat_code":"030029","com_istat_code_num":30029}},
{"type":"Feature","geometry":{"type":"Polygon","coordinates":[[[13.440138333055675,46.02284032962995],[13.457975449267987,46.016758212616395],[13.457208022531988,46.01491830622358],[13.45521743546829,46.009794196896976],[13.456454866682213,46.0095335061984],[13.457316061603574,46.009124357142994],[13.4577760858144,46.00890579422996],[13.460660617764379,46.00745183810006],[13.461145001221007,46.006645982608724],[13.460773396387959,46.00608373166122],[13.460250649239224,46.005447100275425],[13.460736580448366,46.001364721799824],[13.466063767563686,45.998311879108726],[13.464275737929068,45.99013673962819],[13.464835456918783,45.986065754796265],[13.46489023574268,45.9856525747009],[13.46494003127339,45.984818013398],[13.464476945010205,45.98421471323435],[13.463229601298881,45.98395308086902],[13.46319181242462,45.98394576534992],[13.462031685177642,45.9839776915071],[13.46051292314031,45.984289134532176],[13.45963799545395,45.984638375836646],[13.4586355291364,45.98538868056878],[13.45223432495435,45.98297887659377],[13.443554464036046,45.976687945316435],[13.442251030408846,45.97622115295514],[13.44210567375882,45.97613510893373],[13.441596838884552,45.97583387576045],[13.441031277274952,45.97549905093324],[13.440414050084756,45.97511578244619],[13.439762731103393,45.97471132542697],[13.438013165793954,45.97356874959134],[13.43798837604452,45.97354757997356],[13.437925964403759,45.97349427236165],[13.436954871243662,45.972664804955485],[13.436635793712314,45.97206513748825],[13.43002183250027,45.96995938730298],[13.426367357429955,45.96869102612369],[13.426132438632557,45.9686141281053],[13.425460432810155,45.96839418074473],[13.425225508499961,45.968318588959235],[13.424517549991156,45.96820546768052],[13.42398438919776,45.96819812791213],[13.427671471422396,45.97320108057029],[13.429835760057564,45.975071718047865],[13.431088159046219,45.97607481459263],[13.43418956715994,45.97915871431334],[13.438127534445726,45.98400136969672],[13.437260744899929,45.985567149043504],[13.436437815731482,45.98680335594279],[13.435646823197287,45.98726680304104],[13.427489407151612,45.9923807667689],[13.426296860038217,45.99392126709271],[13.42303001180737,45.99756746819643],[13.425719473987645,46.00425457077392],[13.426160872637654,46.00923852831848],[13.423465824588014,46.01130442001897],[13.422746260873806,46.012070427331714],[13.422388552654375,46.01375852415351],[13.422914883872648,46.01613242729152],[13.423368215986352,46.017460528846286],[13.425202855515272,46.02109786294796],[13.430367981419046,46.0239799421298],[13.43108450089322,46.02420896348251],[13.433635649946106,46.02488392994008],[13.436706646623637,46.0254846215196],[13.437393814552962,46.0254128755759],[13.439245839259957,46.02480073549204],[13.439722798716323,46.02436362157202],[13.439872603145135,46.024096753716115],[13.440138333055675,46.02284032962995]]]},"properties":{"name":"Corno di Rosazzo","op_id":"3826","minint_elettorale":"1060850300","minint_finloc":"2060850300","prov_name":"Udine","prov_istat_code":"030","prov_istat_code_num":30,"prov_acr":"UD","prov_iso_3166_2":"IT-UD","reg_name":"Friuli-Venezia Giulia","reg_istat_code":"06","reg_istat_code_num":6,"reg_iso_3166_2":"IT-36","opdm_id":"3679","com_catasto_code":"D027","com_istat_code":"030030","com_istat_code_num":30030}},
{"type":"Feature","geometry":{"type":"Polygon","coordinates":[[[13.03736127486952,46.09871471598543],[13.038970634595639,46.09566495045047],[13.037847199465803,46.09340495932022],[13.035914081889885,46.092820791596004],[13.033304470665142,46.08984509129631],[13.033179512770023,46.08895702720229],[13.038116356337678,46.07935062078136],[13.042790440831439,46.07728918374487],[13.045700651300686,46.071758437726984],[13.050544747240153,46.066023983832444],[13.051741430129471,46.065072381350504],[13.052924334363759,46.06310651943411],[13.052978357257537,46.06301672313175],[13.052887290988398,46.06191734401384],[13.051925481089492,46.06169497091857],[13.050899099822301,46.061506394807985],[13.047037134364095,46.06392517596855],[13.046584226530229,46.06384035412],[13.046329992143235,46.063792734890754],[13.044367112963894,46.06340777717045],[13.040618291334782,46.0626359956094],[13.040058022564894,46.06247637009907],[13.039466156874003,46.06230773416827],[13.036240312764729,46.06102674475359],[13.035579397499497,46.06035253770666],[13.036491599590207,46.05903312916439],[13.03266343823955,46.0525010330182],[13.020015468512835,46.04436705916462],[13.01634717405738,46.04395559304193],[13.014164156753106,46.04416431087486],[13.014148232803079,46.044194754616235],[13.013073051020918,46.04625818280153],[13.011209799298118,46.05067315603596],[13.01162257461399,46.054569671216704],[13.006978703303501,46.0644244352199],[13.002158003714781,46.07410816586425],[13.000765899129377,46.07682247701234],[13.00074037273296,46.07687221158866],[12.989810524859692,46.074177995026325],[12.979014449775548,46.07150162189165],[12.978767878212192,46.07148719444513],[12.978468413359042,46.07148192835157],[12.977972963514773,46.071485707715155],[12.977738108746793,46.07148935772994],[12.977880353806954,46.07216521975444],[12.978397136762368,46.075777591575864],[12.978901637409601,46.080848897037974],[12.978968141745803,46.081742738609606],[12.978327475964274,46.08179041288063],[12.976848783394459,46.08189979331398],[12.973071242868553,46.08885137479452],[12.972460418403877,46.09635692988724],[12.969201040285721,46.104112132645696],[12.980741539120682,46.11300364333891],[12.981774639986936,46.113768683181],[12.98284568882189,46.113848313086315],[12.983483275054326,46.11377206277717],[12.984613313468358,46.11363810239772],[12.986835637428053,46.1131053736882],[12.987898147519292,46.11259626988259],[12.988673652285343,46.109460237778116],[12.988809931495027,46.10785241271641],[12.988391023402507,46.10689044408364],[12.989815972485172,46.104000824410825],[12.99297695799427,46.099378670053035],[13.00089247199044,46.09378987651435],[13.006028580735777,46.097495728643096],[13.006993333298917,46.09986161668551],[13.008916608394246,46.10284989010308],[13.009632991944963,46.103287941429066],[13.0154140779177,46.10466668359573],[13.024705560154963,46.10561547313853],[13.026171245168586,46.105531809219386],[13.034444182662575,46.102121259264734],[13.035897880715568,46.10058918568828],[13.037163367291829,46.09917176425758],[13.03736127486952,46.09871471598543]]]},"properties":{"name":"Coseano","op_id":"3827","minint_elettorale":"1060850310","minint_finloc":"2060850310","prov_name":"Udine","prov_istat_code":"030","prov_istat_code_num":30,"prov_acr":"UD","prov_iso_3166_2":"IT-UD","reg_name":"Friuli-Venezia Giulia","reg_istat_code":"06","reg_istat_code_num":6,"reg_iso_3166_2":"IT-36","opdm_id":"3680","com_catasto_code":"D085","com_istat_code":"030031","com_istat_code_num":30031}},
{"type":"Feature","geometry":{"type":"Polygon","coordinates":[[[12.983483275054326,46.11377206277717],[12.98284568882189,46.113848313086315],[12.981774639986936,46.113768683181],[12.980741539120682,46.11300364333891],[12.969201040285721,46.104112132645696],[12.972460418403877,46.09635692988724],[12.973071242868553,46.08885137479452],[12.976848783394459,46.08189979331398],[12.978327475964274,46.08179041288063],[12.978968141745803,46.081742738609606],[12.978901637409601,46.080848897037974],[12.978397136762368,46.075777591575864],[12.977880353806954,46.07216521975444],[12.977738108746793,46.07148935772994],[12.972554684403205,46.07116917187783],[12.96679791266983,46.06712801400787],[12.959164558552176,46.0652798465448],[12.949800417133726,46.06318130697738],[12.944782801030165,46.06237082671384],[12.932810882889367,46.060628300237205],[12.926672582924418,46.06056066153184],[12.925355049384672,46.06059080347959],[12.924974511479123,46.0605995086617],[12.924718517752511,46.060605369568336],[12.920769031475166,46.06073713245072],[12.920022579264158,46.06079928367291],[12.917110085799857,46.06110530585826],[12.916393309701268,46.06126493078171],[12.916217741299896,46.067994669807156],[12.91610229219798,46.068646695450525],[12.9164262779134,46.0713718578936],[12.916880942145788,46.07407004023918],[12.917335368687091,46.07539558381332],[12.918204617205332,46.07707591630274],[12.92380457070922,46.0856459295036],[12.927102530631366,46.093588331734885],[12.932124957726947,46.11879349197416],[12.93272796917464,46.12199954642722],[12.933554266996836,46.124724126213366],[12.933707278655046,46.125228622531566],[12.9349753564348,46.12872675481138],[12.936568774544824,46.13180412508075],[12.937608083117379,46.131626795397864],[12.952432718759384,46.12924864179028],[12.959306957396404,46.12815526699026],[12.963185090825036,46.12736882770797],[12.966425934575573,46.126058379627686],[12.970524021214963,46.12407069366964],[12.971994820794093,46.12315992835285],[12.974288783042969,46.1215751818508],[12.98166336425825,46.12040657706882],[12.986201437041185,46.12028384368784],[12.983483275054326,46.11377206277717]]]},"properties":{"name":"Dignano","op_id":"3828","minint_elettorale":"1060850320","minint_finloc":"2060850320","prov_name":"Udine","prov_istat_code":"030","prov_istat_code_num":30,"prov_acr":"UD","prov_iso_3166_2":"IT-UD","reg_name":"Friuli-Venezia Giulia","reg_istat_code":"06","reg_istat_code_num":6,"reg_iso_3166_2":"IT-36","opdm_id":"3681","com_catasto_code":"D300","com_istat_code":"030032","com_istat_code_num":30032}},
{"type":"Feature","geometry":{"type":"MultiPolygon","coordinates":[[[[13.43352191915278,46.43585935943654],[13.433445385654611,46.43535827582195],[13.432904873901547,46.43332255708958],[13.432271314610725,46.43136245698676],[13.431283977081847,46.42992463674234],[13.429040055842357,46.428751590459996],[13.421910386079517,46.42506311007042],[13.418116560980762,46.42435495659238],[13.416006156372125,46.42399107712553],[13.401193052909733,46.42274054109637],[13.382279035044023,46.42422436235282],[13.375332602170221,46.42410380174136],[13.370032778901304,46.42424833267853],[13.36833837456725,46.42433120158712],[13.36656247275852,46.42449366218308],[13.365646576677122,46.42466820183566],[13.364559537094891,46.4248898006033],[13.361037384740166,46.425932548275675],[13.352411383170868,46.430277159318784],[13.33984545188426,46.43428844706478],[13.330448863432492,46.43681452564797],[13.319729887073175,46.440789500494105],[13.309302416922945,46.438213353924304],[13.297553449055364,46.441811067027466],[13.297070212379651,46.44228829600255],[13.296635427678002,46.4424229605118],[13.2960446435468,46.44260592454203],[13.292026649547859,46.44328362611844],[13.279851105518238,46.444190802818],[13.272976569900644,46.443791260554505],[13.271456734726852,46.44492823737653],[13.265721453597079,46.44837849291891],[13.264554782482909,46.44866511412927],[13.26065217507667,46.44938237122973],[13.254347466094595,46.45394690569627],[13.248370801079547,46.46204518709163],[13.247515809920461,46.463526122940635],[13.24784219782401,46.46513413615165],[13.248528056563336,46.467718840342826],[13.258372826481889,46.47390913679926],[13.260431994603211,46.47673058339278],[13.265332310645562,46.480755472273934],[13.266531056611704,46.48075569358994],[13.272003831356841,46.477841783935695],[13.27904401088157,46.47395979906731],[13.280093376694586,46.47333541385602],[13.285365685839341,46.47174249072026],[13.295693717510154,46.46946282407006],[13.299718035107759,46.469722197983785],[13.300540571428462,46.470096237854136],[13.320650932590963,46.4764610528743],[13.330247893404835,46.4791937173415],[13.342391168437645,46.48465950885287],[13.343812487080053,46.485059982552876],[13.344982505814821,46.4847499299851],[13.346792743193951,46.48387994413261],[13.34793546758666,46.483216876043244],[13.348079367784798,46.48313337529635],[13.348055266982506,46.48177067158588],[13.347109825167205,46.48028103010636],[13.355439934501991,46.47635403734478],[13.369172591253832,46.47527133224249],[13.374462616962813,46.474123675920985],[13.379232146714314,46.47342771486048],[13.380994784953929,46.47372912080555],[13.382443492032504,46.474065045359275],[13.38777084614621,46.47674068605634],[13.388295887624203,46.477062827792174],[13.388730281672514,46.47732935192332],[13.389431130567445,46.47785147211289],[13.3986374501584,46.47426546658302],[13.41209202663658,46.47271590922073],[13.413487581266033,46.47263496633315],[13.415689250038206,46.47268482553571],[13.416496725174843,46.47310363550789],[13.417363788440225,46.473745149159164],[13.418221863179198,46.47439123461158],[13.424656633999708,46.47652751171612],[13.435757972138791,46.47369790851696],[13.442482426382746,46.47269381792702],[13.444317722550986,46.47274387976552],[13.44665932810066,46.47284169695898],[13.447938479400788,46.473210405746684],[13.449703526244619,46.47484280130686],[13.452787539516533,46.47635169049706],[13.454456712561937,46.47625056104099],[13.455321592193362,46.47560474806685],[13.456709078899367,46.4735433704855],[13.461082276592425,46.46488914806541],[13.46112282504307,46.46437001446831],[13.456480792012343,46.45950181901113],[13.455505420146972,46.45851379063459],[13.454867107087093,46.45808415428762],[13.45301290726693,46.45732842313256],[13.448511343097092,46.456279833658854],[13.444095351960254,46.45493070185487],[13.443121090242638,46.45459968796938],[13.441670982457678,46.45410696540872],[13.440749957513349,46.45370599214353],[13.438919125946247,46.452908879676166],[13.4342659665526,46.438967279665476],[13.433729130128397,46.437277943052656],[13.43352191915278,46.43585935943654]]],[[[13.244084814209906,46.49812227279165],[13.238646891517659,46.494998490056034],[13.237474059285631,46.4945919920495],[13.235608311540753,46.4946702150229],[13.235536515233399,46.49469052016341],[13.233978371852011,46.49513121756841],[13.230505565659513,46.49651105699281],[13.228945186244287,46.49720792273211],[13.228878621386459,46.4973367779842],[13.228793487018999,46.497501595253],[13.228596669370527,46.497883873162436],[13.227488593400365,46.500700147544684],[13.232581753888368,46.50280665644284],[13.239319787250789,46.506445015348476],[13.243993829189604,46.50945313277495],[13.246017428532731,46.50489550448737],[13.244084814209906,46.49812227279165]]]]},"properties":{"name":"Dogna","op_id":"3829","minint_elettorale":"1060850330","minint_finloc":"2060850330","prov_name":"Udine","prov_istat_code":"030","prov_istat_code_num":30,"prov_acr":"UD","prov_iso_3166_2":"IT-UD","reg_name":"Friuli-Venezia Giulia","reg_istat_code":"06","reg_istat_code_num":6,"reg_iso_3166_2":"IT-36","opdm_id":"3682","com_catasto_code":"D316","com_istat_code":"030033","com_istat_code_num":30033}},
{"type":"Feature","geometry":{"type":"MultiPolygon","coordinates":[[[[13.64445715596931,46.15159293778009],[13.643420019230716,46.15115809485238],[13.642351947415627,46.15191266372612],[13.642436643375095,46.15212974834295],[13.642715453604334,46.15238392950301],[13.64356667315293,46.15304237893859],[13.643959464522082,46.152900369378195],[13.644988229123319,46.152102388654875],[13.64445715596931,46.15159293778009]]],[[[13.653715605896368,46.15803851202453],[13.642129044142493,46.15832610269881],[13.630692618989043,46.15834992452897],[13.624400854951153,46.15667441828911],[13.62228755930858,46.15673757157859],[13.620028444795583,46.1569731064428],[13.61753207525864,46.157353238083985],[13.61518654894723,46.15845178759825],[13.61464100484804,46.159022941586485],[13.616062785885765,46.16224185646487],[13.611827022755666,46.16019438392755],[13.610336172268532,46.162288929009485],[13.60257824185273,46.16843949562984],[13.603311373311454,46.1696925973193],[13.606308997468785,46.17407669076807],[13.606922898911167,46.17441643231275],[13.608114975567057,46.174881363381814],[13.609578084200432,46.17542983425532],[13.619365773975797,46.18035360361652],[13.619966162972062,46.18068482547331],[13.617903867341344,46.18237054816329],[13.614534741079328,46.1844106360645],[13.617056724117552,46.18513219596574],[13.622158054842751,46.18686986937208],[13.623749326580043,46.18745346233967],[13.627122683830333,46.188846874744485],[13.63179408462122,46.18968347136301],[13.635120396059266,46.18983185441393],[13.645717508934458,46.18834760938322],[13.646345602126013,46.18809249455844],[13.657592875679184,46.18228707674593],[13.663203299980257,46.1801180739753],[13.663637191344732,46.17722894031542],[13.664072864237786,46.17205792080356],[13.664165646338414,46.170897469174626],[13.663817235196866,46.16979556348119],[13.663203411146412,46.16892503954048],[13.661842403760666,46.16747296421419],[13.661042018417353,46.166731588908846],[13.659749368085812,46.165569255551326],[13.659003855472092,46.165284672507205],[13.658067060076082,46.16494939681423],[13.657145319622234,46.16450544086799],[13.65494139748171,46.16241710561747],[13.653990862595757,46.16001203172546],[13.653715605896368,46.15803851202453]],[[13.646766183781526,46.15936146414838],[13.646893198767243,46.15892871919746],[13.649229853905904,46.1592475743249],[13.649463480512962,46.15974212405379],[13.649634717151855,46.16014019779536],[13.648981017401272,46.16041436060928],[13.648588550085675,46.16056988507247],[13.64750090243801,46.16003813226031],[13.646766183781526,46.15936146414838]]]]},"properties":{"name":"Drenchia","op_id":"3830","minint_elettorale":"1060850340","minint_finloc":"2060850340","prov_name":"Udine","prov_istat_code":"030","prov_istat_code_num":30,"prov_acr":"UD","prov_iso_3166_2":"IT-UD","reg_name":"Friuli-Venezia Giulia","reg_istat_code":"06","reg_istat_code_num":6,"reg_iso_3166_2":"IT-36","opdm_id":"3683","com_catasto_code":"D366","com_istat_code":"030034","com_istat_code_num":30034}},
{"type":"Feature","geometry":{"type":"Polygon","coordinates":[[[12.905493629133046,46.41600068678561],[12.909643142589898,46.40850958256198],[12.917692614006311,46.401136658456906],[12.919292519698148,46.39495227035973],[12.91951241111904,46.393302105451106],[12.922077569689831,46.3812341186212],[12.92508135537048,46.37877924377456],[12.924880870609416,46.37794635616844],[12.923455167640325,46.37575869523785],[12.921237761508037,46.37253611952036],[12.916696137422429,46.37058133584704],[12.914025373167995,46.37039400630125],[12.913137247302053,46.37038132543291],[12.911334976817528,46.37035558312876],[12.909267082876482,46.370372407962826],[12.905558893763038,46.37041897864454],[12.904257555841626,46.370467985030444],[12.901472920513974,46.373236383432854],[12.898858614910669,46.37365288792871],[12.89162669385359,46.374355006973374],[12.889225593238868,46.37456777977444],[12.884758483973698,46.37941457211495],[12.880138560876281,46.38760839177746],[12.874977194946318,46.39896247454588],[12.86501535932995,46.403899431121836],[12.861879377476834,46.40789831775834],[12.85309335215779,46.41295194963286],[12.847040437127289,46.4136870689165],[12.847522149166421,46.41878637704926],[12.84615866840422,46.42346894454074],[12.831617545525305,46.43243634348162],[12.82019799452473,46.443669135163304],[12.81881805817717,46.44430032956667],[12.818330140953435,46.44479366918361],[12.81725935563729,46.446157042372434],[12.817028732498873,46.44672279948931],[12.817575967793239,46.448972659507405],[12.818439183704607,46.45180596692183],[12.818775393335764,46.45288711863068],[12.818909983342436,46.453113315130096],[12.82175739289957,46.44860258687512],[12.821861380176992,46.44845484464119],[12.822545169814275,46.447483336429734],[12.823193341502174,46.446660572885726],[12.823229741091014,46.44661437809614],[12.825730077499783,46.44368195820555],[12.82683634715975,46.44303734895291],[12.828229765816161,46.44271611833491],[12.829236867712922,46.44256086289418],[12.832843763622597,46.44321393238283],[12.841956223905564,46.4379888743058],[12.842446350807007,46.436802297991825],[12.842923531504015,46.43602384903348],[12.843308276083144,46.435396200834525],[12.84414121715385,46.43436460008126],[12.846359912300214,46.432561772836706],[12.847661721391253,46.43195087572632],[12.84914544516018,46.43163536346156],[12.852757239670053,46.43110852578657],[12.854223783079927,46.43091953621487],[12.863080965033404,46.43013988485789],[12.874020471744766,46.4282109973907],[12.885818413513771,46.42239177332947],[12.8936322947996,46.41715273364135],[12.898053948434276,46.415228737461426],[12.899156813951027,46.414943563835706],[12.90045107947562,46.41512888845279],[12.905493629133046,46.41600068678561]]]},"properties":{"name":"Enemonzo","op_id":"3831","minint_elettorale":"1060850350","minint_finloc":"2060850350","prov_name":"Udine","prov_istat_code":"030","prov_istat_code_num":30,"prov_acr":"UD","prov_iso_3166_2":"IT-UD","reg_name":"Friuli-Venezia Giulia","reg_istat_code":"06","reg_istat_code_num":6,"reg_iso_3166_2":"IT-36","opdm_id":"3684","com_catasto_code":"D408","com_istat_code":"030035","com_istat_code_num":30035}},
{"type":"Feature","geometry":{"type":"Polygon","coordinates":[[[13.321209889710847,46.14825600997682],[13.322217080350553,46.14919896894892],[13.326585570290037,46.15331340922325],[13.336390103509045,46.15832489335783],[13.340190436337974,46.15912893882008],[13.341155028406204,46.15934882372422],[13.34202841911319,46.160035666765104],[13.343710267797963,46.16138481045242],[13.344833834277145,46.16268414981617],[13.345906704742305,46.164176960484774],[13.349661066295916,46.16941652956118],[13.35006431860401,46.1710978874714],[13.349841132630221,46.17553040735632],[13.356464048802142,46.181510944182655],[13.365677477806036,46.186739479437875],[13.369297651607342,46.191407445852896],[13.375482836092202,46.20007246700102],[13.377214047846554,46.202463364032326],[13.377929355396008,46.20324600377619],[13.379700889722939,46.205153755699676],[13.38112373659592,46.20658879951989],[13.382119234196372,46.207581199751594],[13.387601940994879,46.210682878270525],[13.39164080539412,46.21180115605563],[13.404926398761422,46.21414684947432],[13.410773966139478,46.21229624213653],[13.423452384021717,46.20633666263765],[13.417684886341515,46.20548959565442],[13.410963696028404,46.204376968797675],[13.41185496180607,46.200467543695304],[13.413693592147395,46.19145386329266],[13.413939089216955,46.18205172374054],[13.4070534097492,46.172371696681324],[13.40276975721666,46.16148373596977],[13.404435832678113,46.1607533430532],[13.40616210448704,46.15972357119934],[13.40681372572409,46.158690290594016],[13.406936784963506,46.15307333381317],[13.406348247932447,46.1497116605261],[13.405696340811987,46.149403793455235],[13.403651119747924,46.148474641348685],[13.402602061027812,46.14803806670198],[13.396704412058675,46.14645176550201],[13.389872024938583,46.14406853939333],[13.38998638035378,46.14282200457954],[13.390640140659407,46.141712214467724],[13.391039183574863,46.141236419712335],[13.391498247433534,46.140689058158536],[13.393750957292974,46.13811689754134],[13.395521036003688,46.134138848557235],[13.395632043792087,46.13345049088617],[13.394998169590986,46.130756573075864],[13.393623163705021,46.12729009978739],[13.385917621937534,46.12740656921517],[13.38080130030793,46.127544638188134],[13.37720533557734,46.12744864103597],[13.375158826014678,46.12308961606448],[13.374950672193023,46.11915958292662],[13.369231171488964,46.11388810517433],[13.367838389307138,46.11197919528268],[13.365073530330132,46.10915516813],[13.362758012313032,46.11088642199738],[13.35005203673961,46.117807394511004],[13.348190899710966,46.12333302190898],[13.33912734196668,46.12428117066719],[13.331656323588009,46.12138318446653],[13.324246791291872,46.11986854743896],[13.323664536601576,46.11942706846958],[13.320883453435636,46.120225503519414],[13.319369028950211,46.1206698884842],[13.316632970194012,46.12209661752058],[13.315882658171239,46.12254865092056],[13.31560145632116,46.12271839488881],[13.314722428175177,46.12324901494316],[13.318329923879997,46.129305265707735],[13.326215194776799,46.13477623161274],[13.327497843891123,46.13647830238138],[13.328064609795646,46.13784296215304],[13.324924422364509,46.139366208892035],[13.322805012841295,46.141782315582375],[13.322111653644676,46.14372580775004],[13.321384289162072,46.14676422115539],[13.3212658711094,46.147700314610155],[13.321209889710847,46.14825600997682]]]},"properties":{"name":"Faedis","op_id":"3832","minint_elettorale":"1060850360","minint_finloc":"2060850360","prov_name":"Udine","prov_istat_code":"030","prov_istat_code_num":30,"prov_acr":"UD","prov_iso_3166_2":"IT-UD","reg_name":"Friuli-Venezia Giulia","reg_istat_code":"06","reg_istat_code_num":6,"reg_iso_3166_2":"IT-36","opdm_id":"3685","com_catasto_code":"D455","com_istat_code":"030036","com_istat_code_num":30036}},
{"type":"Feature","geometry":{"type":"Polygon","coordinates":[[[13.107575863497539,46.056707853306726],[13.093878070197183,46.05349171273651],[13.09396509650997,46.055104287477235],[13.093961382819787,46.061603166570286],[13.092776880721269,46.0738847622058],[13.088161499745562,46.07641452305411],[13.080212682967744,46.07516960002221],[13.076588115783759,46.07526764449427],[13.076071914509118,46.07600617994817],[13.075129042382702,46.07779954828556],[13.07478093880539,46.07850505302748],[13.07225294135361,46.08652069358051],[13.071025975353184,46.094588856015115],[13.061629752330985,46.099127150058756],[13.057992086558853,46.10049361008746],[13.052797573112565,46.102212196387605],[13.048661826116856,46.099997548141054],[13.049523803084675,46.097923739292646],[13.048045645461437,46.09769263361901],[13.044222076973407,46.09783270578053],[13.04385992778731,46.09857463771301],[13.043750370911901,46.098790030989555],[13.043298877841346,46.10015617628929],[13.043056053196956,46.10520081575227],[13.04454905512847,46.115346053287816],[13.046029577723516,46.11849338709485],[13.04854407603737,46.11909277330739],[13.051533648913047,46.121757027623936],[13.053163823768383,46.12830779144555],[13.057243627129148,46.13595762823861],[13.06331368750782,46.14522866980057],[13.064445160748797,46.15137651930046],[13.064209871844936,46.15180795080225],[13.065138733089503,46.15264795194205],[13.070031550032294,46.15310362127351],[13.071709064211547,46.15287727228557],[13.072659175427225,46.15237083436276],[13.074346908637875,46.151527503244225],[13.075634696275113,46.14911875274079],[13.074697147392255,46.14292807284383],[13.074877284327318,46.1422555832422],[13.078094767565691,46.137622153941265],[13.078597904450799,46.13728013588462],[13.079923470447966,46.13713824137863],[13.081078565779958,46.13708794667876],[13.09361165654379,46.14077946838659],[13.108236879186267,46.144740890202165],[13.111411153471767,46.14467605842527],[13.11695414332422,46.14428271794528],[13.113926095023935,46.13965741538558],[13.10975426713106,46.128016431747106],[13.108227590087195,46.11438090171052],[13.108220487998816,46.11342704518767],[13.108252473557263,46.11331339840505],[13.117851047492323,46.10961003489095],[13.122116538199212,46.108609926350915],[13.124558806400168,46.1082696356738],[13.125092840810007,46.108196410353315],[13.130265083949517,46.11052952319247],[13.131915535285177,46.107715447713275],[13.130134439223152,46.105660202439864],[13.122798170909281,46.10112346596023],[13.119667340579221,46.09544980286948],[13.119013664483525,46.09252915896817],[13.118014669993858,46.08726362428475],[13.117589765307578,46.0819098466716],[13.109591867763159,46.06426364846413],[13.108054373202128,46.06158269759815],[13.107610529871144,46.060199014573044],[13.10737599136725,46.05835774043652],[13.107575863497539,46.056707853306726]]]},"properties":{"name":"Fagagna","op_id":"3833","minint_elettorale":"1060850370","minint_finloc":"2060850370","prov_name":"Udine","prov_istat_code":"030","prov_istat_code_num":30,"prov_acr":"UD","prov_iso_3166_2":"IT-UD","reg_name":"Friuli-Venezia Giulia","reg_istat_code":"06","reg_istat_code_num":6,"reg_iso_3166_2":"IT-36","opdm_id":"3686","com_catasto_code":"D461","com_istat_code":"030037","com_istat_code_num":30037}},
{"type":"Feature","geometry":{"type":"Polygon","coordinates":[[[12.977738108746793,46.07148935772994],[12.977972963514773,46.071485707715155],[12.978468413359042,46.07148192835157],[12.978767878212192,46.07148719444513],[12.979014449775548,46.07150162189165],[12.989810524859692,46.074177995026325],[13.00074037273296,46.07687221158866],[13.000765899129377,46.07682247701234],[13.002158003714781,46.07410816586425],[13.006978703303501,46.0644244352199],[13.01162257461399,46.054569671216704],[13.011209799298118,46.05067315603596],[13.013073051020918,46.04625818280153],[13.014148232803079,46.044194754616235],[13.014164156753106,46.04416431087486],[13.008133503835653,46.04366080478774],[12.99094904195297,46.042941662873865],[12.988999028599766,46.0439188820666],[12.98487316504575,46.04753687784439],[12.979902487942686,46.04899020005355],[12.968581880398576,46.05092901820165],[12.956344489276658,46.04828858403767],[12.936499450625826,46.04386282765132],[12.923036169533594,46.04238949536823],[12.916301313934035,46.042213030725264],[12.916014605599647,46.04453612639606],[12.91566694831977,46.04998914286126],[12.91551728911372,46.05774861583042],[12.916393309701268,46.06126493078171],[12.917110085799857,46.06110530585826],[12.920022579264158,46.06079928367291],[12.920769031475166,46.06073713245072],[12.924718517752511,46.060605369568336],[12.924974511479123,46.0605995086617],[12.925355049384672,46.06059080347959],[12.926672582924418,46.06056066153184],[12.932810882889367,46.060628300237205],[12.944782801030165,46.06237082671384],[12.949800417133726,46.06318130697738],[12.959164558552176,46.0652798465448],[12.96679791266983,46.06712801400787],[12.972554684403205,46.07116917187783],[12.977738108746793,46.07148935772994]]]},"properties":{"name":"Flaibano","op_id":"3835","minint_elettorale":"1060850390","minint_finloc":"2060850390","prov_name":"Udine","prov_istat_code":"030","prov_istat_code_num":30,"prov_acr":"UD","prov_iso_3166_2":"IT-UD","reg_name":"Friuli-Venezia Giulia","reg_istat_code":"06","reg_istat_code_num":6,"reg_iso_3166_2":"IT-36","opdm_id":"3687","com_catasto_code":"D630","com_istat_code":"030039","com_istat_code_num":30039}},
{"type":"Feature","geometry":{"type":"Polygon","coordinates":[[[12.727440129639804,46.630375657615254],[12.73198089514063,46.633812408853856],[12.735778508610405,46.635172821413754],[12.745288783354997,46.63973204178157],[12.745578069349,46.640325577884546],[12.746979307777162,46.642437240894935],[12.747854291641055,46.643253681839425],[12.750685319012488,46.645085727950985],[12.751583769190887,46.64547474994525],[12.756477964465878,46.647217503554955],[12.759716874747943,46.647596980877054],[12.761864394060021,46.647809805786906],[12.774594597171953,46.646786912968054],[12.777041645957366,46.64638652645054],[12.78276593541067,46.645427604741506],[12.791619458206151,46.643014537530036],[12.795729989035605,46.640573938531666],[12.796568399213053,46.6388626890755],[12.797227764466403,46.637774545485094],[12.801362664054913,46.63477041873882],[12.802852710018694,46.63375327102882],[12.809409489456034,46.63124423660255],[12.817497539030345,46.62924617604063],[12.828579691728955,46.630769896301935],[12.83089868359799,46.63060665247045],[12.837321296905547,46.62742546691647],[12.837271267582754,46.627076128182026],[12.83682444735169,46.626150584205455],[12.835365727614631,46.62343194190793],[12.834432226699224,46.62226171231356],[12.83399259522372,46.62085890757024],[12.833610880652301,46.61663701963308],[12.833512430123118,46.61192859702351],[12.833654244283936,46.61065476698964],[12.835439962896574,46.60943827067953],[12.837825516587863,46.60823309758915],[12.842673436372806,46.60681904618258],[12.84703597246256,46.60580367438865],[12.85198949158423,46.60507872636139],[12.854976533463454,46.60514446474499],[12.857250536541667,46.605409731876684],[12.860516317928969,46.606685474852235],[12.862805730782402,46.60789963897496],[12.867696052173988,46.60916888874661],[12.88024137445461,46.60785323570534],[12.888309916938832,46.60690835617022],[12.889462946168745,46.602417667896596],[12.893139598291638,46.59623339495453],[12.897286676193014,46.592610482447846],[12.897755982365593,46.59021384837731],[12.898494398891636,46.58500886087471],[12.89739050166822,46.58395666184984],[12.896175832249943,46.583499369772255],[12.893480322260084,46.5827047518767],[12.892148187126526,46.582354117317855],[12.890078932762629,46.582138028860804],[12.889938626074068,46.58212337485537],[12.888942323877055,46.58158577270435],[12.888821423799303,46.58028480716158],[12.8898118442223,46.57935103635045],[12.890488644437307,46.57903106696996],[12.87405696846401,46.57652345762802],[12.859167870535252,46.576610958899806],[12.849499564188553,46.57721169989756],[12.83099905519889,46.57611909109698],[12.823802786212244,46.57468899176695],[12.808359337592714,46.570823219609345],[12.805195198867569,46.5719638248266],[12.804506032770094,46.57219830109583],[12.800607782765605,46.57239490303822],[12.800536760988967,46.572396629653454],[12.799494985321429,46.57236545009215],[12.797514515344448,46.572102413585775],[12.791553627109552,46.570095313166874],[12.789386318559963,46.567579617220694],[12.786377281344793,46.56488474483422],[12.781732860364514,46.561344740507145],[12.775753502403774,46.5585580741089],[12.774399860142129,46.557904027049844],[12.774358682696263,46.55788412840719],[12.77297257238806,46.556723850141346],[12.771796693316729,46.55546662641672],[12.770302537767774,46.553405349279224],[12.769601432149821,46.552078419272206],[12.769446289362767,46.5513815074159],[12.762713185661363,46.55140998251383],[12.760485810939667,46.55102430380233],[12.757773154176714,46.55038904959576],[12.750402722574481,46.54753511573679],[12.750279864030656,46.54715192841752],[12.750044340263516,46.54641732534992],[12.74976884335117,46.545188807678294],[12.749746658228752,46.54496544113679],[12.74964899215191,46.54398202870789],[12.737268729476442,46.55280748282682],[12.735850904333605,46.55348403538655],[12.735426839321054,46.55387117091908],[12.733382339851003,46.55652123567741],[12.733038955901378,46.55700207640746],[12.732696870722425,46.55748110952331],[12.732750613124983,46.56228415760273],[12.735835323742494,46.57218278782652],[12.737021402923752,46.57273798074134],[12.737668481875248,46.573040864462484],[12.740790684805438,46.57450476989079],[12.742353890634952,46.57587672701947],[12.742413039337041,46.57633269783839],[12.742175378577569,46.57759898458566],[12.74211054483063,46.57794435068664],[12.741617532404106,46.58006692635385],[12.741088230045419,46.58176283211032],[12.739655484500386,46.59610180260571],[12.73620382059023,46.60229496131601],[12.732809248730687,46.60707275818518],[12.729399496615338,46.609990670576806],[12.728864194123107,46.61047773253946],[12.728625944694715,46.613284861685834],[12.728602094321317,46.614632798835146],[12.72862428156037,46.618016617134735],[12.729459035527917,46.62227130955127],[12.728192421737132,46.628084164730474],[12.727440129639804,46.630375657615254]]]},"properties":{"name":"Forni Avoltri","op_id":"3837","minint_elettorale":"1060850400","minint_finloc":"2060850400","prov_name":"Udine","prov_istat_code":"030","prov_istat_code_num":30,"prov_acr":"UD","prov_iso_3166_2":"IT-UD","reg_name":"Friuli-Venezia Giulia","reg_istat_code":"06","reg_istat_code_num":6,"reg_iso_3166_2":"IT-36","opdm_id":"3688","com_catasto_code":"D718","com_istat_code":"030040","com_istat_code_num":30040}},
{"type":"Feature","geometry":{"type":"Polygon","coordinates":[[[12.498693635571806,46.41219738603407],[12.496708692571238,46.41513765464256],[12.494300093645121,46.41872651955332],[12.492661768196758,46.423679099550085],[12.492568143973347,46.42397447298361],[12.492478162706604,46.42426073984751],[12.492598629196568,46.42441442472082],[12.492994921243803,46.42491992796618],[12.493511285878613,46.42555979181503],[12.493914293626725,46.42605915422618],[12.496437741852882,46.428459812020705],[12.498910341513882,46.43261518616156],[12.498837761607426,46.43347156303053],[12.499256186842244,46.43425528344512],[12.502052746013577,46.43751515331274],[12.503351671598477,46.4389040993074],[12.50413724840696,46.439615306594284],[12.504578172910229,46.44001435818874],[12.504612831803422,46.44004032057902],[12.505862747015179,46.44096048517745],[12.507230790589105,46.44177738188297],[12.51280933211551,46.44485217812972],[12.516175496341893,46.44669611213658],[12.520816617873775,46.448177797276145],[12.522000851355848,46.44831253563326],[12.524795346876767,46.448573224035314],[12.528064326385913,46.452843631307125],[12.527261182671328,46.45566941887271],[12.52705396663815,46.45691320334789],[12.527048623892112,46.45841655722651],[12.527079683745871,46.45946476588894],[12.527473912684522,46.46023112571515],[12.530182333693604,46.46445063217475],[12.531018926452777,46.46490081635058],[12.53683439702981,46.459721115641585],[12.54169038181714,46.45843581877492],[12.548262451812837,46.46385084129568],[12.555272336271832,46.46825264973663],[12.568196843139308,46.47571558478008],[12.569953963720723,46.47548561285035],[12.587781690948514,46.472640934898],[12.592943224072693,46.471398650499864],[12.59478380718377,46.47076471074849],[12.601876261170865,46.46618955486313],[12.606787802097015,46.46428481138321],[12.60929331475153,46.464219043321336],[12.6120395379959,46.46367284741442],[12.615493999605325,46.46275800952531],[12.616455308135794,46.46219204626572],[12.617976047426904,46.45900273208083],[12.617579461734339,46.45704867869209],[12.616575338831387,46.45587443310849],[12.615964548252874,46.454629196956205],[12.615550659765606,46.45188365516035],[12.615548036082956,46.45182322765341],[12.615492823343445,46.45054441598175],[12.616003420838828,46.447810109889744],[12.617294003716301,46.44647283484576],[12.619855203578204,46.44547848995394],[12.621387213545246,46.445276908557645],[12.622590001880596,46.445166771558384],[12.62366985545901,46.44514150897458],[12.626688694691882,46.44492164384912],[12.630072669323956,46.44370963825162],[12.63184237960604,46.44287484117403],[12.632604569486825,46.44090199325404],[12.632567270796962,46.439314591629525],[12.632261302852815,46.43800575071281],[12.62999869725353,46.434644008597104],[12.623348849582303,46.431407363915625],[12.621012567600799,46.42993848210235],[12.618999109236547,46.42863871408986],[12.618360629627968,46.42778140711092],[12.617982159528905,46.42690684196498],[12.61786392953427,46.42007470877732],[12.619823844473116,46.41481482822564],[12.616987553589517,46.40854582050377],[12.614059216721293,46.402362204173194],[12.610692237976105,46.39917301404876],[12.604326552614381,46.39725444031112],[12.596198576431403,46.38949569216848],[12.590545067519578,46.38379625378601],[12.589879122085609,46.38297562480401],[12.589029501545271,46.38248929439258],[12.586338154758165,46.38128677394875],[12.586056380223019,46.381256406291854],[12.585756125341792,46.38122405299632],[12.584186552823919,46.38112481198027],[12.583082215441085,46.38109195960476],[12.582390494390541,46.38117383691055],[12.58184088459855,46.38123889536243],[12.58069497728863,46.38152684414342],[12.580029493095122,46.38190322949381],[12.577057364331907,46.38361195968553],[12.575774369367018,46.38518672503341],[12.56994796153682,46.38255183307526],[12.560212733168797,46.37195160522883],[12.557003695048312,46.3690623230468],[12.554865714543219,46.365875648377255],[12.554302905298051,46.36509211335525],[12.553405761595107,46.36421548968098],[12.55059349324255,46.36199882363755],[12.543060117614772,46.360140901125334],[12.541518530049292,46.36026062110106],[12.536430945803723,46.36271746416637],[12.535576194063532,46.363185401874716],[12.534630204916743,46.3638492236709],[12.534570762290521,46.36389107989246],[12.534529936079158,46.36391983114373],[12.529252146750466,46.36821428043168],[12.528882385163824,46.368691287350835],[12.528162050923036,46.369620538161314],[12.527170491408102,46.37113173980648],[12.5263195690579,46.37253046651632],[12.525956075259218,46.37312795857153],[12.525878637386098,46.373255250016854],[12.525415136221772,46.37470402241192],[12.5252272004545,46.375291466500265],[12.52360032566688,46.380494451756064],[12.521095992120223,46.38899165335198],[12.520499387255438,46.391543678972035],[12.519913858558985,46.39549691395859],[12.51952522142382,46.39810803789147],[12.51772269037232,46.39936660565691],[12.517319143515996,46.39952914443458],[12.516349976359638,46.39991948399961],[12.515512617888058,46.40025672351211],[12.510544512702442,46.40221862542901],[12.508151833058589,46.40304817506137],[12.501885387501208,46.40784233793408],[12.498693635571806,46.41219738603407]]]},"properties":{"name":"Forni di Sopra","op_id":"3838","minint_elettorale":"1060850410","minint_finloc":"2060850410","prov_name":"Udine","prov_istat_code":"030","prov_istat_code_num":30,"prov_acr":"UD","prov_iso_3166_2":"IT-UD","reg_name":"Friuli-Venezia Giulia","reg_istat_code":"06","reg_istat_code_num":6,"reg_iso_3166_2":"IT-36","opdm_id":"3689","com_catasto_code":"D719","com_istat_code":"030041","com_istat_code_num":30041}},
{"type":"Feature","geometry":{"type":"Polygon","coordinates":[[[12.692103254735938,46.452512859836204],[12.682480841091808,46.44762122752561],[12.680071278697866,46.444220189697276],[12.67894340968033,46.44260034843382],[12.678625789660915,46.4415126083184],[12.67761029322896,46.4357039753705],[12.677775277522281,46.43487961930877],[12.678716085004009,46.43204565781423],[12.679265683870945,46.431001896774845],[12.68086495606916,46.427993700709315],[12.681335791462022,46.42365827038545],[12.681391796089233,46.422630406937934],[12.680724669200854,46.41932171733124],[12.680459470207284,46.41852470184683],[12.679886910014547,46.417958122154424],[12.682316540371414,46.41495464431657],[12.688844698883974,46.40947864685996],[12.689839883798214,46.40904147958207],[12.691967129353529,46.40861721568721],[12.693949551438868,46.40825346314695],[12.694706286979036,46.4081146042302],[12.698152378429242,46.407544024932044],[12.698258460634815,46.40753419029375],[12.701810869091645,46.40720497287647],[12.7088126681934,46.40736559194532],[12.732701091351135,46.40772959177799],[12.734575202425065,46.405832209482256],[12.73469499421438,46.405703651234624],[12.736058627386377,46.4042400982116],[12.739099267837576,46.40026131682802],[12.738946073171464,46.39922227634035],[12.738292931520117,46.398672118097764],[12.735510764840104,46.39705755500414],[12.73239461377048,46.39535932019551],[12.731465852337138,46.39422410197217],[12.733737168961843,46.38933906355859],[12.737929715483432,46.38734326544864],[12.741139421718357,46.38613558749348],[12.736052524491756,46.382391376696425],[12.73015408879822,46.378178405920806],[12.727626909923911,46.37639781891121],[12.727449469870614,46.37637763499451],[12.716466394505638,46.37087519880043],[12.705459759859702,46.36142222718111],[12.699299841181233,46.351478270729416],[12.698579646898033,46.35130359376553],[12.697892694085896,46.35094781350942],[12.697550704505577,46.350742133640246],[12.697118756886889,46.35048234607416],[12.693245287004666,46.34772300270252],[12.693177640772399,46.34767316667607],[12.692753766045984,46.3473608706514],[12.692564212538047,46.34717292793928],[12.692217520122568,46.34682916995362],[12.692289859882866,46.346322721630465],[12.692308579066403,46.346191687704035],[12.693113943906777,46.34373997295558],[12.693015955597874,46.343191887001794],[12.687274468001947,46.344610264778375],[12.682932039582399,46.345728771586465],[12.680112273803168,46.34694894742324],[12.662894518535904,46.34625626663172],[12.660927182809568,46.345783815023],[12.659498124508005,46.34517257225103],[12.655765186330848,46.34048245902542],[12.64297480640667,46.33804589538304],[12.637917608905324,46.33930970356194],[12.636991670735853,46.33937069968998],[12.632421245132662,46.34289587622739],[12.631575425835894,46.3438228323943],[12.63155610879111,46.34386549768428],[12.631029874181431,46.34502827355492],[12.627273311961856,46.347460801360036],[12.626207067069332,46.347760173303726],[12.618027529929035,46.34636800365562],[12.614828050817794,46.345497274535006],[12.613188659669182,46.344977615936926],[12.612504133162917,46.3442792396103],[12.611293533837802,46.34373247884409],[12.610016644591497,46.343498340552514],[12.60866796541971,46.34375247253481],[12.605802169385449,46.34449104965327],[12.596886854228778,46.34835442857347],[12.5992535579471,46.35110089864889],[12.604731802987029,46.35469997184538],[12.604921818234232,46.35513049480023],[12.604915072634801,46.355175719816835],[12.604829364100258,46.35574996440779],[12.604439204892879,46.35635180163916],[12.595143534091088,46.36291176517383],[12.587277921305146,46.366162720998474],[12.580981763617036,46.36593728702811],[12.57249267192765,46.366225662041],[12.562318078586737,46.36757403798324],[12.557003695048312,46.3690623230468],[12.560212733168797,46.37195160522883],[12.56994796153682,46.38255183307526],[12.575774369367018,46.38518672503341],[12.577057364331907,46.38361195968553],[12.580029493095122,46.38190322949381],[12.58069497728863,46.38152684414342],[12.58184088459855,46.38123889536243],[12.582390494390541,46.38117383691055],[12.583082215441085,46.38109195960476],[12.584186552823919,46.38112481198027],[12.585756125341792,46.38122405299632],[12.586056380223019,46.381256406291854],[12.586338154758165,46.38128677394875],[12.589029501545271,46.38248929439258],[12.589879122085609,46.38297562480401],[12.590545067519578,46.38379625378601],[12.596198576431403,46.38949569216848],[12.604326552614381,46.39725444031112],[12.610692237976105,46.39917301404876],[12.614059216721293,46.402362204173194],[12.616987553589517,46.40854582050377],[12.619823844473116,46.41481482822564],[12.61786392953427,46.42007470877732],[12.617982159528905,46.42690684196498],[12.618360629627968,46.42778140711092],[12.618999109236547,46.42863871408986],[12.621012567600799,46.42993848210235],[12.623348849582303,46.431407363915625],[12.62999869725353,46.434644008597104],[12.632261302852815,46.43800575071281],[12.637406158071125,46.44036215616811],[12.641689705116974,46.445157924797314],[12.641837626905135,46.44983795688866],[12.642287558185682,46.4508721643236],[12.645298829478131,46.45657240274735],[12.646491345773917,46.45726788135553],[12.653589579652971,46.459097642925435],[12.65848734499965,46.46028644193579],[12.667813732384031,46.46147691217825],[12.669578545370445,46.461307710321],[12.66995380099658,46.4611736601056],[12.671280992400453,46.46069953081806],[12.671654851836276,46.46056595186891],[12.675969395515901,46.45891509029356],[12.685854886174786,46.45493330411238],[12.692103254735938,46.452512859836204]]]},"properties":{"name":"Forni di Sotto","op_id":"3839","minint_elettorale":"1060850420","minint_finloc":"2060850420","prov_name":"Udine","prov_istat_code":"030","prov_istat_code_num":30,"prov_acr":"UD","prov_iso_3166_2":"IT-UD","reg_name":"Friuli-Venezia Giulia","reg_istat_code":"06","reg_istat_code_num":6,"reg_iso_3166_2":"IT-36","opdm_id":"3690","com_catasto_code":"D720","com_istat_code":"030042","com_istat_code_num":30042}},
{"type":"Feature","geometry":{"type":"Polygon","coordinates":[[[13.153328773672806,46.2613720731872],[13.15029794585907,46.260064660370666],[13.138828662319193,46.2558006730726],[13.12872904503051,46.24982984444493],[13.118639562544237,46.24180105578451],[13.114371436115723,46.23952476455229],[13.108208091392266,46.24192548754859],[13.098821790547035,46.24460079256882],[13.094722711026666,46.24546090802167],[13.091962346769291,46.24501084713437],[13.095604133210138,46.24887661944754],[13.097087883874522,46.250799057816934],[13.099482334126064,46.26137234108905],[13.1003629104552,46.26922487465905],[13.10041714956118,46.27627349125037],[13.100076417538178,46.278607943720075],[13.099678880310586,46.280345891367936],[13.098733930722586,46.28176145150187],[13.095676494189242,46.283486901341846],[13.100789745606358,46.290985553829174],[13.104301399990913,46.29570628758563],[13.10566533225202,46.29681835461952],[13.112672942797742,46.30112949346722],[13.121140855796611,46.313200219441384],[13.125365454417325,46.31348866065329],[13.127843451419979,46.31361058845525],[13.128680768363951,46.31365136505399],[13.128957328986269,46.313664793519756],[13.130178657921606,46.313647619905765],[13.13484421420113,46.31355971644826],[13.146691503505757,46.315051630172135],[13.158215942272951,46.31920478424399],[13.163362998118785,46.32150600935528],[13.172354111114513,46.32413409766224],[13.196134696069718,46.324782397177586],[13.206890758762388,46.32509890115228],[13.209447676889386,46.32513962779275],[13.213102173577187,46.32476983149489],[13.230215762644002,46.321980929600315],[13.233410341630625,46.321781026866276],[13.23455860019885,46.32166276032692],[13.237677342364657,46.32111571056143],[13.23987200184149,46.3207056792594],[13.246048554972614,46.318453350924166],[13.246552534876328,46.31814408527153],[13.246797470139132,46.317797455041706],[13.24423555904455,46.31628156588501],[13.239351170752245,46.31022546167318],[13.23934438670288,46.31009328587319],[13.23923129464463,46.30789868784314],[13.239006210714644,46.30601685109288],[13.238347558775718,46.30507821615944],[13.237540690598978,46.30393357544099],[13.236569909311276,46.302610466390426],[13.229058069046703,46.29757402164228],[13.228051530776833,46.29697224369723],[13.226803918388894,46.29659090816156],[13.22209180840755,46.29614875234027],[13.215169268923018,46.29584659164418],[13.21363507664709,46.295885221908065],[13.212099026269623,46.296004926805814],[13.20836592929187,46.29661068537206],[13.206348382021622,46.2971936132062],[13.205580556469767,46.297235400665386],[13.204235371190192,46.29705094318616],[13.204179503261091,46.29701297739806],[13.203638709604364,46.296645448757104],[13.202288261455141,46.29504796695561],[13.199026894766394,46.288003304138414],[13.19853295387025,46.28527168627435],[13.1849134340451,46.278638632359126],[13.170322115334177,46.273209628418094],[13.169711451661593,46.272849425638746],[13.164228682897486,46.26953023875806],[13.161774629101556,46.2676125431802],[13.159326549279546,46.26515006093298],[13.154169790993315,46.26180047505649],[13.153328773672806,46.2613720731872]]]},"properties":{"name":"Gemona del Friuli","op_id":"3840","minint_elettorale":"1060850430","minint_finloc":"2060850430","prov_name":"Udine","prov_istat_code":"030","prov_istat_code_num":30,"prov_acr":"UD","prov_iso_3166_2":"IT-UD","reg_name":"Friuli-Venezia Giulia","reg_istat_code":"06","reg_istat_code_num":6,"reg_iso_3166_2":"IT-36","opdm_id":"3691","com_catasto_code":"D962","com_istat_code":"030043","com_istat_code_num":30043}},
{"type":"Feature","geometry":{"type":"Polygon","coordinates":[[[13.29592500069358,45.89504550901206],[13.2919992967605,45.893797143743896],[13.29030560335435,45.89403110546107],[13.288277616583523,45.894694199664535],[13.280412057109507,45.89348048081606],[13.275396875263848,45.887733228563086],[13.273585785278291,45.876311568785496],[13.274496781611436,45.8735455486579],[13.270368365638793,45.87353677846091],[13.261562160102857,45.87412851628769],[13.26026466405735,45.874168286851045],[13.259439806233111,45.8741935574091],[13.258212802212551,45.8742311356437],[13.245255852873576,45.87446658367078],[13.241556645266176,45.87439516733195],[13.240079176577018,45.87436660359445],[13.238850993198996,45.874340350484786],[13.23796014637245,45.87432129975744],[13.23746544200988,45.87431071318314],[13.235456082035133,45.87425934404033],[13.235796080864521,45.8761549647017],[13.235103418471725,45.8784939979203],[13.233432235748193,45.882836119463285],[13.229544149687843,45.88063512772232],[13.223914593070122,45.88020956777053],[13.220139074191025,45.880196294450485],[13.207017406486816,45.880647038310386],[13.204165241047855,45.88164129763704],[13.20363302412856,45.8833396315911],[13.203570453178745,45.88408905195457],[13.203682527411866,45.88500754297645],[13.203845197222678,45.88555062549561],[13.204261564278513,45.88624187054051],[13.204497847178514,45.88654370522189],[13.204551399571207,45.88659976245856],[13.205158304756143,45.88723495083452],[13.205494939689512,45.887545793646844],[13.205797081518524,45.887824355042056],[13.212725157269897,45.893585123094304],[13.21682671281849,45.895971028115625],[13.228723716542262,45.908124153824005],[13.22807274187315,45.91159123129552],[13.229636120932522,45.91381849389272],[13.231026693916053,45.91559526788226],[13.232235292147273,45.916468542511666],[13.236971759161923,45.91801645889355],[13.239382745609383,45.917458786720864],[13.24181322293438,45.91581571343345],[13.24255218835146,45.91524366383521],[13.242917370399987,45.91471701789004],[13.242319541088325,45.914455704762545],[13.244203228016685,45.9111724280765],[13.248151453356558,45.90695669516418],[13.24941099636493,45.9058701320771],[13.257188128007199,45.904531495674455],[13.26449379861878,45.90674741109291],[13.266126997758153,45.90732092925904],[13.2687289555537,45.9081998392603],[13.273150299583936,45.909565482711805],[13.274199838798614,45.909831158419],[13.278074743370153,45.91075296619263],[13.288788833874014,45.90910394747819],[13.288466872048215,45.907855873006824],[13.28873314266057,45.905447036592285],[13.288961231791948,45.90457200517962],[13.28908384366714,45.904101676962085],[13.293824794921473,45.897928468356355],[13.29592500069358,45.89504550901206]]]},"properties":{"name":"Gonars","op_id":"3841","minint_elettorale":"1060850440","minint_finloc":"2060850440","prov_name":"Udine","prov_istat_code":"030","prov_istat_code_num":30,"prov_acr":"UD","prov_iso_3166_2":"IT-UD","reg_name":"Friuli-Venezia Giulia","reg_istat_code":"06","reg_istat_code_num":6,"reg_iso_3166_2":"IT-36","opdm_id":"3692","com_catasto_code":"E083","com_istat_code":"030044","com_istat_code_num":30044}},
{"type":"Feature","geometry":{"type":"MultiPolygon","coordinates":[[[[13.646766183781526,46.15936146414838],[13.64750090243801,46.16003813226031],[13.648588550085675,46.16056988507247],[13.648981017401272,46.16041436060928],[13.649634717151855,46.16014019779536],[13.649463480512962,46.15974212405379],[13.649229853905904,46.1592475743249],[13.646893198767243,46.15892871919746],[13.646766183781526,46.15936146414838]]],[[[13.614534741079328,46.1844106360645],[13.617903867341344,46.18237054816329],[13.619966162972062,46.18068482547331],[13.619365773975797,46.18035360361652],[13.609578084200432,46.17542983425532],[13.608114975567057,46.174881363381814],[13.606922898911167,46.17441643231275],[13.606308997468785,46.17407669076807],[13.603311373311454,46.1696925973193],[13.60257824185273,46.16843949562984],[13.610336172268532,46.162288929009485],[13.611827022755666,46.16019438392755],[13.616062785885765,46.16224185646487],[13.61464100484804,46.159022941586485],[13.61518654894723,46.15845178759825],[13.61753207525864,46.157353238083985],[13.620028444795583,46.1569731064428],[13.62228755930858,46.15673757157859],[13.624400854951153,46.15667441828911],[13.630692618989043,46.15834992452897],[13.642129044142493,46.15832610269881],[13.653715605896368,46.15803851202453],[13.652060562067536,46.14837123508259],[13.651746801141657,46.148969044265705],[13.648707923860297,46.15093370345358],[13.645576426684267,46.15083173609558],[13.644246214852076,46.15068338538981],[13.614441681605216,46.14893164505007],[13.609177680903883,46.150737673912],[13.602333160899313,46.15205819668101],[13.59442074039767,46.15357433612022],[13.580381194212128,46.14705500804319],[13.580160900089425,46.14451205747352],[13.577832014240222,46.14596918247625],[13.566681003103731,46.15053870702736],[13.562783487828703,46.15501524676642],[13.557376723959582,46.161698735054415],[13.552965499238217,46.16493529597157],[13.55304406639954,46.1653957150972],[13.553984120284847,46.16610078453203],[13.559030853515962,46.169279150827506],[13.560306164529987,46.170051780333594],[13.57207285515744,46.171880555220994],[13.583181684703503,46.17423228923996],[13.585177437522798,46.17515758133896],[13.587277650510748,46.178106539126304],[13.587396406522654,46.17955095603446],[13.589172483425815,46.18606838890572],[13.590158496899386,46.188072001245146],[13.593191028405347,46.18856648721034],[13.59484852390663,46.188607760542354],[13.609066434853867,46.18596389334131],[13.611242009606327,46.18553842188981],[13.613082308688352,46.18496895462722],[13.614534741079328,46.1844106360645]],[[13.64445715596931,46.15159293778009],[13.644988229123319,46.152102388654875],[13.643959464522082,46.152900369378195],[13.64356667315293,46.15304237893859],[13.642715453604334,46.15238392950301],[13.642436643375095,46.15212974834295],[13.642351947415627,46.15191266372612],[13.643420019230716,46.15115809485238],[13.64445715596931,46.15159293778009]]]]},"properties":{"name":"Grimacco","op_id":"3842","minint_elettorale":"1060850450","minint_finloc":"2060850450","prov_name":"Udine","prov_istat_code":"030","prov_istat_code_num":30,"prov_acr":"UD","prov_iso_3166_2":"IT-UD","reg_name":"Friuli-Venezia Giulia","reg_istat_code":"06","reg_istat_code_num":6,"reg_iso_3166_2":"IT-36","opdm_id":"3693","com_catasto_code":"E179","com_istat_code":"030045","com_istat_code_num":30045}},
{"type":"Feature","geometry":{"type":"Polygon","coordinates":[[[13.066909003859218,45.67086224578167],[13.066787132916817,45.67196393174865],[13.066235191732282,45.67343507188894],[13.065295087853993,45.67556651478854],[13.065094749312482,45.67598543989832],[13.065036626299724,45.67610697605466],[13.064881352792298,45.67643152272227],[13.06349051946999,45.67838984884354],[13.063160345009848,45.67864835929998],[13.062487122953245,45.679172574259866],[13.061397051665855,45.6795140536931],[13.060264001750738,45.67959378837136],[13.059143681734588,45.67947947052353],[13.058511419159512,45.6792279801094],[13.057253661305571,45.67846860743411],[13.055996848674603,45.67768201386947],[13.05157182342576,45.679560841457835],[13.045384878124201,45.68356100272558],[13.044536636197137,45.684185264654936],[13.044369701336223,45.68430811824463],[13.0441584103141,45.68462954656625],[13.04386586356156,45.685074580889896],[13.043597270582952,45.68548317110327],[13.04359597808578,45.68552041059082],[13.043580369511805,45.685970189067774],[13.04356286960712,45.68647453517287],[13.043946392494048,45.68724404815655],[13.044286422338102,45.68758877013588],[13.044907683216177,45.68768252611268],[13.045851035348086,45.687454196884325],[13.047520652540596,45.68721627842648],[13.04795865425712,45.68724917617397],[13.048309072974156,45.68727549812284],[13.048911278195774,45.68739195203896],[13.048944493521347,45.68741060024962],[13.049642608942522,45.68780255211334],[13.050466729736616,45.68855203403094],[13.05123456411371,45.6896452912493],[13.051703762400559,45.69037099021918],[13.051905880421813,45.690683596397655],[13.052279325489058,45.691521229455965],[13.052405719054752,45.69180900607825],[13.05307626469839,45.693576439663964],[13.053249676950088,45.694515406426014],[13.05294633905981,45.69547132821491],[13.052870028984803,45.69557941248269],[13.052297712947347,45.69639000691543],[13.052128884648665,45.696456429334475],[13.050970191510352,45.69690761644903],[13.049757293310718,45.697022694411174],[13.048379598964125,45.6967880630331],[13.047830945406242,45.69631696570542],[13.047471328136194,45.695551110515034],[13.04723787212092,45.694862126470255],[13.047147309670375,45.69459497044322],[13.046759362496607,45.69389311960509],[13.046133865499076,45.69380730922728],[13.045630603589478,45.693740068304066],[13.044965057650835,45.69382739285966],[13.038030174673755,45.69855014140929],[13.03727028083893,45.699084606194575],[13.0368835467279,45.69935660726391],[13.036844276617435,45.69938422708645],[13.03679369462509,45.6994742440982],[13.036365709825024,45.700236282605125],[13.036490234984157,45.70091595557996],[13.037321383768242,45.70109994761626],[13.037991246096265,45.701164734474254],[13.038071951674691,45.70117253759097],[13.039271661683925,45.70119756721348],[13.040645015407016,45.70602523714287],[13.038518535776415,45.71723513812432],[13.030161680677315,45.72526383616156],[13.029037282210687,45.735129805078365],[13.029097881855188,45.73549295100169],[13.029199103789013,45.73612071597248],[13.029206182204417,45.7361679785385],[13.029035868706638,45.73630901082346],[13.028730707514864,45.73656133008876],[13.028556569410503,45.73670399545064],[13.02756186718707,45.736909632346844],[13.02713855197058,45.736877119030055],[13.026924412418426,45.736860211744144],[13.02653885374851,45.736820799525276],[13.026404810652432,45.73676078197416],[13.025371065036769,45.736289889887736],[13.025047013178666,45.7361228487515],[13.024912939835811,45.73605373647219],[13.024009590937938,45.73558806831551],[13.023704073086986,45.73543057251279],[13.020362188568779,45.733276064747855],[13.017124556882163,45.731094346961875],[13.016431979042306,45.73061466872879],[13.016110796535857,45.73019721740413],[13.016027409970063,45.73008883569744],[13.016094118091978,45.729258368442245],[13.016208800440033,45.7285502502458],[13.016276179525374,45.72813130171761],[13.016267393504485,45.727171588666074],[13.016266720561415,45.72711764938699],[13.016265164770227,45.72699302404301],[13.01623163364059,45.726130084151215],[13.01595453346428,45.725484918070734],[13.015864054716305,45.72527442006908],[13.015768762364207,45.72505272907956],[13.015040469361873,45.724459863016996],[13.014570975088839,45.72423512265869],[13.0139068592266,45.7239211021702],[13.013210209526928,45.72364856103631],[13.012109044006433,45.72361530323569],[13.011579008470035,45.723751218332175],[13.01095117643481,45.723912552926016],[13.009826939329852,45.72423406432665],[13.009397846932616,45.724374746884585],[13.009251366219939,45.72442281212461],[13.008938694980616,45.724525421712954],[13.008807491054217,45.72456849290289],[13.008307473593323,45.724892113610224],[13.007684844090662,45.72611565433186],[13.0076632690725,45.72630323043301],[13.007626800010138,45.72662030984884],[13.007537064231105,45.72740051032641],[13.007518524826413,45.72756169945009],[13.007541372252211,45.72810127430338],[13.007574282864171,45.72887843392616],[13.007973434280858,45.73103821340586],[13.008505578719737,45.73171370973122],[13.008957618219895,45.73228630738383],[13.009113290308335,45.732372055469995],[13.010255642035675,45.733001272832695],[13.011762991211816,45.73363237285991],[13.012911719432411,45.73403937026907],[13.013439612216498,45.73422597636487],[13.014129712622985,45.73451661597912],[13.014692141771205,45.73475348215467],[13.01565060483489,45.735255322638956],[13.015952755061194,45.735740569861896],[13.016063352868043,45.73591846758576],[13.016030838631593,45.73634957853039],[13.015653635418973,45.741340063839495],[13.015559698105285,45.74152954507243],[13.015455151172159,45.741740288168955],[13.015321927493991,45.74200882454356],[13.015241480153513,45.74205259797126],[13.014260859855806,45.74256825250457],[13.013128844472309,45.742972629174176],[13.012588837099557,45.74308842664982],[13.012125075524148,45.743187872168114],[13.011926277952849,45.74323110275503],[13.011292770583633,45.743385113068],[13.01058861332424,45.743557050154614],[13.008731576733918,45.744045385214896],[13.008697806229685,45.74405786776953],[13.007395095106851,45.74453937720947],[13.006729544218253,45.744785854695],[13.005057691054864,45.74582574564781],[13.002451032170725,45.74751093009741],[13.00150751682155,45.74838560695672],[13.001190728957033,45.7492878353353],[13.001924014630687,45.75725147607733],[13.005917850984082,45.7606750149459],[13.006064031110101,45.76590845025742],[12.988943270113847,45.7762524510403],[12.977837250578336,45.787941247934555],[12.97894327862992,45.79276095900308],[12.979144017107203,45.79277719571091],[12.980552597523857,45.79289112968193],[12.980635581108185,45.79289784559326],[12.981255023039488,45.79294819841242],[12.982477142472558,45.79323408256015],[12.9830818907664,45.793379484100676],[12.987497392484853,45.79498982248981],[12.98865208003782,45.79551630414199],[12.988844115170293,45.79562769780401],[12.989163174099517,45.795827851078116],[12.994323474922929,45.79566427762246],[13.008627212950879,45.79468095855243],[13.010804865109652,45.79499146843847],[13.011829158283685,45.79517148050219],[13.013592774864337,45.79549623637845],[13.02661587035687,45.80202328962527],[13.029013509105027,45.802977450135934],[13.033693028383459,45.79468398429747],[13.030473149521487,45.79422523463594],[13.026896451617889,45.793682991982344],[13.026901991025186,45.79352558008209],[13.030094680081676,45.784644281703244],[13.031168103946396,45.77579725653853],[13.031312163251114,45.77460990824726],[13.03137382236867,45.77448576157576],[13.03293572287049,45.7713415125083],[13.043196926337798,45.750682501453504],[13.046053235845234,45.74511295266244],[13.052992733166063,45.73777809246971],[13.06103368889452,45.734464561738406],[13.059907378782356,45.730047617219206],[13.058687041641605,45.7285068384595],[13.057700847809796,45.72755291290408],[13.057589683363503,45.727542222312685],[13.056657217167379,45.72739988165924],[13.05626641526915,45.72733906894221],[13.05562136749496,45.72723868800574],[13.05458075805503,45.72204593024455],[13.054459725436306,45.72109609895438],[13.054280035474383,45.71968029141343],[13.054892242515304,45.71936148444836],[13.062362293975907,45.7158867035667],[13.063911316209136,45.71569651149812],[13.06669329440419,45.71547582886978],[13.070573379027435,45.71400073772523],[13.065898848293038,45.711327558612304],[13.064973938712827,45.709848315473536],[13.064677273641605,45.70504318759592],[13.06549230003783,45.70338490204526],[13.067718668144426,45.69898695614019],[13.06820402008657,45.698123044437615],[13.069661722679726,45.695715621661435],[13.072994113123945,45.69283417532211],[13.074602034507,45.69155373652817],[13.076450180619513,45.69069622409226],[13.07791907120392,45.69050598496303],[13.079279093830014,45.69037632931992],[13.090529848028742,45.68949180559015],[13.097663368047332,45.689524440254495],[13.098099022809922,45.689386593595664],[13.096847524084572,45.68451235208226],[13.085979925665967,45.67922545259869],[13.071846411901713,45.67310957107342],[13.06746186370484,45.671211506670595],[13.066909003859218,45.67086224578167]]]},"properties":{"name":"Latisana","op_id":"3843","minint_elettorale":"1060850460","minint_finloc":"2060850460","prov_name":"Udine","prov_istat_code":"030","prov_istat_code_num":30,"prov_acr":"UD","prov_iso_3166_2":"IT-UD","reg_name":"Friuli-Venezia Giulia","reg_istat_code":"06","reg_istat_code_num":6,"reg_iso_3166_2":"IT-36","opdm_id":"3694","com_catasto_code":"E473","com_istat_code":"030046","com_istat_code_num":30046}},
{"type":"Feature","geometry":{"type":"Polygon","coordinates":[[[12.947166350924519,46.47852556149022],[12.949466827849221,46.474841255534244],[12.954787123971734,46.46845569570587],[12.964298408366119,46.45583101697424],[12.968057261124624,46.454174857288415],[12.973596985708264,46.455080286632395],[12.975838525895124,46.452567587714334],[12.975989763077168,46.45224267018674],[12.976502793419392,46.45114035351761],[12.976948797080109,46.44964421990723],[12.977107380136141,46.44781156741958],[12.976774015572067,46.446297554754096],[12.972451922772738,46.439278971809806],[12.970348721697396,46.43738097032218],[12.968608932050453,46.435834838705375],[12.964881806714146,46.43173850054814],[12.961387535984494,46.42456473886464],[12.961348932140504,46.417793413384075],[12.956666339701664,46.41589555077841],[12.942230769219819,46.41593524432707],[12.941002708937651,46.416027131823306],[12.935352841975886,46.41678004787215],[12.929000388015302,46.41785385731301],[12.923023537731558,46.41899546813217],[12.922251769339717,46.41944048709194],[12.920532188454244,46.42051662198897],[12.91924723850911,46.421438284485454],[12.917985388107624,46.42246716624823],[12.9077033041443,46.42234247037568],[12.904447208463742,46.421886978777685],[12.901809690071309,46.42618945696824],[12.901414360906886,46.426675497743524],[12.899366259682028,46.42849157253712],[12.898298419772647,46.42886104885155],[12.89330128090247,46.430079907859096],[12.889396002999362,46.43087474728505],[12.887139468950535,46.43132511146716],[12.886131178650695,46.432155972513456],[12.881459385098863,46.43744073588314],[12.87766787546867,46.443284922299746],[12.87706001535619,46.44480866491448],[12.876680617079145,46.44618064672895],[12.876963205319438,46.44731856682398],[12.878148610186928,46.44659413919804],[12.87931638835465,46.44641048227709],[12.892299549387342,46.448673381809684],[12.894536491598828,46.44909217007759],[12.894269783348731,46.45027170844518],[12.894098527586769,46.45102870537595],[12.89317697817985,46.453602790488446],[12.892362174676752,46.45687530826574],[12.902053555622661,46.46797084145446],[12.908222214663095,46.47053556915105],[12.919558943283366,46.47343772829864],[12.92986733067791,46.47741363373774],[12.933511987388375,46.47924490005934],[12.935708255871516,46.48111786670253],[12.936868704641522,46.482325063963096],[12.947166350924519,46.47852556149022]]]},"properties":{"name":"Lauco","op_id":"3844","minint_elettorale":"1060850470","minint_finloc":"2060850470","prov_name":"Udine","prov_istat_code":"030","prov_istat_code_num":30,"prov_acr":"UD","prov_iso_3166_2":"IT-UD","reg_name":"Friuli-Venezia Giulia","reg_istat_code":"06","reg_istat_code_num":6,"reg_iso_3166_2":"IT-36","opdm_id":"3695","com_catasto_code":"E476","com_istat_code":"030047","com_istat_code_num":30047}},
{"type":"Feature","geometry":{"type":"Polygon","coordinates":[[[13.047198614221712,45.97976426052551],[13.047980178185425,45.98067715313201],[13.048622862503839,45.98109090481392],[13.049665943395732,45.98153993931438],[13.060567639410952,45.986220073073106],[13.063231518414764,45.98607573912749],[13.066295062095453,45.98339227030635],[13.072564925805553,45.98389320616849],[13.077930886002711,45.98664038939],[13.09063209155501,45.99051523061632],[13.09923536310696,45.99303277746535],[13.10117871915429,45.99359751451106],[13.105196994085153,45.994681641280906],[13.105767684365846,45.99422456787819],[13.115491257854632,45.992321536485356],[13.12535824359123,45.99188866744035],[13.12637880013411,45.993799390205005],[13.134962589557803,45.996235058966874],[13.140640664745876,45.99477993310871],[13.140852256511192,45.99407033652238],[13.140964253597835,45.99369496449918],[13.141338909426869,45.992439330591004],[13.141606539735681,45.991771900265846],[13.14194508356278,45.99092765019085],[13.142524410530985,45.990191014566825],[13.14484888944305,45.990570158439525],[13.16040123818704,45.98604735354096],[13.164616154997752,45.98410194661635],[13.163956061768769,45.98213589775328],[13.164079255249778,45.98068423603762],[13.164116690977412,45.980445859456594],[13.164178068090186,45.9800550470395],[13.165678747176772,45.97645381169932],[13.166085497707764,45.975488694364635],[13.16650160386448,45.975001592979694],[13.170485543036232,45.97238971874101],[13.170481255175773,45.97134573350662],[13.170333662167515,45.969532896743395],[13.165894376886788,45.965617585281215],[13.1602913132734,45.96251414909214],[13.1575518266702,45.958401485371674],[13.155818342218577,45.95347804075213],[13.15162521491048,45.94684832997441],[13.150702441280814,45.94584230919546],[13.146800444020498,45.94296430811219],[13.144185130103226,45.942064724330756],[13.142180357122296,45.94145794260563],[13.140578535081731,45.94105254719217],[13.136976252902828,45.94157929352663],[13.126696433454404,45.94805437088754],[13.12281664269691,45.948653698737886],[13.10934038704668,45.94770426889308],[13.105019561354359,45.946986184901455],[13.108169352139715,45.950229828398875],[13.108084400137933,45.95199351457392],[13.107653823865952,45.9528776144263],[13.100821585631353,45.958749124930065],[13.10062774358979,45.960963177620464],[13.097602319276517,45.96782200696973],[13.087783600145906,45.970873438475245],[13.08407395355507,45.97212243129405],[13.079889485618658,45.97182209263681],[13.07340107956269,45.97021769358982],[13.074280410459307,45.96830509876296],[13.074267455053365,45.966415318142886],[13.073779158834883,45.96264328393433],[13.072950492037174,45.96015708530698],[13.06953354919351,45.957461661558966],[13.067585532438887,45.95668955221718],[13.066501962620134,45.956300596566074],[13.06528444109421,45.95601995306812],[13.064889433420365,45.955935014548295],[13.058777252220223,45.95500948057236],[13.053351572247601,45.95485582476298],[13.049894521500624,45.959573678732454],[13.048602093752022,45.96624882824221],[13.048168709287221,45.967915889794085],[13.047806788131274,45.96975595440337],[13.047183455482228,45.973221004985724],[13.047095106598915,45.97464180984405],[13.047076487700776,45.978787468445645],[13.047198614221712,45.97976426052551]]]},"properties":{"name":"Lestizza","op_id":"3845","minint_elettorale":"1060850480","minint_finloc":"2060850480","prov_name":"Udine","prov_istat_code":"030","prov_istat_code_num":30,"prov_acr":"UD","prov_iso_3166_2":"IT-UD","reg_name":"Friuli-Venezia Giulia","reg_istat_code":"06","reg_istat_code_num":6,"reg_iso_3166_2":"IT-36","opdm_id":"3696","com_catasto_code":"E553","com_istat_code":"030048","com_istat_code_num":30048}},
{"type":"Feature","geometry":{"type":"Polygon","coordinates":[[[13.100794338505287,45.64339220462943],[13.093545599668087,45.64772185749623],[13.083363388471168,45.65031153842352],[13.083278246029547,45.65514155749545],[13.083621067678,45.655291637056884],[13.083726359533575,45.65534782267197],[13.083984343328153,45.655485658039076],[13.084046456732901,45.65554010578947],[13.084186216602669,45.655662627562236],[13.084279724913106,45.65576243688238],[13.08438204217384,45.655871649477895],[13.084435836847513,45.65593636488135],[13.084508105460452,45.65612367309886],[13.084557427524881,45.65636043675844],[13.084570920110586,45.65657598816755],[13.08455258389675,45.656720660131555],[13.084439622481629,45.657071259694334],[13.084268436773025,45.65732043165864],[13.084008889807382,45.65753225216227],[13.083720091124032,45.65772262314897],[13.083132311140554,45.65805420712702],[13.081144069680432,45.658822978287965],[13.080790153067461,45.65889865187008],[13.079999578610817,45.65906646317982],[13.079420992114258,45.6591546701444],[13.078561123103938,45.65923942313559],[13.077621054851212,45.65928654415221],[13.076799290800894,45.65931592115665],[13.076278262310074,45.65930753277139],[13.075613865953772,45.65927674440924],[13.074952897748133,45.65917937144123],[13.07444319205432,45.659098566994395],[13.073664209059817,45.658851859294884],[13.071496130675609,45.65807415030276],[13.070264088509985,45.657533041835435],[13.069075328255467,45.656945363455236],[13.068299918585188,45.656563463341385],[13.066968188981406,45.65603937173929],[13.066839786334633,45.65599221658851],[13.066521374744225,45.655875283765845],[13.065798858135931,45.65571201412862],[13.06540795461418,45.65563143474742],[13.065299341628553,45.655629097939126],[13.065167868344238,45.655626269733155],[13.064922052353987,45.655642927087406],[13.064648357660975,45.655726018545266],[13.064487344308302,45.65581110852089],[13.064204245134889,45.6559623722046],[13.063945675167703,45.65614667392834],[13.063645450966144,45.65644135361717],[13.063374083384822,45.65677056895599],[13.0630177309048,45.65725583764158],[13.062814687931732,45.657601025458966],[13.062239451824073,45.658827285685476],[13.062063692266927,45.65926526879293],[13.062029283057587,45.65935105791141],[13.061955545021823,45.65953500281625],[13.0619471909081,45.659626596109824],[13.061936214814581,45.659747245675824],[13.06189958898385,45.66016801244726],[13.061841172122685,45.66161388255083],[13.061839409907464,45.66197904909011],[13.06183735757176,45.66244863582489],[13.061874523931445,45.662879727479485],[13.061877843158996,45.66291776977969],[13.061997382015436,45.66334776764398],[13.062179149341771,45.66378498789818],[13.06224764271706,45.663949455832885],[13.0622861383921,45.66404189004921],[13.062563638648674,45.66469159289535],[13.062850190261573,45.665281020635],[13.063449588259221,45.66631497781618],[13.06353107744202,45.666436913040386],[13.066909003859218,45.67086224578167],[13.06746186370484,45.671211506670595],[13.071846411901713,45.67310957107342],[13.085979925665967,45.67922545259869],[13.096847524084572,45.68451235208226],[13.098099022809922,45.689386593595664],[13.099794241073624,45.689055636744506],[13.106060641049195,45.68642235645968],[13.107480535572815,45.685534090938724],[13.107620811177247,45.68546604722575],[13.107819465497617,45.68546924403842],[13.109168688269083,45.685635324036035],[13.109677201729616,45.68570699756167],[13.112660363083346,45.6862700683268],[13.112766911236879,45.68629495861958],[13.11377837030032,45.686531303398944],[13.114638499975753,45.68673430282079],[13.130360659435393,45.69091106298572],[13.131524300019752,45.69122101120264],[13.134298629589821,45.69220658651319],[13.134590571639535,45.69231035695365],[13.134845445987613,45.692467543578296],[13.140224147747562,45.69585833363156],[13.143314700174944,45.69820028912568],[13.145480434200676,45.69919140742505],[13.146889912805321,45.69952425533178],[13.152774588222462,45.697802149484914],[13.152849982644353,45.697745728875816],[13.153046575054944,45.697556282999855],[13.153421526336423,45.69651052890668],[13.153390002920522,45.69622818702558],[13.153383319826569,45.6961683821096],[13.153243555864853,45.69571410375647],[13.152965546959189,45.69488777293151],[13.152349723350406,45.69388253362059],[13.151868386523342,45.69316469741944],[13.15085524530421,45.69192535782093],[13.150471669866038,45.69154978218671],[13.148999200516256,45.69017598057425],[13.147216759296608,45.68855107724923],[13.144217157271607,45.68649921162305],[13.142977170966596,45.68566647328171],[13.136330498451398,45.681533004312676],[13.134285138743572,45.68032656508235],[13.131340705782039,45.67855168240816],[13.127689819746168,45.67632218609269],[13.123391633597922,45.6736440247432],[13.118127500456602,45.6700962037822],[13.117212388448678,45.669461294111045],[13.11205642095626,45.66551848217316],[13.11120399579706,45.664822889812115],[13.110543476411594,45.66423530453748],[13.109995726270991,45.663661924462815],[13.109309870011232,45.66288274098189],[13.106464519576091,45.658623621068415],[13.105109127490776,45.6560894607722],[13.104482694294324,45.65473046142957],[13.10336983480427,45.65181902423759],[13.102292301623054,45.64862792715236],[13.100794338505287,45.64339220462943]]]},"properties":{"name":"Lignano Sabbiadoro","op_id":"3846","minint_elettorale":"1060850490","minint_finloc":"2060850490","prov_name":"Udine","prov_istat_code":"030","prov_istat_code_num":30,"prov_acr":"UD","prov_iso_3166_2":"IT-UD","reg_name":"Friuli-Venezia Giulia","reg_istat_code":"06","reg_istat_code_num":6,"reg_iso_3166_2":"IT-36","opdm_id":"3697","com_catasto_code":"E584","com_istat_code":"030049","com_istat_code_num":30049}},
{"type":"Feature","geometry":{"type":"Polygon","coordinates":[[[13.19853295387025,46.28527168627435],[13.199026894766394,46.288003304138414],[13.202288261455141,46.29504796695561],[13.203638709604364,46.296645448757104],[13.204179503261091,46.29701297739806],[13.204235371190192,46.29705094318616],[13.205580556469767,46.297235400665386],[13.206348382021622,46.2971936132062],[13.20836592929187,46.29661068537206],[13.212099026269623,46.296004926805814],[13.21363507664709,46.295885221908065],[13.215169268923018,46.29584659164418],[13.22209180840755,46.29614875234027],[13.226803918388894,46.29659090816156],[13.228051530776833,46.29697224369723],[13.229058069046703,46.29757402164228],[13.236569909311276,46.302610466390426],[13.237540690598978,46.30393357544099],[13.238347558775718,46.30507821615944],[13.239006210714644,46.30601685109288],[13.23923129464463,46.30789868784314],[13.23934438670288,46.31009328587319],[13.239351170752245,46.31022546167318],[13.24423555904455,46.31628156588501],[13.246797470139132,46.317797455041706],[13.246766334078092,46.31918473502836],[13.247032725840041,46.320214417365364],[13.24748719884383,46.32142614280512],[13.25146008968246,46.33006760737919],[13.25361233315147,46.331837081985235],[13.25483975221383,46.3324574005962],[13.26176095863466,46.33177163595401],[13.271383104227935,46.33070087633177],[13.29200038650007,46.32824873197468],[13.30522950232487,46.32433912227482],[13.315048750168316,46.32269465304264],[13.321526283351409,46.32157645508771],[13.328432811080145,46.32002308834844],[13.33126059038537,46.316342764019396],[13.332229880194404,46.31561256638699],[13.333635790098281,46.314808118362386],[13.335496964393197,46.314084340258105],[13.353705541989598,46.309804260642956],[13.356629143437392,46.30974670470348],[13.358797743318023,46.31019943260816],[13.363709634192071,46.31055178375609],[13.364967123043442,46.310602705293434],[13.365798934781168,46.31058888888032],[13.366557463947391,46.31042936207712],[13.369554564143044,46.30964406808068],[13.373719776607258,46.30846289116804],[13.375607790905725,46.3078504530416],[13.37724032749275,46.307296100602294],[13.380134790524885,46.305836089412],[13.380498451576239,46.30539907195452],[13.380937153228645,46.304621659822786],[13.381123450201086,46.303541923475976],[13.380388385828327,46.30253653561912],[13.379885304883965,46.30196174801999],[13.375547489950051,46.29821771287604],[13.37656564789452,46.29479379753754],[13.36684655130175,46.29929331520649],[13.354596291650495,46.302182467150175],[13.315584369216454,46.30356073968574],[13.308354650177566,46.30343350538336],[13.299535903874116,46.30391460456],[13.287569630522727,46.30537738802493],[13.290679305220783,46.29850081559646],[13.295408658326371,46.29213925865498],[13.29511113759042,46.29082729713549],[13.294610298067177,46.28940599071112],[13.293405144878147,46.28640901658361],[13.292763977039176,46.28531605474143],[13.29266637274169,46.28514967872492],[13.292517433954467,46.28492356744977],[13.291925113402016,46.278890386288715],[13.2919568483883,46.270738812995305],[13.29289523797065,46.264389344138365],[13.29362383762719,46.260959549427675],[13.295513030447445,46.25866072340887],[13.293263655413512,46.2583448139423],[13.292438895120743,46.258200336927445],[13.291521690666844,46.25801430719316],[13.290766340680435,46.25774116623191],[13.288789964143456,46.256163794785714],[13.288365986967293,46.25562617270324],[13.287987906292749,46.254866280946395],[13.287588511818681,46.25059231679609],[13.285128925746795,46.248803509269635],[13.27479080641434,46.24461425131075],[13.270001717745084,46.24345240055973],[13.257711392425984,46.250617322349015],[13.245367201952762,46.25889904964206],[13.239063196799083,46.26127559621151],[13.235610199130855,46.26418510715008],[13.237753270102116,46.26610827266246],[13.238353884094137,46.26682852509422],[13.238070905633132,46.26717658066803],[13.234893988105808,46.26909469430806],[13.224247654087858,46.27483580524853],[13.213615490391803,46.28013435639273],[13.20981526371596,46.28122420680833],[13.202276566511708,46.28350921791807],[13.19853295387025,46.28527168627435]]]},"properties":{"name":"Lusevera","op_id":"3848","minint_elettorale":"1060850510","minint_finloc":"2060850510","prov_name":"Udine","prov_istat_code":"030","prov_istat_code_num":30,"prov_acr":"UD","prov_iso_3166_2":"IT-UD","reg_name":"Friuli-Venezia Giulia","reg_istat_code":"06","reg_istat_code_num":6,"reg_iso_3166_2":"IT-36","opdm_id":"3698","com_catasto_code":"E760","com_istat_code":"030051","com_istat_code_num":30051}},
{"type":"Feature","geometry":{"type":"Polygon","coordinates":[[[13.157317095004606,46.21733846637951],[13.157886662931762,46.2174705997381],[13.160276629590735,46.218499616738505],[13.160830871921476,46.21939352605014],[13.161845382416118,46.223185912180114],[13.166402654241232,46.23371724398089],[13.169874968201574,46.23789738981936],[13.172161424210717,46.238232369022],[13.174549568335545,46.238527555436356],[13.183208871183663,46.23672532804248],[13.18693411488977,46.23586415753955],[13.188337857383807,46.23541209571865],[13.192121464618497,46.23431906906475],[13.195663525884548,46.23465250056069],[13.196244229733251,46.23275440334276],[13.199058129607176,46.22603970279317],[13.199401421654157,46.22545100588736],[13.200089277341863,46.22423756693825],[13.200973548033554,46.22217980750234],[13.201116446735327,46.221769501123156],[13.201288874566405,46.221268106231996],[13.201464983035853,46.219839461171574],[13.20145153941171,46.21946191312434],[13.20113853502293,46.218717368231204],[13.200783693450326,46.218462828276884],[13.20056678539119,46.21835137968165],[13.200236269650482,46.21818351539782],[13.199737967281514,46.21794083376555],[13.198091565559059,46.21792490220095],[13.194445647632588,46.217991447326476],[13.190286763994207,46.21864851038862],[13.183392234707757,46.219821923588256],[13.179664147248872,46.220425927656606],[13.179586013782595,46.220435258234005],[13.17953085319866,46.220415411337605],[13.179503497024442,46.22039698901706],[13.182319483628758,46.21417624582266],[13.190809797514191,46.20106563978971],[13.188704928178398,46.197023055704],[13.188972139282237,46.19361544840901],[13.184406276727833,46.197266257606984],[13.178994770714096,46.20259061170399],[13.178759530838295,46.20384584965803],[13.17773579782556,46.20457641008915],[13.175510533241729,46.20563896252394],[13.17388909141592,46.20605380845885],[13.173178384682375,46.205998790643825],[13.171940793216628,46.20565249585918],[13.157317095004606,46.21733846637951]]]},"properties":{"name":"Magnano in Riviera","op_id":"3849","minint_elettorale":"1060850520","minint_finloc":"2060850520","prov_name":"Udine","prov_istat_code":"030","prov_istat_code_num":30,"prov_acr":"UD","prov_iso_3166_2":"IT-UD","reg_name":"Friuli-Venezia Giulia","reg_istat_code":"06","reg_istat_code_num":6,"reg_iso_3166_2":"IT-36","opdm_id":"3699","com_catasto_code":"E820","com_istat_code":"030052","com_istat_code_num":30052}},
{"type":"Feature","geometry":{"type":"Polygon","coordinates":[[[13.07037342066702,46.21810509478617],[13.073421343730946,46.216583194624086],[13.081899829814484,46.2117573282952],[13.082400295613427,46.211163365855256],[13.083326404449362,46.208020786583404],[13.083328156839674,46.207992397821755],[13.083363601352543,46.20736202459861],[13.08322928289392,46.205607148574586],[13.082955731151884,46.20454871731358],[13.08281785062887,46.204015211459144],[13.084177991012375,46.20031217576015],[13.084942926317039,46.199537798965785],[13.085131960457579,46.19934644066691],[13.088695071104606,46.19603251552435],[13.090920135373626,46.19455610495746],[13.093894950605804,46.1933845705343],[13.097479762138997,46.19270214402798],[13.102873577140674,46.19243284273609],[13.106108508412683,46.19268751288841],[13.107583999096837,46.19321175136142],[13.106306809379367,46.18892944420205],[13.100167724484574,46.18653897937076],[13.099004225495515,46.18607672770721],[13.096325036552614,46.184881272242684],[13.09373984082408,46.170437523414805],[13.1019245360621,46.164500040317094],[13.101917813051967,46.15866766675155],[13.100624294359333,46.15755122182948],[13.098225220567075,46.15609555402297],[13.097397296547388,46.155684228674644],[13.096463056324774,46.15533522036716],[13.095718691942173,46.1551549233789],[13.09151548632257,46.154594639741475],[13.091013263006696,46.1545361135975],[13.089167166015372,46.15473730255589],[13.08617933460958,46.156090964572904],[13.085792861881583,46.15644682248122],[13.08534224118252,46.15708404742798],[13.086075779322305,46.15762033547513],[13.086465332538907,46.15793941545573],[13.086650561471576,46.15896338970219],[13.086677952680791,46.16040256193857],[13.086558199995972,46.161243935357604],[13.086247512182915,46.161628602300866],[13.084623401628729,46.16214128585073],[13.083070471107677,46.162106847367404],[13.081582709742612,46.16203407089399],[13.074944705973298,46.15813536990623],[13.062489746034704,46.16095564308044],[13.057037654236838,46.16207219433607],[13.047414894335216,46.1664057911058],[13.04774246880543,46.16886944082122],[13.038626364541852,46.17205466096224],[13.02983482078879,46.17408911336578],[13.026551991393358,46.17602766902502],[13.022176748349924,46.18494432370209],[13.02370660609929,46.18926485741781],[13.025089163231746,46.19227639760639],[13.02565876047048,46.19338592861076],[13.026376070297049,46.19433272006187],[13.027327084249578,46.19528476211178],[13.028347803352803,46.19610383111658],[13.029513273073825,46.196863765864315],[13.030776405903385,46.19777324690873],[13.032746803930419,46.19993137021893],[13.033295968618944,46.20053753134693],[13.036286802431189,46.20574681964917],[13.036567886946031,46.206938479092116],[13.034103986113351,46.207669160789266],[13.032901398734396,46.20795469470533],[13.03008367914954,46.210614974172],[13.025206740593536,46.21865835909592],[13.029610094113384,46.21481265193318],[13.033554146003462,46.21182901197741],[13.036920405621393,46.210859399597],[13.037440260873572,46.21117405089985],[13.05857234680878,46.21594659343265],[13.062113694872751,46.216638831746586],[13.07037342066702,46.21810509478617]]]},"properties":{"name":"Majano","op_id":"3850","minint_elettorale":"1060850530","minint_finloc":"2060850530","prov_name":"Udine","prov_istat_code":"030","prov_istat_code_num":30,"prov_acr":"UD","prov_iso_3166_2":"IT-UD","reg_name":"Friuli-Venezia Giulia","reg_istat_code":"06","reg_istat_code_num":6,"reg_iso_3166_2":"IT-36","opdm_id":"3700","com_catasto_code":"E833","com_istat_code":"030053","com_istat_code_num":30053}},
{"type":"Feature","geometry":{"type":"Polygon","coordinates":[[[13.478527522655378,46.41747746266249],[13.470654089289868,46.41702557373336],[13.466068398556528,46.41765515831871],[13.465255146930248,46.417876000074514],[13.463729848605183,46.41847121712737],[13.457020361930478,46.42286037117045],[13.45318905444233,46.42580473039676],[13.4494733383576,46.42883445344819],[13.438079274562728,46.43445811934174],[13.43352191915278,46.43585935943654],[13.433729130128397,46.437277943052656],[13.4342659665526,46.438967279665476],[13.438919125946247,46.452908879676166],[13.440749957513349,46.45370599214353],[13.441670982457678,46.45410696540872],[13.443121090242638,46.45459968796938],[13.444095351960254,46.45493070185487],[13.448511343097092,46.456279833658854],[13.45301290726693,46.45732842313256],[13.454867107087093,46.45808415428762],[13.455505420146972,46.45851379063459],[13.456480792012343,46.45950181901113],[13.46112282504307,46.46437001446831],[13.461082276592425,46.46488914806541],[13.456709078899367,46.4735433704855],[13.455321592193362,46.47560474806685],[13.454456712561937,46.47625056104099],[13.452787539516533,46.47635169049706],[13.449703526244619,46.47484280130686],[13.447938479400788,46.473210405746684],[13.44665932810066,46.47284169695898],[13.444317722550986,46.47274387976552],[13.442482426382746,46.47269381792702],[13.435757972138791,46.47369790851696],[13.424656633999708,46.47652751171612],[13.418221863179198,46.47439123461158],[13.417363788440225,46.473745149159164],[13.416496725174843,46.47310363550789],[13.415689250038206,46.47268482553571],[13.413487581266033,46.47263496633315],[13.41209202663658,46.47271590922073],[13.3986374501584,46.47426546658302],[13.389431130567445,46.47785147211289],[13.389268006952022,46.47803551319478],[13.38894154004444,46.478403819105324],[13.388918775676357,46.47842934344069],[13.388152304725175,46.47882773607892],[13.38227965378512,46.481362056990946],[13.379208991731115,46.48255098851744],[13.377041844067934,46.483583711413885],[13.374724932382172,46.48481112467258],[13.369889189210019,46.487494078451526],[13.367208150244632,46.489131324822075],[13.366647973107458,46.4895803065102],[13.367255331127108,46.49101969695972],[13.367655923163834,46.500288780907425],[13.373741794271007,46.50879411083309],[13.379171539936875,46.51538309509132],[13.379778316177184,46.5164624129019],[13.37977481743812,46.51648956788851],[13.379591235503373,46.51791424643415],[13.378716381927958,46.51931591698943],[13.376941026498809,46.52065762567767],[13.373770126926974,46.529496477411925],[13.372782994878904,46.53634791185278],[13.366044724812701,46.54147527095473],[13.3557727518134,46.54901877107185],[13.352604683896686,46.550156671956664],[13.348054775851795,46.55450642327385],[13.34823393439881,46.555858732178535],[13.349786850254493,46.560587999554784],[13.350738752180519,46.56146531927843],[13.351846847398306,46.56194063058737],[13.353020758325634,46.56238191888753],[13.353361998720356,46.562350483679296],[13.353937207459806,46.56229747944812],[13.358179357110913,46.56482237551753],[13.360311761356783,46.56657541965645],[13.363578838496469,46.56962508831098],[13.363879607160944,46.57005912749042],[13.368379959348552,46.568495516297446],[13.369716244236749,46.572171609531296],[13.369525459079831,46.57500066726637],[13.371958768281758,46.57833232547434],[13.3727504715915,46.57935960154848],[13.37625614442578,46.578671744093604],[13.394350928901162,46.57493896890051],[13.405838324543828,46.57212003558814],[13.40843535019607,46.570128285500296],[13.40825956716123,46.56965036503949],[13.407825410557379,46.5679794577102],[13.407298865302417,46.565461556512055],[13.407146255847488,46.56468893213613],[13.406964193680734,46.56376715625703],[13.406958344461247,46.56373752602664],[13.406959487233978,46.56354605963131],[13.406964686315611,46.562679683652675],[13.407936943805575,46.56162018754142],[13.410402970092496,46.56107976668738],[13.425433344593516,46.557910411220696],[13.427267603488906,46.55763226580181],[13.44034497228471,46.5577928908752],[13.475609479688199,46.55841159447623],[13.483314629915286,46.56104662779313],[13.498266199136486,46.56553075805104],[13.49936128036471,46.565766480968996],[13.500427206228093,46.56584727491564],[13.504100246859077,46.56607595956458],[13.504672322122635,46.56518480278956],[13.506291713802538,46.562299104381246],[13.507323889231929,46.55939576651301],[13.507309023278058,46.55931080815979],[13.50714403778643,46.55836806087072],[13.512434536717652,46.5509673123737],[13.513793102727156,46.5493831825485],[13.514428263314871,46.54894078048723],[13.515402882393035,46.548262173703755],[13.516592414918643,46.54784543637438],[13.518169168801345,46.54729764460711],[13.519874580202755,46.546960094632965],[13.521046424629008,46.54270124222593],[13.521723805938624,46.53998961276343],[13.520947605601112,46.53864123181055],[13.51808334376808,46.53705796181707],[13.514943956101785,46.53589953907462],[13.509450165029373,46.529394848944285],[13.509433632887717,46.52808853906158],[13.508087281677529,46.52728660397868],[13.506776660639106,46.52672806058175],[13.506502251652742,46.526611115844815],[13.504594389006453,46.52625887995202],[13.499733235566207,46.52621656794056],[13.493370765302709,46.526174665147124],[13.492102790434537,46.52579253022985],[13.491183923220962,46.52506811067221],[13.489314002571257,46.52155029692385],[13.489260461222916,46.521089751693644],[13.489135826458686,46.520017558680216],[13.490245886976975,46.519429933502146],[13.495646764259906,46.51502741338636],[13.500187856638387,46.5099112496819],[13.49951557341768,46.50946542392435],[13.496102198602156,46.50183209948249],[13.495289391604636,46.484982851871194],[13.494751754801456,46.47555053390209],[13.494248619672609,46.47172041046794],[13.492652194848793,46.45928991483529],[13.49351281770233,46.44982499711929],[13.491001426533984,46.44168147529179],[13.490283896753182,46.439006766226484],[13.491362135620191,46.437612339708856],[13.49380344284395,46.43448292843546],[13.494633711284335,46.43366713506274],[13.495655986339962,46.42961244114981],[13.49557948182185,46.42624457019935],[13.494173393218047,46.42244753234172],[13.4931439125154,46.42255107324476],[13.49052933472818,46.422946508693315],[13.488082850169167,46.42295272937103],[13.484865000671627,46.42212513759931],[13.482915428792845,46.42114860776911],[13.481826470454386,46.420448779753904],[13.478527522655378,46.41747746266249]]]},"properties":{"name":"Malborghetto Valbruna","op_id":"3851","minint_elettorale":"1060850540","minint_finloc":"2060850540","prov_name":"Udine","prov_istat_code":"030","prov_istat_code_num":30,"prov_acr":"UD","prov_iso_3166_2":"IT-UD","reg_name":"Friuli-Venezia Giulia","reg_istat_code":"06","reg_istat_code_num":6,"reg_iso_3166_2":"IT-36","opdm_id":"3701","com_catasto_code":"E847","com_istat_code":"030054","com_istat_code_num":30054}},
{"type":"Feature","geometry":{"type":"Polygon","coordinates":[[[13.321867640211204,45.98667442963492],[13.327071091798606,45.98792179515457],[13.332646319494007,45.9919182437921],[13.335032560788324,45.99243965459619],[13.33916869797814,45.99311506118033],[13.34624883050281,45.99390758002526],[13.34742806163139,45.99376362895344],[13.353354292432618,45.995522405237296],[13.360162975227391,46.0007980497739],[13.363498737448358,46.005351099801906],[13.363749742485636,46.00909050895619],[13.363693933257098,46.00983333859718],[13.363317030982852,46.01026095314064],[13.367587515233277,46.00862408442324],[13.372203139689105,46.007151081978414],[13.37661881583932,46.00938819321333],[13.380635683475107,46.01166117983977],[13.381549230503682,46.01220667332566],[13.381610103108866,46.01250523258142],[13.381616891534927,46.01254162132487],[13.379354663356612,46.01832175133073],[13.378118191510088,46.02174015541805],[13.378100267270531,46.02274239033823],[13.378097636846705,46.0229200984614],[13.378522861490168,46.023844398239035],[13.37913337905259,46.02459957877834],[13.381141392800924,46.0252875433328],[13.382514419370493,46.02559486823277],[13.384101665046504,46.025659893180965],[13.389574134022165,46.02567161426955],[13.404144645603086,46.025544865593645],[13.412602246028253,46.02528550309301],[13.41367020493435,46.02500566027575],[13.415131377176206,46.024512542320906],[13.420201365304823,46.02162932707022],[13.42146025805736,46.020495892549185],[13.422176392491158,46.01984705261012],[13.422914883872648,46.01613242729152],[13.422388552654375,46.01375852415351],[13.422746260873806,46.012070427331714],[13.423465824588014,46.01130442001897],[13.426160872637654,46.00923852831848],[13.425719473987645,46.00425457077392],[13.42303001180737,45.99756746819643],[13.426296860038217,45.99392126709271],[13.421401560630535,45.994862719060635],[13.413488466159128,45.99882819304704],[13.403403493358157,45.99833585411927],[13.40216768033362,45.99820355741708],[13.400985024712787,45.99711502999529],[13.400690282827215,45.996158760583896],[13.400295368683715,45.99462129458102],[13.401239001806108,45.99323019565989],[13.398301680589807,45.98597524227563],[13.389773694267998,45.97853652904547],[13.386160141649642,45.97533159453828],[13.385239036738959,45.97422385772383],[13.379155754582165,45.96560251070702],[13.375806497215738,45.95992315156842],[13.372702922136845,45.95445241189521],[13.370116099904065,45.9519726662657],[13.360649445920238,45.950075742530174],[13.360369399548736,45.950120901066306],[13.359625785198421,45.95024082400336],[13.35559394980836,45.951749541406656],[13.353895760177148,45.95245346754663],[13.353372252912088,45.95317527026162],[13.35277782274414,45.95399483956038],[13.352162235724204,45.95567905665367],[13.352018777269153,45.956007469237896],[13.351400469244963,45.957422845499785],[13.350669583022357,45.95898543452357],[13.350183696227413,45.95932328679157],[13.348409656356903,45.96055676811871],[13.348046564735395,45.96080917935679],[13.346316190990315,45.962558365182495],[13.3394681350114,45.97064114493909],[13.327070688395843,45.9823546240148],[13.321867640211204,45.98667442963492]]]},"properties":{"name":"Manzano","op_id":"3852","minint_elettorale":"1060850550","minint_finloc":"2060850550","prov_name":"Udine","prov_istat_code":"030","prov_istat_code_num":30,"prov_acr":"UD","prov_iso_3166_2":"IT-UD","reg_name":"Friuli-Venezia Giulia","reg_istat_code":"06","reg_istat_code_num":6,"reg_iso_3166_2":"IT-36","opdm_id":"3702","com_catasto_code":"E899","com_istat_code":"030055","com_istat_code_num":30055}},
{"type":"Feature","geometry":{"type":"Polygon","coordinates":[[[13.130844780370474,45.77183630220287],[13.13351467178898,45.77200639396959],[13.137570824731476,45.77220380734809],[13.14150439735375,45.772277852146296],[13.142586245402152,45.77226396289051],[13.143061644400001,45.77225730264393],[13.156545270124532,45.770587565633164],[13.171253533603968,45.768007299122466],[13.175104274778754,45.766509801546874],[13.18251818973972,45.76485386474087],[13.182401723590468,45.76807610035954],[13.182190621302263,45.77263153081179],[13.183486289133368,45.77373066248668],[13.191745585399923,45.77368787169547],[13.199025828691266,45.768230360794746],[13.200201488338632,45.767241946631295],[13.202149360182702,45.76629257241691],[13.205229699486686,45.76608000515669],[13.206276154227679,45.766302473586876],[13.209770207702908,45.76724919282715],[13.211185225998838,45.76764702192788],[13.212361050796192,45.769466863282574],[13.213471488008405,45.77141256163673],[13.214027594695601,45.7716421183827],[13.214573844476178,45.771860478916366],[13.21570357081574,45.77230028978068],[13.219822546913154,45.77221097401907],[13.221242402040913,45.77206391699926],[13.221842755191489,45.771785156432394],[13.222429944629416,45.77111983056983],[13.222863590649661,45.770433173775146],[13.223250245273476,45.76956594178841],[13.223369755651511,45.76910024152809],[13.224105667992603,45.76249303555831],[13.226575296496172,45.7560061026078],[13.226939120399596,45.75549306072551],[13.228480074532262,45.75474283254708],[13.229741368730226,45.75429099054677],[13.23502819592542,45.75338369287184],[13.23507995299763,45.75337727022407],[13.237014995539434,45.75418854457002],[13.241562930983898,45.75694659041239],[13.240946635439718,45.75597749404996],[13.240110017994395,45.754636788894445],[13.239932392047866,45.752737930564706],[13.24011763882001,45.75141282478493],[13.242153256220192,45.74147721390876],[13.243354670669653,45.73257830457322],[13.243150310596727,45.73055160200189],[13.243062288195093,45.72892563326267],[13.24301883543625,45.72741050550521],[13.2430531061292,45.72463231692208],[13.24308591173001,45.722925348985214],[13.243210349640124,45.72244814550562],[13.243994233738507,45.721356820236515],[13.245795622893402,45.719502954191796],[13.245669077302109,45.719487349250734],[13.244473623382998,45.71932826368773],[13.24445448498515,45.71921978895578],[13.24452333999311,45.71325106719252],[13.232211466482429,45.71318467396101],[13.220509777268786,45.71309437602438],[13.207903192487137,45.712789734367895],[13.185788890021344,45.71115424211474],[13.178382178026274,45.708152839080086],[13.178413981609431,45.707174158644335],[13.178376073368772,45.70633162187118],[13.177759233880629,45.70601979070484],[13.173342046043974,45.704021621125925],[13.170962332232163,45.703083850431014],[13.167599215044868,45.70254716582456],[13.165157515934316,45.70255186936306],[13.163560526077926,45.70257008066438],[13.161741368171548,45.7027369786063],[13.161527260132067,45.702756619243],[13.156738821602453,45.70266119339461],[13.152657445784143,45.7006903436319],[13.152268656662967,45.70050258002454],[13.152319656411194,45.700133878760894],[13.152774588222462,45.697802149484914],[13.146889912805321,45.69952425533178],[13.145480434200676,45.69919140742505],[13.143314700174944,45.69820028912568],[13.140224147747562,45.69585833363156],[13.134845445987613,45.692467543578296],[13.134590571639535,45.69231035695365],[13.134298629589821,45.69220658651319],[13.131524300019752,45.69122101120264],[13.130360659435393,45.69091106298572],[13.114638499975753,45.68673430282079],[13.11377837030032,45.686531303398944],[13.112766911236879,45.68629495861958],[13.112660363083346,45.6862700683268],[13.109677201729616,45.68570699756167],[13.109168688269083,45.685635324036035],[13.107819465497617,45.68546924403842],[13.107620811177247,45.68546604722575],[13.107480535572815,45.685534090938724],[13.106060641049195,45.68642235645968],[13.099794241073624,45.689055636744506],[13.098099022809922,45.689386593595664],[13.097663368047332,45.689524440254495],[13.090529848028742,45.68949180559015],[13.079279093830014,45.69037632931992],[13.07791907120392,45.69050598496303],[13.076450180619513,45.69069622409226],[13.074602034507,45.69155373652817],[13.072994113123945,45.69283417532211],[13.069661722679726,45.695715621661435],[13.06820402008657,45.698123044437615],[13.067718668144426,45.69898695614019],[13.06549230003783,45.70338490204526],[13.064677273641605,45.70504318759592],[13.064973938712827,45.709848315473536],[13.065898848293038,45.711327558612304],[13.070573379027435,45.71400073772523],[13.073211462780945,45.71351498992744],[13.079195560914881,45.71585749793131],[13.087186189812568,45.71913143949824],[13.090002061272644,45.72496685753039],[13.090741491597143,45.72661007286762],[13.091109960530428,45.72869417189061],[13.09235065998899,45.73418994827608],[13.095195860377883,45.73431735418302],[13.095578963425666,45.73433811864294],[13.097093723730826,45.73442021341553],[13.105073124610081,45.736001085084474],[13.106179347758612,45.73636180747658],[13.106434449801487,45.736816201774765],[13.10502810780669,45.737708442839434],[13.104854840267839,45.737796032912435],[13.104256839231981,45.738091742959256],[13.103977249923721,45.73808215339319],[13.10374458295911,45.73807416940408],[13.10350494708149,45.737967177805835],[13.097563132209798,45.739511587811904],[13.092341549950651,45.74147680011208],[13.092371958607325,45.74397807265699],[13.092488299039076,45.74481053685323],[13.0925083268229,45.74495383066784],[13.092527181050306,45.74508864231763],[13.0928493778999,45.745824201362225],[13.093278155439814,45.746434398589436],[13.096042981354179,45.74865667406321],[13.09752627987492,45.749315290487836],[13.097998569020243,45.7494108485638],[13.09823483087652,45.748884773917204],[13.098472470994343,45.74832266187458],[13.099757043210582,45.74760589681371],[13.100855007374545,45.74706235130895],[13.101519320734177,45.74684044439726],[13.103455301302146,45.74682918018025],[13.106333094524437,45.74740534245754],[13.107731516961378,45.748250612493926],[13.109692975350889,45.75109186191496],[13.10911881747296,45.75327785595918],[13.108623989481895,45.755320469192164],[13.108639820237165,45.75599499007723],[13.108910078448313,45.75635881896241],[13.113176519724119,45.75985954973459],[13.113516450902297,45.76009932810384],[13.117344534754793,45.76135191156074],[13.118021928813313,45.76148046150801],[13.118419163286763,45.76151563533724],[13.12210639974082,45.761629974808166],[13.123535721294425,45.76308152391552],[13.130844780370474,45.77183630220287]]]},"properties":{"name":"Marano Lagunare","op_id":"3853","minint_elettorale":"1060850560","minint_finloc":"2060850560","prov_name":"Udine","prov_istat_code":"030","prov_istat_code_num":30,"prov_acr":"UD","prov_iso_3166_2":"IT-UD","reg_name":"Friuli-Venezia Giulia","reg_istat_code":"06","reg_istat_code_num":6,"reg_iso_3166_2":"IT-36","opdm_id":"3703","com_catasto_code":"E910","com_istat_code":"030056","com_istat_code_num":30056}},
{"type":"Feature","geometry":{"type":"Polygon","coordinates":[[[13.116326627177852,46.05784164690082],[13.107575863497539,46.056707853306726],[13.10737599136725,46.05835774043652],[13.107610529871144,46.060199014573044],[13.108054373202128,46.06158269759815],[13.109591867763159,46.06426364846413],[13.117589765307578,46.0819098466716],[13.118014669993858,46.08726362428475],[13.119013664483525,46.09252915896817],[13.119667340579221,46.09544980286948],[13.122798170909281,46.10112346596023],[13.130134439223152,46.105660202439864],[13.131915535285177,46.107715447713275],[13.130265083949517,46.11052952319247],[13.134816446887582,46.11034668449371],[13.15031250478179,46.108618482288676],[13.155604812445883,46.10980301314926],[13.158038508136343,46.10970534462223],[13.164770051058394,46.10923931051842],[13.16707630489241,46.10843953246276],[13.170828537578045,46.10688930700804],[13.175085349304217,46.103317412992475],[13.177697881162835,46.10020223529154],[13.177771131291983,46.10008975968862],[13.178597594013846,46.098819142745],[13.179125697402469,46.09775117305927],[13.184257718295482,46.09273853255968],[13.188524675997469,46.09045772223476],[13.191380568607043,46.08893519428908],[13.189709230593351,46.087025357213335],[13.188718368239225,46.08691319197436],[13.186505804122062,46.086490334160146],[13.185896787126378,46.08634943429174],[13.185414631660644,46.08623784787349],[13.184790475160895,46.08575100855356],[13.18474782809669,46.08571773839191],[13.18362926036796,46.08429162134805],[13.18360583245824,46.084224943204134],[13.183571495437667,46.08412718275148],[13.18350025278951,46.08392277828097],[13.183717075752279,46.079643816225996],[13.184654523634805,46.075914514472004],[13.185229309983729,46.07399419521999],[13.185186759418437,46.07312265604085],[13.185103727262222,46.07206813262437],[13.184212520587236,46.07047157026383],[13.180054939689942,46.06358963728031],[13.178700687936809,46.06309018420365],[13.175760703320194,46.062063697417955],[13.174018255016524,46.061623392165465],[13.17355886742223,46.06260330874393],[13.17188529474682,46.06430721978273],[13.169220051311026,46.06437313771885],[13.164278939564243,46.06404052851654],[13.162977032546477,46.063912506611665],[13.161893261957838,46.06375854151885],[13.161741902772091,46.06373703751859],[13.141779348269187,46.05947236499018],[13.137998433441801,46.05850242541059],[13.137048344692923,46.058289338378174],[13.13596796990501,46.058116979672974],[13.131549133092463,46.05766950548249],[13.12665602318114,46.05748204376409],[13.119875371466605,46.05803310587994],[13.116326627177852,46.05784164690082]]]},"properties":{"name":"Martignacco","op_id":"3854","minint_elettorale":"1060850570","minint_finloc":"2060850570","prov_name":"Udine","prov_istat_code":"030","prov_istat_code_num":30,"prov_acr":"UD","prov_iso_3166_2":"IT-UD","reg_name":"Friuli-Venezia Giulia","reg_istat_code":"06","reg_istat_code_num":6,"reg_iso_3166_2":"IT-36","opdm_id":"3704","com_catasto_code":"E982","com_istat_code":"030057","com_istat_code_num":30057}},
{"type":"Feature","geometry":{"type":"Polygon","coordinates":[[[13.093878070197183,46.05349171273651],[13.090444744323595,46.05225569711195],[13.084798632819329,46.050648751727294],[13.0809587685831,46.04581308955315],[13.082725695094656,46.04406218301998],[13.084405661456627,46.04144126325424],[13.085318312849642,46.03972089182698],[13.086342262472547,46.03775800639413],[13.086794522748303,46.0368749477238],[13.087077180576847,46.03632301951002],[13.08501456640141,46.03580281938728],[13.074695393178516,46.0333859814275],[13.06859153666009,46.03196893214482],[13.065832304662571,46.0322304853305],[13.059735252061976,46.032519589035445],[13.055742540618487,46.02698191926968],[13.052010453421792,46.018869582845056],[13.051543700143009,46.01556925740055],[13.048232060023008,46.010560703318625],[13.045720445802543,46.007404831036325],[13.042380603682592,46.00645232987522],[13.037347921011218,46.00504718096535],[13.036547527907853,46.004970798444866],[13.031320137311607,46.00656799074198],[13.025183654646977,46.006104834151635],[13.021068797958513,46.005232548448205],[13.021077301613786,46.007342669807414],[13.02105500034774,46.01187594355705],[13.021039466320234,46.01396694542204],[13.02072613883063,46.0139663276353],[13.020211149674704,46.01396520209271],[13.016908915723942,46.018054167616036],[13.016403752375016,46.02041630766713],[13.015788976483266,46.02833000219703],[13.015786781288579,46.02839077378042],[13.015639987120137,46.03247494350147],[13.016402252019581,46.032478187953444],[13.01634717405738,46.04395559304193],[13.020015468512835,46.04436705916462],[13.03266343823955,46.0525010330182],[13.036491599590207,46.05903312916439],[13.035579397499497,46.06035253770666],[13.036240312764729,46.06102674475359],[13.039466156874003,46.06230773416827],[13.040058022564894,46.06247637009907],[13.040618291334782,46.0626359956094],[13.044367112963894,46.06340777717045],[13.046329992143235,46.063792734890754],[13.046584226530229,46.06384035412],[13.047037134364095,46.06392517596855],[13.050899099822301,46.061506394807985],[13.050715021143,46.060846850025584],[13.051043434596311,46.06029962721785],[13.052811587103088,46.06076340363766],[13.054295163996715,46.061588297054456],[13.058994558131417,46.06621426547773],[13.059038025157493,46.07014166053826],[13.059254979605338,46.07131306516835],[13.059767583775885,46.072185997820775],[13.059974654648515,46.072538610246774],[13.060714057888749,46.07355965096572],[13.064184121506095,46.07497222951536],[13.065855629346123,46.075592084379274],[13.068253533224906,46.07619068183107],[13.068843872105786,46.074606777273175],[13.073571207690751,46.07384973081663],[13.073740642745182,46.073866409688065],[13.07457758074888,46.07394880665519],[13.076588115783759,46.07526764449427],[13.080212682967744,46.07516960002221],[13.088161499745562,46.07641452305411],[13.092776880721269,46.0738847622058],[13.093961382819787,46.061603166570286],[13.09396509650997,46.055104287477235],[13.093878070197183,46.05349171273651]]]},"properties":{"name":"Mereto di Tomba","op_id":"3855","minint_elettorale":"1060850580","minint_finloc":"2060850580","prov_name":"Udine","prov_istat_code":"030","prov_istat_code_num":30,"prov_acr":"UD","prov_iso_3166_2":"IT-UD","reg_name":"Friuli-Venezia Giulia","reg_istat_code":"06","reg_istat_code_num":6,"reg_iso_3166_2":"IT-36","opdm_id":"3705","com_catasto_code":"F144","com_istat_code":"030058","com_istat_code_num":30058}},
{"type":"Feature","geometry":{"type":"Polygon","coordinates":[[[13.15846240539971,46.389401994047766],[13.162357388169012,46.39292820651768],[13.158120610153412,46.40053527107592],[13.141184085386316,46.40967096967094],[13.137857344245177,46.41080487465994],[13.134348116373992,46.41136253985767],[13.134301199437042,46.41136178165955],[13.133060702998758,46.411341657416415],[13.124460062853787,46.41290380447231],[13.10658384397733,46.418818175268854],[13.105118857121477,46.41929388999108],[13.10496013235018,46.41945962264858],[13.104462690400094,46.4199790418003],[13.102593399913626,46.4273188341733],[13.10396077015623,46.43142803985438],[13.106303026764172,46.43632573509748],[13.107962588680495,46.439542303047304],[13.108650336578023,46.440354621860585],[13.109104892334244,46.44062511902506],[13.109400816833164,46.44080121706593],[13.109690009628935,46.440973308269065],[13.109784240503965,46.44102938471185],[13.109861802372267,46.44107607921099],[13.111464571852007,46.44331807089136],[13.111962269747675,46.4444857696243],[13.112101215475228,46.44481176105965],[13.112110363372803,46.44510259864485],[13.112164105735374,46.446812166064355],[13.112032695262096,46.448707049616864],[13.111809569943203,46.44949364567938],[13.113943704791643,46.450294355976844],[13.116768003800447,46.45143914945253],[13.118670114119997,46.45254965520747],[13.123405291688156,46.45613204304014],[13.127005340327264,46.459266203408774],[13.131186512674873,46.46351937517486],[13.131873455083921,46.46437659645064],[13.132787296348008,46.4672261910008],[13.13513764110245,46.4717560372121],[13.138247053844717,46.475315681171246],[13.139895100255282,46.47511193407349],[13.148207554035713,46.475075750053314],[13.149406900681024,46.4754281962923],[13.150323271561767,46.47789771655398],[13.151227672402559,46.48069256636206],[13.153506972248536,46.485526451521324],[13.15363805098541,46.48578762978603],[13.153855345198595,46.4862205839217],[13.154387608995078,46.48728106265879],[13.154639542911816,46.487718668449176],[13.155159208997249,46.48862126891181],[13.155567742043905,46.48933079427211],[13.156486490449993,46.49046122785883],[13.157130897337591,46.49125407250499],[13.158783016363282,46.492517008403915],[13.159630509497841,46.49299725895828],[13.16043214277159,46.49345150491237],[13.163264932251165,46.49485587024453],[13.16572765395744,46.49686990200318],[13.169476844746475,46.50003863153518],[13.170977478839953,46.50190097576415],[13.171606171616867,46.50297159605924],[13.173378884455088,46.506871640153115],[13.18091400008853,46.519318523125094],[13.180691795498007,46.533516100021934],[13.17973845591212,46.53693096351632],[13.17748242298347,46.53769924507851],[13.174167949767345,46.540505492147446],[13.173284952267133,46.54975448860605],[13.172848673270197,46.55458579440527],[13.17385370928262,46.55608818462839],[13.179153795453889,46.561096741785875],[13.188674264641381,46.562227053328165],[13.190150760444052,46.56168521440514],[13.190250337957826,46.56164867169674],[13.192653188322781,46.560795409502084],[13.192704348609729,46.5608362757457],[13.194484501529953,46.56225827825402],[13.19562644268364,46.563307328091014],[13.195977720174273,46.5636300236308],[13.197964035604775,46.56552367838688],[13.199362934804407,46.56700236483013],[13.199387970854342,46.56704936422898],[13.1999052532427,46.56802062265352],[13.20043257134584,46.569010690206696],[13.201458694606153,46.571088103217],[13.201836784220292,46.571884251657785],[13.207680482287623,46.57040898010525],[13.214815414391127,46.57013685381312],[13.219209751282055,46.567818888119355],[13.227961516415775,46.56273379617809],[13.232185005284887,46.55927407511222],[13.232346690163556,46.55870103237647],[13.232853918202368,46.55593701521658],[13.232525210569067,46.5535910088286],[13.231831452936252,46.553247680335694],[13.230114371710933,46.55233923546056],[13.228373851372345,46.55126510004714],[13.226954767386143,46.55000353315357],[13.225500890082376,46.54849365312695],[13.221586020725672,46.54436088252375],[13.208588763812788,46.537312510695166],[13.20577473166221,46.53599292578314],[13.205653459308971,46.53493081641081],[13.208354727213514,46.52971436454185],[13.211796233410553,46.5261807038973],[13.215653416036696,46.52506176359731],[13.217352414546582,46.52493152586777],[13.219075787244908,46.52527471380939],[13.224496546877704,46.52536948386769],[13.22876068880395,46.52533764050852],[13.231201734510732,46.52526520099234],[13.23148320955686,46.525249774509916],[13.233735376726244,46.52512628795976],[13.233414044152907,46.52458916136084],[13.233357683724396,46.5245229617864],[13.23331823013821,46.5244766212154],[13.232832623202835,46.52390624989731],[13.232622889701833,46.52365990472305],[13.231775453316503,46.522691360809524],[13.231042439333022,46.52176082048893],[13.230673409253455,46.52025335600791],[13.230190199014082,46.51747653115125],[13.230112303212975,46.51646464626926],[13.230108580811676,46.51641231837715],[13.230888413586278,46.514435411755144],[13.232344438865312,46.51173072338337],[13.23436782305834,46.508874463399906],[13.235351704387167,46.50885518927966],[13.236167346715925,46.50883921451598],[13.243993829189604,46.50945313277495],[13.239319787250789,46.506445015348476],[13.232581753888368,46.50280665644284],[13.227488593400365,46.500700147544684],[13.228596669370527,46.497883873162436],[13.228793487018999,46.497501595253],[13.228878621386459,46.4973367779842],[13.228945186244287,46.49720792273211],[13.230505565659513,46.49651105699281],[13.233978371852011,46.49513121756841],[13.235536515233399,46.49469052016341],[13.235608311540753,46.4946702150229],[13.237474059285631,46.4945919920495],[13.238646891517659,46.494998490056034],[13.244084814209906,46.49812227279165],[13.242780253506025,46.493023192891144],[13.235713794141827,46.480526086765124],[13.23587241193151,46.479665120846505],[13.236271042909395,46.47821470302964],[13.237028336494312,46.47692649917227],[13.238359186095854,46.47526594745131],[13.239059858139195,46.474780043836155],[13.239346541849146,46.474581235961345],[13.240063308175495,46.47432500645963],[13.241453825185575,46.473827903221874],[13.242627066994437,46.47325753454271],[13.243107645983134,46.47302388785211],[13.245530022847705,46.47182222604297],[13.24627727712445,46.470889866386756],[13.248528056563336,46.467718840342826],[13.24784219782401,46.46513413615165],[13.247515809920461,46.463526122940635],[13.248370801079547,46.46204518709163],[13.254347466094595,46.45394690569627],[13.26065217507667,46.44938237122973],[13.264554782482909,46.44866511412927],[13.265721453597079,46.44837849291891],[13.271456734726852,46.44492823737653],[13.272976569900644,46.443791260554505],[13.27297649727047,46.4408556277791],[13.275417446240635,46.434937543069246],[13.276218722749235,46.42918368397081],[13.273527820528699,46.421426019348125],[13.272953313855346,46.41982286880774],[13.272925840932933,46.41978115180163],[13.272282213326697,46.418803898745686],[13.271420499315107,46.41806205792794],[13.268477461274008,46.41975630504148],[13.260745808158713,46.41748441494902],[13.259942251162041,46.41117780545261],[13.26159341060792,46.40296589548749],[13.25493329974424,46.400928135862394],[13.241758013055362,46.402093544986506],[13.24058064141494,46.39661528161997],[13.232547641197515,46.39565331296193],[13.228409145030321,46.39527563180631],[13.226732304525253,46.3952297307302],[13.225125150760764,46.39546473626502],[13.223316303889408,46.395878207491556],[13.220192320415059,46.39674982753471],[13.218233910357155,46.39737575856166],[13.210404621925838,46.39851538328705],[13.198753241309522,46.39917855075253],[13.197648688450817,46.39914267317723],[13.195195608436038,46.39898532474955],[13.189625468067485,46.3923673598395],[13.188919138586742,46.38971540773311],[13.189198399747188,46.38930990374559],[13.189627538702952,46.38868677440388],[13.189644112886114,46.38866270978268],[13.19085173729896,46.38795681614751],[13.192106676382743,46.38773072888964],[13.19083892536243,46.37651723505534],[13.18824366972711,46.36890775589606],[13.188387967470028,46.36490160284912],[13.187725127388097,46.36499774906838],[13.186768536452938,46.365136520117616],[13.185832284059767,46.36551737279303],[13.184312205111267,46.36648306771341],[13.181707926940874,46.36899552200071],[13.17972659699966,46.371254135472476],[13.179341263627622,46.37339737958395],[13.17927019568354,46.37628933243412],[13.175863107941073,46.37876320651565],[13.173996359546436,46.37908062324736],[13.17320068350272,46.37921589746214],[13.167442004618323,46.37952125187924],[13.160508453253351,46.38466822059181],[13.158825338144792,46.38730634650349],[13.158569771179987,46.38773428920574],[13.15846240539971,46.389401994047766]]]},"properties":{"name":"Moggio Udinese","op_id":"3856","minint_elettorale":"1060850590","minint_finloc":"2060850590","prov_name":"Udine","prov_istat_code":"030","prov_istat_code_num":30,"prov_acr":"UD","prov_iso_3166_2":"IT-UD","reg_name":"Friuli-Venezia Giulia","reg_istat_code":"06","reg_istat_code_num":6,"reg_iso_3166_2":"IT-36","opdm_id":"3706","com_catasto_code":"F266","com_istat_code":"030059","com_istat_code_num":30059}},
{"type":"Feature","geometry":{"type":"Polygon","coordinates":[[[13.397762391633268,46.10595546277981],[13.397966691053478,46.10476392917168],[13.400639873830334,46.09995774132504],[13.401908837333314,46.09819409909965],[13.404214049723315,46.095767413967764],[13.405571913011824,46.09046920208771],[13.403504091106512,46.089531971064204],[13.40170050609512,46.08928197521484],[13.399868648524206,46.08909169762825],[13.399802932215753,46.08909335009831],[13.39849600391788,46.08912654733835],[13.38433015700413,46.08876724254125],[13.3841621148891,46.087414527741316],[13.384054463113925,46.086262009934046],[13.384389321660034,46.084939474320656],[13.384756571037874,46.08413777161864],[13.38523397206448,46.08317431587955],[13.384556012834096,46.08278181514338],[13.37894976844806,46.080328323930104],[13.375775408830657,46.07923946616591],[13.374712435557923,46.07889318676834],[13.366109484927362,46.076733962351376],[13.364938460001369,46.07671212498524],[13.35745102873187,46.07698850857635],[13.35106685578239,46.07854184068916],[13.344238445231072,46.08117386732767],[13.340982597913326,46.08273347431023],[13.338745701896574,46.08412374514048],[13.337860694442645,46.08680372547633],[13.33762907474823,46.088446228928554],[13.337408234713497,46.093643769959314],[13.33805009634852,46.09511355184636],[13.339049395296849,46.0963357054607],[13.339664100278554,46.09696491892149],[13.33994571003673,46.09703969968984],[13.343355263994983,46.0971664697058],[13.345387450590245,46.09722861110817],[13.347562930075183,46.097159221111205],[13.353516505495254,46.09925448145861],[13.359721339509889,46.10289701619765],[13.365073530330132,46.10915516813],[13.367838389307138,46.11197919528268],[13.367797078515782,46.11113016795786],[13.367976264091332,46.10989913784892],[13.371914073273304,46.10723891583158],[13.384803333351082,46.10399247072646],[13.385519023479523,46.10383894382375],[13.387069750682596,46.10391433839451],[13.395069903720017,46.10469553421645],[13.397762391633268,46.10595546277981]]]},"properties":{"name":"Moimacco","op_id":"3857","minint_elettorale":"1060850600","minint_finloc":"2060850600","prov_name":"Udine","prov_istat_code":"030","prov_istat_code_num":30,"prov_acr":"UD","prov_iso_3166_2":"IT-UD","reg_name":"Friuli-Venezia Giulia","reg_istat_code":"06","reg_istat_code_num":6,"reg_iso_3166_2":"IT-36","opdm_id":"3707","com_catasto_code":"F275","com_istat_code":"030060","com_istat_code_num":30060}},
{"type":"Feature","geometry":{"type":"Polygon","coordinates":[[[13.169874968201574,46.23789738981936],[13.16987171371691,46.239607666861396],[13.168696371882977,46.240946738006],[13.167035416513013,46.242191016008924],[13.166718035537983,46.24234662856796],[13.159192395677271,46.24784166784557],[13.158806339908391,46.24813024796902],[13.158673450958265,46.24823861953226],[13.159619738980117,46.251975518223944],[13.160595460413566,46.25568295522909],[13.16038722828439,46.2567225258599],[13.160210008504055,46.25749856016702],[13.155255115915688,46.26045133467632],[13.153328773672806,46.2613720731872],[13.154169790993315,46.26180047505649],[13.159326549279546,46.26515006093298],[13.161774629101556,46.2676125431802],[13.164228682897486,46.26953023875806],[13.169711451661593,46.272849425638746],[13.170322115334177,46.273209628418094],[13.1849134340451,46.278638632359126],[13.19853295387025,46.28527168627435],[13.202276566511708,46.28350921791807],[13.20981526371596,46.28122420680833],[13.213615490391803,46.28013435639273],[13.224247654087858,46.27483580524853],[13.234893988105808,46.26909469430806],[13.238070905633132,46.26717658066803],[13.238353884094137,46.26682852509422],[13.237753270102116,46.26610827266246],[13.235610199130855,46.26418510715008],[13.23436262763575,46.26341680909289],[13.231569063421523,46.26072114140344],[13.231387265328893,46.260340825119194],[13.231233248568296,46.259005394003836],[13.231220153614574,46.258645848093494],[13.22741491903727,46.25592907119563],[13.215930225615956,46.25479674242429],[13.204453291202638,46.24743435244506],[13.19679061050573,46.242572359608516],[13.19641553508842,46.24180305544911],[13.196342576340745,46.24148644549722],[13.196165679221293,46.24071863834464],[13.195458431175968,46.23618114798026],[13.195450949076937,46.23519132108792],[13.195663525884548,46.23465250056069],[13.192121464618497,46.23431906906475],[13.188337857383807,46.23541209571865],[13.18693411488977,46.23586415753955],[13.183208871183663,46.23672532804248],[13.174549568335545,46.238527555436356],[13.172161424210717,46.238232369022],[13.169874968201574,46.23789738981936]]]},"properties":{"name":"Montenars","op_id":"3858","minint_elettorale":"1060850610","minint_finloc":"2060850610","prov_name":"Udine","prov_istat_code":"030","prov_istat_code_num":30,"prov_acr":"UD","prov_iso_3166_2":"IT-UD","reg_name":"Friuli-Venezia Giulia","reg_istat_code":"06","reg_istat_code_num":6,"reg_iso_3166_2":"IT-36","opdm_id":"3708","com_catasto_code":"F574","com_istat_code":"030061","com_istat_code_num":30061}},
{"type":"Feature","geometry":{"type":"Polygon","coordinates":[[[13.248815523802014,45.949377054454935],[13.248915078417612,45.94823478470133],[13.245004747583042,45.94708862778614],[13.233622644176613,45.94389766471309],[13.220594052927854,45.9377736104558],[13.218935339938561,45.927551132453615],[13.217069855419442,45.92416366997088],[13.216635900505498,45.9240221811102],[13.214469347600547,45.92364317446996],[13.214189758386675,45.92384703058861],[13.213993939966604,45.92477239163937],[13.214360492278079,45.9254069306129],[13.21434712361335,45.926208526253745],[13.213976595119071,45.927021399130155],[13.20966277626027,45.92828525416723],[13.202069952799244,45.930189924880516],[13.200678814937158,45.93049318664636],[13.199692310982382,45.930326972861074],[13.200286692052527,45.92869838616799],[13.197773874035905,45.929159042153],[13.186039489444463,45.92932560213556],[13.184055075722252,45.92881783358637],[13.179566931854069,45.927900998909436],[13.16897542581637,45.925778491061735],[13.165607095601176,45.92662632636214],[13.146912991234467,45.931848318255334],[13.143200423909951,45.93288782675595],[13.140789237839108,45.93905564306811],[13.140549910799253,45.94006345448531],[13.140578535081731,45.94105254719217],[13.142180357122296,45.94145794260563],[13.144185130103226,45.942064724330756],[13.146800444020498,45.94296430811219],[13.150702441280814,45.94584230919546],[13.15162521491048,45.94684832997441],[13.155818342218577,45.95347804075213],[13.1575518266702,45.958401485371674],[13.1602913132734,45.96251414909214],[13.165894376886788,45.965617585281215],[13.170333662167515,45.969532896743395],[13.170481255175773,45.97134573350662],[13.170485543036232,45.97238971874101],[13.173824283593468,45.972938192739015],[13.175564190729915,45.97296453506559],[13.17805528559078,45.97261679629732],[13.183944212085398,45.970551234679604],[13.188875791506824,45.96857003874388],[13.195512602152366,45.966089359432296],[13.20035057294338,45.964565657790466],[13.205642068189222,45.96736807030864],[13.21615763936676,45.972308596697026],[13.217177840441389,45.97268494275864],[13.221014241572009,45.97309232987945],[13.229315537779106,45.97336972119715],[13.23059291643877,45.97337187192582],[13.231952188141014,45.97329444196792],[13.23343302859327,45.9729919635155],[13.234682530677421,45.97267105892135],[13.236758427643714,45.97190988697917],[13.2418953497147,45.9685918269498],[13.241169822227823,45.96138562482985],[13.247708410980582,45.956641748298395],[13.249399331728727,45.95501256505377],[13.249895254928626,45.953220891094155],[13.25048753005502,45.94998088034362],[13.248815523802014,45.949377054454935]]]},"properties":{"name":"Mortegliano","op_id":"3859","minint_elettorale":"1060850620","minint_finloc":"2060850620","prov_name":"Udine","prov_istat_code":"030","prov_istat_code_num":30,"prov_acr":"UD","prov_iso_3166_2":"IT-UD","reg_name":"Friuli-Venezia Giulia","reg_istat_code":"06","reg_istat_code_num":6,"reg_iso_3166_2":"IT-36","opdm_id":"3709","com_catasto_code":"F756","com_istat_code":"030062","com_istat_code_num":30062}},
{"type":"Feature","geometry":{"type":"Polygon","coordinates":[[[13.11695414332422,46.14428271794528],[13.118314156505413,46.14615083523277],[13.127254990485902,46.14902316120237],[13.130868926546803,46.14975648808498],[13.142821472992821,46.147459997861894],[13.146709595934645,46.14966351296831],[13.148390395707153,46.15014247685923],[13.15139022269342,46.15065893807348],[13.154676131682308,46.14688495987563],[13.155929873611562,46.145403637464995],[13.158469509943727,46.14226878521005],[13.163936269949746,46.13322144761336],[13.163496430795059,46.13200435032448],[13.162422517480195,46.12811008812708],[13.162712283142058,46.12716791568072],[13.16393812397225,46.12337427799081],[13.164718024245884,46.12249522283706],[13.167311880342819,46.119637199283524],[13.169122812515681,46.118486425868085],[13.173225582875123,46.11614020091135],[13.174476883674018,46.11037427340795],[13.170828537578045,46.10688930700804],[13.16707630489241,46.10843953246276],[13.164770051058394,46.10923931051842],[13.158038508136343,46.10970534462223],[13.155604812445883,46.10980301314926],[13.15031250478179,46.108618482288676],[13.134816446887582,46.11034668449371],[13.130265083949517,46.11052952319247],[13.125092840810007,46.108196410353315],[13.124558806400168,46.1082696356738],[13.122116538199212,46.108609926350915],[13.117851047492323,46.10961003489095],[13.108252473557263,46.11331339840505],[13.108220487998816,46.11342704518767],[13.108227590087195,46.11438090171052],[13.10975426713106,46.128016431747106],[13.113926095023935,46.13965741538558],[13.11695414332422,46.14428271794528]]]},"properties":{"name":"Moruzzo","op_id":"3860","minint_elettorale":"1060850630","minint_finloc":"2060850630","prov_name":"Udine","prov_istat_code":"030","prov_istat_code_num":30,"prov_acr":"UD","prov_iso_3166_2":"IT-UD","reg_name":"Friuli-Venezia Giulia","reg_istat_code":"06","reg_istat_code_num":6,"reg_iso_3166_2":"IT-36","opdm_id":"3710","com_catasto_code":"F760","com_istat_code":"030063","com_istat_code_num":30063}},
{"type":"Feature","geometry":{"type":"Polygon","coordinates":[[[13.15944712138567,45.82655507850469],[13.159525797111474,45.82380233971055],[13.159009424161349,45.82265100002263],[13.158410313991158,45.82131815664095],[13.157754256372874,45.82012690602467],[13.157555333863783,45.81953107861539],[13.157372267255756,45.81770150338272],[13.157344910848224,45.81656833615472],[13.157416372419783,45.815152535609],[13.157518873842546,45.814023645268435],[13.157641620291532,45.81337714393762],[13.157674079216148,45.81323487429546],[13.158420945907666,45.81006621812129],[13.15861725995587,45.80961349595074],[13.159976550334743,45.80854228006414],[13.160619021857558,45.807060660816326],[13.159736564991245,45.80448247500607],[13.159275674763341,45.804040224466895],[13.148629029049612,45.797343728742355],[13.138210956995787,45.794716027093976],[13.131537412406056,45.78919715432957],[13.131935755702369,45.788017054255256],[13.132829617004205,45.78519877986867],[13.133267951055236,45.78286508343316],[13.132692106355702,45.77810136751905],[13.131808565688859,45.774477992312676],[13.130844780370474,45.77183630220287],[13.123535721294425,45.76308152391552],[13.118570003696027,45.766582394213486],[13.114333714864534,45.7683060051796],[13.113640270922534,45.76827701762806],[13.112979837580932,45.76875090079598],[13.11173799831308,45.77009634766889],[13.109300077677167,45.773388666966554],[13.108889267635872,45.77411006118391],[13.107755902711204,45.78139238929489],[13.107635934561534,45.78224281522989],[13.106990658757717,45.79864258940144],[13.107193949049403,45.800607778664414],[13.108122552477386,45.80362258325041],[13.108683798211937,45.80475196909906],[13.111296783123956,45.80710556827225],[13.113185936422893,45.808798997098215],[13.11369882060431,45.80923056623889],[13.11348669128365,45.80965947694805],[13.113297666329334,45.81004164747845],[13.111363528901926,45.81284800448785],[13.110026687787505,45.814449101866686],[13.109660294941051,45.814862401391565],[13.112996329820392,45.81666841817331],[13.11955652794084,45.82789473225883],[13.1237373225169,45.83568723379592],[13.132124762704589,45.84107246935252],[13.132312415809155,45.84106567145055],[13.144689992103956,45.84719648875968],[13.146835754589423,45.84850017952435],[13.147143987002499,45.84871824509208],[13.148245567654872,45.849497566945935],[13.149558803857323,45.85067845775089],[13.150480683323217,45.85200861114623],[13.150795836679315,45.85265078911735],[13.151277063821006,45.85363133815649],[13.151883637691514,45.855828075486166],[13.153012094802476,45.85568346333587],[13.155515651093362,45.85516023355994],[13.161146239004664,45.853864618542836],[13.161440657003974,45.849093015490006],[13.158593611261995,45.846199857399434],[13.15781810449193,45.84005781031541],[13.15746976247243,45.82800885776401],[13.157578117405475,45.82585811704415],[13.157874174999549,45.825968518941174],[13.15944712138567,45.82655507850469]]]},"properties":{"name":"Muzzana del Turgnano","op_id":"3861","minint_elettorale":"1060850640","minint_finloc":"2060850640","prov_name":"Udine","prov_istat_code":"030","prov_istat_code_num":30,"prov_acr":"UD","prov_iso_3166_2":"IT-UD","reg_name":"Friuli-Venezia Giulia","reg_istat_code":"06","reg_istat_code_num":6,"reg_iso_3166_2":"IT-36","opdm_id":"3711","com_catasto_code":"F832","com_istat_code":"030064","com_istat_code_num":30064}},
{"type":"Feature","geometry":{"type":"Polygon","coordinates":[[[13.349795332109789,46.22682910717793],[13.352674098783744,46.224235062709454],[13.353061962124821,46.22340116672507],[13.353249345962867,46.222768450621636],[13.352639704022568,46.21890775048268],[13.35208217714663,46.21844747096237],[13.34962390565556,46.21652947690665],[13.349040698739625,46.21609265520636],[13.347510720094098,46.21523285109092],[13.342335199865344,46.21316617097732],[13.33106800669475,46.20891835282836],[13.317621536370497,46.2073352083624],[13.310536315684129,46.206320434805455],[13.30743961215153,46.205825309152445],[13.303143208103949,46.20476328290838],[13.302091311000058,46.204397897479545],[13.295042737848762,46.20177860383241],[13.292436234490514,46.20015748514943],[13.288211353973788,46.196396408592264],[13.28529686875373,46.1925724608886],[13.284056950321771,46.19119233817155],[13.281295988523574,46.19079190171638],[13.280679140195804,46.19189067359591],[13.279365240580606,46.19284904739192],[13.278599690794028,46.193327809089695],[13.270122258988208,46.19253375634068],[13.268950365842736,46.192307562910564],[13.26760099684948,46.19194399131136],[13.267079733534272,46.19120742605161],[13.261137336024328,46.18651041535548],[13.258274799983887,46.18439405336389],[13.257304243443272,46.184767772536155],[13.255007532389406,46.18570404825956],[13.251128113105462,46.189027153734585],[13.2489193013129,46.19256916118833],[13.24592226198795,46.19431440049697],[13.24339358322977,46.195317535552995],[13.244825740835516,46.1978160585693],[13.24579043694775,46.19969288556831],[13.246063500700226,46.200470318122434],[13.245940488710742,46.201469503321036],[13.245428442656774,46.20248766297432],[13.244452515451664,46.20787954995757],[13.24451241202207,46.208844935349056],[13.245334737797561,46.210731574547424],[13.255499932931562,46.220551041630706],[13.259150516760043,46.222363567180196],[13.260582277011967,46.22213910036519],[13.262156760705311,46.22196778274758],[13.26329996295663,46.221920587299046],[13.26452874274254,46.222005180116895],[13.264748245575142,46.22202398914087],[13.266362565813441,46.2222201676935],[13.267911122866415,46.22247730780081],[13.269199872820733,46.223135674857744],[13.270217702271927,46.22379066406981],[13.271268279664579,46.22460642847649],[13.269349014356308,46.22957479533379],[13.267092128414257,46.23532532310735],[13.265688494841495,46.24075139518444],[13.266389446770045,46.24157128964033],[13.268927379478935,46.242930029269154],[13.270001717745084,46.24345240055973],[13.27479080641434,46.24461425131075],[13.285128925746795,46.248803509269635],[13.287588511818681,46.25059231679609],[13.287987906292749,46.254866280946395],[13.288365986967293,46.25562617270324],[13.288789964143456,46.256163794785714],[13.290766340680435,46.25774116623191],[13.291521690666844,46.25801430719316],[13.292438895120743,46.258200336927445],[13.293263655413512,46.2583448139423],[13.295513030447445,46.25866072340887],[13.299430171768067,46.25572740544876],[13.30099079728923,46.250605524238594],[13.3090358250337,46.24756573203761],[13.318160635727164,46.240614071201826],[13.323565764771063,46.236097919437576],[13.332586229749312,46.23413109062625],[13.338115175880787,46.23274638932702],[13.343728299934124,46.22933298666611],[13.349795332109789,46.22682910717793]]]},"properties":{"name":"Nimis","op_id":"3862","minint_elettorale":"1060850650","minint_finloc":"2060850650","prov_name":"Udine","prov_istat_code":"030","prov_istat_code_num":30,"prov_acr":"UD","prov_iso_3166_2":"IT-UD","reg_name":"Friuli-Venezia Giulia","reg_istat_code":"06","reg_istat_code_num":6,"reg_iso_3166_2":"IT-36","opdm_id":"3712","com_catasto_code":"F898","com_istat_code":"030065","com_istat_code_num":30065}},
{"type":"Feature","geometry":{"type":"Polygon","coordinates":[[[13.091962346769291,46.24501084713437],[13.086791453691033,46.2387955847042],[13.073633052278932,46.222694176122026],[13.07037342066702,46.21810509478617],[13.062113694872751,46.216638831746586],[13.05857234680878,46.21594659343265],[13.037440260873572,46.21117405089985],[13.036920405621393,46.210859399597],[13.033554146003462,46.21182901197741],[13.029610094113384,46.21481265193318],[13.025206740593536,46.21865835909592],[13.025925003123856,46.21889402654412],[13.02765322050122,46.21948561368233],[13.031304946944053,46.2210758641242],[13.032741568160937,46.22186669267571],[13.03430120731163,46.22286467708031],[13.03577502894779,46.224437234202846],[13.035869340793274,46.22578852247742],[13.035354542570074,46.22676981556529],[13.03525571488422,46.22807394472405],[13.03549907473603,46.22925794649377],[13.035935881803,46.23047113826359],[13.036723263090039,46.23164490033065],[13.037793047069576,46.2329436989411],[13.03786440918397,46.233881762767055],[13.03827022246274,46.2366576851399],[13.038582331573108,46.23845580193323],[13.039706413260854,46.24406407756131],[13.040467780862679,46.24560778066496],[13.041991932097377,46.24795254514411],[13.042728446505215,46.248804033085236],[13.043619242520018,46.24963655834626],[13.044830172528156,46.25064226041067],[13.053287978777805,46.25684083942121],[13.059764302815871,46.26124613148749],[13.061742031895275,46.261459300167566],[13.064269322778843,46.2618868824569],[13.066289074381617,46.26238200497579],[13.067739632308715,46.263207891722665],[13.068598713852587,46.26388833677237],[13.071872264561494,46.26674189020149],[13.073606527234316,46.2683271511433],[13.085594823432219,46.27703457276015],[13.095676494189242,46.283486901341846],[13.098733930722586,46.28176145150187],[13.099678880310586,46.280345891367936],[13.100076417538178,46.278607943720075],[13.10041714956118,46.27627349125037],[13.1003629104552,46.26922487465905],[13.099482334126064,46.26137234108905],[13.097087883874522,46.250799057816934],[13.095604133210138,46.24887661944754],[13.091962346769291,46.24501084713437]]]},"properties":{"name":"Osoppo","op_id":"3863","minint_elettorale":"1060850660","minint_finloc":"2060850660","prov_name":"Udine","prov_istat_code":"030","prov_istat_code_num":30,"prov_acr":"UD","prov_iso_3166_2":"IT-UD","reg_name":"Friuli-Venezia Giulia","reg_istat_code":"06","reg_istat_code_num":6,"reg_iso_3166_2":"IT-36","opdm_id":"3713","com_catasto_code":"G163","com_istat_code":"030066","com_istat_code_num":30066}},
{"type":"Feature","geometry":{"type":"Polygon","coordinates":[[[12.77430732486629,46.480324114568404],[12.770725331404154,46.47902035522102],[12.76526300738414,46.49120725050801],[12.767022185780293,46.49310234965373],[12.771132307771847,46.49998712619767],[12.771160474071257,46.500899735704934],[12.77145910745296,46.500930368797285],[12.772149199681166,46.50094358219341],[12.772977573940727,46.5008127148039],[12.77385507788716,46.50066221695902],[12.778601594853548,46.49963674247729],[12.791485400907108,46.49655913864868],[12.797230012455811,46.495086729126015],[12.797598300124966,46.49492945778969],[12.798936663106032,46.494517752661864],[12.799475467962822,46.4943520042319],[12.79996027465356,46.4942028647715],[12.801155901211061,46.49399778346616],[12.801718141189225,46.49390134101684],[12.803637814094373,46.4938059244172],[12.807219994347388,46.49773230936988],[12.809968909264335,46.50225790923766],[12.809902910186421,46.50266511917933],[12.80989822057352,46.504717417954886],[12.810391630643217,46.50507446434797],[12.811179720953305,46.50557920420653],[12.814993112593655,46.50701798646683],[12.819594070114874,46.508322281373424],[12.834737336507816,46.50953546820735],[12.843328223556886,46.512984913962846],[12.845969596528336,46.51509213696687],[12.849484714268879,46.52082855895935],[12.848665246921279,46.522768802481195],[12.850531371500832,46.52370043288808],[12.85446808304165,46.52141652354285],[12.860925287892304,46.51494659050159],[12.864174751672184,46.510269932914284],[12.864532320469205,46.506801626824696],[12.868795638702723,46.501778937092396],[12.87285346875493,46.504311279449716],[12.887951600554807,46.5082433576155],[12.890169127058392,46.50853687167553],[12.892690130949486,46.507388890506185],[12.899036269536337,46.50405821893326],[12.908357248216461,46.50535525660661],[12.909141885357936,46.50598090709955],[12.909727217881093,46.50701843647767],[12.909746714835029,46.50924088506136],[12.912950077926233,46.5076056097741],[12.918929906450803,46.50530344843175],[12.919262732323816,46.50649808651467],[12.919149435853317,46.50810407106311],[12.921162912426352,46.507926959125946],[12.922771126499228,46.50746220171916],[12.923855880174523,46.50668688407557],[12.92452316608521,46.50595291342863],[12.926175090812565,46.50302955400997],[12.928415179639526,46.49956300076902],[12.93623397894778,46.490288685631405],[12.936922506079744,46.487249727368635],[12.936868704641522,46.482325063963096],[12.935708255871516,46.48111786670253],[12.933511987388375,46.47924490005934],[12.92986733067791,46.47741363373774],[12.919558943283366,46.47343772829864],[12.908222214663095,46.47053556915105],[12.902053555622661,46.46797084145446],[12.892362174676752,46.45687530826574],[12.89317697817985,46.453602790488446],[12.894098527586769,46.45102870537595],[12.894269783348731,46.45027170844518],[12.894536491598828,46.44909217007759],[12.892299549387342,46.448673381809684],[12.87931638835465,46.44641048227709],[12.878148610186928,46.44659413919804],[12.876963205319438,46.44731856682398],[12.875392007310888,46.44721892260288],[12.871559189469467,46.44731727362466],[12.86441630472753,46.447536708999074],[12.857268169136946,46.44783238811079],[12.856260242231674,46.4486899705538],[12.841681581468096,46.45082400120973],[12.833656640358921,46.45492336799951],[12.834915315038112,46.456618232205074],[12.835153674520779,46.45694798586311],[12.836064988402587,46.458208727210824],[12.836403682120796,46.45985344051094],[12.836240371806838,46.46233409257614],[12.835913815891407,46.46299173917547],[12.835731241697111,46.46335925587988],[12.828653107425907,46.467732520052664],[12.827606960470531,46.46837062851346],[12.827054776817732,46.468704155523824],[12.824069860658255,46.46966370097856],[12.81671818839138,46.46946859599765],[12.805429000943208,46.46580409008171],[12.803735157461375,46.47000976554795],[12.798854390742846,46.47445196877533],[12.797170006036033,46.4803583373107],[12.799923351470712,46.482836407562864],[12.799463085205515,46.48295074473069],[12.792769307621631,46.48448730717873],[12.791106772058853,46.4843759757145],[12.78904121191314,46.4842195143666],[12.787653784153894,46.484036019288546],[12.78403062483795,46.48246402448534],[12.780696969184712,46.48112983920447],[12.777326330237052,46.48039982825734],[12.77430732486629,46.480324114568404]]]},"properties":{"name":"Ovaro","op_id":"3864","minint_elettorale":"1060850670","minint_finloc":"2060850670","prov_name":"Udine","prov_istat_code":"030","prov_istat_code_num":30,"prov_acr":"UD","prov_iso_3166_2":"IT-UD","reg_name":"Friuli-Venezia Giulia","reg_istat_code":"06","reg_istat_code_num":6,"reg_iso_3166_2":"IT-36","opdm_id":"3714","com_catasto_code":"G198","com_istat_code":"030067","com_istat_code_num":30067}},
{"type":"Feature","geometry":{"type":"Polygon","coordinates":[[[13.15139022269342,46.15065893807348],[13.154287089225136,46.15013862895081],[13.156983325410275,46.14875864613544],[13.157980332103346,46.14759719903069],[13.15847839029842,46.147408029786746],[13.159679351973413,46.14714823254546],[13.163079047102089,46.1472807839895],[13.165741565331661,46.150167441335014],[13.166683000256864,46.15183876998385],[13.166638891744823,46.15554878835421],[13.17071353129304,46.1544953212777],[13.177149076096708,46.15373787210414],[13.185441896832069,46.146890254661805],[13.190723725081941,46.14180886048264],[13.199163111449282,46.132754113409455],[13.201592759751971,46.13068896644312],[13.20260934111936,46.13018344189269],[13.206556199137866,46.12038891298386],[13.206436379682245,46.1184670949627],[13.205178369006084,46.117032508749496],[13.199634392440174,46.11151232372662],[13.193987655488012,46.10377211603331],[13.193616649376649,46.09965427152597],[13.192228233958335,46.091496333801004],[13.191380568607043,46.08893519428908],[13.188524675997469,46.09045772223476],[13.184257718295482,46.09273853255968],[13.179125697402469,46.09775117305927],[13.178597594013846,46.098819142745],[13.177771131291983,46.10008975968862],[13.177697881162835,46.10020223529154],[13.175085349304217,46.103317412992475],[13.170828537578045,46.10688930700804],[13.174476883674018,46.11037427340795],[13.173225582875123,46.11614020091135],[13.169122812515681,46.118486425868085],[13.167311880342819,46.119637199283524],[13.164718024245884,46.12249522283706],[13.16393812397225,46.12337427799081],[13.162712283142058,46.12716791568072],[13.162422517480195,46.12811008812708],[13.163496430795059,46.13200435032448],[13.163936269949746,46.13322144761336],[13.158469509943727,46.14226878521005],[13.155929873611562,46.145403637464995],[13.154676131682308,46.14688495987563],[13.15139022269342,46.15065893807348]]]},"properties":{"name":"Pagnacco","op_id":"3865","minint_elettorale":"1060850680","minint_finloc":"2060850680","prov_name":"Udine","prov_istat_code":"030","prov_istat_code_num":30,"prov_acr":"UD","prov_iso_3166_2":"IT-UD","reg_name":"Friuli-Venezia Giulia","reg_istat_code":"06","reg_istat_code_num":6,"reg_iso_3166_2":"IT-36","opdm_id":"3715","com_catasto_code":"G238","com_istat_code":"030068","com_istat_code_num":30068}},
{"type":"Feature","geometry":{"type":"Polygon","coordinates":[[[13.033693028383459,45.79468398429747],[13.029013509105027,45.802977450135934],[13.021298641269423,45.815450808401096],[13.021617071868992,45.817032796864865],[13.021838290164192,45.81809992815076],[13.02193629183499,45.818569741127476],[13.022176105717278,45.819407386048994],[13.02284919166312,45.82075183392732],[13.023298933418513,45.82113502574602],[13.02333614787296,45.82116672984595],[13.023490648833207,45.821247206648486],[13.032456281984478,45.82642541406079],[13.035235344817488,45.82686249102732],[13.035543550999543,45.82584369244834],[13.03575036499941,45.82551855060257],[13.036143919619299,45.82489982327661],[13.03642736753309,45.82500824167536],[13.037025715479285,45.82523710513233],[13.042754656663545,45.82742814795119],[13.052816505472551,45.83121261345813],[13.060227133475676,45.824436512225816],[13.067263065283282,45.81847929988223],[13.070860611991167,45.81882496000794],[13.07469480573775,45.81908268017969],[13.075144179044601,45.81889219162106],[13.075413578476981,45.81877798126213],[13.076357310243857,45.817929645058854],[13.077070483033355,45.81655847534244],[13.078890059879821,45.812780424969354],[13.083899485244487,45.81386585915497],[13.084823439548394,45.81873751077461],[13.084810474282458,45.82628191715935],[13.085227749406496,45.828044707242675],[13.086861336126695,45.8299439502689],[13.09193983088172,45.82773598925876],[13.102860377311643,45.822506190773204],[13.104738896033158,45.818370054632915],[13.104020393441123,45.81754978689273],[13.103757940436292,45.817196297483164],[13.103206779019796,45.81645390509292],[13.10233651994301,45.81407288850761],[13.10490263207457,45.813161454257305],[13.109660294941051,45.814862401391565],[13.110026687787505,45.814449101866686],[13.111363528901926,45.81284800448785],[13.113297666329334,45.81004164747845],[13.11348669128365,45.80965947694805],[13.11369882060431,45.80923056623889],[13.113185936422893,45.808798997098215],[13.111296783123956,45.80710556827225],[13.108683798211937,45.80475196909906],[13.108122552477386,45.80362258325041],[13.107193949049403,45.800607778664414],[13.106990658757717,45.79864258940144],[13.107635934561534,45.78224281522989],[13.107755902711204,45.78139238929489],[13.108889267635872,45.77411006118391],[13.109300077677167,45.773388666966554],[13.11173799831308,45.77009634766889],[13.112979837580932,45.76875090079598],[13.113640270922534,45.76827701762806],[13.114333714864534,45.7683060051796],[13.118570003696027,45.766582394213486],[13.123535721294425,45.76308152391552],[13.12210639974082,45.761629974808166],[13.118419163286763,45.76151563533724],[13.118021928813313,45.76148046150801],[13.117344534754793,45.76135191156074],[13.113516450902297,45.76009932810384],[13.113176519724119,45.75985954973459],[13.108910078448313,45.75635881896241],[13.108639820237165,45.75599499007723],[13.108623989481895,45.755320469192164],[13.10911881747296,45.75327785595918],[13.109692975350889,45.75109186191496],[13.107731516961378,45.748250612493926],[13.106333094524437,45.74740534245754],[13.103455301302146,45.74682918018025],[13.101519320734177,45.74684044439726],[13.100855007374545,45.74706235130895],[13.099757043210582,45.74760589681371],[13.098472470994343,45.74832266187458],[13.09823483087652,45.748884773917204],[13.097998569020243,45.7494108485638],[13.09752627987492,45.749315290487836],[13.096042981354179,45.74865667406321],[13.093278155439814,45.746434398589436],[13.0928493778999,45.745824201362225],[13.092527181050306,45.74508864231763],[13.0925083268229,45.74495383066784],[13.092488299039076,45.74481053685323],[13.092371958607325,45.74397807265699],[13.092341549950651,45.74147680011208],[13.097563132209798,45.739511587811904],[13.10350494708149,45.737967177805835],[13.10374458295911,45.73807416940408],[13.103977249923721,45.73808215339319],[13.104256839231981,45.738091742959256],[13.104854840267839,45.737796032912435],[13.10502810780669,45.737708442839434],[13.106434449801487,45.736816201774765],[13.106179347758612,45.73636180747658],[13.105073124610081,45.736001085084474],[13.097093723730826,45.73442021341553],[13.095578963425666,45.73433811864294],[13.095195860377883,45.73431735418302],[13.09235065998899,45.73418994827608],[13.092025593590371,45.73416108690815],[13.088484723999319,45.73396852683457],[13.086918708010542,45.73389864954742],[13.08575964135285,45.733967160812796],[13.085344547860117,45.73445459985911],[13.081789006572073,45.74069826165859],[13.07706954664768,45.74906271550695],[13.078078670781078,45.75702426632548],[13.070103805552916,45.758582798292196],[13.068651446415004,45.758207059393115],[13.068264371465553,45.75819055823103],[13.067291533761084,45.75815406038433],[13.0662328815765,45.758248288146056],[13.062702583525425,45.7592157160527],[13.061649203746724,45.759518759886724],[13.061054899507907,45.760354521702126],[13.060978655469166,45.76106383954631],[13.061195221874529,45.762186289285516],[13.061502740200204,45.762678900507034],[13.063822435956423,45.76550818699655],[13.067406695610787,45.76669011558771],[13.070644104702376,45.767555762018986],[13.071717863245572,45.76777397504774],[13.072642414223687,45.768150527799705],[13.074992121536011,45.76938528253421],[13.07573844407203,45.77012822982868],[13.078070066109317,45.77263275237837],[13.078537095012855,45.7732596389129],[13.078854653267715,45.77674975766638],[13.079183251296504,45.78178771342616],[13.080029591582786,45.78752722535513],[13.082524485098098,45.792042096497994],[13.08442106431344,45.7937384373076],[13.085993192921915,45.79525286820916],[13.082206019864184,45.79756224255136],[13.077069455412206,45.80017629195183],[13.066827577127127,45.80118885561583],[13.038615987108221,45.79555391834315],[13.033693028383459,45.79468398429747]]]},"properties":{"name":"Palazzolo dello Stella","op_id":"3866","minint_elettorale":"1060850690","minint_finloc":"2060850690","prov_name":"Udine","prov_istat_code":"030","prov_istat_code_num":30,"prov_acr":"UD","prov_iso_3166_2":"IT-UD","reg_name":"Friuli-Venezia Giulia","reg_istat_code":"06","reg_istat_code_num":6,"reg_iso_3166_2":"IT-36","opdm_id":"3716","com_catasto_code":"G268","com_istat_code":"030069","com_istat_code_num":30069}},
{"type":"Feature","geometry":{"type":"Polygon","coordinates":[[[13.325127196870042,45.89538206717052],[13.324193306262249,45.894808961915324],[13.32394609021371,45.894657255875906],[13.321301081695093,45.89369071795992],[13.31327867186184,45.89122235046119],[13.298341236909168,45.89102094614019],[13.297492782488787,45.891791015004344],[13.297229871259185,45.892215151487356],[13.296801501167355,45.892906207230084],[13.296744226165229,45.8930268219679],[13.296318532316135,45.893923535685985],[13.29592500069358,45.89504550901206],[13.293824794921473,45.897928468356355],[13.28908384366714,45.904101676962085],[13.288961231791948,45.90457200517962],[13.28873314266057,45.905447036592285],[13.288466872048215,45.907855873006824],[13.288788833874014,45.90910394747819],[13.288856106515901,45.90962936133376],[13.288955004668644,45.91040166135047],[13.291421589040809,45.91246905947212],[13.291760362411853,45.912696161317264],[13.302985143371583,45.91670636409236],[13.310581700315614,45.91859085573604],[13.317378577781401,45.91963691127253],[13.322395455754021,45.91914986976319],[13.332163329362016,45.91728057238609],[13.347019032803685,45.91855611071135],[13.352003969468539,45.92056702916325],[13.35987837448175,45.9237090355454],[13.361960975766412,45.924381025831124],[13.362474756184287,45.92448739400239],[13.363373051395925,45.92418298403596],[13.363906887976587,45.92400053671567],[13.364329427144689,45.92367382415887],[13.363820184764467,45.92212709989477],[13.363085918103423,45.918617713236515],[13.363506926222735,45.91571669667423],[13.362445066563492,45.91144122353829],[13.360291971663502,45.904399061222755],[13.353464479873876,45.90253108765985],[13.33909679442526,45.89880299892697],[13.33578062707228,45.8990262386573],[13.331666183969922,45.89967536215776],[13.326160068800739,45.89608549394326],[13.325127196870042,45.89538206717052]]]},"properties":{"name":"Palmanova","op_id":"3867","minint_elettorale":"1060850700","minint_finloc":"2060850700","prov_name":"Udine","prov_istat_code":"030","prov_istat_code_num":30,"prov_acr":"UD","prov_iso_3166_2":"IT-UD","reg_name":"Friuli-Venezia Giulia","reg_istat_code":"06","reg_istat_code_num":6,"reg_iso_3166_2":"IT-36","opdm_id":"3717","com_catasto_code":"G284","com_istat_code":"030070","com_istat_code_num":30070}},
{"type":"Feature","geometry":{"type":"Polygon","coordinates":[[[13.039143715079163,46.50671698949038],[13.0369747111892,46.50767030338402],[13.034787641460284,46.50817438541372],[13.032892774094753,46.50838465599418],[13.02944587750217,46.50853120216542],[13.027957395781257,46.50822369480428],[13.027298478663063,46.50792522218844],[13.026842128195563,46.507718493698256],[13.025454931211808,46.50678632442848],[13.009070307991712,46.50394699008283],[13.004647871516841,46.5012174377375],[13.002263342941525,46.50082852381017],[13.001856609587175,46.50082480350618],[13.001311739796618,46.50499890512682],[12.998787626346216,46.51173133865544],[12.997913577122796,46.51665538753616],[12.998426087527612,46.51991303525468],[12.9992656347019,46.52074322078324],[13.005128886645702,46.522638208983594],[13.008320932458227,46.52406168370093],[13.012057471221363,46.52924625054187],[13.01205010471859,46.52987753798481],[13.011666837516959,46.533685174564205],[13.011491501807905,46.534247908306334],[13.010391144833118,46.53722528919426],[13.005028380143164,46.53899770084226],[13.000869177091493,46.54152049521451],[12.991915610909928,46.54893443896241],[12.991669378334231,46.550666642879776],[12.99124693113106,46.55186498326931],[12.98770334215685,46.553856399109755],[12.987433470277491,46.55399963408939],[12.985933437315845,46.55479573621642],[12.968765037681354,46.56254092636479],[12.960359079835335,46.563250393458034],[12.95932525761771,46.563322238663325],[12.956586660993002,46.56398416165812],[12.955278457743383,46.564466011140766],[12.952344998324252,46.56647568007846],[12.951438785331673,46.56693455519631],[12.950868801399244,46.56697967268189],[12.949201323522948,46.567111631284504],[12.947296220505994,46.56716057294608],[12.9471725733046,46.567163164767265],[12.93694539477249,46.565801454681406],[12.931858678286392,46.56507213163476],[12.925646008130535,46.57229275586208],[12.922676106357516,46.57435568555652],[12.9176701813979,46.57439820003576],[12.910613596662706,46.571966850561125],[12.906256847219558,46.56795703944512],[12.89154116230001,46.57172693491552],[12.890488644437307,46.57903106696996],[12.8898118442223,46.57935103635045],[12.888821423799303,46.58028480716158],[12.888942323877055,46.58158577270435],[12.889938626074068,46.58212337485537],[12.890078932762629,46.582138028860804],[12.892148187126526,46.582354117317855],[12.893480322260084,46.5827047518767],[12.896175832249943,46.583499369772255],[12.89739050166822,46.58395666184984],[12.898494398891636,46.58500886087471],[12.897755982365593,46.59021384837731],[12.897286676193014,46.592610482447846],[12.893139598291638,46.59623339495453],[12.889462946168745,46.602417667896596],[12.888309916938832,46.60690835617022],[12.894696625671793,46.60855319162121],[12.901054228349157,46.608948281261135],[12.922204092365945,46.60909257263682],[12.934639979327326,46.60827336638672],[12.949572587268273,46.602886155150614],[12.952043444192709,46.604063340005254],[12.953695409236783,46.604802723733066],[12.957577768720004,46.60604085688809],[12.963938449424168,46.60486278095411],[12.973712125659397,46.60232150344016],[12.98642333779494,46.599651700945756],[12.987686738958592,46.59942683357565],[12.9917796088986,46.599968755438006],[13.00187411740088,46.602071819795604],[13.01687358573109,46.601819803180845],[13.023326641199217,46.60136600543012],[13.027282118312172,46.59848856758549],[13.027582994084417,46.59797392282094],[13.036493303429761,46.596533320762994],[13.044537065148946,46.595762726778844],[13.050156912461565,46.59631512467357],[13.05656530796147,46.59746927791615],[13.05629943412683,46.59538608681508],[13.055835766520131,46.59304727521974],[13.054442916049757,46.58965112878376],[13.053231931320392,46.58739896163831],[13.053372777067256,46.58729327274387],[13.054465840902152,46.586473091395554],[13.056630829867713,46.585014630829015],[13.058075542403797,46.58414875615957],[13.059356108179966,46.58363071356963],[13.060016698968909,46.583463230741025],[13.060777208229307,46.58337768880344],[13.062951963027077,46.58344885133933],[13.062012454374461,46.5823526897468],[13.06105525134464,46.58140115670925],[13.05457592884998,46.57501141808465],[13.053051416623711,46.57383246564631],[13.048940332273984,46.567641860089616],[13.048753049168296,46.559754952955124],[13.04850731423549,46.558985123697944],[13.047586953227757,46.55699711181319],[13.0469067682027,46.555594608773646],[13.046354696331031,46.554619604224165],[13.045662717710044,46.55463511871714],[13.044860690399695,46.55519907680359],[13.043524119701843,46.55788357834931],[13.04316165090414,46.56032458174057],[13.042660305204853,46.56050620915174],[13.041211289196566,46.560379908647704],[13.04100917206971,46.56036226354765],[13.039392611723995,46.55996490840734],[13.037391415535899,46.55935162941711],[13.037128936287552,46.55919568285932],[13.035053750329801,46.55796265404609],[13.031509131186063,46.553889057735645],[13.030273359337988,46.55234405560733],[13.02934028795578,46.55075688544146],[13.029117689772953,46.54392713256056],[13.02768079922022,46.53655794407517],[13.02929744530186,46.53200556013346],[13.03332484783782,46.52348384528089],[13.041585089928194,46.51356391333572],[13.042010624421865,46.51313058014118],[13.04179707756371,46.51210143662911],[13.041502304365048,46.51108435709881],[13.041083013599426,46.50969509336417],[13.040540691274126,46.50845870204249],[13.039555645210894,46.50722896027035],[13.039143715079163,46.50671698949038]]]},"properties":{"name":"Paluzza","op_id":"3868","minint_elettorale":"1060850710","minint_finloc":"2060850710","prov_name":"Udine","prov_istat_code":"030","prov_istat_code_num":30,"prov_acr":"UD","prov_iso_3166_2":"IT-UD","reg_name":"Friuli-Venezia Giulia","reg_istat_code":"06","reg_istat_code_num":6,"reg_iso_3166_2":"IT-36","opdm_id":"3718","com_catasto_code":"G300","com_istat_code":"030071","com_istat_code_num":30071}},
{"type":"Feature","geometry":{"type":"Polygon","coordinates":[[[13.133560972272658,46.04131824463432],[13.13267664704267,46.04493277658158],[13.126898002270337,46.0499394052464],[13.120009320074619,46.050296388021174],[13.116786573735443,46.054967237529205],[13.116326627177852,46.05784164690082],[13.119875371466605,46.05803310587994],[13.12665602318114,46.05748204376409],[13.131549133092463,46.05766950548249],[13.13596796990501,46.058116979672974],[13.137048344692923,46.058289338378174],[13.137998433441801,46.05850242541059],[13.141779348269187,46.05947236499018],[13.161741902772091,46.06373703751859],[13.161893261957838,46.06375854151885],[13.162977032546477,46.063912506611665],[13.164278939564243,46.06404052851654],[13.169220051311026,46.06437313771885],[13.17188529474682,46.06430721978273],[13.17355886742223,46.06260330874393],[13.174018255016524,46.061623392165465],[13.175760703320194,46.062063697417955],[13.178700687936809,46.06309018420365],[13.180054939689942,46.06358963728031],[13.184212520587236,46.07047157026383],[13.185103727262222,46.07206813262437],[13.185186759418437,46.07312265604085],[13.185229309983729,46.07399419521999],[13.184654523634805,46.075914514472004],[13.183717075752279,46.079643816225996],[13.18350025278951,46.08392277828097],[13.183571495437667,46.08412718275148],[13.18360583245824,46.084224943204134],[13.18362926036796,46.08429162134805],[13.18474782809669,46.08571773839191],[13.184790475160895,46.08575100855356],[13.185414631660644,46.08623784787349],[13.185896787126378,46.08634943429174],[13.186505804122062,46.086490334160146],[13.188718368239225,46.08691319197436],[13.189709230593351,46.087025357213335],[13.189327681488045,46.08621578297797],[13.185968309313935,46.08435881507771],[13.185665667659803,46.082278139299646],[13.187079701703626,46.07924594156025],[13.190134386234172,46.077593403797025],[13.193091683978466,46.07480365863206],[13.195704190746458,46.06833852653737],[13.195286382657306,46.065955937965015],[13.194958169362408,46.06528392519175],[13.194523973416151,46.0651222206079],[13.194078259188426,46.064956228385725],[13.193040722591928,46.06467034028556],[13.19368015067201,46.06087987308092],[13.19716584681385,46.056678709532264],[13.198748323320762,46.055724878980584],[13.202668489892245,46.05263608183499],[13.202067407987858,46.04839281970183],[13.201924288148176,46.047880524717094],[13.201497115247099,46.047117666015026],[13.197363920000218,46.04483950675673],[13.195529435987842,46.04264772462523],[13.196282558764356,46.04131935622797],[13.191397197930621,46.03807267464416],[13.18117074530613,46.03309487013011],[13.169406305425012,46.03369970369126],[13.16924528673701,46.03380859249151],[13.169133029317852,46.03388464079376],[13.169039144892706,46.03394922524473],[13.1687456515504,46.034151376758146],[13.168151061452248,46.03483884774905],[13.165811316466364,46.037683462608264],[13.165080054077423,46.038700285899786],[13.164747587153185,46.03975653667339],[13.164393608685977,46.041074613541795],[13.164369139258925,46.04112834335035],[13.164166845936963,46.04157248901391],[13.163780764013133,46.04242012982071],[13.162862255694908,46.04363049999504],[13.162698879702887,46.04384577775074],[13.160178359141813,46.04424375326835],[13.155459003534517,46.04416950877809],[13.137982446175624,46.04179605425577],[13.133560972272658,46.04131824463432]]]},"properties":{"name":"Pasian di Prato","op_id":"3869","minint_elettorale":"1060850720","minint_finloc":"2060850720","prov_name":"Udine","prov_istat_code":"030","prov_istat_code_num":30,"prov_acr":"UD","prov_iso_3166_2":"IT-UD","reg_name":"Friuli-Venezia Giulia","reg_istat_code":"06","reg_istat_code_num":6,"reg_iso_3166_2":"IT-36","opdm_id":"3719","com_catasto_code":"G352","com_istat_code":"030072","com_istat_code_num":30072}},
{"type":"Feature","geometry":{"type":"Polygon","coordinates":[[[13.138247053844717,46.475315681171246],[13.137202249861067,46.47690166297291],[13.134228714155705,46.48120822920854],[13.132964337263667,46.48285698935541],[13.130258083007138,46.484916204239184],[13.115886949995806,46.48514084312586],[13.105134938310927,46.48538567777636],[13.10191625096858,46.48576237290817],[13.100528152931371,46.48597426191131],[13.096820041525833,46.48657988752848],[13.094670075948363,46.48739546416904],[13.083898680419175,46.49201565660066],[13.082211668793661,46.49368710538506],[13.07979478085459,46.496446696537674],[13.07942709812708,46.49724738000068],[13.079786874570736,46.49815709371996],[13.08035271490042,46.49873993917169],[13.08138086238539,46.50506666230625],[13.08140491270009,46.506973941569804],[13.080653225747932,46.510173538859355],[13.079548688451728,46.51046052456637],[13.07796836318708,46.51092201347533],[13.077050546165307,46.51131930713156],[13.076721869455966,46.5115110562066],[13.07647571684828,46.51187987302477],[13.07638528902118,46.512184634644335],[13.074732391284302,46.518382060969635],[13.074671287104637,46.518991790312185],[13.074847209896717,46.51958857051613],[13.08239659749835,46.528418594032416],[13.089673934424312,46.534724177182724],[13.09040760545329,46.54391457380584],[13.089865952739132,46.54930736363334],[13.095049392086437,46.55439597281242],[13.10118446198181,46.55918918273704],[13.106500701306537,46.561626322490575],[13.108338363227542,46.56291410607134],[13.110913598428532,46.57281287900067],[13.110962060801969,46.573436690786046],[13.111011492054637,46.57407393630027],[13.111073073514284,46.57537231237965],[13.110724779611894,46.57637492708444],[13.109979102960446,46.577843452533784],[13.109404491525655,46.57867709153459],[13.10793006392954,46.5793961879307],[13.102562348624787,46.580988745558535],[13.098326817917592,46.58195537163309],[13.089694671795446,46.58388942619601],[13.087981371747466,46.584247787983664],[13.086042308463496,46.58450169277237],[13.073895831326102,46.58481411139249],[13.072459975770268,46.5848158252736],[13.070023367719534,46.58471366930228],[13.06830282358444,46.58463996033303],[13.063612274348067,46.584019397919846],[13.063205165802986,46.583714358485516],[13.062951963027077,46.58344885133933],[13.060777208229307,46.58337768880344],[13.060016698968909,46.583463230741025],[13.059356108179966,46.58363071356963],[13.058075542403797,46.58414875615957],[13.056630829867713,46.585014630829015],[13.054465840902152,46.586473091395554],[13.053372777067256,46.58729327274387],[13.053231931320392,46.58739896163831],[13.054442916049757,46.58965112878376],[13.055835766520131,46.59304727521974],[13.05629943412683,46.59538608681508],[13.05656530796147,46.59746927791615],[13.061826112984537,46.597876350082544],[13.07338374688259,46.59924684675186],[13.082018747783538,46.60044615534528],[13.094099451644347,46.59890214909139],[13.108147910928434,46.59514846698386],[13.13139888135717,46.59139600407352],[13.142694412383669,46.58900419295312],[13.154132405977899,46.5888173361758],[13.163668655095915,46.5886046867511],[13.169178795940017,46.585992731939434],[13.173179952027041,46.583146367797674],[13.17708269591056,46.580447490305126],[13.182423071897972,46.57723679508698],[13.193382406734674,46.57264055942364],[13.193680550047786,46.57254696585094],[13.195191463703125,46.572099805540866],[13.196877605016292,46.57162583899008],[13.197772290651697,46.57166031111125],[13.19889516807404,46.571713419655175],[13.201836784220292,46.571884251657785],[13.201458694606153,46.571088103217],[13.20043257134584,46.569010690206696],[13.1999052532427,46.56802062265352],[13.199387970854342,46.56704936422898],[13.199362934804407,46.56700236483013],[13.197964035604775,46.56552367838688],[13.195977720174273,46.5636300236308],[13.19562644268364,46.563307328091014],[13.194484501529953,46.56225827825402],[13.192704348609729,46.5608362757457],[13.192653188322781,46.560795409502084],[13.190250337957826,46.56164867169674],[13.190150760444052,46.56168521440514],[13.188674264641381,46.562227053328165],[13.179153795453889,46.561096741785875],[13.17385370928262,46.55608818462839],[13.172848673270197,46.55458579440527],[13.173284952267133,46.54975448860605],[13.174167949767345,46.540505492147446],[13.17748242298347,46.53769924507851],[13.17973845591212,46.53693096351632],[13.180691795498007,46.533516100021934],[13.18091400008853,46.519318523125094],[13.173378884455088,46.506871640153115],[13.171606171616867,46.50297159605924],[13.170977478839953,46.50190097576415],[13.169476844746475,46.50003863153518],[13.16572765395744,46.49686990200318],[13.163264932251165,46.49485587024453],[13.16043214277159,46.49345150491237],[13.159630509497841,46.49299725895828],[13.158783016363282,46.492517008403915],[13.157130897337591,46.49125407250499],[13.156486490449993,46.49046122785883],[13.155567742043905,46.48933079427211],[13.155159208997249,46.48862126891181],[13.154639542911816,46.487718668449176],[13.154387608995078,46.48728106265879],[13.153855345198595,46.4862205839217],[13.15363805098541,46.48578762978603],[13.153506972248536,46.485526451521324],[13.151227672402559,46.48069256636206],[13.150323271561767,46.47789771655398],[13.149406900681024,46.4754281962923],[13.148207554035713,46.475075750053314],[13.139895100255282,46.47511193407349],[13.138247053844717,46.475315681171246]]]},"properties":{"name":"Paularo","op_id":"3870","minint_elettorale":"1060850730","minint_finloc":"2060850730","prov_name":"Udine","prov_istat_code":"030","prov_istat_code_num":30,"prov_acr":"UD","prov_iso_3166_2":"IT-UD","reg_name":"Friuli-Venezia Giulia","reg_istat_code":"06","reg_istat_code_num":6,"reg_iso_3166_2":"IT-36","opdm_id":"3720","com_catasto_code":"G381","com_istat_code":"030073","com_istat_code_num":30073}},
{"type":"Feature","geometry":{"type":"Polygon","coordinates":[[[13.256576744345626,45.95242267381499],[13.253836251897866,45.949761530234795],[13.251728726031363,45.949043492672615],[13.249204779732494,45.94889000444801],[13.248815523802014,45.949377054454935],[13.25048753005502,45.94998088034362],[13.249895254928626,45.953220891094155],[13.249399331728727,45.95501256505377],[13.247708410980582,45.956641748298395],[13.241169822227823,45.96138562482985],[13.2418953497147,45.9685918269498],[13.236758427643714,45.97190988697917],[13.23918929472509,45.97380882183269],[13.240266417406485,45.975453142881335],[13.23917558025556,45.979434885305906],[13.24428091873388,45.983052693414315],[13.252258716471651,45.98840385056291],[13.251301057426904,45.99258735627407],[13.249160708317898,45.991660674503436],[13.248847192537005,45.99155082653071],[13.247486956551636,45.99108392899172],[13.24674361964224,45.990873071303916],[13.246232249507537,45.990730075978746],[13.245099370637863,45.99064530349428],[13.235652747701593,45.99156363628563],[13.232204127644385,45.99389204132049],[13.232587741002433,45.99507613014482],[13.23352248916741,45.99614409251549],[13.240074956453265,46.00017177545533],[13.243968343942191,46.00166969347766],[13.253016229558066,46.00453264649182],[13.261336266943626,46.00569834992123],[13.26495836346513,46.00635507945051],[13.271953502152247,46.009009707486356],[13.273426893304373,46.009085292566766],[13.281345509938845,46.00936421556284],[13.287179943437387,46.00865002253289],[13.295820727860491,46.00823943016607],[13.307167043449171,46.01102950757632],[13.310852948536148,46.01221230192472],[13.31256773995208,46.0080126435238],[13.31433723831846,46.0007881632129],[13.318746807023864,45.990278875449285],[13.321867640211204,45.98667442963492],[13.327070688395843,45.9823546240148],[13.3394681350114,45.97064114493909],[13.346316190990315,45.962558365182495],[13.348046564735395,45.96080917935679],[13.339325015570068,45.958341929226606],[13.33603375317711,45.957424716746864],[13.333453842850865,45.95719030732792],[13.333071194453353,45.95797210320744],[13.332460712224565,45.95894490834906],[13.331125151580421,45.96005326833974],[13.329466762444452,45.96067431391811],[13.32712136559432,45.961433905965386],[13.322960937487213,45.960299994033164],[13.320824584480308,45.959674331115345],[13.315620003003037,45.95653619626739],[13.310797311790896,45.956259736334694],[13.306315585010534,45.95757809499574],[13.300438824333591,45.95614216094913],[13.297306215074387,45.95520709081389],[13.294997141471866,45.956459720325974],[13.286761904593359,45.961758122853766],[13.278007981731651,45.96911921181189],[13.277645433382334,45.969627884932365],[13.277341702276813,45.970079623884075],[13.276968715174334,45.970634376476866],[13.276831220242036,45.97172867222053],[13.276984918341645,45.974234245332156],[13.27716794823309,45.97668529566919],[13.277634460084256,45.978726663730434],[13.27795600339767,45.97874791925947],[13.27874028966264,45.978831001728906],[13.278681270786286,45.98034543135173],[13.27834779017624,45.981420889935826],[13.278155275185089,45.98147678424038],[13.2765897352427,45.98131269727996],[13.276531750113882,45.98130248542138],[13.276448708438418,45.98125500264945],[13.274311681357325,45.97984315179973],[13.272950108542592,45.9786565014257],[13.27095752441866,45.975886751204406],[13.271014733033248,45.97322476322805],[13.265154742346107,45.966144070679306],[13.256712503803701,45.95633761206558],[13.25471389098671,45.954728664163135],[13.256576744345626,45.95242267381499]]]},"properties":{"name":"Pavia di Udine","op_id":"3871","minint_elettorale":"1060850740","minint_finloc":"2060850740","prov_name":"Udine","prov_istat_code":"030","prov_istat_code_num":30,"prov_acr":"UD","prov_iso_3166_2":"IT-UD","reg_name":"Friuli-Venezia Giulia","reg_istat_code":"06","reg_istat_code_num":6,"reg_iso_3166_2":"IT-36","opdm_id":"3721","com_catasto_code":"G389","com_istat_code":"030074","com_istat_code_num":30074}},
{"type":"Feature","geometry":{"type":"Polygon","coordinates":[[[13.160751195884645,45.878043969619505],[13.16149380070683,45.873351526566516],[13.153355755948716,45.858920392085686],[13.151883637691514,45.855828075486166],[13.151277063821006,45.85363133815649],[13.150795836679315,45.85265078911735],[13.150480683323217,45.85200861114623],[13.149558803857323,45.85067845775089],[13.148245567654872,45.849497566945935],[13.147143987002499,45.84871824509208],[13.146835754589423,45.84850017952435],[13.144689992103956,45.84719648875968],[13.132312415809155,45.84106567145055],[13.132124762704589,45.84107246935252],[13.1237373225169,45.83568723379592],[13.11955652794084,45.82789473225883],[13.112996329820392,45.81666841817331],[13.109660294941051,45.814862401391565],[13.10490263207457,45.813161454257305],[13.10233651994301,45.81407288850761],[13.103206779019796,45.81645390509292],[13.103757940436292,45.817196297483164],[13.104020393441123,45.81754978689273],[13.104738896033158,45.818370054632915],[13.102860377311643,45.822506190773204],[13.09193983088172,45.82773598925876],[13.086861336126695,45.8299439502689],[13.085280274027674,45.8343616809955],[13.083834192229533,45.83787892059157],[13.082833900885184,45.84679715725085],[13.083045919807054,45.851066878308885],[13.086927607156499,45.85955551096939],[13.08742293100025,45.860149839884265],[13.088158598761531,45.86049703851983],[13.089723797645204,45.861043992398976],[13.08990572029034,45.86105782191942],[13.090649320545017,45.86111433892787],[13.090990426451945,45.86112286434432],[13.091536662601055,45.86113650630623],[13.094204625450862,45.861108292025456],[13.104410229055603,45.860184621582846],[13.103854093735864,45.863358407763755],[13.104224024041436,45.8661264488323],[13.104766950171785,45.86797467275523],[13.105387911497248,45.869406010192044],[13.108465353592916,45.871374485410946],[13.112422676180024,45.873977253009436],[13.11238665335012,45.876192839751404],[13.111654655598693,45.88446880838465],[13.111158035034864,45.886196977926055],[13.111396751294134,45.88677791054801],[13.111467604372972,45.886886405160595],[13.112180699609233,45.8879783042755],[13.113960780143076,45.88982686692405],[13.115005239194746,45.88970903958108],[13.115556317078712,45.88964686453744],[13.115719707062265,45.889628429237135],[13.118460164386644,45.88781257878245],[13.120256057077553,45.88634183242541],[13.122087107775045,45.883998059026545],[13.125063187475842,45.87942982315025],[13.127954265301089,45.87269166252842],[13.128585334553426,45.872297171540744],[13.12946743300172,45.87174578936421],[13.131091671509415,45.87096237872777],[13.134048761314398,45.86962656964445],[13.135145002969274,45.86952846073703],[13.135390132578413,45.86969716201037],[13.137276785390524,45.87100850795696],[13.141430685102158,45.873895418836796],[13.142468106186284,45.8746907891717],[13.142553193099205,45.87475602776884],[13.145589597466934,45.8770837901048],[13.153814732313174,45.87774318602584],[13.160751195884645,45.878043969619505]]]},"properties":{"name":"Pocenia","op_id":"3872","minint_elettorale":"1060850750","minint_finloc":"2060850750","prov_name":"Udine","prov_istat_code":"030","prov_istat_code_num":30,"prov_acr":"UD","prov_iso_3166_2":"IT-UD","reg_name":"Friuli-Venezia Giulia","reg_istat_code":"06","reg_istat_code_num":6,"reg_iso_3166_2":"IT-36","opdm_id":"3722","com_catasto_code":"G743","com_istat_code":"030075","com_istat_code_num":30075}},
{"type":"Feature","geometry":{"type":"Polygon","coordinates":[[[13.389431130567445,46.47785147211289],[13.388730281672514,46.47732935192332],[13.388295887624203,46.477062827792174],[13.38777084614621,46.47674068605634],[13.382443492032504,46.474065045359275],[13.380994784953929,46.47372912080555],[13.379232146714314,46.47342771486048],[13.374462616962813,46.474123675920985],[13.369172591253832,46.47527133224249],[13.355439934501991,46.47635403734478],[13.347109825167205,46.48028103010636],[13.348055266982506,46.48177067158588],[13.348079367784798,46.48313337529635],[13.34793546758666,46.483216876043244],[13.346792743193951,46.48387994413261],[13.344982505814821,46.4847499299851],[13.343812487080053,46.485059982552876],[13.342391168437645,46.48465950885287],[13.330247893404835,46.4791937173415],[13.320650932590963,46.4764610528743],[13.300540571428462,46.470096237854136],[13.299718035107759,46.469722197983785],[13.295693717510154,46.46946282407006],[13.285365685839341,46.47174249072026],[13.280093376694586,46.47333541385602],[13.27904401088157,46.47395979906731],[13.272003831356841,46.477841783935695],[13.266531056611704,46.48075569358994],[13.265332310645562,46.480755472273934],[13.260431994603211,46.47673058339278],[13.258372826481889,46.47390913679926],[13.248528056563336,46.467718840342826],[13.24627727712445,46.470889866386756],[13.245530022847705,46.47182222604297],[13.243107645983134,46.47302388785211],[13.242627066994437,46.47325753454271],[13.241453825185575,46.473827903221874],[13.240063308175495,46.47432500645963],[13.239346541849146,46.474581235961345],[13.239059858139195,46.474780043836155],[13.238359186095854,46.47526594745131],[13.237028336494312,46.47692649917227],[13.236271042909395,46.47821470302964],[13.23587241193151,46.479665120846505],[13.235713794141827,46.480526086765124],[13.242780253506025,46.493023192891144],[13.244084814209906,46.49812227279165],[13.246017428532731,46.50489550448737],[13.243993829189604,46.50945313277495],[13.236167346715925,46.50883921451598],[13.235351704387167,46.50885518927966],[13.23436782305834,46.508874463399906],[13.232344438865312,46.51173072338337],[13.230888413586278,46.514435411755144],[13.230108580811676,46.51641231837715],[13.230112303212975,46.51646464626926],[13.230190199014082,46.51747653115125],[13.230673409253455,46.52025335600791],[13.231042439333022,46.52176082048893],[13.231775453316503,46.522691360809524],[13.232622889701833,46.52365990472305],[13.232832623202835,46.52390624989731],[13.23331823013821,46.5244766212154],[13.233357683724396,46.5245229617864],[13.233414044152907,46.52458916136084],[13.233735376726244,46.52512628795976],[13.23148320955686,46.525249774509916],[13.231201734510732,46.52526520099234],[13.22876068880395,46.52533764050852],[13.224496546877704,46.52536948386769],[13.219075787244908,46.52527471380939],[13.217352414546582,46.52493152586777],[13.215653416036696,46.52506176359731],[13.211796233410553,46.5261807038973],[13.208354727213514,46.52971436454185],[13.205653459308971,46.53493081641081],[13.20577473166221,46.53599292578314],[13.208588763812788,46.537312510695166],[13.221586020725672,46.54436088252375],[13.225500890082376,46.54849365312695],[13.226954767386143,46.55000353315357],[13.228373851372345,46.55126510004714],[13.230114371710933,46.55233923546056],[13.231831452936252,46.553247680335694],[13.232525210569067,46.5535910088286],[13.237377309080111,46.55318603376877],[13.248029757898953,46.55846548665603],[13.25657279003342,46.55953765504939],[13.266561500674204,46.56007842526606],[13.278457091112292,46.559624318303314],[13.300737725295557,46.55858537243001],[13.300896590720562,46.558457805157616],[13.301114909881115,46.55828251684993],[13.302259667995687,46.557600338131834],[13.304435584048736,46.55639772508195],[13.30661210161434,46.55520405708646],[13.307752088355864,46.55464800523496],[13.309495095181752,46.553943171589665],[13.314923113503726,46.5526850798275],[13.320536575937703,46.55209025667313],[13.332625015078996,46.56034045198837],[13.33912045514152,46.56513423587153],[13.346250800652049,46.56876488570636],[13.357518893256646,46.568951945152115],[13.363879607160944,46.57005912749042],[13.363578838496469,46.56962508831098],[13.360311761356783,46.56657541965645],[13.358179357110913,46.56482237551753],[13.353937207459806,46.56229747944812],[13.353361998720356,46.562350483679296],[13.353020758325634,46.56238191888753],[13.351846847398306,46.56194063058737],[13.350738752180519,46.56146531927843],[13.349786850254493,46.560587999554784],[13.34823393439881,46.555858732178535],[13.348054775851795,46.55450642327385],[13.352604683896686,46.550156671956664],[13.3557727518134,46.54901877107185],[13.366044724812701,46.54147527095473],[13.372782994878904,46.53634791185278],[13.373770126926974,46.529496477411925],[13.376941026498809,46.52065762567767],[13.378716381927958,46.51931591698943],[13.379591235503373,46.51791424643415],[13.37977481743812,46.51648956788851],[13.379778316177184,46.5164624129019],[13.379171539936875,46.51538309509132],[13.373741794271007,46.50879411083309],[13.367655923163834,46.500288780907425],[13.367255331127108,46.49101969695972],[13.366647973107458,46.4895803065102],[13.367208150244632,46.489131324822075],[13.369889189210019,46.487494078451526],[13.374724932382172,46.48481112467258],[13.377041844067934,46.483583711413885],[13.379208991731115,46.48255098851744],[13.38227965378512,46.481362056990946],[13.388152304725175,46.47882773607892],[13.388918775676357,46.47842934344069],[13.38894154004444,46.478403819105324],[13.389268006952022,46.47803551319478],[13.389431130567445,46.47785147211289]]]},"properties":{"name":"Pontebba","op_id":"3873","minint_elettorale":"1060850760","minint_finloc":"2060850760","prov_name":"Udine","prov_istat_code":"030","prov_istat_code_num":30,"prov_acr":"UD","prov_iso_3166_2":"IT-UD","reg_name":"Friuli-Venezia Giulia","reg_istat_code":"06","reg_istat_code_num":6,"reg_iso_3166_2":"IT-36","opdm_id":"3723","com_catasto_code":"G831","com_istat_code":"030076","com_istat_code_num":30076}},
{"type":"Feature","geometry":{"type":"Polygon","coordinates":[[[13.176096458050646,45.8379093423617],[13.173834824024713,45.8401344217411],[13.173664059157339,45.840626731033986],[13.173581166614014,45.847880257664215],[13.173551899338483,45.85154031499956],[13.175147515257985,45.85321175238325],[13.175307968284502,45.853379819994686],[13.175699902126869,45.85336968538897],[13.180708943276215,45.85324000510599],[13.181959657338933,45.854668693579185],[13.183230538534552,45.86164969948969],[13.182405913751484,45.864838109161944],[13.189404985265519,45.86905611311837],[13.197846829742664,45.87257574792796],[13.202434624232865,45.876943432233524],[13.203580335202385,45.87817488751402],[13.203798448404502,45.87859891956357],[13.203949850187698,45.87914240844683],[13.204165241047855,45.88164129763704],[13.207017406486816,45.880647038310386],[13.220139074191025,45.880196294450485],[13.223914593070122,45.88020956777053],[13.229544149687843,45.88063512772232],[13.233432235748193,45.882836119463285],[13.235103418471725,45.8784939979203],[13.235796080864521,45.8761549647017],[13.235456082035133,45.87425934404033],[13.238455880123201,45.86868711727381],[13.240973518986646,45.86316732807335],[13.241043788229526,45.862740277023136],[13.241058167568704,45.862652375745235],[13.241272172447022,45.860084376265064],[13.24130053850895,45.85974371135506],[13.241458046320924,45.85743661719887],[13.241515549654922,45.85659428810697],[13.240383455445619,45.85513093132617],[13.23774313169297,45.8516488086909],[13.237958509864193,45.84646958151713],[13.238455702321152,45.8448472071818],[13.240083143865085,45.84117439369984],[13.23545274809199,45.83978021442113],[13.234751902496921,45.839426535195685],[13.23261397014136,45.838347567352336],[13.232030333183406,45.83805299905703],[13.230606327205718,45.837075185263366],[13.229943525873122,45.836580373915936],[13.224608195342206,45.840988018521664],[13.224987398060557,45.84154105519434],[13.225101307513757,45.841748375466345],[13.225155991699179,45.84191736565825],[13.225214940386943,45.84218521224824],[13.22530704022215,45.842730889304576],[13.225308193267145,45.84344644161219],[13.22465359598971,45.84480288267904],[13.22331825337744,45.84656705636852],[13.222589706661612,45.8472686148488],[13.220524402068188,45.847548106606624],[13.21885344458094,45.847434389621085],[13.21870324040485,45.84742050243913],[13.21826245998294,45.84737974526989],[13.210058782295144,45.84514448522611],[13.20513925457965,45.841926836070634],[13.197938069694034,45.83985294712986],[13.1972422437495,45.840313983204766],[13.195725888655172,45.84096048223494],[13.189434036753996,45.84269774949184],[13.187565215288584,45.843213648814135],[13.182672178131087,45.84297144448509],[13.17983906140732,45.8420727239177],[13.176591386262421,45.83930441519978],[13.176096458050646,45.8379093423617]]]},"properties":{"name":"Porpetto","op_id":"3874","minint_elettorale":"1060850770","minint_finloc":"2060850770","prov_name":"Udine","prov_istat_code":"030","prov_istat_code_num":30,"prov_acr":"UD","prov_iso_3166_2":"IT-UD","reg_name":"Friuli-Venezia Giulia","reg_istat_code":"06","reg_istat_code_num":6,"reg_iso_3166_2":"IT-36","opdm_id":"3724","com_catasto_code":"G891","com_istat_code":"030077","com_istat_code_num":30077}},
{"type":"Feature","geometry":{"type":"Polygon","coordinates":[[[13.281295988523574,46.19079190171638],[13.279971602059076,46.190063008984346],[13.278606621564895,46.18853002596869],[13.278861414590935,46.188254921878546],[13.288075707612531,46.183251005760724],[13.292888789918608,46.17507261564192],[13.295671898879522,46.16928818533703],[13.306299271795712,46.167856975501515],[13.309022582209094,46.167457134298886],[13.310437123531567,46.16683662591378],[13.310742219445796,46.16658657914506],[13.3111190851793,46.16613578628007],[13.312357894076118,46.16119240016414],[13.312127098790919,46.15731267418247],[13.314977026315582,46.15265487983599],[13.320057092116704,46.148718193821644],[13.321209889710847,46.14825600997682],[13.3212658711094,46.147700314610155],[13.321384289162072,46.14676422115539],[13.322111653644676,46.14372580775004],[13.322805012841295,46.141782315582375],[13.324924422364509,46.139366208892035],[13.328064609795646,46.13784296215304],[13.327497843891123,46.13647830238138],[13.326215194776799,46.13477623161274],[13.318329923879997,46.129305265707735],[13.314722428175177,46.12324901494316],[13.31560145632116,46.12271839488881],[13.315882658171239,46.12254865092056],[13.316632970194012,46.12209661752058],[13.319369028950211,46.1206698884842],[13.320883453435636,46.120225503519414],[13.323664536601576,46.11942706846958],[13.324246791291872,46.11986854743896],[13.325433031646298,46.11956254713096],[13.326164505114486,46.119368300606816],[13.326280303247934,46.1189363457153],[13.325919482679705,46.11848200323021],[13.324547325640777,46.11721082545329],[13.324010974193495,46.1167525673588],[13.323967313052233,46.1167152740967],[13.32340556362412,46.11645300378833],[13.32243475915841,46.11643128033357],[13.321518128810565,46.11481881050508],[13.321136845616993,46.11191240345557],[13.322932275466107,46.10730332882808],[13.325008792238263,46.10672915158258],[13.324826347624704,46.104576219384846],[13.323295605464914,46.100448699165796],[13.323211276354531,46.10028090316219],[13.322651008345877,46.09991059965263],[13.316623780603324,46.096952414303615],[13.316304761414527,46.09680244975424],[13.315207775853578,46.096641411661686],[13.313765125476248,46.09647545807682],[13.311934392739557,46.09627912151576],[13.310967172718755,46.09618515635072],[13.310720817993058,46.09619896548608],[13.308488854635254,46.096850349528246],[13.304581548352099,46.0967998318964],[13.303790165171712,46.09649213551097],[13.300778508445074,46.09517002853327],[13.291970077721034,46.090060580400895],[13.290523788515058,46.08874232090599],[13.290624479677266,46.09177638946459],[13.290388798647596,46.09223982007667],[13.2888022687575,46.094679660351304],[13.28630491167259,46.09837904516762],[13.286258958665464,46.098442789508034],[13.285915752958745,46.098918819029834],[13.285277673783622,46.09980380117314],[13.281242720997877,46.10348811563898],[13.28059808169408,46.10405844795153],[13.280457151401517,46.104183126560756],[13.280069922409712,46.10452569142918],[13.279593971629337,46.10494673347293],[13.278924263027346,46.105539149157934],[13.27748709645797,46.10681042576205],[13.27739225765582,46.10689431652209],[13.2771304838929,46.107125873304355],[13.267739380490127,46.11572251391359],[13.267322336333464,46.11622866522987],[13.267140701427433,46.11677038659112],[13.267025887845946,46.11711287454753],[13.268472521368446,46.11911798779485],[13.269553496595384,46.12061622570421],[13.270263713360924,46.121600538285726],[13.274330204611983,46.12723568015583],[13.273027226258542,46.129602265620335],[13.271690614291527,46.13132652341354],[13.271008639413283,46.13201813660924],[13.269336441856154,46.13338138095971],[13.26803420291473,46.13440222132281],[13.2650204500681,46.13757974971658],[13.263706970287958,46.139451600954914],[13.26063177352467,46.14467850013226],[13.26037631286873,46.14785670712983],[13.260273940852466,46.1491301441941],[13.260203894465425,46.1500011499454],[13.25942863596346,46.15768999722893],[13.258754750738548,46.16159020799012],[13.256956911292576,46.17157042881626],[13.258274799983887,46.18439405336389],[13.261137336024328,46.18651041535548],[13.267079733534272,46.19120742605161],[13.26760099684948,46.19194399131136],[13.268950365842736,46.192307562910564],[13.270122258988208,46.19253375634068],[13.278599690794028,46.193327809089695],[13.279365240580606,46.19284904739192],[13.280679140195804,46.19189067359591],[13.281295988523574,46.19079190171638]]]},"properties":{"name":"Povoletto","op_id":"3875","minint_elettorale":"1060850780","minint_finloc":"2060850780","prov_name":"Udine","prov_istat_code":"030","prov_istat_code_num":30,"prov_acr":"UD","prov_iso_3166_2":"IT-UD","reg_name":"Friuli-Venezia Giulia","reg_istat_code":"06","reg_istat_code_num":6,"reg_iso_3166_2":"IT-36","opdm_id":"3725","com_catasto_code":"G949","com_istat_code":"030078","com_istat_code_num":30078}},
{"type":"Feature","geometry":{"type":"Polygon","coordinates":[[[13.140640664745876,45.99477993310871],[13.14949226002946,45.995369982127606],[13.15676094448461,45.99932238787226],[13.15923706866868,46.00080289105187],[13.166406521578894,46.00289952876601],[13.177896475241758,46.005791728824256],[13.186536328917636,46.00620859343609],[13.189322663932327,46.00697589676141],[13.18764666069681,46.009394745631326],[13.185814264604634,46.01248634769091],[13.188299854758986,46.01511796091636],[13.196216650368411,46.021114330017326],[13.201099391523806,46.02215446860234],[13.205389439567588,46.02267280122771],[13.20892822198068,46.02275233545066],[13.212969377202999,46.022442054701294],[13.224953568985546,46.02583179735112],[13.228993005407107,46.02719493306886],[13.22895156650374,46.02686343460955],[13.228840885295158,46.025890918605405],[13.23078559487821,46.02206535166127],[13.232143838612538,46.02075481695727],[13.23387351744229,46.01920096942117],[13.244915262316667,46.01451319725513],[13.252540563089816,46.013069951604514],[13.259283696658164,46.01140522919343],[13.262834564007647,46.01044728731548],[13.26495836346513,46.00635507945051],[13.261336266943626,46.00569834992123],[13.253016229558066,46.00453264649182],[13.243968343942191,46.00166969347766],[13.240074956453265,46.00017177545533],[13.23352248916741,45.99614409251549],[13.232587741002433,45.99507613014482],[13.232204127644385,45.99389204132049],[13.235652747701593,45.99156363628563],[13.245099370637863,45.99064530349428],[13.246232249507537,45.990730075978746],[13.24674361964224,45.990873071303916],[13.247486956551636,45.99108392899172],[13.248847192537005,45.99155082653071],[13.249160708317898,45.991660674503436],[13.251301057426904,45.99258735627407],[13.252258716471651,45.98840385056291],[13.24428091873388,45.983052693414315],[13.23917558025556,45.979434885305906],[13.240266417406485,45.975453142881335],[13.23918929472509,45.97380882183269],[13.236758427643714,45.97190988697917],[13.234682530677421,45.97267105892135],[13.23343302859327,45.9729919635155],[13.231952188141014,45.97329444196792],[13.23059291643877,45.97337187192582],[13.229315537779106,45.97336972119715],[13.221014241572009,45.97309232987945],[13.217177840441389,45.97268494275864],[13.21615763936676,45.972308596697026],[13.205642068189222,45.96736807030864],[13.20035057294338,45.964565657790466],[13.195512602152366,45.966089359432296],[13.188875791506824,45.96857003874388],[13.183944212085398,45.970551234679604],[13.17805528559078,45.97261679629732],[13.175564190729915,45.97296453506559],[13.173824283593468,45.972938192739015],[13.170485543036232,45.97238971874101],[13.16650160386448,45.975001592979694],[13.166085497707764,45.975488694364635],[13.165678747176772,45.97645381169932],[13.164178068090186,45.9800550470395],[13.164116690977412,45.980445859456594],[13.164079255249778,45.98068423603762],[13.163956061768769,45.98213589775328],[13.164616154997752,45.98410194661635],[13.16040123818704,45.98604735354096],[13.14484888944305,45.990570158439525],[13.142524410530985,45.990191014566825],[13.14194508356278,45.99092765019085],[13.141606539735681,45.991771900265846],[13.141338909426869,45.992439330591004],[13.140964253597835,45.99369496449918],[13.140852256511192,45.99407033652238],[13.140640664745876,45.99477993310871]]]},"properties":{"name":"Pozzuolo del Friuli","op_id":"3876","minint_elettorale":"1060850790","minint_finloc":"2060850790","prov_name":"Udine","prov_istat_code":"030","prov_istat_code_num":30,"prov_acr":"UD","prov_iso_3166_2":"IT-UD","reg_name":"Friuli-Venezia Giulia","reg_istat_code":"06","reg_istat_code_num":6,"reg_iso_3166_2":"IT-36","opdm_id":"3726","com_catasto_code":"G966","com_istat_code":"030079","com_istat_code_num":30079}},
{"type":"Feature","geometry":{"type":"Polygon","coordinates":[[[13.332392981645555,46.04030010752564],[13.332196229713448,46.04014621481511],[13.331922554633907,46.039933733956545],[13.330965662068234,46.03942879672186],[13.324570026934959,46.036568962459825],[13.31922333201821,46.03477774371462],[13.31585865801775,46.03320837776153],[13.312938834533783,46.02817583716791],[13.312648416107356,46.02239651555294],[13.312629183710376,46.01932617128081],[13.312554247509622,46.016504937345594],[13.312542486822846,46.016406567454005],[13.312310167908311,46.01521881401041],[13.311839306148732,46.01413847272475],[13.310852948536148,46.01221230192472],[13.307167043449171,46.01102950757632],[13.295820727860491,46.00823943016607],[13.287179943437387,46.00865002253289],[13.281345509938845,46.00936421556284],[13.273426893304373,46.009085292566766],[13.271953502152247,46.009009707486356],[13.270877530637412,46.013322165333776],[13.270137690956897,46.01628761064273],[13.270174860681896,46.01630872233344],[13.27056471227916,46.01650242573342],[13.27062187560927,46.01653082689007],[13.272625054720116,46.021869690722035],[13.27025928817218,46.03299303284047],[13.268246440042,46.039212254219926],[13.268157378799849,46.04145004385362],[13.277908325630309,46.04579342774991],[13.282562189318865,46.047663366229635],[13.285313271894443,46.05525600961774],[13.284623173696875,46.05748720966816],[13.284068966053484,46.059501765489244],[13.283658001824582,46.06107310636721],[13.283502569744185,46.061755315991036],[13.283091715567103,46.063566456917904],[13.283950840055175,46.0641822852571],[13.286224573381476,46.06551004968744],[13.287893841976478,46.06536773426195],[13.288206888342728,46.0653410350627],[13.289081412823574,46.06526165129201],[13.289983631181817,46.065179743215616],[13.293523164102693,46.064853055632355],[13.294140353355928,46.064568828191824],[13.293863689825582,46.06300401706728],[13.293765226098827,46.061452066964996],[13.295131556334937,46.05714607232519],[13.298194208063292,46.0520005734904],[13.299272392915137,46.0502797571944],[13.299748061470034,46.04962690418963],[13.299784892214655,46.049576360523],[13.299872750251126,46.04950373990997],[13.300846218479846,46.048699251879285],[13.301199668633664,46.04844152595047],[13.302102412841904,46.047783262518756],[13.314518799277307,46.03948786888578],[13.31488741498501,46.03959949386038],[13.31573418360509,46.03985595136367],[13.315907926930771,46.03993735609481],[13.317467293760703,46.040667963085745],[13.317919850077839,46.04090531664414],[13.319668193006702,46.04182225749738],[13.320880948848583,46.04246495743961],[13.332392981645555,46.04030010752564]]]},"properties":{"name":"Pradamano","op_id":"3877","minint_elettorale":"1060850800","minint_finloc":"2060850800","prov_name":"Udine","prov_istat_code":"030","prov_istat_code_num":30,"prov_acr":"UD","prov_iso_3166_2":"IT-UD","reg_name":"Friuli-Venezia Giulia","reg_istat_code":"06","reg_istat_code_num":6,"reg_iso_3166_2":"IT-36","opdm_id":"3727","com_catasto_code":"G969","com_istat_code":"030080","com_istat_code_num":30080}},
{"type":"Feature","geometry":{"type":"Polygon","coordinates":[[[12.652069091237305,46.48507642650282],[12.64503642478222,46.48884692742752],[12.630075179514028,46.500825520846824],[12.63074306602017,46.502619765996975],[12.631609051481256,46.50694211658828],[12.63165587768865,46.508070186903346],[12.631624928372334,46.50843075187238],[12.631583851119226,46.50889600930366],[12.630585935939225,46.512166456879974],[12.643925003459636,46.51717718321879],[12.664152267946587,46.52353971778114],[12.673542910827068,46.52560075441351],[12.675607829211017,46.526110362077624],[12.680447753872867,46.52822710092666],[12.681888228317641,46.52899070725646],[12.68191688929069,46.52902362530807],[12.682424663388373,46.52960682535183],[12.682532422265817,46.5303200066247],[12.683019210068865,46.53173054852903],[12.683272786460472,46.53228073592766],[12.68441209382259,46.5334275501168],[12.691073583179207,46.53808176358024],[12.691664631026256,46.53835381203897],[12.692480507289588,46.538729314299495],[12.698714782948217,46.54089021027947],[12.71300924020313,46.5442967001409],[12.72938141389916,46.540473665131316],[12.743271099965337,46.54239994438067],[12.74964899215191,46.54398202870789],[12.749746658228752,46.54496544113679],[12.74976884335117,46.545188807678294],[12.750044340263516,46.54641732534992],[12.750279864030656,46.54715192841752],[12.750402722574481,46.54753511573679],[12.757773154176714,46.55038904959576],[12.760485810939667,46.55102430380233],[12.762713185661363,46.55140998251383],[12.769446289362767,46.5513815074159],[12.773617084905199,46.55047875482016],[12.778823623165087,46.550473135332],[12.783280852581449,46.550244601279644],[12.788470964075275,46.54934804121573],[12.802053070101005,46.546620627685535],[12.827239711930734,46.53820906511314],[12.828950089739042,46.537890374769376],[12.83040645214427,46.537603389843945],[12.831842438917299,46.53726270636673],[12.832010476445108,46.537137091393824],[12.833159640721963,46.53627795015199],[12.834637025189263,46.534905308967716],[12.836806959721308,46.53233179899103],[12.839893256543983,46.52892787282481],[12.84442429712747,46.5281229023772],[12.845062506535665,46.527489388522405],[12.848004284917012,46.5239791125762],[12.848665246921279,46.522768802481195],[12.849484714268879,46.52082855895935],[12.845969596528336,46.51509213696687],[12.843328223556886,46.512984913962846],[12.834737336507816,46.50953546820735],[12.819594070114874,46.508322281373424],[12.814993112593655,46.50701798646683],[12.811179720953305,46.50557920420653],[12.810391630643217,46.50507446434797],[12.80989822057352,46.504717417954886],[12.809902910186421,46.50266511917933],[12.809968909264335,46.50225790923766],[12.807219994347388,46.49773230936988],[12.803637814094373,46.4938059244172],[12.801718141189225,46.49390134101684],[12.801155901211061,46.49399778346616],[12.79996027465356,46.4942028647715],[12.799475467962822,46.4943520042319],[12.798936663106032,46.494517752661864],[12.797598300124966,46.49492945778969],[12.797230012455811,46.495086729126015],[12.791485400907108,46.49655913864868],[12.778601594853548,46.49963674247729],[12.77385507788716,46.50066221695902],[12.772977573940727,46.5008127148039],[12.772149199681166,46.50094358219341],[12.77145910745296,46.500930368797285],[12.771160474071257,46.500899735704934],[12.771132307771847,46.49998712619767],[12.767022185780293,46.49310234965373],[12.76526300738414,46.49120725050801],[12.76469273632671,46.49112254213601],[12.763197430940156,46.491041319984454],[12.756846449412727,46.49213243246005],[12.752064563191354,46.4930546664519],[12.746543665143676,46.49514850441263],[12.73831250847736,46.49316749569395],[12.729071244212395,46.48978448558288],[12.72293925141656,46.48777038498404],[12.712435651895506,46.48718522421095],[12.704638881930562,46.48422071377329],[12.70064072796306,46.4804486116905],[12.69975667205705,46.48011723829976],[12.697933797544506,46.47943822490842],[12.696298792158613,46.478887958073024],[12.692490568073099,46.47816973594926],[12.690921075022121,46.47803147028166],[12.689805565779382,46.478225003130184],[12.687632647872011,46.4796632594663],[12.687372438291815,46.48027019600229],[12.687277422659012,46.481075733417164],[12.687210450408948,46.48164349823852],[12.687191104688319,46.48168629926626],[12.686822269933229,46.48250207013069],[12.683647003888332,46.485813180329515],[12.680525700410104,46.48749339222178],[12.673880875164976,46.49053794824882],[12.673219257851583,46.48985719470236],[12.673286709221681,46.488284443146775],[12.67357008198557,46.48682176300393],[12.674632265168126,46.48572554358713],[12.675793688921914,46.48528741626392],[12.6788367144075,46.48066695048798],[12.68024478844696,46.47846146181835],[12.679808931103272,46.47801199483065],[12.678772732678114,46.47816236195596],[12.671947063379276,46.48027209834363],[12.666647760122077,46.482611452557315],[12.663477352358209,46.4839417527223],[12.659365081172336,46.48524019153654],[12.655740184560097,46.48604375028633],[12.654320400631363,46.486318685613206],[12.652927265218873,46.4856791986043],[12.652069091237305,46.48507642650282]]]},"properties":{"name":"Prato Carnico","op_id":"3878","minint_elettorale":"1060850810","minint_finloc":"2060850810","prov_name":"Udine","prov_istat_code":"030","prov_istat_code_num":30,"prov_acr":"UD","prov_iso_3166_2":"IT-UD","reg_name":"Friuli-Venezia Giulia","reg_istat_code":"06","reg_istat_code_num":6,"reg_iso_3166_2":"IT-36","opdm_id":"3728","com_catasto_code":"H002","com_istat_code":"030081","com_istat_code_num":30081}},
{"type":"Feature","geometry":{"type":"Polygon","coordinates":[[[13.070573379027435,45.71400073772523],[13.06669329440419,45.71547582886978],[13.063911316209136,45.71569651149812],[13.062362293975907,45.7158867035667],[13.054892242515304,45.71936148444836],[13.054280035474383,45.71968029141343],[13.054459725436306,45.72109609895438],[13.05458075805503,45.72204593024455],[13.05562136749496,45.72723868800574],[13.05626641526915,45.72733906894221],[13.056657217167379,45.72739988165924],[13.057589683363503,45.727542222312685],[13.057700847809796,45.72755291290408],[13.058687041641605,45.7285068384595],[13.059907378782356,45.730047617219206],[13.06103368889452,45.734464561738406],[13.052992733166063,45.73777809246971],[13.046053235845234,45.74511295266244],[13.043196926337798,45.750682501453504],[13.03293572287049,45.7713415125083],[13.03137382236867,45.77448576157576],[13.031312163251114,45.77460990824726],[13.031168103946396,45.77579725653853],[13.030094680081676,45.784644281703244],[13.026901991025186,45.79352558008209],[13.026896451617889,45.793682991982344],[13.030473149521487,45.79422523463594],[13.033693028383459,45.79468398429747],[13.038615987108221,45.79555391834315],[13.066827577127127,45.80118885561583],[13.077069455412206,45.80017629195183],[13.082206019864184,45.79756224255136],[13.085993192921915,45.79525286820916],[13.08442106431344,45.7937384373076],[13.082524485098098,45.792042096497994],[13.080029591582786,45.78752722535513],[13.079183251296504,45.78178771342616],[13.078854653267715,45.77674975766638],[13.078537095012855,45.7732596389129],[13.078070066109317,45.77263275237837],[13.07573844407203,45.77012822982868],[13.074992121536011,45.76938528253421],[13.072642414223687,45.768150527799705],[13.071717863245572,45.76777397504774],[13.070644104702376,45.767555762018986],[13.067406695610787,45.76669011558771],[13.063822435956423,45.76550818699655],[13.061502740200204,45.762678900507034],[13.061195221874529,45.762186289285516],[13.060978655469166,45.76106383954631],[13.061054899507907,45.760354521702126],[13.061649203746724,45.759518759886724],[13.062702583525425,45.7592157160527],[13.0662328815765,45.758248288146056],[13.067291533761084,45.75815406038433],[13.068264371465553,45.75819055823103],[13.068651446415004,45.758207059393115],[13.070103805552916,45.758582798292196],[13.078078670781078,45.75702426632548],[13.07706954664768,45.74906271550695],[13.081789006572073,45.74069826165859],[13.085344547860117,45.73445459985911],[13.08575964135285,45.733967160812796],[13.086918708010542,45.73389864954742],[13.088484723999319,45.73396852683457],[13.092025593590371,45.73416108690815],[13.09235065998899,45.73418994827608],[13.091109960530428,45.72869417189061],[13.090741491597143,45.72661007286762],[13.090002061272644,45.72496685753039],[13.087186189812568,45.71913143949824],[13.079195560914881,45.71585749793131],[13.073211462780945,45.71351498992744],[13.070573379027435,45.71400073772523]]]},"properties":{"name":"Precenicco","op_id":"3879","minint_elettorale":"1060850820","minint_finloc":"2060850820","prov_name":"Udine","prov_istat_code":"030","prov_istat_code_num":30,"prov_acr":"UD","prov_iso_3166_2":"IT-UD","reg_name":"Friuli-Venezia Giulia","reg_istat_code":"06","reg_istat_code_num":6,"reg_iso_3166_2":"IT-36","opdm_id":"3729","com_catasto_code":"H014","com_istat_code":"030082","com_istat_code_num":30082}},
{"type":"Feature","geometry":{"type":"Polygon","coordinates":[[[13.363317030982852,46.01026095314064],[13.363087597820442,46.01056502036243],[13.36236737995788,46.01175371771682],[13.36205969726319,46.012521588602276],[13.36191866206765,46.01291405326024],[13.361783705819393,46.017505283977435],[13.361890273762889,46.02046710871122],[13.360561559823397,46.02430739379326],[13.355747034464965,46.03151327599801],[13.354680242562841,46.032205568036325],[13.35306884592714,46.03299617000612],[13.351237780075028,46.03370510696357],[13.34753225682319,46.03492201807602],[13.344948540746012,46.0353265079837],[13.335180848669648,46.04041472606887],[13.334266202969115,46.040742020469544],[13.332392981645555,46.04030010752564],[13.320880948848583,46.04246495743961],[13.320899366365387,46.044696549794885],[13.327345389807565,46.05297981664064],[13.328699642283874,46.05309143640354],[13.330037116154754,46.05308958215347],[13.330577695618764,46.053047630567434],[13.330954585453359,46.053011890912614],[13.333905249949568,46.0524355140834],[13.33387033399918,46.05234803465944],[13.333336631188617,46.051034303194555],[13.333201501112262,46.05043788549745],[13.333792473561902,46.05015725914189],[13.335880924585467,46.049505338249254],[13.337356678108542,46.04913742736857],[13.340299615404016,46.048533651711786],[13.34102981161238,46.048392731425665],[13.342393709652598,46.04820578616501],[13.353197859162277,46.06032967373818],[13.35670863427262,46.06493732833156],[13.356255076099735,46.066268802666464],[13.356934557904452,46.07345275511447],[13.35745102873187,46.07698850857635],[13.364938460001369,46.07671212498524],[13.366109484927362,46.076733962351376],[13.374712435557923,46.07889318676834],[13.375775408830657,46.07923946616591],[13.37894976844806,46.080328323930104],[13.384556012834096,46.08278181514338],[13.38523397206448,46.08317431587955],[13.386049476765422,46.08193694295367],[13.392582030853708,46.07784753597489],[13.396352474127449,46.07637534306172],[13.40002152615314,46.07573700699476],[13.40792394845516,46.07255605423662],[13.415018566611062,46.06641741608217],[13.418041710633378,46.06018408311833],[13.424010390710302,46.055326144512634],[13.429745917390957,46.05137255765174],[13.432745518522832,46.04953229189499],[13.43572689704638,46.04831375935766],[13.438526808543273,46.04345213634212],[13.440621778171502,46.03746126076972],[13.441774554169163,46.033952394643606],[13.442120364299345,46.02866941265466],[13.441711852365144,46.026643648373025],[13.440540242803841,46.023396253815164],[13.440138333055675,46.02284032962995],[13.439872603145135,46.024096753716115],[13.439722798716323,46.02436362157202],[13.439245839259957,46.02480073549204],[13.437393814552962,46.0254128755759],[13.436706646623637,46.0254846215196],[13.433635649946106,46.02488392994008],[13.43108450089322,46.02420896348251],[13.430367981419046,46.0239799421298],[13.425202855515272,46.02109786294796],[13.423368215986352,46.017460528846286],[13.422914883872648,46.01613242729152],[13.422176392491158,46.01984705261012],[13.42146025805736,46.020495892549185],[13.420201365304823,46.02162932707022],[13.415131377176206,46.024512542320906],[13.41367020493435,46.02500566027575],[13.412602246028253,46.02528550309301],[13.404144645603086,46.025544865593645],[13.389574134022165,46.02567161426955],[13.384101665046504,46.025659893180965],[13.382514419370493,46.02559486823277],[13.381141392800924,46.0252875433328],[13.37913337905259,46.02459957877834],[13.378522861490168,46.023844398239035],[13.378097636846705,46.0229200984614],[13.378100267270531,46.02274239033823],[13.378118191510088,46.02174015541805],[13.379354663356612,46.01832175133073],[13.381616891534927,46.01254162132487],[13.381610103108866,46.01250523258142],[13.381549230503682,46.01220667332566],[13.380635683475107,46.01166117983977],[13.37661881583932,46.00938819321333],[13.372203139689105,46.007151081978414],[13.367587515233277,46.00862408442324],[13.363317030982852,46.01026095314064]]]},"properties":{"name":"Premariacco","op_id":"3880","minint_elettorale":"1060850830","minint_finloc":"2060850830","prov_name":"Udine","prov_istat_code":"030","prov_istat_code_num":30,"prov_acr":"UD","prov_iso_3166_2":"IT-UD","reg_name":"Friuli-Venezia Giulia","reg_istat_code":"06","reg_istat_code_num":6,"reg_iso_3166_2":"IT-36","opdm_id":"3730","com_catasto_code":"H029","com_istat_code":"030083","com_istat_code_num":30083}},
{"type":"Feature","geometry":{"type":"Polygon","coordinates":[[[12.86501535932995,46.403899431121836],[12.874977194946318,46.39896247454588],[12.880138560876281,46.38760839177746],[12.884758483973698,46.37941457211495],[12.889225593238868,46.37456777977444],[12.89162669385359,46.374355006973374],[12.898858614910669,46.37365288792871],[12.901472920513974,46.373236383432854],[12.904257555841626,46.370467985030444],[12.905438172865141,46.36337110199885],[12.905695674628078,46.34949599142255],[12.90574042194353,46.347893646643286],[12.905764236385867,46.34704097195258],[12.906268233470007,46.33654688852319],[12.906439604500827,46.33476790703406],[12.90357629626121,46.33390723116832],[12.893901674241924,46.33139791053597],[12.889537502871676,46.33067810460777],[12.884995451635517,46.33054023430648],[12.881458343536853,46.330771653357516],[12.876168305464416,46.33235687073808],[12.876821052539945,46.33518555753888],[12.878507790669198,46.3383754055523],[12.880168487387449,46.34181124901054],[12.880106136260766,46.34187881251956],[12.88000554739493,46.34198779183933],[12.879727108625666,46.34207315715323],[12.879295621345205,46.34220543153074],[12.865948309059124,46.346565123983986],[12.851962316740744,46.351272652765225],[12.850391829691663,46.35486288743531],[12.851101992254637,46.35597302981357],[12.854171720556216,46.36217461951855],[12.854061298998205,46.36770004260815],[12.854031665933878,46.368133086747285],[12.852027498260943,46.37413214838526],[12.850549042565891,46.37736375120301],[12.84996419473179,46.38198729285778],[12.849175365447632,46.38830883946346],[12.849149295017765,46.38851775162501],[12.851863756614756,46.391459896130236],[12.852342553179277,46.391978808880246],[12.855705730439277,46.39543404827634],[12.86501535932995,46.403899431121836]]]},"properties":{"name":"Preone","op_id":"3881","minint_elettorale":"1060850840","minint_finloc":"2060850840","prov_name":"Udine","prov_istat_code":"030","prov_istat_code_num":30,"prov_acr":"UD","prov_iso_3166_2":"IT-UD","reg_name":"Friuli-Venezia Giulia","reg_istat_code":"06","reg_istat_code_num":6,"reg_iso_3166_2":"IT-36","opdm_id":"3731","com_catasto_code":"H038","com_istat_code":"030084","com_istat_code_num":30084}},
{"type":"Feature","geometry":{"type":"Polygon","coordinates":[[[13.457975449267987,46.016758212616395],[13.458671247492797,46.018529132098074],[13.462244619577739,46.02711605438219],[13.463790202735092,46.02912586856081],[13.466507453516344,46.03368213269488],[13.467138718403142,46.035261164731516],[13.467547427620227,46.040182888314305],[13.466538825891122,46.04471636343298],[13.465707868820731,46.04764692102767],[13.464176919517767,46.04872436259942],[13.462975969451431,46.050562599275956],[13.460814224221537,46.0544332654669],[13.46089096639047,46.05454509066962],[13.462088208941308,46.05627987355577],[13.462391817494389,46.056719769811735],[13.463814448307373,46.05857685627291],[13.470955597221966,46.06679343837473],[13.470379063453658,46.07513808350098],[13.470260981885211,46.081191930590826],[13.472909902917566,46.085521162041225],[13.49411391985428,46.08988284270234],[13.503217722949405,46.09115157240982],[13.504283733485773,46.091442570079344],[13.506877367270837,46.09311333592008],[13.507208302306623,46.09342629377029],[13.507457443093541,46.09366198186925],[13.506411453553103,46.09506251554675],[13.509867180059592,46.099311610077],[13.514095833740726,46.096990935425595],[13.516811967804026,46.09555574649928],[13.518330987553306,46.0953335635759],[13.5214330594629,46.095453660345385],[13.522100422849418,46.09560974173202],[13.522667312273335,46.09574232662159],[13.533600986277076,46.097121984070164],[13.534233170884933,46.09622372334345],[13.534711087513509,46.09574117701582],[13.535928430894518,46.09476115159284],[13.537919420383282,46.093336278274435],[13.540097667478191,46.093128072080994],[13.54131693836826,46.09304803037391],[13.54261107832074,46.092973986198864],[13.544634020961771,46.09328500929268],[13.545527019501016,46.09372193474132],[13.54926406957927,46.09626881434727],[13.55241928892114,46.09831672046197],[13.561310515002766,46.103686283811776],[13.570417809848637,46.10872242412855],[13.570616645992384,46.10857497288607],[13.571696845703276,46.1083066601409],[13.572630005031888,46.10826475429904],[13.573630858516669,46.108337134153956],[13.573831045076147,46.10835161023198],[13.576646716429599,46.10855821496284],[13.577061533638908,46.108595568827255],[13.581731015327637,46.10960976086688],[13.583477798093814,46.11012020971523],[13.584695726517126,46.11055726859541],[13.59397137335758,46.114729675051116],[13.59587761558292,46.11663764997725],[13.596309676306921,46.11694878738103],[13.598188131900958,46.11638700672207],[13.600091819129407,46.11578818109785],[13.601002307730464,46.11508536166995],[13.602537138219787,46.113049386561165],[13.600017954088,46.10888203507269],[13.59457588903374,46.10370655321684],[13.589320052253296,46.10176611771665],[13.582971239865959,46.09965423917365],[13.5806912753302,46.09820618123139],[13.579125267040359,46.096698623775254],[13.577712711322741,46.095306133712626],[13.576772715748929,46.094004985135406],[13.575693036101548,46.092136329052906],[13.573691942362935,46.09017107099407],[13.572087859969077,46.08861523861422],[13.552639370287462,46.084000493729164],[13.546916298422389,46.083216162432],[13.543344575301735,46.080715980817565],[13.53797383995343,46.07523696504352],[13.533460968531104,46.07074645552088],[13.52994504107333,46.06769824917741],[13.51973070309505,46.064324444566196],[13.512992168137067,46.06210206512659],[13.507886959097076,46.06144768816395],[13.504288384697006,46.06258898424838],[13.503460246651114,46.062621684001904],[13.502147975858424,46.06233595790493],[13.500964166054882,46.06166256637888],[13.49830285028506,46.05918872182454],[13.496780135677525,46.057009299178375],[13.496958191146161,46.05135522220299],[13.494771127799437,46.04930509582998],[13.493556585124495,46.04878586945968],[13.492715777952077,46.04856563156679],[13.492107786249916,46.04840637470049],[13.491988356172895,46.04839433667889],[13.49094710513977,46.04828941782045],[13.490662667506133,46.04826075891868],[13.488969204317893,46.048300414708535],[13.48325713114111,46.04362484842105],[13.479338762483188,46.0376659349105],[13.47395365967457,46.02325940962814],[13.471595522201486,46.01632172241764],[13.47105865156882,46.012512952960606],[13.470112414317235,46.01121335818407],[13.464372543946553,46.006726035349175],[13.463035566363738,46.00600425608016],[13.461740609113297,46.005663354366746],[13.460250649239224,46.005447100275425],[13.460773396387959,46.00608373166122],[13.461145001221007,46.006645982608724],[13.460660617764379,46.00745183810006],[13.4577760858144,46.00890579422996],[13.457316061603574,46.009124357142994],[13.456454866682213,46.0095335061984],[13.45521743546829,46.009794196896976],[13.457208022531988,46.01491830622358],[13.457975449267987,46.016758212616395]]]},"properties":{"name":"Prepotto","op_id":"3882","minint_elettorale":"1060850850","minint_finloc":"2060850850","prov_name":"Udine","prov_istat_code":"030","prov_istat_code_num":30,"prov_acr":"UD","prov_iso_3166_2":"IT-UD","reg_name":"Friuli-Venezia Giulia","reg_istat_code":"06","reg_istat_code_num":6,"reg_iso_3166_2":"IT-36","opdm_id":"3732","com_catasto_code":"H040","com_istat_code":"030085","com_istat_code_num":30085}},
{"type":"Feature","geometry":{"type":"Polygon","coordinates":[[[13.529397155039693,46.21225194557367],[13.524170612189277,46.20944846262756],[13.5230481572938,46.20878638379712],[13.521609299266713,46.20785329672345],[13.520374410498366,46.20701561472483],[13.519002404236588,46.20549477704426],[13.518345935211292,46.20431911816543],[13.515421804285657,46.19499270276621],[13.517665759292788,46.17992594320555],[13.51710038289142,46.17497070402042],[13.515361445107931,46.170286929626236],[13.512108256430862,46.165528021079204],[13.511526334247392,46.16500648020584],[13.510584672822306,46.164868183658164],[13.50951359257896,46.16517605497439],[13.508416385127198,46.165561252019124],[13.508030638134866,46.165932260141815],[13.507231492837997,46.16673344071773],[13.506535828617187,46.16755303081019],[13.502823651871537,46.16734856559967],[13.49808666553577,46.166234776563144],[13.495963025955286,46.16571091222635],[13.489450333240319,46.15900050097129],[13.486922105660195,46.15573311782852],[13.485692919965752,46.15144758849621],[13.486329387355122,46.148600958298005],[13.485920956536948,46.14591111880652],[13.482606920111799,46.14227887864323],[13.468883819890424,46.13328615338375],[13.459853850580744,46.135394760116405],[13.45831255856495,46.13865039861636],[13.457912852570391,46.14045274933194],[13.458285963704784,46.14196386427721],[13.45880936321234,46.143131576833355],[13.45399645758141,46.15176714903608],[13.447786984289626,46.159808886755094],[13.44641287460767,46.167468380962475],[13.445093433232042,46.171304785392074],[13.444418303119079,46.173203315393145],[13.442579058470882,46.17449210764817],[13.436426888213306,46.181304728792846],[13.432181037892878,46.18684013442482],[13.43021517238583,46.1897326802972],[13.427701495966605,46.1938177542854],[13.425511058232292,46.198340290595354],[13.423315283266211,46.20444266366054],[13.423452384021717,46.20633666263765],[13.432568650101624,46.20999724138296],[13.445457216176209,46.2126281701338],[13.446298745320906,46.21284291042601],[13.446795871118539,46.213629130644435],[13.44786384051132,46.21558123986215],[13.448178622229541,46.2161765369584],[13.44794898833823,46.21678407511019],[13.445714626321468,46.222105300928234],[13.445111581916018,46.22348795208737],[13.444878545324272,46.2238435749423],[13.448279249882672,46.225232209831766],[13.455804141082146,46.22619874987176],[13.472981240199132,46.225247579126446],[13.474667173564834,46.22521747547608],[13.478836443212945,46.22498637517043],[13.480863802487889,46.22483926268065],[13.48438569474781,46.224552362162996],[13.495521976992997,46.22224638227026],[13.496899492174748,46.221697040162695],[13.498269061815728,46.21969430413094],[13.49741986233424,46.21861616387498],[13.497864703503435,46.217475955278545],[13.500261884579475,46.216514826284524],[13.50109941700614,46.21625226563486],[13.503000983747006,46.21568215438955],[13.511794212770216,46.21513222659545],[13.513869602784858,46.21502312963181],[13.51577591944143,46.21505569592821],[13.516835856570172,46.215666332444066],[13.529544160608356,46.21701670882174],[13.529397155039693,46.21225194557367]]]},"properties":{"name":"Pulfero","op_id":"3883","minint_elettorale":"1060850860","minint_finloc":"2060850860","prov_name":"Udine","prov_istat_code":"030","prov_istat_code_num":30,"prov_acr":"UD","prov_iso_3166_2":"IT-UD","reg_name":"Friuli-Venezia Giulia","reg_istat_code":"06","reg_istat_code_num":6,"reg_iso_3166_2":"IT-36","opdm_id":"3733","com_catasto_code":"H089","com_istat_code":"030086","com_istat_code_num":30086}},
{"type":"Feature","geometry":{"type":"Polygon","coordinates":[[[12.947896142267792,46.15135567606268],[12.947263368543032,46.15365246371191],[12.95330983687831,46.16981679872371],[12.957311128614592,46.1827969069554],[12.957120613282761,46.18364897001831],[12.957032244164825,46.18404420441024],[12.956924317515117,46.185191046576776],[12.956905941745172,46.18638880760686],[12.957358083130655,46.18748474701887],[12.9589160759269,46.190193976841904],[12.959752770053383,46.19139806217433],[12.961383926344537,46.19285811813345],[12.963453457605485,46.19403738370751],[12.965176460853264,46.194913420153185],[12.966442714191274,46.1958822529905],[12.973247924655,46.20080304877023],[12.979559663658957,46.20292787338282],[12.982342005527567,46.20378042840632],[12.986881196337986,46.205138602640524],[12.989553740410338,46.205769793735364],[13.003014739932642,46.20955139241587],[13.0059136612153,46.21040376634907],[13.00746315449029,46.207703106539306],[13.01039562758494,46.20261360331546],[13.013215471159063,46.1977305293125],[13.015348466426051,46.19465371864887],[13.01627185080934,46.19313156256779],[13.016664527034152,46.19195212933197],[13.017191603764815,46.190250409109865],[13.017405490908896,46.18935182189174],[13.014198885527936,46.18303349847579],[13.013457190342978,46.18204697450712],[13.012591486781035,46.18125836676643],[13.00883340157164,46.17807357090211],[13.004571561167978,46.17709807556817],[12.99851412722292,46.17178839954956],[12.99568246075668,46.16746813273353],[12.992727290226142,46.160654365037466],[12.987700762485916,46.151950739189566],[12.977675615174626,46.14966279676025],[12.96518651721619,46.15158751953093],[12.950193258777462,46.151157877034294],[12.947896142267792,46.15135567606268]]]},"properties":{"name":"Ragogna","op_id":"3884","minint_elettorale":"1060850870","minint_finloc":"2060850870","prov_name":"Udine","prov_istat_code":"030","prov_istat_code_num":30,"prov_acr":"UD","prov_iso_3166_2":"IT-UD","reg_name":"Friuli-Venezia Giulia","reg_istat_code":"06","reg_istat_code_num":6,"reg_iso_3166_2":"IT-36","opdm_id":"3734","com_catasto_code":"H161","com_istat_code":"030087","com_istat_code_num":30087}},
{"type":"Feature","geometry":{"type":"Polygon","coordinates":[[[12.952344998324252,46.56647568007846],[12.946863530030951,46.562695995218114],[12.9461499551839,46.56191058718725],[12.945597962109648,46.560935098366734],[12.9455291146017,46.55931287474211],[12.946146382123475,46.558166481741345],[12.947878341115436,46.55582949055617],[12.948906946829045,46.554497860192185],[12.95497064443498,46.545604718692644],[12.959075221250169,46.53626619646847],[12.962545342432888,46.52822082536219],[12.956435379726827,46.5249314378933],[12.954661911113352,46.52074054044233],[12.956343660648194,46.52006376820205],[12.958461346392305,46.51920330648624],[12.958952672394844,46.519002806174704],[12.958949123762503,46.51700481018878],[12.958841908546303,46.515698948923784],[12.95791858131907,46.5152944019858],[12.954627596525402,46.5139135747336],[12.952993857190416,46.51377422284554],[12.943662449437559,46.51237639299376],[12.932034251438385,46.50724198860531],[12.926175090812565,46.50302955400997],[12.92452316608521,46.50595291342863],[12.923855880174523,46.50668688407557],[12.922771126499228,46.50746220171916],[12.921162912426352,46.507926959125946],[12.919149435853317,46.50810407106311],[12.919262732323816,46.50649808651467],[12.918929906450803,46.50530344843175],[12.912950077926233,46.5076056097741],[12.909746714835029,46.50924088506136],[12.909630690419078,46.51089201019637],[12.909271026623307,46.512794414516065],[12.907516322911789,46.51640968551178],[12.906318547380305,46.518079764189466],[12.902735943215404,46.51933631363079],[12.897887804997293,46.52098248079693],[12.894552950771045,46.52258583081053],[12.894767818608177,46.527830362159634],[12.890247526523966,46.535135328481395],[12.889209299786671,46.53601672517776],[12.889519132014973,46.536415778356265],[12.89107598405102,46.53830679466489],[12.893107977682241,46.54073969997356],[12.896755921077592,46.54489963923911],[12.896986351964594,46.5450697767686],[12.89775786273863,46.545639403795846],[12.900605735784822,46.54687877061112],[12.901609032236756,46.5469075068454],[12.908194737753195,46.54795592648141],[12.91504784583943,46.54921529731691],[12.915870965099323,46.5494705988431],[12.916895120006647,46.55065954566088],[12.91739724186196,46.55155139506015],[12.917690050209155,46.55232016525731],[12.91808416986401,46.55335493742096],[12.917763327464275,46.5542210004843],[12.917159094328548,46.554696246199434],[12.907899134369611,46.56311392722355],[12.906256847219558,46.56795703944512],[12.910613596662706,46.571966850561125],[12.9176701813979,46.57439820003576],[12.922676106357516,46.57435568555652],[12.925646008130535,46.57229275586208],[12.931858678286392,46.56507213163476],[12.93694539477249,46.565801454681406],[12.9471725733046,46.567163164767265],[12.947296220505994,46.56716057294608],[12.949201323522948,46.567111631284504],[12.950868801399244,46.56697967268189],[12.951438785331673,46.56693455519631],[12.952344998324252,46.56647568007846]]]},"properties":{"name":"Ravascletto","op_id":"3885","minint_elettorale":"1060850880","minint_finloc":"2060850880","prov_name":"Udine","prov_istat_code":"030","prov_istat_code_num":30,"prov_acr":"UD","prov_iso_3166_2":"IT-UD","reg_name":"Friuli-Venezia Giulia","reg_istat_code":"06","reg_istat_code_num":6,"reg_iso_3166_2":"IT-36","opdm_id":"3735","com_catasto_code":"H196","com_istat_code":"030088","com_istat_code_num":30088}},
{"type":"Feature","geometry":{"type":"Polygon","coordinates":[[[12.905493629133046,46.41600068678561],[12.90045107947562,46.41512888845279],[12.899156813951027,46.414943563835706],[12.898053948434276,46.415228737461426],[12.8936322947996,46.41715273364135],[12.885818413513771,46.42239177332947],[12.874020471744766,46.4282109973907],[12.863080965033404,46.43013988485789],[12.854223783079927,46.43091953621487],[12.852757239670053,46.43110852578657],[12.84914544516018,46.43163536346156],[12.847661721391253,46.43195087572632],[12.846359912300214,46.432561772836706],[12.84414121715385,46.43436460008126],[12.843308276083144,46.435396200834525],[12.842923531504015,46.43602384903348],[12.842446350807007,46.436802297991825],[12.841956223905564,46.4379888743058],[12.832843763622597,46.44321393238283],[12.829236867712922,46.44256086289418],[12.828229765816161,46.44271611833491],[12.82683634715975,46.44303734895291],[12.825730077499783,46.44368195820555],[12.823229741091014,46.44661437809614],[12.823193341502174,46.446660572885726],[12.822545169814275,46.447483336429734],[12.821861380176992,46.44845484464119],[12.82175739289957,46.44860258687512],[12.818909983342436,46.453113315130096],[12.81939605162308,46.453929603517196],[12.819695387985732,46.454612640965166],[12.818577215248872,46.4555455883116],[12.814070700224116,46.459111910842644],[12.805429000943208,46.46580409008171],[12.81671818839138,46.46946859599765],[12.824069860658255,46.46966370097856],[12.827054776817732,46.468704155523824],[12.827606960470531,46.46837062851346],[12.828653107425907,46.467732520052664],[12.835731241697111,46.46335925587988],[12.835913815891407,46.46299173917547],[12.836240371806838,46.46233409257614],[12.836403682120796,46.45985344051094],[12.836064988402587,46.458208727210824],[12.835153674520779,46.45694798586311],[12.834915315038112,46.456618232205074],[12.833656640358921,46.45492336799951],[12.841681581468096,46.45082400120973],[12.856260242231674,46.4486899705538],[12.857268169136946,46.44783238811079],[12.86441630472753,46.447536708999074],[12.871559189469467,46.44731727362466],[12.875392007310888,46.44721892260288],[12.876963205319438,46.44731856682398],[12.876680617079145,46.44618064672895],[12.87706001535619,46.44480866491448],[12.87766787546867,46.443284922299746],[12.881459385098863,46.43744073588314],[12.886131178650695,46.432155972513456],[12.887139468950535,46.43132511146716],[12.889396002999362,46.43087474728505],[12.89330128090247,46.430079907859096],[12.898298419772647,46.42886104885155],[12.899366259682028,46.42849157253712],[12.901414360906886,46.426675497743524],[12.901809690071309,46.42618945696824],[12.904447208463742,46.421886978777685],[12.905493629133046,46.41600068678561]]]},"properties":{"name":"Raveo","op_id":"3886","minint_elettorale":"1060850890","minint_finloc":"2060850890","prov_name":"Udine","prov_istat_code":"030","prov_istat_code_num":30,"prov_acr":"UD","prov_iso_3166_2":"IT-UD","reg_name":"Friuli-Venezia Giulia","reg_istat_code":"06","reg_istat_code_num":6,"reg_iso_3166_2":"IT-36","opdm_id":"3736","com_catasto_code":"H200","com_istat_code":"030089","com_istat_code_num":30089}},
{"type":"Feature","geometry":{"type":"Polygon","coordinates":[[[13.24339358322977,46.195317535552995],[13.24592226198795,46.19431440049697],[13.2489193013129,46.19256916118833],[13.251128113105462,46.189027153734585],[13.255007532389406,46.18570404825956],[13.257304243443272,46.184767772536155],[13.258274799983887,46.18439405336389],[13.256956911292576,46.17157042881626],[13.258754750738548,46.16159020799012],[13.25942863596346,46.15768999722893],[13.260203894465425,46.1500011499454],[13.260273940852466,46.1491301441941],[13.26037631286873,46.14785670712983],[13.26063177352467,46.14467850013226],[13.263706970287958,46.139451600954914],[13.2650204500681,46.13757974971658],[13.26803420291473,46.13440222132281],[13.269336441856154,46.13338138095971],[13.271008639413283,46.13201813660924],[13.271690614291527,46.13132652341354],[13.273027226258542,46.129602265620335],[13.274330204611983,46.12723568015583],[13.270263713360924,46.121600538285726],[13.269553496595384,46.12061622570421],[13.268472521368446,46.11911798779485],[13.267025887845946,46.11711287454753],[13.263558808977104,46.11467930943642],[13.25570538776505,46.11329743672837],[13.25074683456307,46.11313450451593],[13.250170532163938,46.11390754395438],[13.24690098562084,46.117008641939464],[13.238986216837189,46.12415725973664],[13.237227939889044,46.125734746123406],[13.232867507604217,46.12646816134501],[13.230768826261142,46.126532505151815],[13.22787717972851,46.12627963467258],[13.227146837761994,46.126018667806264],[13.226850799255125,46.12562908568071],[13.226363617754421,46.126250278067666],[13.224462880851746,46.12967615070775],[13.222818727455312,46.13307372711727],[13.221273166550326,46.13486418487852],[13.218645446756257,46.13679252252043],[13.219776073638256,46.13867691329953],[13.221877781289278,46.14454221122231],[13.224177165941468,46.15158808722137],[13.232247017211645,46.15394433338922],[13.233796652619075,46.154084860976845],[13.236279179497979,46.154609287402096],[13.23652270648928,46.154712768575074],[13.23702177511126,46.155297315423546],[13.236302511163796,46.169694204072364],[13.23603493813461,46.17282830200514],[13.234172677142618,46.17957078271859],[13.233511978357926,46.18158451468303],[13.232345749373108,46.18401760381601],[13.234434888080429,46.18959265930601],[13.236096343758366,46.19273989531145],[13.23850301791701,46.193685723003846],[13.24339358322977,46.195317535552995]]]},"properties":{"name":"Reana del Rojale","op_id":"3887","minint_elettorale":"1060850900","minint_finloc":"2060850900","prov_name":"Udine","prov_istat_code":"030","prov_istat_code_num":30,"prov_acr":"UD","prov_iso_3166_2":"IT-UD","reg_name":"Friuli-Venezia Giulia","reg_istat_code":"06","reg_istat_code_num":6,"reg_iso_3166_2":"IT-36","opdm_id":"3737","com_catasto_code":"H206","com_istat_code":"030090","com_istat_code_num":30090}},
{"type":"Feature","geometry":{"type":"Polygon","coordinates":[[[13.324246791291872,46.11986854743896],[13.331656323588009,46.12138318446653],[13.33912734196668,46.12428117066719],[13.348190899710966,46.12333302190898],[13.35005203673961,46.117807394511004],[13.362758012313032,46.11088642199738],[13.365073530330132,46.10915516813],[13.359721339509889,46.10289701619765],[13.353516505495254,46.09925448145861],[13.347562930075183,46.097159221111205],[13.345387450590245,46.09722861110817],[13.343355263994983,46.0971664697058],[13.33994571003673,46.09703969968984],[13.339664100278554,46.09696491892149],[13.339049395296849,46.0963357054607],[13.33805009634852,46.09511355184636],[13.337408234713497,46.093643769959314],[13.33762907474823,46.088446228928554],[13.337860694442645,46.08680372547633],[13.338745701896574,46.08412374514048],[13.340982597913326,46.08273347431023],[13.344238445231072,46.08117386732767],[13.35106685578239,46.07854184068916],[13.35745102873187,46.07698850857635],[13.356934557904452,46.07345275511447],[13.356255076099735,46.066268802666464],[13.35670863427262,46.06493732833156],[13.353197859162277,46.06032967373818],[13.342393709652598,46.04820578616501],[13.34102981161238,46.048392731425665],[13.340299615404016,46.048533651711786],[13.337356678108542,46.04913742736857],[13.335880924585467,46.049505338249254],[13.333792473561902,46.05015725914189],[13.333201501112262,46.05043788549745],[13.333336631188617,46.051034303194555],[13.33387033399918,46.05234803465944],[13.333905249949568,46.0524355140834],[13.330954585453359,46.053011890912614],[13.330577695618764,46.053047630567434],[13.330037116154754,46.05308958215347],[13.328699642283874,46.05309143640354],[13.327345389807565,46.05297981664064],[13.320899366365387,46.044696549794885],[13.320880948848583,46.04246495743961],[13.319668193006702,46.04182225749738],[13.317919850077839,46.04090531664414],[13.317467293760703,46.040667963085745],[13.315907926930771,46.03993735609481],[13.31573418360509,46.03985595136367],[13.31488741498501,46.03959949386038],[13.314518799277307,46.03948786888578],[13.302102412841904,46.047783262518756],[13.301199668633664,46.04844152595047],[13.300846218479846,46.048699251879285],[13.299872750251126,46.04950373990997],[13.299784892214655,46.049576360523],[13.299748061470034,46.04962690418963],[13.299272392915137,46.0502797571944],[13.298194208063292,46.0520005734904],[13.295131556334937,46.05714607232519],[13.293765226098827,46.061452066964996],[13.293863689825582,46.06300401706728],[13.294140353355928,46.064568828191824],[13.293076022541957,46.069276075664504],[13.291343423836333,46.07601094903456],[13.289977647660393,46.07835759844528],[13.289516382120755,46.079455077775826],[13.287073426041337,46.085361654216086],[13.287300327282276,46.08671228508184],[13.290523788515058,46.08874232090599],[13.291970077721034,46.090060580400895],[13.300778508445074,46.09517002853327],[13.303790165171712,46.09649213551097],[13.304581548352099,46.0967998318964],[13.308488854635254,46.096850349528246],[13.310720817993058,46.09619896548608],[13.310967172718755,46.09618515635072],[13.311934392739557,46.09627912151576],[13.313765125476248,46.09647545807682],[13.315207775853578,46.096641411661686],[13.316304761414527,46.09680244975424],[13.316623780603324,46.096952414303615],[13.322651008345877,46.09991059965263],[13.323211276354531,46.10028090316219],[13.323295605464914,46.100448699165796],[13.324826347624704,46.104576219384846],[13.325008792238263,46.10672915158258],[13.322932275466107,46.10730332882808],[13.321136845616993,46.11191240345557],[13.321518128810565,46.11481881050508],[13.32243475915841,46.11643128033357],[13.32340556362412,46.11645300378833],[13.323967313052233,46.1167152740967],[13.324010974193495,46.1167525673588],[13.324547325640777,46.11721082545329],[13.325919482679705,46.11848200323021],[13.326280303247934,46.1189363457153],[13.326164505114486,46.119368300606816],[13.325433031646298,46.11956254713096],[13.324246791291872,46.11986854743896]]]},"properties":{"name":"Remanzacco","op_id":"3888","minint_elettorale":"1060850910","minint_finloc":"2060850910","prov_name":"Udine","prov_istat_code":"030","prov_istat_code_num":30,"prov_acr":"UD","prov_iso_3166_2":"IT-UD","reg_name":"Friuli-Venezia Giulia","reg_istat_code":"06","reg_istat_code_num":6,"reg_iso_3166_2":"IT-36","opdm_id":"3738","com_catasto_code":"H229","com_istat_code":"030091","com_istat_code_num":30091}},
{"type":"Feature","geometry":{"type":"Polygon","coordinates":[[[13.276061576766615,46.388919036910806],[13.279334922052824,46.389088868117824],[13.286167934246638,46.38889099025905],[13.290637075693757,46.38903817296169],[13.29394897545736,46.38958419887285],[13.294290410316131,46.389895329882066],[13.296200892476737,46.39246970076473],[13.296291872044918,46.39331685734552],[13.29607123551096,46.39417125100457],[13.296182547533746,46.39473864436658],[13.296823451269862,46.39550658599038],[13.2977571942985,46.396389525356476],[13.29891214390088,46.3973451033726],[13.300095838474457,46.397363524033686],[13.305072105867021,46.39666289476533],[13.307153300570741,46.39621536058464],[13.312018484065844,46.39283184974038],[13.316354474872078,46.38976516355242],[13.31861261995721,46.38912887103123],[13.333467935101826,46.38519232649515],[13.337885586083456,46.384416938897594],[13.344562481629206,46.38383898631595],[13.357493906042095,46.38322448138076],[13.365720684617267,46.38691548288213],[13.370794359970988,46.388190040247316],[13.373769561757602,46.38866856755215],[13.377419848687673,46.388425116388525],[13.379051737986694,46.388204999782616],[13.398183890057888,46.38284734986977],[13.41067556794397,46.37587558193977],[13.423801577450908,46.372082184463906],[13.443300082584281,46.370825155804845],[13.468117732477328,46.36955914698341],[13.479468784529791,46.36906466818872],[13.481981005241812,46.368997544073466],[13.481762321185581,46.36841204326268],[13.481433913814305,46.36758784869623],[13.48088648841987,46.36716387193475],[13.476836657570868,46.36412291291187],[13.475736612162553,46.36345952162893],[13.470108059716406,46.36113736251991],[13.468091824495893,46.36076626675372],[13.467126300175376,46.360853562011236],[13.466349774989203,46.361185482436916],[13.464598252682473,46.361996615553466],[13.46083118121128,46.36286400288801],[13.459487893309767,46.362993019770364],[13.452070811443004,46.36306658499681],[13.448686337308184,46.362946546042274],[13.447922530848286,46.36282775517525],[13.438988500712322,46.360209792453546],[13.438440815866803,46.35979903424338],[13.437660916818391,46.35887971538425],[13.437465812002277,46.35754617112269],[13.437142377610412,46.355191486194194],[13.43813541945557,46.35319064070153],[13.444242827403897,46.342219270453704],[13.447041013941735,46.3374882299355],[13.447255734715048,46.33039164731052],[13.440534870271618,46.32481031672857],[13.43423038413204,46.32197848996349],[13.429531404621757,46.32230950772503],[13.425693379097869,46.32255309153259],[13.418141789134395,46.31817400070654],[13.417908322582289,46.31791544189967],[13.41771381461553,46.31770001978021],[13.415532678839327,46.31493561351569],[13.415347263232999,46.3141866749823],[13.415953380889873,46.311170373454345],[13.411199130086539,46.30579168356455],[13.402797140161272,46.299995497446],[13.39036899844144,46.299173691622094],[13.375547489950051,46.29821771287604],[13.379885304883965,46.30196174801999],[13.380388385828327,46.30253653561912],[13.381123450201086,46.303541923475976],[13.380937153228645,46.304621659822786],[13.380498451576239,46.30539907195452],[13.380134790524885,46.305836089412],[13.37724032749275,46.307296100602294],[13.375607790905725,46.3078504530416],[13.373719776607258,46.30846289116804],[13.369554564143044,46.30964406808068],[13.366557463947391,46.31042936207712],[13.365798934781168,46.31058888888032],[13.364967123043442,46.310602705293434],[13.363709634192071,46.31055178375609],[13.358797743318023,46.31019943260816],[13.356629143437392,46.30974670470348],[13.353705541989598,46.309804260642956],[13.335496964393197,46.314084340258105],[13.333635790098281,46.314808118362386],[13.332229880194404,46.31561256638699],[13.33126059038537,46.316342764019396],[13.328432811080145,46.32002308834844],[13.321526283351409,46.32157645508771],[13.315048750168316,46.32269465304264],[13.30522950232487,46.32433912227482],[13.29200038650007,46.32824873197468],[13.271383104227935,46.33070087633177],[13.26176095863466,46.33177163595401],[13.25483975221383,46.3324574005962],[13.25398491130638,46.33414543738024],[13.251116473974932,46.335161398596334],[13.249201243430008,46.33529572284144],[13.245170353895091,46.336206297077005],[13.24322759262965,46.336814094948934],[13.238697987800204,46.338661057722184],[13.236185723709834,46.34042399355404],[13.233605535116919,46.34273201485648],[13.232256042827778,46.34420614609216],[13.228682491276588,46.34982913421812],[13.228900765681173,46.3508246454814],[13.229679362663918,46.35238445655352],[13.231298166660823,46.357391939183245],[13.230758223676997,46.36001319748795],[13.230659362708733,46.360678457554584],[13.231515560250354,46.362734892502324],[13.234129419758254,46.36592330488156],[13.24107605594512,46.371052411402495],[13.24703186690846,46.375986257573686],[13.246285886540965,46.37962826063974],[13.24451377496735,46.37985379194987],[13.244812574879347,46.38310969423882],[13.246286730775882,46.3861916619208],[13.247138530042125,46.38720407968402],[13.251821048204835,46.38841588576754],[13.25480665695697,46.388588167567384],[13.257302839535507,46.38863460200272],[13.261644369786403,46.38871112983565],[13.263973253990375,46.38825960241939],[13.26648910062319,46.38812059948958],[13.267984010324358,46.3881502321645],[13.274549892597983,46.388602106538215],[13.276061576766615,46.388919036910806]]]},"properties":{"name":"Resia","op_id":"3889","minint_elettorale":"1060850920","minint_finloc":"2060850920","prov_name":"Udine","prov_istat_code":"030","prov_istat_code_num":30,"prov_acr":"UD","prov_iso_3166_2":"IT-UD","reg_name":"Friuli-Venezia Giulia","reg_istat_code":"06","reg_istat_code_num":6,"reg_iso_3166_2":"IT-36","opdm_id":"3739","com_catasto_code":"H242","com_istat_code":"030092","com_istat_code_num":30092}},
{"type":"Feature","geometry":{"type":"Polygon","coordinates":[[[13.24058064141494,46.39661528161997],[13.244417625865465,46.39620716867976],[13.25487954309205,46.395277622654135],[13.264029932057792,46.39470661808709],[13.272095766324865,46.39090369471559],[13.276061576766615,46.388919036910806],[13.274549892597983,46.388602106538215],[13.267984010324358,46.3881502321645],[13.26648910062319,46.38812059948958],[13.263973253990375,46.38825960241939],[13.261644369786403,46.38871112983565],[13.257302839535507,46.38863460200272],[13.25480665695697,46.388588167567384],[13.251821048204835,46.38841588576754],[13.247138530042125,46.38720407968402],[13.246286730775882,46.3861916619208],[13.244812574879347,46.38310969423882],[13.24451377496735,46.37985379194987],[13.246285886540965,46.37962826063974],[13.24703186690846,46.375986257573686],[13.24107605594512,46.371052411402495],[13.234129419758254,46.36592330488156],[13.231515560250354,46.362734892502324],[13.230659362708733,46.360678457554584],[13.230758223676997,46.36001319748795],[13.231298166660823,46.357391939183245],[13.229679362663918,46.35238445655352],[13.228900765681173,46.3508246454814],[13.21990609958505,46.34836276764382],[13.21624378777702,46.34865562127355],[13.213689569149068,46.348875935222985],[13.211533051537444,46.34923905302506],[13.206748169852757,46.350909652072666],[13.205903144519956,46.351309838849815],[13.198578728567899,46.35782607985403],[13.196113698041701,46.361292030065286],[13.196072828492287,46.361536247538055],[13.19601501464833,46.36188070818884],[13.194809329550338,46.36258209762424],[13.193159776689798,46.36331327241488],[13.191590642892994,46.36399194710383],[13.188387967470028,46.36490160284912],[13.18824366972711,46.36890775589606],[13.19083892536243,46.37651723505534],[13.192106676382743,46.38773072888964],[13.19085173729896,46.38795681614751],[13.189644112886114,46.38866270978268],[13.189627538702952,46.38868677440388],[13.189198399747188,46.38930990374559],[13.188919138586742,46.38971540773311],[13.189625468067485,46.3923673598395],[13.195195608436038,46.39898532474955],[13.197648688450817,46.39914267317723],[13.198753241309522,46.39917855075253],[13.210404621925838,46.39851538328705],[13.218233910357155,46.39737575856166],[13.220192320415059,46.39674982753471],[13.223316303889408,46.395878207491556],[13.225125150760764,46.39546473626502],[13.226732304525253,46.3952297307302],[13.228409145030321,46.39527563180631],[13.232547641197515,46.39565331296193],[13.24058064141494,46.39661528161997]]]},"properties":{"name":"Resiutta","op_id":"3890","minint_elettorale":"1060850930","minint_finloc":"2060850930","prov_name":"Udine","prov_istat_code":"030","prov_istat_code_num":30,"prov_acr":"UD","prov_iso_3166_2":"IT-UD","reg_name":"Friuli-Venezia Giulia","reg_istat_code":"06","reg_istat_code_num":6,"reg_iso_3166_2":"IT-36","opdm_id":"3740","com_catasto_code":"H244","com_istat_code":"030093","com_istat_code_num":30093}},
{"type":"Feature","geometry":{"type":"Polygon","coordinates":[[[12.89154116230001,46.57172693491552],[12.889792873505824,46.56815862766446],[12.889554720361797,46.56305806877411],[12.889302727801224,46.56116061481703],[12.8861837295073,46.55649691409941],[12.881328487257788,46.55015913689729],[12.872351121681401,46.54523453570376],[12.867139443263753,46.540780811742536],[12.867189377437148,46.540713090095174],[12.86773187676811,46.539963817547886],[12.868477703397406,46.538574970447414],[12.86886504765146,46.536995757281524],[12.869284568160008,46.53495194002607],[12.869245940786193,46.53426019854459],[12.869131855655374,46.53405554747243],[12.869002036448572,46.53382291809156],[12.861325941711616,46.53169750319759],[12.853550281272796,46.53212666545101],[12.848546016920952,46.53402345042883],[12.847258217701496,46.534935381943185],[12.84416629867615,46.5352915020515],[12.838096554999373,46.53510410820471],[12.835166430847,46.535004509324786],[12.834637025189263,46.534905308967716],[12.833159640721963,46.53627795015199],[12.832010476445108,46.537137091393824],[12.831842438917299,46.53726270636673],[12.83040645214427,46.537603389843945],[12.828950089739042,46.537890374769376],[12.827239711930734,46.53820906511314],[12.802053070101005,46.546620627685535],[12.788470964075275,46.54934804121573],[12.783280852581449,46.550244601279644],[12.778823623165087,46.550473135332],[12.773617084905199,46.55047875482016],[12.769446289362767,46.5513815074159],[12.769601432149821,46.552078419272206],[12.770302537767774,46.553405349279224],[12.771796693316729,46.55546662641672],[12.77297257238806,46.556723850141346],[12.774358682696263,46.55788412840719],[12.774399860142129,46.557904027049844],[12.775753502403774,46.5585580741089],[12.781732860364514,46.561344740507145],[12.786377281344793,46.56488474483422],[12.789386318559963,46.567579617220694],[12.791553627109552,46.570095313166874],[12.797514515344448,46.572102413585775],[12.799494985321429,46.57236545009215],[12.800536760988967,46.572396629653454],[12.800607782765605,46.57239490303822],[12.804506032770094,46.57219830109583],[12.805195198867569,46.5719638248266],[12.808359337592714,46.570823219609345],[12.823802786212244,46.57468899176695],[12.83099905519889,46.57611909109698],[12.849499564188553,46.57721169989756],[12.859167870535252,46.576610958899806],[12.87405696846401,46.57652345762802],[12.890488644437307,46.57903106696996],[12.89154116230001,46.57172693491552]]]},"properties":{"name":"Rigolato","op_id":"3891","minint_elettorale":"1060850940","minint_finloc":"2060850940","prov_name":"Udine","prov_istat_code":"030","prov_istat_code_num":30,"prov_acr":"UD","prov_iso_3166_2":"IT-UD","reg_name":"Friuli-Venezia Giulia","reg_istat_code":"06","reg_istat_code_num":6,"reg_iso_3166_2":"IT-36","opdm_id":"3741","com_catasto_code":"H289","com_istat_code":"030094","com_istat_code_num":30094}},
{"type":"Feature","geometry":{"type":"Polygon","coordinates":[[[13.074944705973298,46.15813536990623],[13.072659175427225,46.15237083436276],[13.071709064211547,46.15287727228557],[13.070031550032294,46.15310362127351],[13.065138733089503,46.15264795194205],[13.064209871844936,46.15180795080225],[13.064445160748797,46.15137651930046],[13.06331368750782,46.14522866980057],[13.057243627129148,46.13595762823861],[13.053163823768383,46.12830779144555],[13.051533648913047,46.121757027623936],[13.04854407603737,46.11909277330739],[13.046029577723516,46.11849338709485],[13.04454905512847,46.115346053287816],[13.043056053196956,46.10520081575227],[13.043298877841346,46.10015617628929],[13.043750370911901,46.098790030989555],[13.04385992778731,46.09857463771301],[13.03736127486952,46.09871471598543],[13.037163367291829,46.09917176425758],[13.035897880715568,46.10058918568828],[13.034444182662575,46.102121259264734],[13.026171245168586,46.105531809219386],[13.024705560154963,46.10561547313853],[13.0154140779177,46.10466668359573],[13.009632991944963,46.103287941429066],[13.008916608394246,46.10284989010308],[13.006993333298917,46.09986161668551],[13.006028580735777,46.097495728643096],[13.00089247199044,46.09378987651435],[12.99297695799427,46.099378670053035],[12.989815972485172,46.104000824410825],[12.988391023402507,46.10689044408364],[12.988809931495027,46.10785241271641],[12.988673652285343,46.109460237778116],[12.987898147519292,46.11259626988259],[12.986835637428053,46.1131053736882],[12.984613313468358,46.11363810239772],[12.983483275054326,46.11377206277717],[12.986201437041185,46.12028384368784],[12.99405024265556,46.12212912287466],[13.000231381998866,46.126530125618885],[13.000257568728106,46.12688023773441],[13.000560488054246,46.12890386328451],[13.001394462940048,46.130184225891014],[13.00188853204934,46.13081499801389],[13.00334706568199,46.132037442434225],[13.008881202956589,46.135448085347484],[13.01228877669124,46.13576033818356],[13.01372852473556,46.13529566547052],[13.014461876890246,46.13507634963738],[13.015702111798685,46.13477172732772],[13.01787200720358,46.13505538481665],[13.020783801940912,46.136780041602826],[13.021901497837911,46.137726204185434],[13.022412753778228,46.13864429860175],[13.023266276920113,46.14226859076688],[13.02506933198889,46.144351732570016],[13.028117587722452,46.14743501773392],[13.03440096429647,46.151780263174416],[13.041410776042534,46.15052490662695],[13.05223666134,46.15200870070065],[13.053123487261079,46.15355073652693],[13.054378800112923,46.154808420795916],[13.061423913138361,46.1603455337944],[13.062489746034704,46.16095564308044],[13.074944705973298,46.15813536990623]]]},"properties":{"name":"Rive d'Arcano","op_id":"3892","minint_elettorale":"1060850950","minint_finloc":"2060850950","prov_name":"Udine","prov_istat_code":"030","prov_istat_code_num":30,"prov_acr":"UD","prov_iso_3166_2":"IT-UD","reg_name":"Friuli-Venezia Giulia","reg_istat_code":"06","reg_istat_code_num":6,"reg_iso_3166_2":"IT-36","opdm_id":"3742","com_catasto_code":"H347","com_istat_code":"030095","com_istat_code_num":30095}},
{"type":"Feature","geometry":{"type":"Polygon","coordinates":[[[12.989163174099517,45.795827851078116],[12.990147796392803,45.796215471050175],[12.990790334088285,45.79663784430287],[12.99088031477543,45.79669749284461],[12.991265567270155,45.79695496774974],[12.991422007368518,45.79725030654087],[12.991458348748141,45.797318914504395],[12.991721975918235,45.79781661067679],[12.991709023222443,45.79818433263099],[12.991683082670104,45.7989206706529],[12.991644034528804,45.79904179791688],[12.991334979394214,45.799994942263744],[12.991241097494525,45.800106266457526],[12.990623193640017,45.80083895733445],[12.989571345243816,45.80147881840065],[12.988942304647477,45.801365803324714],[12.988603161135714,45.801296656676584],[12.987974247559393,45.80097209676805],[12.987867483612098,45.80087231994404],[12.987759274374408,45.80071277835908],[12.987355635705269,45.8000891049805],[12.987069103312349,45.79914049084807],[12.986923563954848,45.79848810633429],[12.986868953117332,45.798227665029046],[12.986776657530871,45.79746986980608],[12.98077436486319,45.79748305413919],[12.977301497385474,45.80329942808017],[12.974713010916272,45.80804628833292],[12.977883379823059,45.81371919480283],[12.978159476382487,45.81399259155249],[12.978453083975829,45.81428083118529],[12.978744301945477,45.8145666555554],[12.979879544357082,45.81481961184767],[12.981378774214772,45.815136340478475],[12.982009240860572,45.815222351204795],[12.982625497828897,45.81508467033134],[12.983489472334142,45.81489163611545],[12.98378759350186,45.81440166976696],[12.984009865014807,45.8140363544916],[12.984271446825792,45.81303533963418],[12.984365897902236,45.81266197150982],[12.984413085374879,45.81243258905802],[12.984584848300589,45.81162193370943],[12.98516342383971,45.810526076505546],[12.986108806083367,45.80972344606565],[12.987268836606942,45.808935811259914],[12.988383154938994,45.80873934133374],[12.989641206103698,45.809037391761144],[12.98990901111402,45.80911924240172],[12.990090413717697,45.809174690340804],[12.990649286206372,45.80939817876852],[12.991178040786478,45.80989657147096],[12.991583473985298,45.810279119954664],[12.993013696262041,45.812753913789834],[12.993411376988046,45.81418311011715],[12.993404356922825,45.814222423097085],[12.99324176500162,45.815014231809165],[12.993182787414423,45.815047865465345],[12.992073025161973,45.81568072481593],[12.990482663294333,45.81655997880925],[12.988323560284547,45.81766437182907],[12.987980504531178,45.81780361557714],[12.987288351322029,45.81808452903054],[12.986608337384551,45.81835784453829],[12.986029320232356,45.81848246578071],[12.985207799076782,45.81865711374737],[12.98464313763462,45.818720817256306],[12.983695270312378,45.818826964433036],[12.981947597841923,45.81872594363019],[12.981316988846073,45.81867144723658],[12.97981110275364,45.81847198949888],[12.979091499926376,45.818522072630316],[12.978103136540708,45.818603534279305],[12.976805227879105,45.81887393285449],[12.975492307282432,45.81925725534407],[12.975349569217457,45.81932377092119],[12.973317162887053,45.82027356522793],[12.97311390169548,45.820564109721055],[12.973033251098892,45.82067945924433],[12.973045341001834,45.82072245117665],[12.973206349854015,45.821292881631564],[12.973432757236793,45.82209292305395],[12.973897754211691,45.82269973712468],[12.981445749089758,45.824927589346515],[12.98207474233412,45.82729512419529],[12.982192375558654,45.82794361678789],[12.982566539447879,45.82870916232094],[12.983354717850498,45.82946359965983],[12.983809530880503,45.829898914029734],[12.985119090467768,45.83107282490841],[12.987251327293647,45.832632026979965],[12.996146538332487,45.83726052207324],[12.998495966920743,45.838269601655256],[13.000962279345172,45.83920394317613],[13.011523417499543,45.84309556667702],[13.012192508148663,45.843367772256],[13.012399087812621,45.843451815176294],[13.012419481851346,45.843483025257854],[13.01327844263363,45.844798054110015],[13.015112357048437,45.847920265701276],[13.016188009578368,45.849751382184024],[13.016435789432732,45.8501731427081],[13.020170103242846,45.85276897101334],[13.022006930012749,45.85215064200586],[13.024364086284715,45.85106838584892],[13.025809650490041,45.84990572943527],[13.026883257508274,45.84902173918292],[13.031283803851615,45.84041421746914],[13.032403852005848,45.83968602741211],[13.0337197146136,45.83882526758454],[13.036669945103748,45.83665476855838],[13.0378908649882,45.83562143060013],[13.03803476123521,45.83547751982885],[13.038343383872885,45.835168860545195],[13.038574324775345,45.834868153279615],[13.038711374256584,45.83461575792009],[13.038592905910843,45.833958360126275],[13.038189309666901,45.83260898516493],[13.037433324765693,45.8310605156723],[13.035235344817488,45.82686249102732],[13.032456281984478,45.82642541406079],[13.023490648833207,45.821247206648486],[13.02333614787296,45.82116672984595],[13.023298933418513,45.82113502574602],[13.02284919166312,45.82075183392732],[13.022176105717278,45.819407386048994],[13.02193629183499,45.818569741127476],[13.021838290164192,45.81809992815076],[13.021617071868992,45.817032796864865],[13.021298641269423,45.815450808401096],[13.029013509105027,45.802977450135934],[13.02661587035687,45.80202328962527],[13.013592774864337,45.79549623637845],[13.011829158283685,45.79517148050219],[13.010804865109652,45.79499146843847],[13.008627212950879,45.79468095855243],[12.994323474922929,45.79566427762246],[12.989163174099517,45.795827851078116]]]},"properties":{"name":"Ronchis","op_id":"3894","minint_elettorale":"1060850970","minint_finloc":"2060850970","prov_name":"Udine","prov_istat_code":"030","prov_istat_code_num":30,"prov_acr":"UD","prov_iso_3166_2":"IT-UD","reg_name":"Friuli-Venezia Giulia","reg_istat_code":"06","reg_istat_code_num":6,"reg_iso_3166_2":"IT-36","opdm_id":"3743","com_catasto_code":"H533","com_istat_code":"030097","com_istat_code_num":30097}},
{"type":"Feature","geometry":{"type":"Polygon","coordinates":[[[13.338460793855177,45.85161108067682],[13.339548960234653,45.85276131515705],[13.349370610373086,45.85924267463952],[13.349803103151087,45.85925682984911],[13.350323140648232,45.859273846033865],[13.351137945850972,45.859139256436904],[13.35623317479716,45.85672143685026],[13.365767207290672,45.85250818003825],[13.367297647985403,45.853233331360116],[13.369338305001087,45.85437933408086],[13.369376548881098,45.854408558989796],[13.370106567375652,45.85496648153719],[13.370143802180232,45.854569004203086],[13.371342950554371,45.85453204000274],[13.372076569898443,45.854544442390456],[13.373144698204879,45.85460249543326],[13.376889862097762,45.85516096539848],[13.380874100771933,45.85588556507013],[13.383871033981288,45.856409634403235],[13.391002561601598,45.85619726835736],[13.39116095433042,45.85546944064133],[13.391492271338828,45.8539469568116],[13.391926316537518,45.851855437126275],[13.391571932432436,45.85031187532423],[13.40607048227613,45.84773184296715],[13.408292834215759,45.84341532272458],[13.410390039890174,45.84216857488762],[13.412519770429798,45.84332393328937],[13.414067749376155,45.84467717155754],[13.415213500819753,45.84691463994709],[13.415876153245462,45.8483865684324],[13.415890599066753,45.84841865704706],[13.41590034252003,45.848493945314324],[13.416011994331221,45.84933671239041],[13.415808777985117,45.84588846922934],[13.421073158046884,45.84036192390878],[13.428917440446451,45.83909221911968],[13.42814161228402,45.83460814306658],[13.427600012695752,45.834440017199064],[13.427221696043691,45.83432257362479],[13.426557724402183,45.834116445921836],[13.426086731071997,45.83396782356982],[13.42605103489244,45.83296105357079],[13.426253141934234,45.82034684015163],[13.426337282768033,45.813228031539],[13.422074036962465,45.81423953627615],[13.420928811457365,45.81446656039831],[13.416908650585311,45.815263367819256],[13.412701008067561,45.81474666588216],[13.41101406655278,45.8128676379483],[13.411592189405237,45.8121206799133],[13.41047711442034,45.811052139540934],[13.40849635207667,45.80924904062643],[13.408244437679494,45.809180547875656],[13.408141184058527,45.809152548280466],[13.408068815196314,45.809132932235265],[13.407983332809003,45.80910976340679],[13.402120051011238,45.80913271262123],[13.40044052684613,45.80945739171456],[13.399469537670939,45.81161816562577],[13.399464558552216,45.81197602803652],[13.399461369375983,45.812205310311036],[13.399459540099931,45.812691594662496],[13.40042505947411,45.819905510304594],[13.391606269380446,45.82485617483449],[13.389469432739967,45.8258199659029],[13.38887435327592,45.82580298409769],[13.388194686508275,45.825783583191765],[13.388069295729528,45.82578000077281],[13.385742143136278,45.82509635696793],[13.38529157681888,45.824779075552684],[13.383603671265135,45.82322759168291],[13.382258210850997,45.82191592227728],[13.379684142340123,45.82591079578632],[13.379468584198747,45.833916838948575],[13.379720220914374,45.834128744041124],[13.379257725585939,45.83480810557978],[13.377421619561662,45.83698684756922],[13.37656329960963,45.83718051479542],[13.370991877711823,45.837006671055654],[13.367390109602827,45.835965058155466],[13.365828543263488,45.834574125659834],[13.365080206982318,45.830918493865816],[13.364727105643238,45.83061246891802],[13.364221639573836,45.83030327229987],[13.363834211887852,45.83015831444473],[13.36368689310498,45.83010320121253],[13.358249128311128,45.82849737157278],[13.356040437503282,45.827852645661096],[13.354263229238422,45.82874413902414],[13.354003320873222,45.829712707426786],[13.354142659923092,45.83004588393736],[13.354193487261545,45.83016741508239],[13.354496170080504,45.83089107171374],[13.355590812440813,45.83112493719066],[13.356125437809716,45.831967496260376],[13.356631334995479,45.83336945076671],[13.356621046291597,45.833406758392826],[13.356611223160861,45.83344236227739],[13.356602977173688,45.83347096226194],[13.356453316533324,45.833989279887845],[13.355670185529778,45.83562591731599],[13.350632211534009,45.83880218633837],[13.346001386515558,45.83949178981382],[13.3420018020941,45.839315582966265],[13.33824845943569,45.84837997890932],[13.338460793855177,45.85161108067682]]]},"properties":{"name":"Ruda","op_id":"3895","minint_elettorale":"1060850980","minint_finloc":"2060850980","prov_name":"Udine","prov_istat_code":"030","prov_istat_code_num":30,"prov_acr":"UD","prov_iso_3166_2":"IT-UD","reg_name":"Friuli-Venezia Giulia","reg_istat_code":"06","reg_istat_code_num":6,"reg_iso_3166_2":"IT-36","opdm_id":"3744","com_catasto_code":"H629","com_istat_code":"030098","com_istat_code_num":30098}},
{"type":"Feature","geometry":{"type":"Polygon","coordinates":[[[12.986201437041185,46.12028384368784],[12.98166336425825,46.12040657706882],[12.974288783042969,46.1215751818508],[12.971994820794093,46.12315992835285],[12.970524021214963,46.12407069366964],[12.966425934575573,46.126058379627686],[12.963185090825036,46.12736882770797],[12.959306957396404,46.12815526699026],[12.952432718759384,46.12924864179028],[12.937608083117379,46.131626795397864],[12.938614475830883,46.134208812802854],[12.941162283246085,46.143623394031614],[12.943931110032574,46.14614040297205],[12.947896142267792,46.15135567606268],[12.950193258777462,46.151157877034294],[12.96518651721619,46.15158751953093],[12.977675615174626,46.14966279676025],[12.987700762485916,46.151950739189566],[12.992727290226142,46.160654365037466],[12.99568246075668,46.16746813273353],[12.99851412722292,46.17178839954956],[13.004571561167978,46.17709807556817],[13.00883340157164,46.17807357090211],[13.012591486781035,46.18125836676643],[13.013457190342978,46.18204697450712],[13.014198885527936,46.18303349847579],[13.017405490908896,46.18935182189174],[13.017191603764815,46.190250409109865],[13.016664527034152,46.19195212933197],[13.01627185080934,46.19313156256779],[13.015348466426051,46.19465371864887],[13.013215471159063,46.1977305293125],[13.01039562758494,46.20261360331546],[13.00746315449029,46.207703106539306],[13.0059136612153,46.21040376634907],[13.005116434037028,46.21169635720758],[13.00963213142115,46.21333798024466],[13.023669075641184,46.218145499455964],[13.025206740593536,46.21865835909592],[13.03008367914954,46.210614974172],[13.032901398734396,46.20795469470533],[13.034103986113351,46.207669160789266],[13.036567886946031,46.206938479092116],[13.036286802431189,46.20574681964917],[13.033295968618944,46.20053753134693],[13.032746803930419,46.19993137021893],[13.030776405903385,46.19777324690873],[13.029513273073825,46.196863765864315],[13.028347803352803,46.19610383111658],[13.027327084249578,46.19528476211178],[13.026376070297049,46.19433272006187],[13.02565876047048,46.19338592861076],[13.025089163231746,46.19227639760639],[13.02370660609929,46.18926485741781],[13.022176748349924,46.18494432370209],[13.026551991393358,46.17602766902502],[13.02983482078879,46.17408911336578],[13.038626364541852,46.17205466096224],[13.04774246880543,46.16886944082122],[13.047414894335216,46.1664057911058],[13.057037654236838,46.16207219433607],[13.062489746034704,46.16095564308044],[13.061423913138361,46.1603455337944],[13.054378800112923,46.154808420795916],[13.053123487261079,46.15355073652693],[13.05223666134,46.15200870070065],[13.041410776042534,46.15052490662695],[13.03440096429647,46.151780263174416],[13.028117587722452,46.14743501773392],[13.02506933198889,46.144351732570016],[13.023266276920113,46.14226859076688],[13.022412753778228,46.13864429860175],[13.021901497837911,46.137726204185434],[13.020783801940912,46.136780041602826],[13.01787200720358,46.13505538481665],[13.015702111798685,46.13477172732772],[13.014461876890246,46.13507634963738],[13.01372852473556,46.13529566547052],[13.01228877669124,46.13576033818356],[13.008881202956589,46.135448085347484],[13.00334706568199,46.132037442434225],[13.00188853204934,46.13081499801389],[13.001394462940048,46.130184225891014],[13.000560488054246,46.12890386328451],[13.000257568728106,46.12688023773441],[13.000231381998866,46.126530125618885],[12.99405024265556,46.12212912287466],[12.986201437041185,46.12028384368784]]]},"properties":{"name":"San Daniele del Friuli","op_id":"3896","minint_elettorale":"1060850990","minint_finloc":"2060850990","prov_name":"Udine","prov_istat_code":"030","prov_istat_code_num":30,"prov_acr":"UD","prov_iso_3166_2":"IT-UD","reg_name":"Friuli-Venezia Giulia","reg_istat_code":"06","reg_istat_code_num":6,"reg_iso_3166_2":"IT-36","opdm_id":"3745","com_catasto_code":"H816","com_istat_code":"030099","com_istat_code_num":30099}},
{"type":"Feature","geometry":{"type":"Polygon","coordinates":[[[13.221842755191489,45.771785156432394],[13.225945822026834,45.77262333865858],[13.227006922076797,45.773610162418166],[13.224023334043379,45.77720484015378],[13.221153584859968,45.780514913413896],[13.217464714869319,45.78606115660354],[13.216147570270394,45.78821165984988],[13.21811563309559,45.79004848080018],[13.216508012580864,45.79469725960242],[13.21276618298853,45.796829554527385],[13.206738974238931,45.803061972515025],[13.206867076474598,45.80522019533353],[13.200645591197253,45.80900052233305],[13.19370818945245,45.81180315678518],[13.183319568634861,45.820519804948596],[13.175872263179215,45.82626995018939],[13.173115259608377,45.82920630718367],[13.172580798334042,45.83007561134376],[13.176096458050646,45.8379093423617],[13.176591386262421,45.83930441519978],[13.17983906140732,45.8420727239177],[13.182672178131087,45.84297144448509],[13.187565215288584,45.843213648814135],[13.189434036753996,45.84269774949184],[13.195725888655172,45.84096048223494],[13.1972422437495,45.840313983204766],[13.197938069694034,45.83985294712986],[13.20513925457965,45.841926836070634],[13.210058782295144,45.84514448522611],[13.21826245998294,45.84737974526989],[13.21870324040485,45.84742050243913],[13.21885344458094,45.847434389621085],[13.220524402068188,45.847548106606624],[13.222589706661612,45.8472686148488],[13.22331825337744,45.84656705636852],[13.22465359598971,45.84480288267904],[13.225308193267145,45.84344644161219],[13.22530704022215,45.842730889304576],[13.225214940386943,45.84218521224824],[13.225155991699179,45.84191736565825],[13.225101307513757,45.841748375466345],[13.224987398060557,45.84154105519434],[13.224608195342206,45.840988018521664],[13.229943525873122,45.836580373915936],[13.230606327205718,45.837075185263366],[13.232030333183406,45.83805299905703],[13.23261397014136,45.838347567352336],[13.234751902496921,45.839426535195685],[13.23545274809199,45.83978021442113],[13.240083143865085,45.84117439369984],[13.240211466155321,45.84096554543501],[13.240370118991361,45.84070731335784],[13.240544387597009,45.840423638838296],[13.240722122757637,45.84010058941454],[13.241691956007225,45.83833768660898],[13.244538204355573,45.829739117056214],[13.244573764427455,45.82959974037502],[13.244940409872969,45.828162427425305],[13.2449230119156,45.82812400918966],[13.244869205577116,45.82811962980539],[13.242368277924498,45.827916096159605],[13.242244586825555,45.82790796178295],[13.241529600159026,45.82786093938288],[13.241112734047848,45.82783352191368],[13.239002185384916,45.82769469917535],[13.238207410001891,45.82766655453043],[13.235888738871065,45.82758442504522],[13.235839174844553,45.82758268684699],[13.233923902588783,45.827591457246605],[13.23376451978106,45.827592188872195],[13.233165849409104,45.82768619543234],[13.232387983833307,45.82452291470903],[13.238203336621314,45.81830906982384],[13.24233952706832,45.81532438598314],[13.243831051585733,45.81456229280605],[13.244405450775892,45.8139041640066],[13.244479888222106,45.81381886960743],[13.244565869150929,45.813720345661736],[13.245653895594765,45.81142052222605],[13.240164930999704,45.81079660351469],[13.233949548718304,45.810140870849736],[13.233727843247177,45.8101206116161],[13.23349438177042,45.81009927608906],[13.231662160636208,45.80983871245884],[13.229786818610325,45.808882133073226],[13.228020019784454,45.80698986994945],[13.227781547327867,45.806008571983945],[13.22716796494828,45.80221028299539],[13.232963775905093,45.79351161292803],[13.238937431022892,45.78645775822128],[13.243416875102582,45.7839463465311],[13.247348434631808,45.78001945415323],[13.24775876273025,45.77919856203374],[13.247739997222384,45.77773654581503],[13.247248023362378,45.77624714888058],[13.246724685890564,45.775253983622434],[13.246123930931997,45.77429972172217],[13.244243522110525,45.76948651018593],[13.243465831754984,45.76479426661886],[13.243761701697473,45.75697463761408],[13.241562930983898,45.75694659041239],[13.237014995539434,45.75418854457002],[13.23507995299763,45.75337727022407],[13.23502819592542,45.75338369287184],[13.229741368730226,45.75429099054677],[13.228480074532262,45.75474283254708],[13.226939120399596,45.75549306072551],[13.226575296496172,45.7560061026078],[13.224105667992603,45.76249303555831],[13.223369755651511,45.76910024152809],[13.223250245273476,45.76956594178841],[13.222863590649661,45.770433173775146],[13.222429944629416,45.77111983056983],[13.221842755191489,45.771785156432394]]]},"properties":{"name":"San Giorgio di Nogaro","op_id":"3897","minint_elettorale":"1060851000","minint_finloc":"2060851000","prov_name":"Udine","prov_istat_code":"030","prov_istat_code_num":30,"prov_acr":"UD","prov_iso_3166_2":"IT-UD","reg_name":"Friuli-Venezia Giulia","reg_istat_code":"06","reg_istat_code_num":6,"reg_iso_3166_2":"IT-36","opdm_id":"3746","com_catasto_code":"H895","com_istat_code":"030100","com_istat_code_num":30100}},
{"type":"Feature","geometry":{"type":"Polygon","coordinates":[[[13.420427064812976,45.938782298967304],[13.416672892603032,45.93745604738066],[13.405872307451393,45.93546185685149],[13.399913079403383,45.93246437828284],[13.395497898370047,45.93135480525118],[13.38914595625164,45.93247886266844],[13.387129128464295,45.93706608549879],[13.386029613890429,45.94162247688043],[13.38631498369318,45.946392723473245],[13.382966151564519,45.94808720010183],[13.379316576630039,45.94939550166815],[13.377135776585943,45.949759225559596],[13.376527062165662,45.9497825840429],[13.376051089806442,45.949800846480414],[13.370116099904065,45.9519726662657],[13.372702922136845,45.95445241189521],[13.375806497215738,45.95992315156842],[13.379155754582165,45.96560251070702],[13.385239036738959,45.97422385772383],[13.386160141649642,45.97533159453828],[13.389773694267998,45.97853652904547],[13.398301680589807,45.98597524227563],[13.401239001806108,45.99323019565989],[13.400295368683715,45.99462129458102],[13.400690282827215,45.996158760583896],[13.400985024712787,45.99711502999529],[13.40216768033362,45.99820355741708],[13.403403493358157,45.99833585411927],[13.413488466159128,45.99882819304704],[13.421401560630535,45.994862719060635],[13.426296860038217,45.99392126709271],[13.427489407151612,45.9923807667689],[13.435646823197287,45.98726680304104],[13.436437815731482,45.98680335594279],[13.437260744899929,45.985567149043504],[13.438127534445726,45.98400136969672],[13.43418956715994,45.97915871431334],[13.431088159046219,45.97607481459263],[13.429835760057564,45.975071718047865],[13.427671471422396,45.97320108057029],[13.42398438919776,45.96819812791213],[13.424517549991156,45.96820546768052],[13.425225508499961,45.968318588959235],[13.425460432810155,45.96839418074473],[13.426132438632557,45.9686141281053],[13.426367357429955,45.96869102612369],[13.43002183250027,45.96995938730298],[13.436635793712314,45.97206513748825],[13.43861442335421,45.97009337025081],[13.44263672492777,45.95970806341493],[13.442786692313483,45.95891790122696],[13.442776005188897,45.95792818188876],[13.44231035440624,45.957068731945654],[13.438775984102953,45.95606315843046],[13.431136719806458,45.95469946758911],[13.428220186231185,45.95334553631551],[13.426930107957567,45.9515008679222],[13.428201547686234,45.947415906350024],[13.424684976650687,45.94417996168171],[13.420219667622732,45.9415344065429],[13.420180784125696,45.94087600898902],[13.420159557848866,45.940516409898876],[13.420395501213752,45.93898687107153],[13.420427064812976,45.938782298967304]]]},"properties":{"name":"San Giovanni al Natisone","op_id":"3898","minint_elettorale":"1060851010","minint_finloc":"2060851010","prov_name":"Udine","prov_istat_code":"030","prov_istat_code_num":30,"prov_acr":"UD","prov_iso_3166_2":"IT-UD","reg_name":"Friuli-Venezia Giulia","reg_istat_code":"06","reg_istat_code_num":6,"reg_iso_3166_2":"IT-36","opdm_id":"3747","com_catasto_code":"H906","com_istat_code":"030101","com_istat_code_num":30101}},
{"type":"Feature","geometry":{"type":"Polygon","coordinates":[[[13.557376723959582,46.161698735054415],[13.562783487828703,46.15501524676642],[13.566681003103731,46.15053870702736],[13.577832014240222,46.14596918247625],[13.580160900089425,46.14451205747352],[13.57741044664828,46.14175104018479],[13.578949398187548,46.13223799277848],[13.576422589217726,46.13182185615293],[13.572180067014989,46.130182738301876],[13.571027808865837,46.12968434187347],[13.569147164842413,46.12883256785041],[13.56088545155602,46.12507914006163],[13.557230378625599,46.12333719248564],[13.560727915891684,46.12058234648172],[13.56448845933475,46.116831452374946],[13.569615558455366,46.111234469495365],[13.570417809848637,46.10872242412855],[13.561310515002766,46.103686283811776],[13.55241928892114,46.09831672046197],[13.54926406957927,46.09626881434727],[13.545527019501016,46.09372193474132],[13.544634020961771,46.09328500929268],[13.54261107832074,46.092973986198864],[13.54131693836826,46.09304803037391],[13.540097667478191,46.093128072080994],[13.537919420383282,46.093336278274435],[13.535928430894518,46.09476115159284],[13.534711087513509,46.09574117701582],[13.534233170884933,46.09622372334345],[13.533600986277076,46.097121984070164],[13.522667312273335,46.09574232662159],[13.522100422849418,46.09560974173202],[13.5214330594629,46.095453660345385],[13.518330987553306,46.0953335635759],[13.516811967804026,46.09555574649928],[13.514095833740726,46.096990935425595],[13.509867180059592,46.099311610077],[13.515515272744745,46.10196645432184],[13.515913559761701,46.10299929322317],[13.515626047877719,46.10357775464249],[13.50654010105161,46.11279425386047],[13.505714389463327,46.11355662819559],[13.505325978368553,46.11366783723248],[13.50507927432713,46.113738419253984],[13.504878507784118,46.113766149006494],[13.504402531863995,46.1138316418215],[13.504298783176404,46.11384590276889],[13.500169741650572,46.114337415308945],[13.498410968947779,46.11433713869839],[13.497132294414346,46.11484467042858],[13.495920514537213,46.11887058272746],[13.49779566852916,46.119845250262834],[13.499429954779202,46.120154360574176],[13.502605136137662,46.12003356767208],[13.503817454590028,46.12014773164687],[13.507556746975885,46.121683258724545],[13.510844460375516,46.1230564963707],[13.512058916665758,46.12411559182115],[13.510964845847985,46.127412127122355],[13.514426693060326,46.13808626116453],[13.519985514098428,46.14034595255121],[13.529764756659207,46.14603384006776],[13.53593736500076,46.146666196534646],[13.54023459660587,46.14869151828591],[13.5505424016852,46.15559875036663],[13.554456980067958,46.15894397431818],[13.556445585966802,46.16066028237018],[13.557376723959582,46.161698735054415]]]},"properties":{"name":"San Leonardo","op_id":"3899","minint_elettorale":"1060851020","minint_finloc":"2060851020","prov_name":"Udine","prov_istat_code":"030","prov_istat_code_num":30,"prov_acr":"UD","prov_iso_3166_2":"IT-UD","reg_name":"Friuli-Venezia Giulia","reg_istat_code":"06","reg_istat_code_num":6,"reg_iso_3166_2":"IT-36","opdm_id":"3748","com_catasto_code":"H951","com_istat_code":"030102","com_istat_code_num":30102}},
{"type":"Feature","geometry":{"type":"Polygon","coordinates":[[[13.506411453553103,46.09506251554675],[13.503028560867888,46.099093594701785],[13.49601772581959,46.10237654028055],[13.490424685865829,46.10444660529852],[13.486098813247969,46.10643955402445],[13.47800769975079,46.110488071987746],[13.468994467570518,46.116435571944514],[13.466137397852574,46.11938789959418],[13.464505073706432,46.12176960898611],[13.460165280586144,46.12529735369492],[13.458386815339736,46.12624842554565],[13.455808364794569,46.1272312859019],[13.449806593564091,46.12929133680753],[13.459853850580744,46.135394760116405],[13.468883819890424,46.13328615338375],[13.482606920111799,46.14227887864323],[13.485920956536948,46.14591111880652],[13.486329387355122,46.148600958298005],[13.485692919965752,46.15144758849621],[13.486922105660195,46.15573311782852],[13.489450333240319,46.15900050097129],[13.495963025955286,46.16571091222635],[13.49808666553577,46.166234776563144],[13.502823651871537,46.16734856559967],[13.506535828617187,46.16755303081019],[13.507231492837997,46.16673344071773],[13.508030638134866,46.165932260141815],[13.508416385127198,46.165561252019124],[13.50951359257896,46.16517605497439],[13.510584672822306,46.164868183658164],[13.511526334247392,46.16500648020584],[13.512108256430862,46.165528021079204],[13.515361445107931,46.170286929626236],[13.51710038289142,46.17497070402042],[13.517665759292788,46.17992594320555],[13.518211415747798,46.179449781367],[13.519941040184465,46.17869718265521],[13.5279401991416,46.17608915962038],[13.529899647215505,46.17548479859949],[13.53121660977553,46.17516246883937],[13.532755248758736,46.17189692538791],[13.531232067389963,46.16490051914453],[13.52595808915304,46.16204500080852],[13.523673234871378,46.160780952396856],[13.523908148243029,46.159245946466925],[13.524299306690732,46.158222296011054],[13.525165777669297,46.156756732601615],[13.52582454370957,46.15582296411446],[13.527451440193515,46.15362816192235],[13.528960219504256,46.152425114302616],[13.531518348717206,46.150685316614556],[13.53593736500076,46.146666196534646],[13.529764756659207,46.14603384006776],[13.519985514098428,46.14034595255121],[13.514426693060326,46.13808626116453],[13.510964845847985,46.127412127122355],[13.512058916665758,46.12411559182115],[13.510844460375516,46.1230564963707],[13.507556746975885,46.121683258724545],[13.503817454590028,46.12014773164687],[13.502605136137662,46.12003356767208],[13.499429954779202,46.120154360574176],[13.49779566852916,46.119845250262834],[13.495920514537213,46.11887058272746],[13.497132294414346,46.11484467042858],[13.498410968947779,46.11433713869839],[13.500169741650572,46.114337415308945],[13.504298783176404,46.11384590276889],[13.504402531863995,46.1138316418215],[13.504878507784118,46.113766149006494],[13.50507927432713,46.113738419253984],[13.505325978368553,46.11366783723248],[13.505714389463327,46.11355662819559],[13.50654010105161,46.11279425386047],[13.515626047877719,46.10357775464249],[13.515913559761701,46.10299929322317],[13.515515272744745,46.10196645432184],[13.509867180059592,46.099311610077],[13.506411453553103,46.09506251554675]]]},"properties":{"name":"San Pietro al Natisone","op_id":"3900","minint_elettorale":"1060851030","minint_finloc":"2060851030","prov_name":"Udine","prov_istat_code":"030","prov_istat_code_num":30,"prov_acr":"UD","prov_iso_3166_2":"IT-UD","reg_name":"Friuli-Venezia Giulia","reg_istat_code":"06","reg_istat_code_num":6,"reg_iso_3166_2":"IT-36","opdm_id":"3749","com_catasto_code":"I092","com_istat_code":"030103","com_istat_code_num":30103}},
{"type":"Feature","geometry":{"type":"Polygon","coordinates":[[[13.278074743370153,45.91075296619263],[13.277862083370996,45.912532213749266],[13.276920542926305,45.91472078014115],[13.27366413600202,45.920324565582185],[13.268326070398683,45.92574515807759],[13.267106488407531,45.92678541865226],[13.265817027749609,45.928239204903875],[13.263538341413991,45.93203600593631],[13.265649879616515,45.93375731462582],[13.26768865843826,45.934508975138684],[13.268354101687168,45.934754314110045],[13.267928049450827,45.93682700295608],[13.267268842561444,45.93938100070872],[13.264446792495896,45.944180664019605],[13.260123083017104,45.94920736944291],[13.257806737024918,45.95147663664805],[13.256576744345626,45.95242267381499],[13.25471389098671,45.954728664163135],[13.256712503803701,45.95633761206558],[13.265154742346107,45.966144070679306],[13.271014733033248,45.97322476322805],[13.27095752441866,45.975886751204406],[13.272950108542592,45.9786565014257],[13.274311681357325,45.97984315179973],[13.276448708438418,45.98125500264945],[13.276531750113882,45.98130248542138],[13.2765897352427,45.98131269727996],[13.278155275185089,45.98147678424038],[13.27834779017624,45.981420889935826],[13.278681270786286,45.98034543135173],[13.27874028966264,45.978831001728906],[13.27795600339767,45.97874791925947],[13.277634460084256,45.978726663730434],[13.27716794823309,45.97668529566919],[13.276984918341645,45.974234245332156],[13.276831220242036,45.97172867222053],[13.276968715174334,45.970634376476866],[13.277341702276813,45.970079623884075],[13.277645433382334,45.969627884932365],[13.278007981731651,45.96911921181189],[13.286761904593359,45.961758122853766],[13.294997141471866,45.956459720325974],[13.297306215074387,45.95520709081389],[13.301770896178471,45.95060120065287],[13.306780437379947,45.942882661129396],[13.311451744224735,45.93643234702571],[13.311980503119162,45.93643037094813],[13.318123046672408,45.936774068916726],[13.322471210817541,45.93378749215044],[13.321970619005539,45.93371644856496],[13.320075758678007,45.93324815484247],[13.318130975585731,45.93268720611657],[13.315931671647563,45.92823832737119],[13.315562995970954,45.92418823330482],[13.316616782251762,45.92261364764528],[13.317378577781401,45.91963691127253],[13.310581700315614,45.91859085573604],[13.302985143371583,45.91670636409236],[13.291760362411853,45.912696161317264],[13.291421589040809,45.91246905947212],[13.288955004668644,45.91040166135047],[13.288856106515901,45.90962936133376],[13.288788833874014,45.90910394747819],[13.278074743370153,45.91075296619263]]]},"properties":{"name":"Santa Maria la Longa","op_id":"3903","minint_elettorale":"1060851040","minint_finloc":"2060851040","prov_name":"Udine","prov_istat_code":"030","prov_istat_code_num":30,"prov_acr":"UD","prov_iso_3166_2":"IT-UD","reg_name":"Friuli-Venezia Giulia","reg_istat_code":"06","reg_istat_code_num":6,"reg_iso_3166_2":"IT-36","opdm_id":"3750","com_catasto_code":"I248","com_istat_code":"030104","com_istat_code_num":30104}},
{"type":"Feature","geometry":{"type":"Polygon","coordinates":[[[13.38252361177399,45.870948853947304],[13.381654610038533,45.87205339522759],[13.379267461138244,45.87540713449128],[13.374143185179186,45.88320188291232],[13.370984119059063,45.88879059882694],[13.369751227452328,45.891772816041204],[13.369195331254978,45.89231618125918],[13.368211915078849,45.892412368309834],[13.367820332773547,45.892362294770535],[13.367332067547522,45.8922885401265],[13.365902496003699,45.89206874166394],[13.365723333353877,45.89203217747177],[13.363878476519174,45.89165562185631],[13.36190670208378,45.891168484360264],[13.360291971663502,45.904399061222755],[13.362445066563492,45.91144122353829],[13.363506926222735,45.91571669667423],[13.363085918103423,45.918617713236515],[13.363820184764467,45.92212709989477],[13.364329427144689,45.92367382415887],[13.367847214898235,45.92556894810409],[13.369757441181,45.924774819233],[13.376894818805697,45.922917895411416],[13.379406722131401,45.923617971575894],[13.3799652921499,45.92375337941719],[13.380047751385362,45.923773364134796],[13.381564020842688,45.92222992611524],[13.382259635101502,45.9213300825414],[13.382878443445735,45.92043766878053],[13.383928339096633,45.91847105485901],[13.386654146043675,45.91296551151921],[13.396663892616312,45.90857312900692],[13.3996877099997,45.8955905725776],[13.396356333413465,45.89466084192645],[13.397094504938304,45.88853458026664],[13.397993673672556,45.88590754085756],[13.398792102144704,45.88640780968841],[13.399588199103288,45.88693968557146],[13.400439961096545,45.88732988729203],[13.400926868529012,45.887304699333605],[13.401006156049812,45.8873005955604],[13.401125535509022,45.88729387341949],[13.401792488849663,45.886962645925706],[13.402229562636128,45.88650020915842],[13.402376610393388,45.88629200275728],[13.402374896789125,45.88610066430815],[13.402373628699001,45.885959086096825],[13.40228420901067,45.882834588059694],[13.40226958029309,45.8827875176091],[13.402179130936512,45.882496502896224],[13.402011898347707,45.88195846641857],[13.40098751355796,45.88126889222122],[13.399358397938315,45.88019124935968],[13.39795136766275,45.87932023242886],[13.391955446658663,45.87676989522796],[13.386222927919658,45.87429125866938],[13.38252361177399,45.870948853947304]]]},"properties":{"name":"San Vito al Torre","op_id":"3901","minint_elettorale":"1060851050","minint_finloc":"2060851050","prov_name":"Udine","prov_istat_code":"030","prov_istat_code_num":30,"prov_acr":"UD","prov_iso_3166_2":"IT-UD","reg_name":"Friuli-Venezia Giulia","reg_istat_code":"06","reg_istat_code_num":6,"reg_iso_3166_2":"IT-36","opdm_id":"3751","com_catasto_code":"I404","com_istat_code":"030105","com_istat_code_num":30105}},
{"type":"Feature","geometry":{"type":"Polygon","coordinates":[[[13.050899099822301,46.061506394807985],[13.051925481089492,46.06169497091857],[13.052887290988398,46.06191734401384],[13.052978357257537,46.06301672313175],[13.052924334363759,46.06310651943411],[13.051741430129471,46.065072381350504],[13.050544747240153,46.066023983832444],[13.045700651300686,46.071758437726984],[13.042790440831439,46.07728918374487],[13.038116356337678,46.07935062078136],[13.033179512770023,46.08895702720229],[13.033304470665142,46.08984509129631],[13.035914081889885,46.092820791596004],[13.037847199465803,46.09340495932022],[13.038970634595639,46.09566495045047],[13.03736127486952,46.09871471598543],[13.04385992778731,46.09857463771301],[13.044222076973407,46.09783270578053],[13.048045645461437,46.09769263361901],[13.049523803084675,46.097923739292646],[13.048661826116856,46.099997548141054],[13.052797573112565,46.102212196387605],[13.057992086558853,46.10049361008746],[13.061629752330985,46.099127150058756],[13.071025975353184,46.094588856015115],[13.07225294135361,46.08652069358051],[13.07478093880539,46.07850505302748],[13.075129042382702,46.07779954828556],[13.076071914509118,46.07600617994817],[13.076588115783759,46.07526764449427],[13.07457758074888,46.07394880665519],[13.073740642745182,46.073866409688065],[13.073571207690751,46.07384973081663],[13.068843872105786,46.074606777273175],[13.068253533224906,46.07619068183107],[13.065855629346123,46.075592084379274],[13.064184121506095,46.07497222951536],[13.060714057888749,46.07355965096572],[13.059974654648515,46.072538610246774],[13.059767583775885,46.072185997820775],[13.059254979605338,46.07131306516835],[13.059038025157493,46.07014166053826],[13.058994558131417,46.06621426547773],[13.054295163996715,46.061588297054456],[13.052811587103088,46.06076340363766],[13.051043434596311,46.06029962721785],[13.050715021143,46.060846850025584],[13.050899099822301,46.061506394807985]]]},"properties":{"name":"San Vito di Fagagna","op_id":"3902","minint_elettorale":"1060851060","minint_finloc":"2060851060","prov_name":"Udine","prov_istat_code":"030","prov_istat_code_num":30,"prov_acr":"UD","prov_iso_3166_2":"IT-UD","reg_name":"Friuli-Venezia Giulia","reg_istat_code":"06","reg_istat_code_num":6,"reg_iso_3166_2":"IT-36","opdm_id":"3752","com_catasto_code":"I405","com_istat_code":"030106","com_istat_code_num":30106}},
{"type":"Feature","geometry":{"type":"Polygon","coordinates":[[[12.606787802097015,46.46428481138321],[12.60750867931211,46.46523804303547],[12.608730010332339,46.4667112129238],[12.616775120204588,46.47365271572647],[12.618160554720175,46.474450378101466],[12.618471298998534,46.4745794088905],[12.619681093697467,46.475081736883666],[12.620751490660869,46.47536728332557],[12.6334312740373,46.474403016637076],[12.636874295575936,46.47368501506006],[12.638282089577633,46.47335319068733],[12.642348616810223,46.47233173843196],[12.643755814945044,46.47126442418138],[12.64386005607975,46.47118524415475],[12.64604809033181,46.468797804617964],[12.649047723217054,46.46656440069682],[12.654855411104915,46.465457668825266],[12.656087856193814,46.4653040469108],[12.6566923498678,46.465408765658246],[12.658815955007105,46.465954896136516],[12.662363382893748,46.46796732206011],[12.662417360073025,46.468619538882294],[12.66242912654309,46.46886226520654],[12.662443256794553,46.469168557626084],[12.66240903304951,46.469203999245416],[12.661391569203422,46.47024759710327],[12.6574864006893,46.478121439882614],[12.656647959385023,46.48143134955744],[12.654062834003472,46.4843870368024],[12.653172673430197,46.48481152535316],[12.652069091237305,46.48507642650282],[12.652927265218873,46.4856791986043],[12.654320400631363,46.486318685613206],[12.655740184560097,46.48604375028633],[12.659365081172336,46.48524019153654],[12.663477352358209,46.4839417527223],[12.666647760122077,46.482611452557315],[12.671947063379276,46.48027209834363],[12.678772732678114,46.47816236195596],[12.679808931103272,46.47801199483065],[12.68024478844696,46.47846146181835],[12.6788367144075,46.48066695048798],[12.675793688921914,46.48528741626392],[12.674632265168126,46.48572554358713],[12.67357008198557,46.48682176300393],[12.673286709221681,46.488284443146775],[12.673219257851583,46.48985719470236],[12.673880875164976,46.49053794824882],[12.680525700410104,46.48749339222178],[12.683647003888332,46.485813180329515],[12.686822269933229,46.48250207013069],[12.687191104688319,46.48168629926626],[12.687210450408948,46.48164349823852],[12.687277422659012,46.481075733417164],[12.687372438291815,46.48027019600229],[12.687632647872011,46.4796632594663],[12.689805565779382,46.478225003130184],[12.690921075022121,46.47803147028166],[12.692490568073099,46.47816973594926],[12.696298792158613,46.478887958073024],[12.697933797544506,46.47943822490842],[12.69975667205705,46.48011723829976],[12.70064072796306,46.4804486116905],[12.704638881930562,46.48422071377329],[12.712435651895506,46.48718522421095],[12.72293925141656,46.48777038498404],[12.729071244212395,46.48978448558288],[12.73831250847736,46.49316749569395],[12.746543665143676,46.49514850441263],[12.752064563191354,46.4930546664519],[12.756846449412727,46.49213243246005],[12.763197430940156,46.491041319984454],[12.76469273632671,46.49112254213601],[12.76526300738414,46.49120725050801],[12.770725331404154,46.47902035522102],[12.768858806043465,46.47792460479693],[12.76558990157302,46.474422319270104],[12.762960384664398,46.47107248819831],[12.76263467745406,46.46825254250197],[12.764204569226417,46.4642225861284],[12.766287780749776,46.461723755172144],[12.766615292402152,46.46136193099968],[12.767091638935783,46.46117521776374],[12.769155079497308,46.45944204513654],[12.770550817717282,46.45616477504928],[12.77161410976195,46.453460994598494],[12.771817444523709,46.45259922155288],[12.771496284566833,46.45218536801283],[12.770952563119467,46.45148472250781],[12.770174958403198,46.4507498437061],[12.76657826452845,46.45049949529141],[12.753505059503677,46.449753667413546],[12.733420207590177,46.44753353265594],[12.729929821086243,46.447499058516904],[12.71372351095771,46.447716669565295],[12.699290317435116,46.44976917895217],[12.697743723325617,46.450017265377866],[12.693697521721901,46.4517412756043],[12.692103254735938,46.452512859836204],[12.685854886174786,46.45493330411238],[12.675969395515901,46.45891509029356],[12.671654851836276,46.46056595186891],[12.671280992400453,46.46069953081806],[12.66995380099658,46.4611736601056],[12.669578545370445,46.461307710321],[12.667813732384031,46.46147691217825],[12.65848734499965,46.46028644193579],[12.653589579652971,46.459097642925435],[12.646491345773917,46.45726788135553],[12.645298829478131,46.45657240274735],[12.642287558185682,46.4508721643236],[12.641837626905135,46.44983795688866],[12.641689705116974,46.445157924797314],[12.637406158071125,46.44036215616811],[12.632261302852815,46.43800575071281],[12.632567270796962,46.439314591629525],[12.632604569486825,46.44090199325404],[12.63184237960604,46.44287484117403],[12.630072669323956,46.44370963825162],[12.626688694691882,46.44492164384912],[12.62366985545901,46.44514150897458],[12.622590001880596,46.445166771558384],[12.621387213545246,46.445276908557645],[12.619855203578204,46.44547848995394],[12.617294003716301,46.44647283484576],[12.616003420838828,46.447810109889744],[12.615492823343445,46.45054441598175],[12.615548036082956,46.45182322765341],[12.615550659765606,46.45188365516035],[12.615964548252874,46.454629196956205],[12.616575338831387,46.45587443310849],[12.617579461734339,46.45704867869209],[12.617976047426904,46.45900273208083],[12.616455308135794,46.46219204626572],[12.615493999605325,46.46275800952531],[12.6120395379959,46.46367284741442],[12.60929331475153,46.464219043321336],[12.606787802097015,46.46428481138321]]]},"properties":{"name":"Sauris","op_id":"3904","minint_elettorale":"1060851070","minint_finloc":"2060851070","prov_name":"Udine","prov_istat_code":"030","prov_istat_code_num":30,"prov_acr":"UD","prov_iso_3166_2":"IT-UD","reg_name":"Friuli-Venezia Giulia","reg_istat_code":"06","reg_istat_code_num":6,"reg_iso_3166_2":"IT-36","opdm_id":"3753","com_catasto_code":"I464","com_istat_code":"030107","com_istat_code_num":30107}},
{"type":"Feature","geometry":{"type":"Polygon","coordinates":[[[13.590158496899386,46.188072001245146],[13.589172483425815,46.18606838890572],[13.587396406522654,46.17955095603446],[13.587277650510748,46.178106539126304],[13.585177437522798,46.17515758133896],[13.583181684703503,46.17423228923996],[13.57207285515744,46.171880555220994],[13.560306164529987,46.170051780333594],[13.559030853515962,46.169279150827506],[13.553984120284847,46.16610078453203],[13.55304406639954,46.1653957150972],[13.552965499238217,46.16493529597157],[13.557376723959582,46.161698735054415],[13.556445585966802,46.16066028237018],[13.554456980067958,46.15894397431818],[13.5505424016852,46.15559875036663],[13.54023459660587,46.14869151828591],[13.53593736500076,46.146666196534646],[13.531518348717206,46.150685316614556],[13.528960219504256,46.152425114302616],[13.527451440193515,46.15362816192235],[13.52582454370957,46.15582296411446],[13.525165777669297,46.156756732601615],[13.524299306690732,46.158222296011054],[13.523908148243029,46.159245946466925],[13.523673234871378,46.160780952396856],[13.52595808915304,46.16204500080852],[13.531232067389963,46.16490051914453],[13.532755248758736,46.17189692538791],[13.53121660977553,46.17516246883937],[13.529899647215505,46.17548479859949],[13.5279401991416,46.17608915962038],[13.519941040184465,46.17869718265521],[13.518211415747798,46.179449781367],[13.517665759292788,46.17992594320555],[13.515421804285657,46.19499270276621],[13.518345935211292,46.20431911816543],[13.519002404236588,46.20549477704426],[13.520374410498366,46.20701561472483],[13.521609299266713,46.20785329672345],[13.5230481572938,46.20878638379712],[13.524170612189277,46.20944846262756],[13.529397155039693,46.21225194557367],[13.53339186960432,46.21324992418834],[13.534685465536057,46.21330201838392],[13.53876537509309,46.213454818582896],[13.540264398266686,46.21313863715394],[13.546398860962643,46.2115891613885],[13.551999872464881,46.20916952823143],[13.55603064753268,46.20716789456751],[13.561239296815794,46.2043359222077],[13.566071705702058,46.19442135773913],[13.565655747628295,46.19393845111623],[13.565272265984486,46.192792621295595],[13.565090797961545,46.18781324510319],[13.565458509731972,46.18659237314052],[13.566947563217987,46.18566866522569],[13.573666095784198,46.184409365740414],[13.578226599094403,46.18549560037003],[13.580755912490345,46.18687474950803],[13.582069417986558,46.18771761693991],[13.582802067099859,46.188412764012455],[13.583677801403166,46.18913368404334],[13.584709301537515,46.18985733399584],[13.58554026663801,46.19027397872169],[13.588712710615043,46.19088001243361],[13.589680689509139,46.19053953847452],[13.590849189412392,46.18995244457868],[13.590158496899386,46.188072001245146]]]},"properties":{"name":"Savogna","op_id":"3905","minint_elettorale":"1060851080","minint_finloc":"2060851080","prov_name":"Udine","prov_istat_code":"030","prov_istat_code_num":30,"prov_acr":"UD","prov_iso_3166_2":"IT-UD","reg_name":"Friuli-Venezia Giulia","reg_istat_code":"06","reg_istat_code_num":6,"reg_iso_3166_2":"IT-36","opdm_id":"3754","com_catasto_code":"I478","com_istat_code":"030108","com_istat_code_num":30108}},
{"type":"Feature","geometry":{"type":"Polygon","coordinates":[[[13.021068797958513,46.005232548448205],[13.016960255545253,46.00520959445702],[13.014475599732549,45.99720630345668],[13.008387179131443,45.98788063084561],[13.006298441330209,45.984484104128256],[13.002165310427525,45.98165883260818],[12.994628594193442,45.985145321897264],[12.985487873460032,45.99044701989738],[12.973987699141626,45.9927878453498],[12.964443964460747,45.99353838150954],[12.94974851326997,45.9907266310452],[12.933725972496413,45.98667160515186],[12.927374580768975,45.98508571242444],[12.920274034266116,45.986459496709955],[12.909227107552923,45.98850313549936],[12.91205425739088,46.0007966564713],[12.911770549118364,46.004199766640696],[12.91176460245335,46.005019067417216],[12.911839691904369,46.00610561310517],[12.912002309875856,46.007288169710385],[12.913310823695596,46.015069671476404],[12.914807845647788,46.02577450122392],[12.915072677894,46.029028277196524],[12.916301313934035,46.042213030725264],[12.923036169533594,46.04238949536823],[12.936499450625826,46.04386282765132],[12.956344489276658,46.04828858403767],[12.968581880398576,46.05092901820165],[12.979902487942686,46.04899020005355],[12.98487316504575,46.04753687784439],[12.988999028599766,46.0439188820666],[12.99094904195297,46.042941662873865],[13.008133503835653,46.04366080478774],[13.014164156753106,46.04416431087486],[13.01634717405738,46.04395559304193],[13.016402252019581,46.032478187953444],[13.015639987120137,46.03247494350147],[13.015786781288579,46.02839077378042],[13.015788976483266,46.02833000219703],[13.016403752375016,46.02041630766713],[13.016908915723942,46.018054167616036],[13.020211149674704,46.01396520209271],[13.02072613883063,46.0139663276353],[13.021039466320234,46.01396694542204],[13.02105500034774,46.01187594355705],[13.021077301613786,46.007342669807414],[13.021068797958513,46.005232548448205]]]},"properties":{"name":"Sedegliano","op_id":"3906","minint_elettorale":"1060851090","minint_finloc":"2060851090","prov_name":"Udine","prov_istat_code":"030","prov_istat_code_num":30,"prov_acr":"UD","prov_iso_3166_2":"IT-UD","reg_name":"Friuli-Venezia Giulia","reg_istat_code":"06","reg_istat_code_num":6,"reg_iso_3166_2":"IT-36","opdm_id":"3755","com_catasto_code":"I562","com_istat_code":"030109","com_istat_code_num":30109}},
{"type":"Feature","geometry":{"type":"Polygon","coordinates":[[[12.693113943906777,46.34373997295558],[12.696441841056272,46.34510747811815],[12.702060177902208,46.34770306863634],[12.704398855110027,46.34953985858565],[12.707105915491738,46.351283627052624],[12.711488148326305,46.35371996130846],[12.71716431337166,46.356636035643895],[12.721839172438688,46.358940937981856],[12.724896465851804,46.36044335229445],[12.736672936575971,46.364248376846355],[12.74188153936127,46.36551558519176],[12.753361935084227,46.36432106349612],[12.765062211938556,46.365620008657764],[12.768312191478035,46.3668763896164],[12.769933576586633,46.3676104314843],[12.778378272947931,46.37257417424165],[12.782338782168166,46.374963222683704],[12.784471162934684,46.37688621407097],[12.784910434066365,46.377596192023766],[12.784157196279233,46.3779046866234],[12.783496113247102,46.378115976621146],[12.778267156852694,46.38012035889835],[12.775479575190587,46.38177269911607],[12.77107473373644,46.386199949511834],[12.770268336871812,46.38718470693558],[12.76936174860247,46.38866822533878],[12.769186903421017,46.389763086071916],[12.771097839953242,46.39523984130937],[12.772063401525296,46.39677855746405],[12.773111514163007,46.39785100838738],[12.776878791341968,46.39794341052255],[12.788987749737244,46.39897694623534],[12.788838723539904,46.4001114654488],[12.788702446817297,46.40154708358061],[12.789178045102384,46.40262487508246],[12.791028582751734,46.40419256729747],[12.802177710890126,46.40707828230114],[12.805778670004669,46.40783321234896],[12.810394249091951,46.407292265947554],[12.815631789331771,46.4067618541694],[12.816331083593877,46.408232498746735],[12.814694262287992,46.41947052669305],[12.811732011233024,46.440833316853386],[12.812099276934552,46.44821055948477],[12.80754454875095,46.45302028257975],[12.800980527869129,46.45657364960285],[12.786252569070099,46.46848457222064],[12.778017964137549,46.474940631268616],[12.776777086227412,46.475998729569994],[12.775941319955669,46.47701642872598],[12.77537290620453,46.47815578385983],[12.77430732486629,46.480324114568404],[12.777326330237052,46.48039982825734],[12.780696969184712,46.48112983920447],[12.78403062483795,46.48246402448534],[12.787653784153894,46.484036019288546],[12.78904121191314,46.4842195143666],[12.791106772058853,46.4843759757145],[12.792769307621631,46.48448730717873],[12.799463085205515,46.48295074473069],[12.799923351470712,46.482836407562864],[12.797170006036033,46.4803583373107],[12.798854390742846,46.47445196877533],[12.803735157461375,46.47000976554795],[12.805429000943208,46.46580409008171],[12.814070700224116,46.459111910842644],[12.818577215248872,46.4555455883116],[12.819695387985732,46.454612640965166],[12.81939605162308,46.453929603517196],[12.818909983342436,46.453113315130096],[12.818775393335764,46.45288711863068],[12.818439183704607,46.45180596692183],[12.817575967793239,46.448972659507405],[12.817028732498873,46.44672279948931],[12.81725935563729,46.446157042372434],[12.818330140953435,46.44479366918361],[12.81881805817717,46.44430032956667],[12.82019799452473,46.443669135163304],[12.831617545525305,46.43243634348162],[12.84615866840422,46.42346894454074],[12.847522149166421,46.41878637704926],[12.847040437127289,46.4136870689165],[12.85309335215779,46.41295194963286],[12.861879377476834,46.40789831775834],[12.86501535932995,46.403899431121836],[12.855705730439277,46.39543404827634],[12.852342553179277,46.391978808880246],[12.851863756614756,46.391459896130236],[12.849149295017765,46.38851775162501],[12.849175365447632,46.38830883946346],[12.84996419473179,46.38198729285778],[12.850549042565891,46.37736375120301],[12.852027498260943,46.37413214838526],[12.854031665933878,46.368133086747285],[12.854061298998205,46.36770004260815],[12.854171720556216,46.36217461951855],[12.851101992254637,46.35597302981357],[12.850391829691663,46.35486288743531],[12.851962316740744,46.351272652765225],[12.865948309059124,46.346565123983986],[12.879295621345205,46.34220543153074],[12.878660584427779,46.34181748964487],[12.877816284598417,46.34146813648036],[12.877128224187897,46.341455509586375],[12.875768119187146,46.341690703732084],[12.861483446356605,46.34542844946039],[12.854783604296736,46.345267819132985],[12.8409424479261,46.34364163736356],[12.840396658632867,46.34329545728595],[12.84022046545818,46.34315738055173],[12.83636352582645,46.343408547743124],[12.835001448617067,46.34368832412434],[12.83480079190375,46.34387963268708],[12.834150140523608,46.34449996060987],[12.833877008238845,46.34549471282749],[12.833862150863414,46.34558453501408],[12.833815261971335,46.34586806649144],[12.833706357944402,46.34652651767159],[12.833358135142953,46.346920839374896],[12.83286263440314,46.347481910207726],[12.831052777977021,46.34908413378072],[12.82531505102766,46.354115386028006],[12.821747114272263,46.35672917004552],[12.81964569130385,46.35729451682395],[12.811591562899947,46.359102771494484],[12.807388538375132,46.35827139572563],[12.79591967697553,46.35703716160315],[12.791125963211172,46.35761045331837],[12.781490117502535,46.35577882006289],[12.781706161578033,46.3507673188195],[12.77798036331759,46.34585478475995],[12.765170757976845,46.34250487726314],[12.761654004850064,46.341789975642264],[12.759192537057395,46.34129952076716],[12.753532129831079,46.340198622244365],[12.741126746535208,46.33851760485087],[12.73059634381924,46.336664052526245],[12.725110868807008,46.33241226635734],[12.719807551977171,46.32872387370344],[12.711149779417324,46.3260308844521],[12.708010246055709,46.3252823311751],[12.706995906428135,46.32564522202329],[12.706626779261653,46.32577728314903],[12.704995795169161,46.32769446509988],[12.695174201136632,46.336881099451546],[12.693796367983458,46.33863190866981],[12.693355844525156,46.33921768253624],[12.693148629578197,46.33981842889814],[12.692896289143775,46.34056913627624],[12.692893007627939,46.34062031221229],[12.692856731675866,46.34118695255729],[12.693015955597874,46.343191887001794],[12.693113943906777,46.34373997295558]]]},"properties":{"name":"Socchieve","op_id":"3907","minint_elettorale":"1060851100","minint_finloc":"2060851100","prov_name":"Udine","prov_istat_code":"030","prov_istat_code_num":30,"prov_acr":"UD","prov_iso_3166_2":"IT-UD","reg_name":"Friuli-Venezia Giulia","reg_istat_code":"06","reg_istat_code_num":6,"reg_iso_3166_2":"IT-36","opdm_id":"3756","com_catasto_code":"I777","com_istat_code":"030110","com_istat_code_num":30110}},
{"type":"Feature","geometry":{"type":"Polygon","coordinates":[[[13.580160900089425,46.14451205747352],[13.580381194212128,46.14705500804319],[13.59442074039767,46.15357433612022],[13.602333160899313,46.15205819668101],[13.609177680903883,46.150737673912],[13.614441681605216,46.14893164505007],[13.644246214852076,46.15068338538981],[13.645576426684267,46.15083173609558],[13.648707923860297,46.15093370345358],[13.651746801141657,46.148969044265705],[13.652060562067536,46.14837123508259],[13.651444963791874,46.14702358813736],[13.649396706462994,46.14393865718165],[13.646932118713128,46.14043411560347],[13.646088526071374,46.139518843522566],[13.644542663713484,46.13810559644875],[13.643110052661031,46.13685424249957],[13.64061305061826,46.135205116995316],[13.639566352649238,46.13459512112253],[13.63817364643012,46.13436372112714],[13.63661532900231,46.134607095133305],[13.635303864091732,46.13475491281271],[13.634374585492198,46.13462615874364],[13.632301439953324,46.13314416475078],[13.62756072718221,46.129061016525],[13.62443946351461,46.12497503375385],[13.62185718582955,46.12314441996888],[13.60941192608587,46.11621753553475],[13.60511816409075,46.11407765835433],[13.602537138219787,46.113049386561165],[13.601002307730464,46.11508536166995],[13.600091819129407,46.11578818109785],[13.598188131900958,46.11638700672207],[13.596309676306921,46.11694878738103],[13.59587761558292,46.11663764997725],[13.59397137335758,46.114729675051116],[13.584695726517126,46.11055726859541],[13.583477798093814,46.11012020971523],[13.581731015327637,46.10960976086688],[13.577061533638908,46.108595568827255],[13.576646716429599,46.10855821496284],[13.573831045076147,46.10835161023198],[13.573630858516669,46.108337134153956],[13.572630005031888,46.10826475429904],[13.571696845703276,46.1083066601409],[13.570616645992384,46.10857497288607],[13.570417809848637,46.10872242412855],[13.569615558455366,46.111234469495365],[13.56448845933475,46.116831452374946],[13.560727915891684,46.12058234648172],[13.557230378625599,46.12333719248564],[13.56088545155602,46.12507914006163],[13.569147164842413,46.12883256785041],[13.571027808865837,46.12968434187347],[13.572180067014989,46.130182738301876],[13.576422589217726,46.13182185615293],[13.578949398187548,46.13223799277848],[13.57741044664828,46.14175104018479],[13.580160900089425,46.14451205747352]]]},"properties":{"name":"Stregna","op_id":"3908","minint_elettorale":"1060851110","minint_finloc":"2060851110","prov_name":"Udine","prov_istat_code":"030","prov_istat_code_num":30,"prov_acr":"UD","prov_iso_3166_2":"IT-UD","reg_name":"Friuli-Venezia Giulia","reg_istat_code":"06","reg_istat_code_num":6,"reg_iso_3166_2":"IT-36","opdm_id":"3757","com_catasto_code":"I974","com_istat_code":"030111","com_istat_code_num":30111}},
{"type":"Feature","geometry":{"type":"Polygon","coordinates":[[[13.001856609587175,46.50082480350618],[13.0020244656248,46.499275647101406],[13.003293523182942,46.49229129703936],[13.003265968259543,46.49161721915164],[13.002667634489185,46.490982075873546],[13.002600804696874,46.490911491909806],[13.001020209983297,46.48925227008335],[12.9926007103121,46.48674688778231],[12.984825704272176,46.48378809351502],[12.979412172066718,46.48301382064436],[12.967785638418974,46.47827450428187],[12.958903102339786,46.4796337621154],[12.951125539900913,46.48027876915921],[12.948494469443556,46.47924469528075],[12.947166350924519,46.47852556149022],[12.936868704641522,46.482325063963096],[12.936922506079744,46.487249727368635],[12.93623397894778,46.490288685631405],[12.928415179639526,46.49956300076902],[12.926175090812565,46.50302955400997],[12.932034251438385,46.50724198860531],[12.943662449437559,46.51237639299376],[12.952993857190416,46.51377422284554],[12.954627596525402,46.5139135747336],[12.95791858131907,46.5152944019858],[12.958841908546303,46.515698948923784],[12.958949123762503,46.51700481018878],[12.958952672394844,46.519002806174704],[12.958461346392305,46.51920330648624],[12.956343660648194,46.52006376820205],[12.954661911113352,46.52074054044233],[12.954838134814311,46.52070719313491],[12.95959134713666,46.5198078788678],[12.964788691553478,46.51897664029491],[12.97603025669578,46.51995669394337],[12.984231881257827,46.520817712784556],[12.98718091796154,46.521175382036546],[12.991707201933048,46.522160305657465],[12.996045451567637,46.522232408488904],[12.9992656347019,46.52074322078324],[12.998426087527612,46.51991303525468],[12.997913577122796,46.51665538753616],[12.998787626346216,46.51173133865544],[13.001311739796618,46.50499890512682],[13.001856609587175,46.50082480350618]]]},"properties":{"name":"Sutrio","op_id":"3909","minint_elettorale":"1060851120","minint_finloc":"2060851120","prov_name":"Udine","prov_istat_code":"030","prov_istat_code_num":30,"prov_acr":"UD","prov_iso_3166_2":"IT-UD","reg_name":"Friuli-Venezia Giulia","reg_istat_code":"06","reg_istat_code_num":6,"reg_iso_3166_2":"IT-36","opdm_id":"3758","com_catasto_code":"L018","com_istat_code":"030112","com_istat_code_num":30112}},
{"type":"Feature","geometry":{"type":"Polygon","coordinates":[[[13.387601940994879,46.210682878270525],[13.387653042378354,46.211648525193915],[13.386992094262835,46.214689306995574],[13.386966544569356,46.21470824657379],[13.386899823379094,46.21475769870081],[13.386184855313617,46.215287402753354],[13.377316417240875,46.217900733217014],[13.370690575604863,46.2196579123372],[13.362819248662976,46.220994283372754],[13.361922688221567,46.22152360277781],[13.35921573797141,46.223589272273884],[13.358611980503783,46.224264925084185],[13.357809989861497,46.2254971855959],[13.357911915166898,46.22597486079063],[13.35635874887284,46.22678125045305],[13.349795332109789,46.22682910717793],[13.343728299934124,46.22933298666611],[13.338115175880787,46.23274638932702],[13.332586229749312,46.23413109062625],[13.323565764771063,46.236097919437576],[13.318160635727164,46.240614071201826],[13.3090358250337,46.24756573203761],[13.30099079728923,46.250605524238594],[13.299430171768067,46.25572740544876],[13.295513030447445,46.25866072340887],[13.29362383762719,46.260959549427675],[13.29289523797065,46.264389344138365],[13.2919568483883,46.270738812995305],[13.291925113402016,46.278890386288715],[13.292517433954467,46.28492356744977],[13.29266637274169,46.28514967872492],[13.292763977039176,46.28531605474143],[13.293405144878147,46.28640901658361],[13.294610298067177,46.28940599071112],[13.29511113759042,46.29082729713549],[13.295408658326371,46.29213925865498],[13.290679305220783,46.29850081559646],[13.287569630522727,46.30537738802493],[13.299535903874116,46.30391460456],[13.308354650177566,46.30343350538336],[13.315584369216454,46.30356073968574],[13.354596291650495,46.302182467150175],[13.36684655130175,46.29929331520649],[13.37656564789452,46.29479379753754],[13.37776023579043,46.29125559043575],[13.378357572578233,46.29038207280022],[13.379326642937116,46.289255767494566],[13.380152835980276,46.2889315236412],[13.381541074729189,46.28895924847854],[13.38276409001399,46.28992275273704],[13.382949304507074,46.290079791712415],[13.38372538760109,46.29062154033807],[13.384353036403589,46.290016867539286],[13.384607987346678,46.28972364621244],[13.385639321505964,46.28853745836789],[13.38604519132677,46.288070626548],[13.39155188016571,46.279756807947],[13.391823004019344,46.27882939729384],[13.392247157921046,46.27672932122176],[13.392363897148243,46.275370182453905],[13.392439107644527,46.2741206460019],[13.392542952540593,46.27323905172665],[13.392925903225,46.27080752678707],[13.393091567411473,46.27000905322824],[13.394040840447268,46.26630557606734],[13.396904526419798,46.25808434341916],[13.400076083173742,46.252989025882194],[13.40604747767896,46.243519586628864],[13.406100121798517,46.243440486270515],[13.409320864943881,46.24062475698314],[13.412415662569224,46.23922315572251],[13.415658662475739,46.23803078468408],[13.422451260161159,46.23433523804071],[13.42115813350933,46.23088660306204],[13.418284415854453,46.22889559537553],[13.414166736444116,46.22503208483903],[13.409890781698394,46.216844440722326],[13.410773966139478,46.21229624213653],[13.404926398761422,46.21414684947432],[13.39164080539412,46.21180115605563],[13.387601940994879,46.210682878270525]]]},"properties":{"name":"Taipana","op_id":"3910","minint_elettorale":"1060851130","minint_finloc":"2060851130","prov_name":"Udine","prov_istat_code":"030","prov_istat_code_num":30,"prov_acr":"UD","prov_iso_3166_2":"IT-UD","reg_name":"Friuli-Venezia Giulia","reg_istat_code":"06","reg_istat_code_num":6,"reg_iso_3166_2":"IT-36","opdm_id":"3759","com_catasto_code":"G736","com_istat_code":"030113","com_istat_code_num":30113}},
{"type":"Feature","geometry":{"type":"Polygon","coordinates":[[[13.06157835374549,45.898382772398314],[13.062032613775823,45.899406213168405],[13.061999471781494,45.9007395628231],[13.061171076265243,45.90750190145981],[13.060880339404337,45.91028461119348],[13.060711556967739,45.913270010685345],[13.060986458014881,45.91355723353106],[13.062115061694263,45.91407961963163],[13.067280148340553,45.91536279763779],[13.068030576031468,45.91528654819733],[13.068707570369984,45.91584745214169],[13.070361907069586,45.917449142572615],[13.071242323653074,45.91859688387883],[13.072439474092967,45.9201833541703],[13.074022225279382,45.92249864093401],[13.077065808670717,45.92741704248449],[13.080158011974909,45.936019572816],[13.081934385496202,45.944367611665754],[13.082265897225367,45.94489580274602],[13.08396852940458,45.945343884027615],[13.084132587011126,45.945387035171315],[13.088139001376842,45.944775488968766],[13.098768942708444,45.945208689607355],[13.105019561354359,45.946986184901455],[13.10934038704668,45.94770426889308],[13.12281664269691,45.948653698737886],[13.126696433454404,45.94805437088754],[13.136976252902828,45.94157929352663],[13.140578535081731,45.94105254719217],[13.140549910799253,45.94006345448531],[13.140789237839108,45.93905564306811],[13.143200423909951,45.93288782675595],[13.146912991234467,45.931848318255334],[13.165607095601176,45.92662632636214],[13.164788811610304,45.926043913482886],[13.164118063080197,45.92531584776379],[13.16296229858608,45.922775655431614],[13.162362964039202,45.91988208163809],[13.16078771395818,45.90388502781194],[13.16182384416487,45.894341797238894],[13.16462829439653,45.88352518437258],[13.16232000166003,45.88165922262407],[13.161344220347814,45.88036263760096],[13.160751195884645,45.878043969619505],[13.153814732313174,45.87774318602584],[13.145589597466934,45.8770837901048],[13.142553193099205,45.87475602776884],[13.142468106186284,45.8746907891717],[13.141430685102158,45.873895418836796],[13.137276785390524,45.87100850795696],[13.135390132578413,45.86969716201037],[13.135145002969274,45.86952846073703],[13.134048761314398,45.86962656964445],[13.131091671509415,45.87096237872777],[13.12946743300172,45.87174578936421],[13.128585334553426,45.872297171540744],[13.127954265301089,45.87269166252842],[13.125063187475842,45.87942982315025],[13.122087107775045,45.883998059026545],[13.120256057077553,45.88634183242541],[13.118460164386644,45.88781257878245],[13.115719707062265,45.889628429237135],[13.115556317078712,45.88964686453744],[13.115005239194746,45.88970903958108],[13.113960780143076,45.88982686692405],[13.112180699609233,45.8879783042755],[13.111467604372972,45.886886405160595],[13.111396751294134,45.88677791054801],[13.111158035034864,45.886196977926055],[13.11024682851713,45.88801648599487],[13.102351662955293,45.889704871448764],[13.095566557702389,45.89289655224493],[13.086420396595772,45.9036163851743],[13.085239676153538,45.90607103536829],[13.077066487511402,45.91128698997975],[13.075806275001407,45.911917089348314],[13.075329584045996,45.91153807501385],[13.074388600370604,45.910784080163005],[13.070185000895126,45.90669012662747],[13.068605513487064,45.90502724664508],[13.068659689147315,45.90421519702497],[13.068941262269998,45.90315202245992],[13.069602338365156,45.901548721201365],[13.070304858376877,45.90139316783484],[13.070790818314869,45.90111927590459],[13.071178155641306,45.90074091390119],[13.071085401608103,45.90044269240143],[13.070300990834484,45.8992600236506],[13.068310545480605,45.8990249952638],[13.065742626350822,45.89873849078236],[13.06157835374549,45.898382772398314]]]},"properties":{"name":"Talmassons","op_id":"3911","minint_elettorale":"1060851140","minint_finloc":"2060851140","prov_name":"Udine","prov_istat_code":"030","prov_istat_code_num":30,"prov_acr":"UD","prov_iso_3166_2":"IT-UD","reg_name":"Friuli-Venezia Giulia","reg_istat_code":"06","reg_istat_code_num":6,"reg_iso_3166_2":"IT-36","opdm_id":"3760","com_catasto_code":"L039","com_istat_code":"030114","com_istat_code_num":30114}},
{"type":"Feature","geometry":{"type":"Polygon","coordinates":[[[13.21319564190117,46.190387842823796],[13.206416118603023,46.19163255315818],[13.204923575470051,46.191687758256],[13.201783311226535,46.19142843763415],[13.196372053418711,46.19114309690578],[13.190735627209097,46.19161541326694],[13.190208310178646,46.191717100341535],[13.188972139282237,46.19361544840901],[13.188704928178398,46.197023055704],[13.190809797514191,46.20106563978971],[13.182319483628758,46.21417624582266],[13.179503497024442,46.22039698901706],[13.17953085319866,46.220415411337605],[13.179586013782595,46.220435258234005],[13.179664147248872,46.220425927656606],[13.183392234707757,46.219821923588256],[13.190286763994207,46.21864851038862],[13.194445647632588,46.217991447326476],[13.198091565559059,46.21792490220095],[13.199737967281514,46.21794083376555],[13.200236269650482,46.21818351539782],[13.20056678539119,46.21835137968165],[13.200783693450326,46.218462828276884],[13.20113853502293,46.218717368231204],[13.20145153941171,46.21946191312434],[13.201464983035853,46.219839461171574],[13.201288874566405,46.221268106231996],[13.201116446735327,46.221769501123156],[13.200973548033554,46.22217980750234],[13.200089277341863,46.22423756693825],[13.199401421654157,46.22545100588736],[13.199058129607176,46.22603970279317],[13.196244229733251,46.23275440334276],[13.195663525884548,46.23465250056069],[13.195450949076937,46.23519132108792],[13.195458431175968,46.23618114798026],[13.196165679221293,46.24071863834464],[13.196342576340745,46.24148644549722],[13.19641553508842,46.24180305544911],[13.19679061050573,46.242572359608516],[13.204453291202638,46.24743435244506],[13.215930225615956,46.25479674242429],[13.22741491903727,46.25592907119563],[13.231220153614574,46.258645848093494],[13.231233248568296,46.259005394003836],[13.231387265328893,46.260340825119194],[13.231569063421523,46.26072114140344],[13.23436262763575,46.26341680909289],[13.235610199130855,46.26418510715008],[13.239063196799083,46.26127559621151],[13.245367201952762,46.25889904964206],[13.257711392425984,46.250617322349015],[13.270001717745084,46.24345240055973],[13.268927379478935,46.242930029269154],[13.266389446770045,46.24157128964033],[13.265688494841495,46.24075139518444],[13.267092128414257,46.23532532310735],[13.269349014356308,46.22957479533379],[13.271268279664579,46.22460642847649],[13.270217702271927,46.22379066406981],[13.269199872820733,46.223135674857744],[13.267911122866415,46.22247730780081],[13.266362565813441,46.2222201676935],[13.264748245575142,46.22202398914087],[13.26452874274254,46.222005180116895],[13.26329996295663,46.221920587299046],[13.262156760705311,46.22196778274758],[13.260582277011967,46.22213910036519],[13.259150516760043,46.222363567180196],[13.255499932931562,46.220551041630706],[13.245334737797561,46.210731574547424],[13.24451241202207,46.208844935349056],[13.244452515451664,46.20787954995757],[13.245428442656774,46.20248766297432],[13.245940488710742,46.201469503321036],[13.246063500700226,46.200470318122434],[13.24579043694775,46.19969288556831],[13.244825740835516,46.1978160585693],[13.24339358322977,46.195317535552995],[13.23850301791701,46.193685723003846],[13.236096343758366,46.19273989531145],[13.234434888080429,46.18959265930601],[13.232345749373108,46.18401760381601],[13.229710124596565,46.18459683055964],[13.227230743986876,46.18514324995048],[13.22225120768532,46.186452729140946],[13.221691616748794,46.18691898539133],[13.222522225704195,46.188085375973486],[13.218611533671133,46.19039926118734],[13.214864361314437,46.1904837204228],[13.21319564190117,46.190387842823796]]]},"properties":{"name":"Tarcento","op_id":"3913","minint_elettorale":"1060851160","minint_finloc":"2060851160","prov_name":"Udine","prov_istat_code":"030","prov_istat_code_num":30,"prov_acr":"UD","prov_iso_3166_2":"IT-UD","reg_name":"Friuli-Venezia Giulia","reg_istat_code":"06","reg_istat_code_num":6,"reg_iso_3166_2":"IT-36","opdm_id":"3761","com_catasto_code":"L050","com_istat_code":"030116","com_istat_code_num":30116}},
{"type":"Feature","geometry":{"type":"Polygon","coordinates":[[[13.516912363621897,46.38301199592809],[13.515492641381377,46.38504391919598],[13.511748318293694,46.39022357299667],[13.505947430499699,46.398092081438016],[13.504888227344079,46.39983563974412],[13.503363318581995,46.40343520591765],[13.502494318830081,46.40615179350567],[13.50213065771469,46.40687435299123],[13.501713217811846,46.40770374195478],[13.501463597541175,46.40819968147862],[13.499299508553536,46.41109063161582],[13.499212416276853,46.41120021458043],[13.493220346924488,46.412480446650015],[13.481607655089968,46.416168408984284],[13.478527522655378,46.41747746266249],[13.481826470454386,46.420448779753904],[13.482915428792845,46.42114860776911],[13.484865000671627,46.42212513759931],[13.488082850169167,46.42295272937103],[13.49052933472818,46.422946508693315],[13.4931439125154,46.42255107324476],[13.494173393218047,46.42244753234172],[13.49557948182185,46.42624457019935],[13.495655986339962,46.42961244114981],[13.494633711284335,46.43366713506274],[13.49380344284395,46.43448292843546],[13.491362135620191,46.437612339708856],[13.490283896753182,46.439006766226484],[13.491001426533984,46.44168147529179],[13.49351281770233,46.44982499711929],[13.492652194848793,46.45928991483529],[13.494248619672609,46.47172041046794],[13.494751754801456,46.47555053390209],[13.495289391604636,46.484982851871194],[13.496102198602156,46.50183209948249],[13.49951557341768,46.50946542392435],[13.500187856638387,46.5099112496819],[13.495646764259906,46.51502741338636],[13.490245886976975,46.519429933502146],[13.489135826458686,46.520017558680216],[13.489260461222916,46.521089751693644],[13.489314002571257,46.52155029692385],[13.491183923220962,46.52506811067221],[13.492102790434537,46.52579253022985],[13.493370765302709,46.526174665147124],[13.499733235566207,46.52621656794056],[13.504594389006453,46.52625887995202],[13.506502251652742,46.526611115844815],[13.506776660639106,46.52672806058175],[13.508087281677529,46.52728660397868],[13.509433632887717,46.52808853906158],[13.509450165029373,46.529394848944285],[13.514943956101785,46.53589953907462],[13.51808334376808,46.53705796181707],[13.520947605601112,46.53864123181055],[13.521723805938624,46.53998961276343],[13.521046424629008,46.54270124222593],[13.519874580202755,46.546960094632965],[13.522698763204055,46.547635808154105],[13.539984767079764,46.55291726616114],[13.54244345760152,46.553620537079205],[13.548364453474127,46.553249741672296],[13.564064345721437,46.55052138871114],[13.566910852230075,46.547900766158456],[13.569015087268992,46.54482374600482],[13.56983532596791,46.541847592579636],[13.5699571992347,46.54107063189017],[13.56952659687706,46.540725821711845],[13.568926550508955,46.540250301439],[13.568822695015879,46.53982203970805],[13.568773063451454,46.53961737149742],[13.569231463378104,46.53907697232425],[13.569847908833738,46.53889592012974],[13.569900813019602,46.538883639972255],[13.57161855694168,46.53865258698482],[13.57533056782166,46.53818907668693],[13.577064544996453,46.53803406942025],[13.577108419436927,46.53803231014406],[13.583527236756913,46.539952971532095],[13.583479277621096,46.54126904048967],[13.584211700500656,46.54222973410108],[13.586121473197398,46.54401172730363],[13.587113346985168,46.54448043139797],[13.591206580279595,46.545593998757084],[13.59376858736467,46.54590496999677],[13.597045843700386,46.54575502134577],[13.598391209523953,46.54519677270486],[13.599428447857111,46.54439890368148],[13.607381011305844,46.54356063267526],[13.621249277018315,46.542378914811934],[13.62707414521953,46.54152493408723],[13.62949345363037,46.5402626455682],[13.637691615460641,46.5362484257174],[13.646980042773428,46.532804692919015],[13.671867569037843,46.524183896755574],[13.674666909729082,46.52330867325119],[13.683328055243095,46.522031004352854],[13.689195661302609,46.52149752594913],[13.702907676062082,46.52219348788209],[13.713851953313034,46.52308313815085],[13.716849043342702,46.5148268271809],[13.716972530634704,46.51447517911651],[13.717331094104305,46.51315970145337],[13.71629740641716,46.50832383493122],[13.712484628219125,46.50529044550337],[13.711098742507405,46.50495163055689],[13.709949147463993,46.50449051495315],[13.705475130562721,46.502460804482375],[13.704045813617572,46.50175013801678],[13.703907606110043,46.501649900076714],[13.703493876074571,46.5013498235614],[13.702731837598337,46.49943248761759],[13.702539735600787,46.49877433637484],[13.70384980375254,46.48806755559418],[13.70767454065117,46.48281972562597],[13.70532796561728,46.47734030958012],[13.700199170521996,46.47338416032786],[13.694603883559855,46.468191329486935],[13.695304962484387,46.46337389602909],[13.697371563903925,46.45429224624921],[13.69397906698497,46.44474664725977],[13.693685985262753,46.4439891114004],[13.68961618298981,46.44047950289498],[13.688771638074993,46.43986611389548],[13.68423557397087,46.43741958011427],[13.68339918796709,46.43753492919353],[13.664594753198461,46.44048341267397],[13.654136494461444,46.44226058257701],[13.654069538460343,46.443401940113716],[13.653692037781605,46.44397541498529],[13.649481666001504,46.445735717000204],[13.648379232464592,46.44606416319024],[13.647457367987759,46.44597119281433],[13.64036232765492,46.444356199720765],[13.61341944452168,46.44000291811389],[13.607095499355932,46.439544583084235],[13.598629458964618,46.43903818848506],[13.582184857758136,46.42986457381961],[13.579909225596019,46.427522570884854],[13.57854013504548,46.42412110878245],[13.57706092360148,46.41511639212968],[13.576799471185224,46.408895714284924],[13.569548152677225,46.40169086748217],[13.564081239226907,46.39883128975024],[13.548777107510526,46.39272756599652],[13.532982006004575,46.38559269442342],[13.522401957832,46.38491882399272],[13.516912363621897,46.38301199592809]]]},"properties":{"name":"Tarvisio","op_id":"3914","minint_elettorale":"1060851170","minint_finloc":"2060851170","prov_name":"Udine","prov_istat_code":"030","prov_istat_code_num":30,"prov_acr":"UD","prov_iso_3166_2":"IT-UD","reg_name":"Friuli-Venezia Giulia","reg_istat_code":"06","reg_istat_code_num":6,"reg_iso_3166_2":"IT-36","opdm_id":"3762","com_catasto_code":"L057","com_istat_code":"030117","com_istat_code_num":30117}},
{"type":"Feature","geometry":{"type":"Polygon","coordinates":[[[13.189709230593351,46.087025357213335],[13.191380568607043,46.08893519428908],[13.192228233958335,46.091496333801004],[13.193616649376649,46.09965427152597],[13.193987655488012,46.10377211603331],[13.199634392440174,46.11151232372662],[13.205178369006084,46.117032508749496],[13.206436379682245,46.1184670949627],[13.206556199137866,46.12038891298386],[13.20260934111936,46.13018344189269],[13.201592759751971,46.13068896644312],[13.21278627204408,46.1346057498091],[13.2132412391407,46.13576354870225],[13.213762636529605,46.1364553724031],[13.214275626912881,46.1369944856788],[13.214625594158731,46.13703106566157],[13.2161390380773,46.137033661412914],[13.218645446756257,46.13679252252043],[13.221273166550326,46.13486418487852],[13.222818727455312,46.13307372711727],[13.224462880851746,46.12967615070775],[13.226363617754421,46.126250278067666],[13.226850799255125,46.12562908568071],[13.227146837761994,46.126018667806264],[13.22787717972851,46.12627963467258],[13.230768826261142,46.126532505151815],[13.232867507604217,46.12646816134501],[13.237227939889044,46.125734746123406],[13.238986216837189,46.12415725973664],[13.24690098562084,46.117008641939464],[13.250170532163938,46.11390754395438],[13.25074683456307,46.11313450451593],[13.251718417206714,46.11229251740511],[13.254762545274737,46.10890982110063],[13.25553959974815,46.107964724217204],[13.256671359653724,46.106374329602765],[13.257550754711415,46.105122458269356],[13.260398452785026,46.100610939237],[13.259346214223266,46.100369804677136],[13.25819880959462,46.10021460861877],[13.2570982499581,46.10044532128086],[13.253584048192126,46.1009021600079],[13.245769627318655,46.10092533924067],[13.240670824871588,46.100453384171836],[13.240054509714696,46.10036828129396],[13.229099478038012,46.0986416264565],[13.227889306951038,46.09842541645622],[13.226456695529045,46.09671880935387],[13.226273774622792,46.09598750181968],[13.219790169638433,46.093631931234434],[13.209016362026796,46.09075224094586],[13.199258958484258,46.08840254081436],[13.189327681488045,46.08621578297797],[13.189709230593351,46.087025357213335]]]},"properties":{"name":"Tavagnacco","op_id":"3915","minint_elettorale":"1060851180","minint_finloc":"2060851180","prov_name":"Udine","prov_istat_code":"030","prov_istat_code_num":30,"prov_acr":"UD","prov_iso_3166_2":"IT-UD","reg_name":"Friuli-Venezia Giulia","reg_istat_code":"06","reg_istat_code_num":6,"reg_iso_3166_2":"IT-36","opdm_id":"3763","com_catasto_code":"L065","com_istat_code":"030118","com_istat_code_num":30118}},
{"type":"Feature","geometry":{"type":"Polygon","coordinates":[[[13.367963265644697,45.794316780351984],[13.362969894538443,45.78999826738307],[13.357750392762213,45.78787355303091],[13.353216752501986,45.78826148786465],[13.353139156739088,45.7883329504812],[13.352953125061223,45.78850427294999],[13.35251906841769,45.788459531825836],[13.352095926412904,45.78841590274636],[13.351479617353732,45.788061155828736],[13.351287943501378,45.78795038923257],[13.351054173094585,45.78781488589653],[13.35083619353014,45.7876232950553],[13.349966085370212,45.78685849672111],[13.349582921308786,45.78636899768396],[13.349158784623835,45.785827132603714],[13.348219337047679,45.78454427076371],[13.347566694869874,45.783556496859646],[13.347096091824902,45.782521273866294],[13.34702984742827,45.781691179128615],[13.347063248615267,45.78103380330063],[13.347092398480477,45.780460122429375],[13.347554479785742,45.77921832652139],[13.347985000002023,45.77870141718661],[13.348314102249779,45.778306638159144],[13.350539664978701,45.76872142964019],[13.324032846482456,45.76182642016351],[13.316650479241869,45.75973875724665],[13.309415960968478,45.757774756721716],[13.299671946522151,45.75519090348023],[13.294671596595109,45.75388511647931],[13.289793740077368,45.753620779205804],[13.288256292735174,45.7547161109962],[13.284451663199516,45.75554320730727],[13.282813896359716,45.75564974056094],[13.280679718769575,45.7556443552534],[13.272859656502717,45.75529402743429],[13.27251685933433,45.755214741261035],[13.271570259725735,45.75499577639915],[13.271050587747354,45.754358156544995],[13.270799014522906,45.75376898566057],[13.270726672895037,45.75321219547274],[13.270705335307554,45.7530478928623],[13.267360285778558,45.75139670140676],[13.263747943213067,45.75105339817795],[13.257115706174929,45.750536054324954],[13.25535718122137,45.75044866027822],[13.252468420557873,45.75280672181733],[13.250065612136934,45.75644282608302],[13.250974262378818,45.75703005565172],[13.251644104205734,45.75780619958837],[13.252456401563833,45.761826498093455],[13.252777702477019,45.76366196860171],[13.25699258254824,45.768151705029794],[13.269073345715846,45.775076699858474],[13.28481802917979,45.776322495370316],[13.295598436181796,45.78048134202085],[13.301127952633825,45.780920293708746],[13.302166116449996,45.78449066950057],[13.306085761735886,45.785476894059016],[13.317973393032403,45.788029350738505],[13.317930832638734,45.788534994421276],[13.31789160579607,45.789000624042075],[13.317658578572692,45.7907686607157],[13.317616339025875,45.79092528161198],[13.317397334983479,45.79173718870991],[13.314631859594712,45.79609819374511],[13.312190548480084,45.79925675643695],[13.312149461321164,45.79929993232269],[13.311235378000385,45.80026050684716],[13.311108943314775,45.802879562658674],[13.311932634258694,45.80556607935157],[13.313145709590627,45.806877127827526],[13.324510828739426,45.81110402702209],[13.327007340990152,45.81156290877821],[13.327075998471818,45.811359825370296],[13.327356379506272,45.81052395951824],[13.340081463664195,45.808189998852185],[13.346677901313825,45.805996624431984],[13.346671119951631,45.80460409071225],[13.34816063188363,45.80212158102799],[13.348820975427728,45.80105071122514],[13.349192395175356,45.800657552850936],[13.349996728807387,45.80008194409656],[13.35983429472896,45.80261651675884],[13.365047857963562,45.80520299951631],[13.370261900201683,45.808189759842485],[13.372628875228548,45.80962350762704],[13.367963265644697,45.794316780351984]]]},"properties":{"name":"Terzo d'Aquileia","op_id":"3917","minint_elettorale":"1060851200","minint_finloc":"2060851200","prov_name":"Udine","prov_istat_code":"030","prov_istat_code_num":30,"prov_acr":"UD","prov_iso_3166_2":"IT-UD","reg_name":"Friuli-Venezia Giulia","reg_istat_code":"06","reg_istat_code_num":6,"reg_iso_3166_2":"IT-36","opdm_id":"3764","com_catasto_code":"L144","com_istat_code":"030120","com_istat_code_num":30120}},
{"type":"Feature","geometry":{"type":"Polygon","coordinates":[[[13.105118857121477,46.41929388999108],[13.101181900791731,46.41808077528255],[13.091820403721165,46.417548102921835],[13.087695435742678,46.41753385982016],[13.079674334302982,46.417465218606736],[13.076567570093236,46.41608657428166],[13.074539067452065,46.41453884899162],[13.07418018777522,46.41405662068769],[13.074237012193734,46.41398030923698],[13.074903190497423,46.41308573326411],[13.075882075253837,46.41192569919395],[13.076853045904796,46.410518416717615],[13.077059128486113,46.410119531285545],[13.078320995042676,46.407653252532185],[13.078503795782153,46.40729119023633],[13.078491294420102,46.40687310789711],[13.07791535781239,46.40513853057322],[13.076928032699886,46.40274872861268],[13.074629713757789,46.4012640234151],[13.067903764916425,46.39758853426207],[13.063090165601793,46.39496774303639],[13.059770197842894,46.39292313615463],[13.058797552800154,46.3921903182438],[13.058059009304857,46.39163385900688],[13.057426786973616,46.39107465158763],[13.056547605424374,46.39029697212883],[13.053045711163621,46.38671752762646],[13.052895633985765,46.38647167858061],[13.051386721190527,46.38399967683419],[13.050266929813983,46.38182074285318],[13.044937214313553,46.38502045384034],[13.043480964532927,46.38540055971654],[13.041446176592673,46.38555362368129],[13.038569594924578,46.385623921572794],[13.036996580558675,46.38563453200067],[13.035829252334242,46.38551379704122],[13.027195443178682,46.385850255228604],[13.022410318459537,46.38616288464414],[13.017811044407665,46.38820147111969],[13.001670172726456,46.396045440074],[12.996140315517188,46.39807480212821],[12.995094442310004,46.39719222559335],[12.994328135768212,46.39654554462987],[12.991030609769492,46.39708391271921],[12.990240089044786,46.39728145942971],[12.989586105801044,46.397444905225456],[12.98349328236056,46.399381279092644],[12.981552652850871,46.40011053431912],[12.977948639183792,46.40155924997256],[12.972672209031614,46.404200157027034],[12.974769018778847,46.40659786395894],[12.975400227459328,46.40747213928093],[12.976162026142434,46.41255283132831],[12.973978492298029,46.41531218009913],[12.968213069137338,46.41814427043876],[12.967359917836385,46.41829093582748],[12.96531302941843,46.41855923566299],[12.964297878934966,46.41839797194009],[12.961348932140504,46.417793413384075],[12.961387535984494,46.42456473886464],[12.964881806714146,46.43173850054814],[12.968608932050453,46.435834838705375],[12.970348721697396,46.43738097032218],[12.972451922772738,46.439278971809806],[12.976774015572067,46.446297554754096],[12.977107380136141,46.44781156741958],[12.976948797080109,46.44964421990723],[12.976502793419392,46.45114035351761],[12.975989763077168,46.45224267018674],[12.975838525895124,46.452567587714334],[12.973596985708264,46.455080286632395],[12.97913886229485,46.45488730563771],[12.983445317537269,46.45392710094149],[12.985128339671663,46.45349034596508],[12.98630981370715,46.452873060213385],[12.98636479770218,46.45278256454591],[12.986435519775183,46.45266614636541],[12.991427059380126,46.45001660190112],[13.002611273601307,46.44603239637009],[13.00914179152579,46.4448551553311],[13.021456657882688,46.44491712625734],[13.023055828716531,46.44497329349659],[13.034151874236837,46.44572071991307],[13.034132092049724,46.44627010515095],[13.033729968378214,46.44913433884508],[13.03276388903336,46.455900577235866],[13.033882209166485,46.45599520400408],[13.035454899825899,46.456425673879984],[13.041463027907168,46.458076307041715],[13.042866708882796,46.458553151116675],[13.043984253704684,46.45936414841939],[13.044930582780015,46.46022619497923],[13.055226967897484,46.46254319097787],[13.066520086497405,46.45735316468236],[13.071353205634466,46.455407798024545],[13.073189775438024,46.45470324118598],[13.074609691953667,46.45428354722739],[13.075551665225968,46.45451546006586],[13.077053880591107,46.45599193491212],[13.077130501125076,46.456188305152516],[13.077455651608728,46.45702167811148],[13.077838572560912,46.45730952007307],[13.079474355209658,46.45816466665025],[13.08041434088482,46.458477608478745],[13.084936381945353,46.45990452645827],[13.091696230339906,46.46169665092691],[13.094771871101836,46.46050629804942],[13.095912654254699,46.45992533372925],[13.096345659780255,46.45949127231014],[13.09618395227349,46.458497995535204],[13.095776494331158,46.45747303968398],[13.095880828190246,46.455979666763696],[13.096539741244115,46.454272880378674],[13.097624334060612,46.4522853263193],[13.098545335913977,46.45166539073828],[13.09871903496482,46.45154847268096],[13.10323617123717,46.450423141781016],[13.104968684513778,46.450041346646074],[13.111809569943203,46.44949364567938],[13.112032695262096,46.448707049616864],[13.112164105735374,46.446812166064355],[13.112110363372803,46.44510259864485],[13.112101215475228,46.44481176105965],[13.111962269747675,46.4444857696243],[13.111464571852007,46.44331807089136],[13.109861802372267,46.44107607921099],[13.109784240503965,46.44102938471185],[13.109690009628935,46.440973308269065],[13.109400816833164,46.44080121706593],[13.109104892334244,46.44062511902506],[13.108650336578023,46.440354621860585],[13.107962588680495,46.439542303047304],[13.106303026764172,46.43632573509748],[13.10396077015623,46.43142803985438],[13.102593399913626,46.4273188341733],[13.104462690400094,46.4199790418003],[13.10496013235018,46.41945962264858],[13.105118857121477,46.41929388999108]]]},"properties":{"name":"Tolmezzo","op_id":"3918","minint_elettorale":"1060851210","minint_finloc":"2060851210","prov_name":"Udine","prov_istat_code":"030","prov_istat_code_num":30,"prov_acr":"UD","prov_iso_3166_2":"IT-UD","reg_name":"Friuli-Venezia Giulia","reg_istat_code":"06","reg_istat_code_num":6,"reg_iso_3166_2":"IT-36","opdm_id":"3765","com_catasto_code":"L195","com_istat_code":"030121","com_istat_code_num":30121}},
{"type":"Feature","geometry":{"type":"Polygon","coordinates":[[[13.449806593564091,46.12929133680753],[13.446952132779641,46.129188757525355],[13.43205205099825,46.124205906100684],[13.430265905889094,46.12196196201148],[13.432657352554601,46.118871708998626],[13.430071135432998,46.11511517847291],[13.42780325077927,46.115230228828025],[13.42500366120063,46.11535237545352],[13.42188458021687,46.11537428632838],[13.41573792886728,46.11397417078395],[13.410087567282556,46.11260344647989],[13.403851551342463,46.11107172572382],[13.401684374023272,46.11027775621793],[13.40140692652275,46.110175944054674],[13.39780246464888,46.10729059153858],[13.397686601601272,46.10679097733806],[13.397762391633268,46.10595546277981],[13.395069903720017,46.10469553421645],[13.387069750682596,46.10391433839451],[13.385519023479523,46.10383894382375],[13.384803333351082,46.10399247072646],[13.371914073273304,46.10723891583158],[13.367976264091332,46.10989913784892],[13.367797078515782,46.11113016795786],[13.367838389307138,46.11197919528268],[13.369231171488964,46.11388810517433],[13.374950672193023,46.11915958292662],[13.375158826014678,46.12308961606448],[13.37720533557734,46.12744864103597],[13.38080130030793,46.127544638188134],[13.385917621937534,46.12740656921517],[13.393623163705021,46.12729009978739],[13.394998169590986,46.130756573075864],[13.395632043792087,46.13345049088617],[13.395521036003688,46.134138848557235],[13.393750957292974,46.13811689754134],[13.391498247433534,46.140689058158536],[13.391039183574863,46.141236419712335],[13.390640140659407,46.141712214467724],[13.38998638035378,46.14282200457954],[13.389872024938583,46.14406853939333],[13.396704412058675,46.14645176550201],[13.402602061027812,46.14803806670198],[13.403651119747924,46.148474641348685],[13.405696340811987,46.149403793455235],[13.406348247932447,46.1497116605261],[13.406936784963506,46.15307333381317],[13.40681372572409,46.158690290594016],[13.40616210448704,46.15972357119934],[13.404435832678113,46.1607533430532],[13.40276975721666,46.16148373596977],[13.4070534097492,46.172371696681324],[13.413939089216955,46.18205172374054],[13.413693592147395,46.19145386329266],[13.41185496180607,46.200467543695304],[13.410963696028404,46.204376968797675],[13.417684886341515,46.20548959565442],[13.423452384021717,46.20633666263765],[13.423315283266211,46.20444266366054],[13.425511058232292,46.198340290595354],[13.427701495966605,46.1938177542854],[13.43021517238583,46.1897326802972],[13.432181037892878,46.18684013442482],[13.436426888213306,46.181304728792846],[13.442579058470882,46.17449210764817],[13.444418303119079,46.173203315393145],[13.445093433232042,46.171304785392074],[13.44641287460767,46.167468380962475],[13.447786984289626,46.159808886755094],[13.45399645758141,46.15176714903608],[13.45880936321234,46.143131576833355],[13.458285963704784,46.14196386427721],[13.457912852570391,46.14045274933194],[13.45831255856495,46.13865039861636],[13.459853850580744,46.135394760116405],[13.449806593564091,46.12929133680753]]]},"properties":{"name":"Torreano","op_id":"3919","minint_elettorale":"1060851220","minint_finloc":"2060851220","prov_name":"Udine","prov_istat_code":"030","prov_istat_code_num":30,"prov_acr":"UD","prov_iso_3166_2":"IT-UD","reg_name":"Friuli-Venezia Giulia","reg_istat_code":"06","reg_istat_code_num":6,"reg_iso_3166_2":"IT-36","opdm_id":"3766","com_catasto_code":"L246","com_istat_code":"030122","com_istat_code_num":30122}},
{"type":"Feature","geometry":{"type":"Polygon","coordinates":[[[13.274496781611436,45.8735455486579],[13.283226407305706,45.87319101051593],[13.28322411906514,45.87308300423796],[13.282581621912161,45.8621376942678],[13.28195918553332,45.851575815031424],[13.281487707102478,45.84360535514832],[13.281498813023813,45.843578056673714],[13.281626851311913,45.843263406407225],[13.289993871387324,45.82839117058749],[13.295859932474022,45.82602632056037],[13.305362531089102,45.82627557606133],[13.305230497636748,45.82491493855459],[13.302256210686005,45.816840401725365],[13.300889758355426,45.81358193512971],[13.297912576072243,45.80653250034492],[13.2993372227534,45.80177633855543],[13.303039204481658,45.79891381646205],[13.309277465808252,45.789653922377],[13.309443388142826,45.78889039846024],[13.309487388855565,45.78868787906437],[13.309190638737595,45.78784397949217],[13.308224322536171,45.787065863400876],[13.307499166008155,45.786755712614834],[13.302166116449996,45.78449066950057],[13.301127952633825,45.780920293708746],[13.295598436181796,45.78048134202085],[13.28481802917979,45.776322495370316],[13.269073345715846,45.775076699858474],[13.25699258254824,45.768151705029794],[13.252777702477019,45.76366196860171],[13.252456401563833,45.761826498093455],[13.251644104205734,45.75780619958837],[13.250974262378818,45.75703005565172],[13.250065612136934,45.75644282608302],[13.243761701697473,45.75697463761408],[13.243465831754984,45.76479426661886],[13.244243522110525,45.76948651018593],[13.246123930931997,45.77429972172217],[13.246724685890564,45.775253983622434],[13.247248023362378,45.77624714888058],[13.247739997222384,45.77773654581503],[13.24775876273025,45.77919856203374],[13.247348434631808,45.78001945415323],[13.243416875102582,45.7839463465311],[13.238937431022892,45.78645775822128],[13.232963775905093,45.79351161292803],[13.22716796494828,45.80221028299539],[13.227781547327867,45.806008571983945],[13.228020019784454,45.80698986994945],[13.229786818610325,45.808882133073226],[13.231662160636208,45.80983871245884],[13.23349438177042,45.81009927608906],[13.233727843247177,45.8101206116161],[13.233949548718304,45.810140870849736],[13.240164930999704,45.81079660351469],[13.245653895594765,45.81142052222605],[13.244565869150929,45.813720345661736],[13.244479888222106,45.81381886960743],[13.244405450775892,45.8139041640066],[13.243831051585733,45.81456229280605],[13.24233952706832,45.81532438598314],[13.238203336621314,45.81830906982384],[13.232387983833307,45.82452291470903],[13.233165849409104,45.82768619543234],[13.23376451978106,45.827592188872195],[13.233923902588783,45.827591457246605],[13.235839174844553,45.82758268684699],[13.235888738871065,45.82758442504522],[13.238207410001891,45.82766655453043],[13.239002185384916,45.82769469917535],[13.241112734047848,45.82783352191368],[13.241529600159026,45.82786093938288],[13.242244586825555,45.82790796178295],[13.242368277924498,45.827916096159605],[13.244869205577116,45.82811962980539],[13.2449230119156,45.82812400918966],[13.244940409872969,45.828162427425305],[13.244573764427455,45.82959974037502],[13.244538204355573,45.829739117056214],[13.241691956007225,45.83833768660898],[13.240722122757637,45.84010058941454],[13.240544387597009,45.840423638838296],[13.240370118991361,45.84070731335784],[13.240211466155321,45.84096554543501],[13.240083143865085,45.84117439369984],[13.238455702321152,45.8448472071818],[13.237958509864193,45.84646958151713],[13.23774313169297,45.8516488086909],[13.240383455445619,45.85513093132617],[13.241515549654922,45.85659428810697],[13.241458046320924,45.85743661719887],[13.24130053850895,45.85974371135506],[13.241272172447022,45.860084376265064],[13.241058167568704,45.862652375745235],[13.241043788229526,45.862740277023136],[13.240973518986646,45.86316732807335],[13.238455880123201,45.86868711727381],[13.235456082035133,45.87425934404033],[13.23746544200988,45.87431071318314],[13.23796014637245,45.87432129975744],[13.238850993198996,45.874340350484786],[13.240079176577018,45.87436660359445],[13.241556645266176,45.87439516733195],[13.245255852873576,45.87446658367078],[13.258212802212551,45.8742311356437],[13.259439806233111,45.8741935574091],[13.26026466405735,45.874168286851045],[13.261562160102857,45.87412851628769],[13.270368365638793,45.87353677846091],[13.274496781611436,45.8735455486579]]]},"properties":{"name":"Torviscosa","op_id":"3920","minint_elettorale":"1060851230","minint_finloc":"2060851230","prov_name":"Udine","prov_istat_code":"030","prov_istat_code_num":30,"prov_acr":"UD","prov_iso_3166_2":"IT-UD","reg_name":"Friuli-Venezia Giulia","reg_istat_code":"06","reg_istat_code_num":6,"reg_iso_3166_2":"IT-36","opdm_id":"3767","com_catasto_code":"L309","com_istat_code":"030123","com_istat_code_num":30123}},
{"type":"Feature","geometry":{"type":"Polygon","coordinates":[[[13.078750420403905,46.33352999967982],[13.079551507818223,46.33328087947782],[13.080239403955051,46.332932271429776],[13.080603785800568,46.332176665444614],[13.080990841073588,46.33113673803474],[13.081275565257453,46.33006445530032],[13.08122188720024,46.32987695094853],[13.081054912217018,46.3292937860831],[13.07512263889332,46.32396570144256],[13.071121590780908,46.32063865689169],[13.072243040199252,46.31904600869234],[13.078557211948365,46.313447111648095],[13.077668176439905,46.31065259829134],[13.077447236884389,46.309908916098394],[13.07773197542522,46.308836648607674],[13.078846872222277,46.3062990859691],[13.079003143950015,46.30615981156251],[13.079851716127843,46.30540359023212],[13.084293632567748,46.30240946809241],[13.085276225783522,46.3018162697975],[13.087455708431417,46.30221078298037],[13.096653398356432,46.30360921075735],[13.101445714917402,46.30396816117497],[13.102479443596577,46.303822557526864],[13.103389297884448,46.303691296844015],[13.108067098830952,46.30251042867452],[13.112672942797742,46.30112949346722],[13.10566533225202,46.29681835461952],[13.104301399990913,46.29570628758563],[13.100789745606358,46.290985553829174],[13.095676494189242,46.283486901341846],[13.085594823432219,46.27703457276015],[13.073606527234316,46.2683271511433],[13.071872264561494,46.26674189020149],[13.068598713852587,46.26388833677237],[13.067739632308715,46.263207891722665],[13.066289074381617,46.26238200497579],[13.064269322778843,46.2618868824569],[13.061742031895275,46.261459300167566],[13.059764302815871,46.26124613148749],[13.053287978777805,46.25684083942121],[13.044830172528156,46.25064226041067],[13.043619242520018,46.24963655834626],[13.042728446505215,46.248804033085236],[13.041991932097377,46.24795254514411],[13.040467780862679,46.24560778066496],[13.039706413260854,46.24406407756131],[13.038582331573108,46.23845580193323],[13.03827022246274,46.2366576851399],[13.03786440918397,46.233881762767055],[13.037793047069576,46.2329436989411],[13.032200509388593,46.234104543735825],[13.02847193506842,46.23499672140347],[13.023018622243983,46.23659320428551],[13.020927453322455,46.23744096069644],[13.019316954593421,46.23822225733883],[13.018334575251563,46.238823885880564],[13.016429551011043,46.24236528022112],[13.010592712478205,46.252417445364934],[13.004347756817005,46.25863574936533],[12.99412038104681,46.26826492229724],[12.990579028213261,46.27324470872401],[12.981556758179021,46.27813281263098],[12.965075304818708,46.285159427193044],[12.959284343809998,46.290400871150354],[12.9541417000254,46.29987691177931],[12.957933919217535,46.304749917198485],[12.958758513493152,46.304928353661204],[12.96085419080432,46.305476710542685],[12.961019799476865,46.30557295297557],[12.961553317922254,46.30588449178043],[12.970178864333008,46.31238590193524],[12.973700699382922,46.31516364370636],[12.975052790452594,46.31663919807518],[12.975632636501745,46.31744706509303],[12.975365062476142,46.31836996744408],[12.973507700715766,46.32402860890383],[12.9735556474267,46.32824911871443],[12.975640982308649,46.32744661374663],[12.97653782133201,46.3274288706446],[12.978835034998417,46.327875387762774],[12.97989173051566,46.328090591156275],[12.987329746305027,46.32968066755644],[12.995096420321339,46.331506334936385],[13.000649167781512,46.33414711165872],[13.005404386306965,46.33889028998075],[13.00620926632323,46.33963162778482],[13.006833904108237,46.339664647222925],[13.008051034848664,46.339728969117445],[13.019125565621497,46.33927211490732],[13.038338712493164,46.33797302081111],[13.05487052563123,46.33567233940783],[13.071095331384747,46.33341171272167],[13.078750420403905,46.33352999967982]]]},"properties":{"name":"Trasaghis","op_id":"3921","minint_elettorale":"1060851240","minint_finloc":"2060851240","prov_name":"Udine","prov_istat_code":"030","prov_istat_code_num":30,"prov_acr":"UD","prov_iso_3166_2":"IT-UD","reg_name":"Friuli-Venezia Giulia","reg_istat_code":"06","reg_istat_code_num":6,"reg_iso_3166_2":"IT-36","opdm_id":"3768","com_catasto_code":"L335","com_istat_code":"030124","com_istat_code_num":30124}},
{"type":"Feature","geometry":{"type":"Polygon","coordinates":[[[13.149866326066276,46.217325997628066],[13.157317095004606,46.21733846637951],[13.171940793216628,46.20565249585918],[13.170988813098132,46.20478723217604],[13.162439034876556,46.19879870565553],[13.16229155751325,46.198552056101995],[13.162018838262515,46.1974011770496],[13.162007144434133,46.19735179188061],[13.162040254225275,46.195604413265286],[13.162371251625004,46.19459323661111],[13.163298600137209,46.192448686936814],[13.164437247503093,46.19053942828968],[13.16594256939593,46.18853127192343],[13.16634928502899,46.188007883722825],[13.166737148462072,46.18764268238749],[13.168197057774254,46.18736885190955],[13.169519090502948,46.18699650144591],[13.170176027945121,46.18669797458024],[13.171253956237642,46.185861996582545],[13.172147351494079,46.18508226061181],[13.173059144354854,46.18417132071404],[13.1737182871659,46.17797253973992],[13.168220721736406,46.17302491726085],[13.16275205749151,46.16917411362488],[13.159835017465879,46.16380812327893],[13.158782215025798,46.1604348931187],[13.157225655812512,46.16244482931417],[13.151322168128647,46.16777678279408],[13.14539173830719,46.1730686479683],[13.142610504299466,46.17526713818549],[13.139676147532759,46.176916504134056],[13.134851350517428,46.177137218864786],[13.128089221294237,46.179015703433244],[13.126964305826416,46.17971796427136],[13.126495966583262,46.18053599037089],[13.125668546311266,46.18240766667898],[13.130409119985808,46.185101958826515],[13.132349034988577,46.18600827959334],[13.13637987332996,46.18904409997739],[13.139132219534428,46.19178344275526],[13.142269899721478,46.19694030182522],[13.1498743298883,46.21555250237746],[13.149866326066276,46.217325997628066]]]},"properties":{"name":"Treppo Grande","op_id":"3923","minint_elettorale":"1060851260","minint_finloc":"2060851260","prov_name":"Udine","prov_istat_code":"030","prov_istat_code_num":30,"prov_acr":"UD","prov_iso_3166_2":"IT-UD","reg_name":"Friuli-Venezia Giulia","reg_istat_code":"06","reg_istat_code_num":6,"reg_iso_3166_2":"IT-36","opdm_id":"3769","com_catasto_code":"L382","com_istat_code":"030126","com_istat_code_num":30126}},
{"type":"Feature","geometry":{"type":"Polygon","coordinates":[[[13.158782215025798,46.1604348931187],[13.160541506077756,46.160478773735534],[13.164824903153894,46.16108512206514],[13.165442528606855,46.16191116262506],[13.168049234714136,46.163364130411225],[13.169322771893947,46.16400618714482],[13.173069349438354,46.16470632721012],[13.176085426377771,46.16516755776786],[13.181093058894612,46.1645161247218],[13.182439224335788,46.16408255621174],[13.183644974341224,46.16334246718856],[13.185004266495437,46.162968594944864],[13.186095315068306,46.162879079246466],[13.189153052031184,46.16286587048561],[13.191378877505175,46.163315208013785],[13.195745357551575,46.16483791254222],[13.199122685564166,46.166540911009456],[13.202873339886052,46.16904263990426],[13.20502914184207,46.17054934059163],[13.211690905304058,46.17643783730427],[13.210569935898434,46.181434260325794],[13.209648084797589,46.184281082842546],[13.209376640243637,46.18546571551397],[13.209260541309538,46.18671171658245],[13.209254942247673,46.186772096941326],[13.21157457737719,46.18921003793177],[13.21319564190117,46.190387842823796],[13.214864361314437,46.1904837204228],[13.218611533671133,46.19039926118734],[13.222522225704195,46.188085375973486],[13.221691616748794,46.18691898539133],[13.22225120768532,46.186452729140946],[13.227230743986876,46.18514324995048],[13.229710124596565,46.18459683055964],[13.232345749373108,46.18401760381601],[13.233511978357926,46.18158451468303],[13.234172677142618,46.17957078271859],[13.23603493813461,46.17282830200514],[13.236302511163796,46.169694204072364],[13.23702177511126,46.155297315423546],[13.23652270648928,46.154712768575074],[13.236279179497979,46.154609287402096],[13.233796652619075,46.154084860976845],[13.232247017211645,46.15394433338922],[13.224177165941468,46.15158808722137],[13.221877781289278,46.14454221122231],[13.219776073638256,46.13867691329953],[13.218645446756257,46.13679252252043],[13.2161390380773,46.137033661412914],[13.214625594158731,46.13703106566157],[13.214275626912881,46.1369944856788],[13.213762636529605,46.1364553724031],[13.2132412391407,46.13576354870225],[13.21278627204408,46.1346057498091],[13.201592759751971,46.13068896644312],[13.199163111449282,46.132754113409455],[13.190723725081941,46.14180886048264],[13.185441896832069,46.146890254661805],[13.177149076096708,46.15373787210414],[13.17071353129304,46.1544953212777],[13.166638891744823,46.15554878835421],[13.158782215025798,46.1604348931187]]]},"properties":{"name":"Tricesimo","op_id":"3924","minint_elettorale":"1060851270","minint_finloc":"2060851270","prov_name":"Udine","prov_istat_code":"030","prov_istat_code_num":30,"prov_acr":"UD","prov_iso_3166_2":"IT-UD","reg_name":"Friuli-Venezia Giulia","reg_istat_code":"06","reg_istat_code_num":6,"reg_iso_3166_2":"IT-36","opdm_id":"3770","com_catasto_code":"L421","com_istat_code":"030127","com_istat_code_num":30127}},
{"type":"Feature","geometry":{"type":"Polygon","coordinates":[[[13.376051089806442,45.949800846480414],[13.372665745171377,45.94694952251127],[13.366876526260569,45.93825371839582],[13.367171927601042,45.9298663751593],[13.367847214898235,45.92556894810409],[13.364329427144689,45.92367382415887],[13.363906887976587,45.92400053671567],[13.363373051395925,45.92418298403596],[13.362474756184287,45.92448739400239],[13.361960975766412,45.924381025831124],[13.35987837448175,45.9237090355454],[13.352003969468539,45.92056702916325],[13.347019032803685,45.91855611071135],[13.332163329362016,45.91728057238609],[13.322395455754021,45.91914986976319],[13.317378577781401,45.91963691127253],[13.316616782251762,45.92261364764528],[13.315562995970954,45.92418823330482],[13.315931671647563,45.92823832737119],[13.318130975585731,45.93268720611657],[13.320075758678007,45.93324815484247],[13.321970619005539,45.93371644856496],[13.322471210817541,45.93378749215044],[13.318123046672408,45.936774068916726],[13.311980503119162,45.93643037094813],[13.311451744224735,45.93643234702571],[13.306780437379947,45.942882661129396],[13.301770896178471,45.95060120065287],[13.297306215074387,45.95520709081389],[13.300438824333591,45.95614216094913],[13.306315585010534,45.95757809499574],[13.310797311790896,45.956259736334694],[13.315620003003037,45.95653619626739],[13.320824584480308,45.959674331115345],[13.322960937487213,45.960299994033164],[13.32712136559432,45.961433905965386],[13.329466762444452,45.96067431391811],[13.331125151580421,45.96005326833974],[13.332460712224565,45.95894490834906],[13.333071194453353,45.95797210320744],[13.333453842850865,45.95719030732792],[13.33603375317711,45.957424716746864],[13.339325015570068,45.958341929226606],[13.348046564735395,45.96080917935679],[13.348409656356903,45.96055676811871],[13.350183696227413,45.95932328679157],[13.350669583022357,45.95898543452357],[13.351400469244963,45.957422845499785],[13.352018777269153,45.956007469237896],[13.352162235724204,45.95567905665367],[13.35277782274414,45.95399483956038],[13.353372252912088,45.95317527026162],[13.353895760177148,45.95245346754663],[13.35559394980836,45.951749541406656],[13.359625785198421,45.95024082400336],[13.360369399548736,45.950120901066306],[13.360649445920238,45.950075742530174],[13.370116099904065,45.9519726662657],[13.376051089806442,45.949800846480414]]]},"properties":{"name":"Trivignano Udinese","op_id":"3925","minint_elettorale":"1060851280","minint_finloc":"2060851280","prov_name":"Udine","prov_istat_code":"030","prov_istat_code_num":30,"prov_acr":"UD","prov_iso_3166_2":"IT-UD","reg_name":"Friuli-Venezia Giulia","reg_istat_code":"06","reg_istat_code_num":6,"reg_iso_3166_2":"IT-36","opdm_id":"3771","com_catasto_code":"L438","com_istat_code":"030128","com_istat_code_num":30128}},
{"type":"Feature","geometry":{"type":"Polygon","coordinates":[[[13.228993005407107,46.02719493306886],[13.225934210892124,46.03000412008608],[13.219203251001897,46.037125602043226],[13.2179137357852,46.03862695364868],[13.213023832827925,46.04251609117216],[13.211146794905355,46.04346354095816],[13.201497115247099,46.047117666015026],[13.201924288148176,46.047880524717094],[13.202067407987858,46.04839281970183],[13.202668489892245,46.05263608183499],[13.198748323320762,46.055724878980584],[13.19716584681385,46.056678709532264],[13.19368015067201,46.06087987308092],[13.193040722591928,46.06467034028556],[13.194078259188426,46.064956228385725],[13.194523973416151,46.0651222206079],[13.194958169362408,46.06528392519175],[13.195286382657306,46.065955937965015],[13.195704190746458,46.06833852653737],[13.193091683978466,46.07480365863206],[13.190134386234172,46.077593403797025],[13.187079701703626,46.07924594156025],[13.185665667659803,46.082278139299646],[13.185968309313935,46.08435881507771],[13.189327681488045,46.08621578297797],[13.199258958484258,46.08840254081436],[13.209016362026796,46.09075224094586],[13.219790169638433,46.093631931234434],[13.226273774622792,46.09598750181968],[13.226456695529045,46.09671880935387],[13.227889306951038,46.09842541645622],[13.229099478038012,46.0986416264565],[13.240054509714696,46.10036828129396],[13.240670824871588,46.100453384171836],[13.245769627318655,46.10092533924067],[13.253584048192126,46.1009021600079],[13.2570982499581,46.10044532128086],[13.25819880959462,46.10021460861877],[13.259346214223266,46.100369804677136],[13.260398452785026,46.100610939237],[13.257550754711415,46.105122458269356],[13.256671359653724,46.106374329602765],[13.25553959974815,46.107964724217204],[13.254762545274737,46.10890982110063],[13.251718417206714,46.11229251740511],[13.25074683456307,46.11313450451593],[13.25570538776505,46.11329743672837],[13.263558808977104,46.11467930943642],[13.267025887845946,46.11711287454753],[13.267140701427433,46.11677038659112],[13.267322336333464,46.11622866522987],[13.267739380490127,46.11572251391359],[13.2771304838929,46.107125873304355],[13.27739225765582,46.10689431652209],[13.27748709645797,46.10681042576205],[13.278924263027346,46.105539149157934],[13.279593971629337,46.10494673347293],[13.280069922409712,46.10452569142918],[13.280457151401517,46.104183126560756],[13.28059808169408,46.10405844795153],[13.281242720997877,46.10348811563898],[13.285277673783622,46.09980380117314],[13.285915752958745,46.098918819029834],[13.286258958665464,46.098442789508034],[13.28630491167259,46.09837904516762],[13.2888022687575,46.094679660351304],[13.290388798647596,46.09223982007667],[13.290624479677266,46.09177638946459],[13.290523788515058,46.08874232090599],[13.287300327282276,46.08671228508184],[13.287073426041337,46.085361654216086],[13.289516382120755,46.079455077775826],[13.289977647660393,46.07835759844528],[13.291343423836333,46.07601094903456],[13.293076022541957,46.069276075664504],[13.294140353355928,46.064568828191824],[13.293523164102693,46.064853055632355],[13.289983631181817,46.065179743215616],[13.289081412823574,46.06526165129201],[13.288206888342728,46.0653410350627],[13.287893841976478,46.06536773426195],[13.286224573381476,46.06551004968744],[13.283950840055175,46.0641822852571],[13.283091715567103,46.063566456917904],[13.283502569744185,46.061755315991036],[13.283658001824582,46.06107310636721],[13.284068966053484,46.059501765489244],[13.284623173696875,46.05748720966816],[13.285313271894443,46.05525600961774],[13.282562189318865,46.047663366229635],[13.277908325630309,46.04579342774991],[13.268157378799849,46.04145004385362],[13.268246440042,46.039212254219926],[13.27025928817218,46.03299303284047],[13.272625054720116,46.021869690722035],[13.27062187560927,46.01653082689007],[13.27056471227916,46.01650242573342],[13.270174860681896,46.01630872233344],[13.270137690956897,46.01628761064273],[13.270877530637412,46.013322165333776],[13.271953502152247,46.009009707486356],[13.26495836346513,46.00635507945051],[13.262834564007647,46.01044728731548],[13.259283696658164,46.01140522919343],[13.252540563089816,46.013069951604514],[13.244915262316667,46.01451319725513],[13.23387351744229,46.01920096942117],[13.232143838612538,46.02075481695727],[13.23078559487821,46.02206535166127],[13.228840885295158,46.025890918605405],[13.22895156650374,46.02686343460955],[13.228993005407107,46.02719493306886]]]},"properties":{"name":"Udine","op_id":"3926","minint_elettorale":"1060851290","minint_finloc":"2060851290","prov_name":"Udine","prov_istat_code":"030","prov_istat_code_num":30,"prov_acr":"UD","prov_iso_3166_2":"IT-UD","reg_name":"Friuli-Venezia Giulia","reg_istat_code":"06","reg_istat_code_num":6,"reg_iso_3166_2":"IT-36","opdm_id":"3772","com_catasto_code":"L483","com_istat_code":"030129","com_istat_code_num":30129}},
{"type":"Feature","geometry":{"type":"Polygon","coordinates":[[[12.98207474233412,45.82729512419529],[12.980256110316853,45.82707505692691],[12.977019233919817,45.823710981004815],[12.976087792050373,45.82352092812825],[12.97547129782279,45.82341189806615],[12.97418887721169,45.82336442132817],[12.974143986058658,45.823416190484465],[12.97355018848943,45.82410095805066],[12.973510048018234,45.82415079093636],[12.972980887437604,45.82494728315288],[12.972880791129644,45.82510495484438],[12.971064547666977,45.82804619739192],[12.97087757198824,45.828672413590205],[12.971801757785746,45.82921553724079],[12.972839137729617,45.829813408555864],[12.97453213712234,45.83077606722995],[12.979045768805639,45.834041724327385],[12.979673230488922,45.83343261593954],[12.98183900127348,45.83348335785401],[12.982698154824698,45.83357940239835],[12.983798925257648,45.83377948268506],[12.983855253517468,45.83380225103582],[12.984280401407027,45.83397417914503],[12.982985259430036,45.837761801452196],[12.978523773388826,45.84106312938675],[12.980995752985368,45.84896777538699],[12.98012622670031,45.853777725114185],[12.979195493884086,45.85740614127216],[12.977030419272664,45.86535926940278],[12.97456949370808,45.873448331193714],[12.9704760238432,45.87596627205659],[12.963813160937823,45.8799938127658],[12.95746350630581,45.883797298801845],[12.95722768976738,45.883870034839326],[12.95677301776298,45.884010272605465],[12.954192949500605,45.884419255740774],[12.953065006980065,45.88459787006885],[12.952075480354837,45.884672656605076],[12.950042797321256,45.884752258197054],[12.95122801518761,45.88821217206697],[12.95242314509166,45.892256846269994],[12.952744458223405,45.89456799499726],[12.95285246866107,45.89534912541963],[12.95183648079214,45.900850715679525],[12.950913241081022,45.903155466455964],[12.949297162851623,45.90678036067215],[12.959287203735714,45.90965200299477],[12.960721789773755,45.91519173349157],[12.959677367652624,45.91588591584467],[12.95906118343604,45.9172419814747],[12.958780429790037,45.918571688624134],[12.958706739878899,45.91985689190013],[12.958886411268084,45.9209307781698],[12.959355115227778,45.92151309523884],[12.961909009390883,45.9229186187772],[12.96271987239544,45.92331351318746],[12.96412649117546,45.923606701266074],[12.964077238140124,45.9214931522777],[12.964223049194004,45.91959334303799],[12.964415819200433,45.91820497655647],[12.96490872929943,45.91528499284998],[12.96610696527267,45.91496430135622],[12.970219195487356,45.91465028334796],[12.971498623744493,45.91456523139138],[12.97615710670085,45.91485754551312],[12.978167475145138,45.915548059918756],[12.983767338857982,45.91516362889941],[12.989114525625533,45.91275349709088],[12.990469642781076,45.91163499602126],[12.990463599555916,45.910024015529125],[12.99041006204394,45.90898627952127],[12.990123116879014,45.90801966988481],[12.988123662716117,45.906995955120856],[12.987490992899243,45.905568879622685],[12.987016510403324,45.90444683115869],[12.987432865958395,45.902555552910265],[12.99095441886541,45.90035764851387],[12.99214870579884,45.9001358908515],[13.00566328984635,45.901471363849275],[13.006854254722054,45.901650062618984],[13.014574135497579,45.907872983748504],[13.019348553014265,45.91174637528222],[13.022694076137906,45.91413078253679],[13.029109196966301,45.91322482752393],[13.03046737049791,45.91088156089173],[13.033535653516319,45.90617356484599],[13.037783624728574,45.90016354200499],[13.040155918068061,45.898324330330645],[13.040401383974164,45.89351802337126],[13.035865799628255,45.890213137942986],[13.031761916778505,45.887099834911886],[13.025661009901054,45.882085632691656],[13.024060944403312,45.880710895203656],[13.024012933483924,45.88066899312345],[13.022985413800441,45.879772191549264],[13.020799759137526,45.877837510094665],[13.020417949007127,45.87732438631331],[13.02041755348908,45.87697334404743],[13.020453214143224,45.876697568403344],[13.02097265527809,45.87151260116513],[13.018950723467087,45.866039135049384],[13.017748558553908,45.864344270968935],[13.017380273656299,45.864195218699486],[13.008713718050798,45.86733094569861],[13.006486074587475,45.867652221847386],[13.00452581857831,45.86771653283681],[13.002875880189812,45.86019098032229],[13.003679334463579,45.85861008506253],[13.004836249068292,45.85650370657319],[13.008243706966285,45.85054228706443],[13.01124746165086,45.84830792854106],[13.011523417499543,45.84309556667702],[13.000962279345172,45.83920394317613],[12.998495966920743,45.838269601655256],[12.996146538332487,45.83726052207324],[12.987251327293647,45.832632026979965],[12.985119090467768,45.83107282490841],[12.983809530880503,45.829898914029734],[12.983354717850498,45.82946359965983],[12.982566539447879,45.82870916232094],[12.982192375558654,45.82794361678789],[12.98207474233412,45.82729512419529]]]},"properties":{"name":"Varmo","op_id":"3927","minint_elettorale":"1060851300","minint_finloc":"2060851300","prov_name":"Udine","prov_istat_code":"030","prov_istat_code_num":30,"prov_acr":"UD","prov_iso_3166_2":"IT-UD","reg_name":"Friuli-Venezia Giulia","reg_istat_code":"06","reg_istat_code_num":6,"reg_iso_3166_2":"IT-36","opdm_id":"3773","com_catasto_code":"L686","com_istat_code":"030130","com_istat_code_num":30130}},
{"type":"Feature","geometry":{"type":"Polygon","coordinates":[[[13.098967646824866,46.36247250960978],[13.10099895542974,46.36228703545677],[13.106675265175735,46.36218437340988],[13.11509052831466,46.36239712802242],[13.117075753677312,46.362897202135485],[13.11921491796331,46.36398774283649],[13.119506551367367,46.36436945017776],[13.120018347001123,46.36531259725011],[13.12012923945284,46.365887314990644],[13.120094031494238,46.36627871943986],[13.11982585193483,46.36901819975011],[13.118797125384837,46.371895184156394],[13.118763011518887,46.372076252259625],[13.122651436449926,46.378220936789],[13.125510956593429,46.382679316625605],[13.134654690066593,46.388226418696874],[13.13541143195764,46.388549799060236],[13.138190361253898,46.38931214705066],[13.138876532076448,46.3894101157149],[13.143063369736922,46.38984637904036],[13.145271241049645,46.38997167462661],[13.14769917009212,46.389871633399515],[13.15846240539971,46.389401994047766],[13.158569771179987,46.38773428920574],[13.158825338144792,46.38730634650349],[13.160508453253351,46.38466822059181],[13.167442004618323,46.37952125187924],[13.17320068350272,46.37921589746214],[13.173996359546436,46.37908062324736],[13.175863107941073,46.37876320651565],[13.17927019568354,46.37628933243412],[13.179341263627622,46.37339737958395],[13.17972659699966,46.371254135472476],[13.181707926940874,46.36899552200071],[13.184312205111267,46.36648306771341],[13.185832284059767,46.36551737279303],[13.186768536452938,46.365136520117616],[13.187725127388097,46.36499774906838],[13.188387967470028,46.36490160284912],[13.191590642892994,46.36399194710383],[13.193159776689798,46.36331327241488],[13.194809329550338,46.36258209762424],[13.19601501464833,46.36188070818884],[13.196072828492287,46.361536247538055],[13.196113698041701,46.361292030065286],[13.198578728567899,46.35782607985403],[13.205903144519956,46.351309838849815],[13.206748169852757,46.350909652072666],[13.211533051537444,46.34923905302506],[13.213689569149068,46.348875935222985],[13.21624378777702,46.34865562127355],[13.21990609958505,46.34836276764382],[13.228900765681173,46.3508246454814],[13.228682491276588,46.34982913421812],[13.232256042827778,46.34420614609216],[13.233605535116919,46.34273201485648],[13.236185723709834,46.34042399355404],[13.238697987800204,46.338661057722184],[13.24322759262965,46.336814094948934],[13.245170353895091,46.336206297077005],[13.249201243430008,46.33529572284144],[13.251116473974932,46.335161398596334],[13.25398491130638,46.33414543738024],[13.25483975221383,46.3324574005962],[13.25361233315147,46.331837081985235],[13.25146008968246,46.33006760737919],[13.24748719884383,46.32142614280512],[13.247032725840041,46.320214417365364],[13.246766334078092,46.31918473502836],[13.246797470139132,46.317797455041706],[13.246552534876328,46.31814408527153],[13.246048554972614,46.318453350924166],[13.23987200184149,46.3207056792594],[13.237677342364657,46.32111571056143],[13.23455860019885,46.32166276032692],[13.233410341630625,46.321781026866276],[13.230215762644002,46.321980929600315],[13.213102173577187,46.32476983149489],[13.209447676889386,46.32513962779275],[13.206890758762388,46.32509890115228],[13.196134696069718,46.324782397177586],[13.172354111114513,46.32413409766224],[13.163362998118785,46.32150600935528],[13.158215942272951,46.31920478424399],[13.146691503505757,46.315051630172135],[13.13484421420113,46.31355971644826],[13.130178657921606,46.313647619905765],[13.128957328986269,46.313664793519756],[13.128680768363951,46.31365136505399],[13.127843451419979,46.31361058845525],[13.125365454417325,46.31348866065329],[13.121140855796611,46.313200219441384],[13.121052589161367,46.31540519999014],[13.121206729564603,46.31698267888331],[13.122121845024717,46.32325472581902],[13.123845920154594,46.32791790030535],[13.123692250448055,46.33128077869919],[13.122219937140635,46.334799248356575],[13.12027699826265,46.335400448290265],[13.119401254318378,46.335171038031014],[13.115787509906584,46.33414929946508],[13.111103984104274,46.33734196886081],[13.106692124194042,46.35023352673009],[13.105974600934381,46.350704142390065],[13.09758710135994,46.35333673387426],[13.095918706151053,46.35342812164482],[13.098967646824866,46.36247250960978]]]},"properties":{"name":"Venzone","op_id":"3928","minint_elettorale":"1060851310","minint_finloc":"2060851310","prov_name":"Udine","prov_istat_code":"030","prov_istat_code_num":30,"prov_acr":"UD","prov_iso_3166_2":"IT-UD","reg_name":"Friuli-Venezia Giulia","reg_istat_code":"06","reg_istat_code_num":6,"reg_iso_3166_2":"IT-36","opdm_id":"3774","com_catasto_code":"L743","com_istat_code":"030131","com_istat_code_num":30131}},
{"type":"Feature","geometry":{"type":"Polygon","coordinates":[[[13.022410318459537,46.38616288464414],[13.017870371793126,46.382249908816746],[13.005134752980734,46.37521777923023],[13.002910396142035,46.3709664397467],[12.996620061556046,46.36771702222205],[12.992636462443535,46.367482869916664],[12.987821066191094,46.36478894119077],[12.98569345596707,46.36078140070717],[12.983363132035368,46.35592583900761],[12.980865947336993,46.35137304677594],[12.974290161554695,46.349590488994075],[12.965655932678361,46.34796006993464],[12.962326147390105,46.34767966515596],[12.958729470895387,46.34760639927637],[12.958665439632593,46.345821987804726],[12.958678765437067,46.3447594312598],[12.959295349500962,46.34145728438546],[12.961202974040825,46.33700327285687],[12.95989589799075,46.33711263053214],[12.955831468533555,46.33677099195139],[12.951005069555812,46.33623606002509],[12.948963841770086,46.33592864935061],[12.946443092762122,46.33523274275765],[12.945507400255012,46.33495255738635],[12.945338279089622,46.33490190389326],[12.945015474833648,46.33465029834577],[12.944087260571061,46.33395054954952],[12.93931687481722,46.33395286334632],[12.935877206863376,46.33396053972838],[12.934228082115192,46.33492530714592],[12.93313412199955,46.33566056138527],[12.93236350984255,46.33646566634782],[12.929908172631796,46.339191897681786],[12.92873397867383,46.34036190855034],[12.92825024393338,46.34077457920241],[12.927795715738789,46.341118737057755],[12.923870459254136,46.34354890142123],[12.915132006340247,46.34676512692474],[12.910902229872331,46.34077160841619],[12.906439604500827,46.33476790703406],[12.906268233470007,46.33654688852319],[12.905764236385867,46.34704097195258],[12.90574042194353,46.347893646643286],[12.905695674628078,46.34949599142255],[12.905438172865141,46.36337110199885],[12.904257555841626,46.370467985030444],[12.905558893763038,46.37041897864454],[12.909267082876482,46.370372407962826],[12.911334976817528,46.37035558312876],[12.913137247302053,46.37038132543291],[12.914025373167995,46.37039400630125],[12.916696137422429,46.37058133584704],[12.921237761508037,46.37253611952036],[12.923455167640325,46.37575869523785],[12.924880870609416,46.37794635616844],[12.92508135537048,46.37877924377456],[12.92969596934279,46.38197506437281],[12.938888830065094,46.39056680298413],[12.942230650295526,46.39618708172518],[12.950426935915301,46.39933307079253],[12.952049191117544,46.401932113047096],[12.955139707000273,46.4017406018234],[12.9626271552709,46.40109744423234],[12.968665858394559,46.400289400845544],[12.969604614124096,46.40064808880401],[12.970514390564043,46.40168750524352],[12.972672209031614,46.404200157027034],[12.977948639183792,46.40155924997256],[12.981552652850871,46.40011053431912],[12.98349328236056,46.399381279092644],[12.989586105801044,46.397444905225456],[12.990240089044786,46.39728145942971],[12.991030609769492,46.39708391271921],[12.994328135768212,46.39654554462987],[12.995094442310004,46.39719222559335],[12.996140315517188,46.39807480212821],[13.001670172726456,46.396045440074],[13.017811044407665,46.38820147111969],[13.022410318459537,46.38616288464414]]]},"properties":{"name":"Verzegnis","op_id":"3929","minint_elettorale":"1060851320","minint_finloc":"2060851320","prov_name":"Udine","prov_istat_code":"030","prov_istat_code_num":30,"prov_acr":"UD","prov_iso_3166_2":"IT-UD","reg_name":"Friuli-Venezia Giulia","reg_istat_code":"06","reg_istat_code_num":6,"reg_iso_3166_2":"IT-36","opdm_id":"3775","com_catasto_code":"L801","com_istat_code":"030132","com_istat_code_num":30132}},
{"type":"Feature","geometry":{"type":"Polygon","coordinates":[[[12.92508135537048,46.37877924377456],[12.922077569689831,46.3812341186212],[12.91951241111904,46.393302105451106],[12.919292519698148,46.39495227035973],[12.917692614006311,46.401136658456906],[12.909643142589898,46.40850958256198],[12.905493629133046,46.41600068678561],[12.904447208463742,46.421886978777685],[12.9077033041443,46.42234247037568],[12.917985388107624,46.42246716624823],[12.91924723850911,46.421438284485454],[12.920532188454244,46.42051662198897],[12.922251769339717,46.41944048709194],[12.923023537731558,46.41899546813217],[12.929000388015302,46.41785385731301],[12.935352841975886,46.41678004787215],[12.941002708937651,46.416027131823306],[12.942230769219819,46.41593524432707],[12.956666339701664,46.41589555077841],[12.961348932140504,46.417793413384075],[12.964297878934966,46.41839797194009],[12.96531302941843,46.41855923566299],[12.967359917836385,46.41829093582748],[12.968213069137338,46.41814427043876],[12.973978492298029,46.41531218009913],[12.976162026142434,46.41255283132831],[12.975400227459328,46.40747213928093],[12.974769018778847,46.40659786395894],[12.972672209031614,46.404200157027034],[12.970514390564043,46.40168750524352],[12.969604614124096,46.40064808880401],[12.968665858394559,46.400289400845544],[12.9626271552709,46.40109744423234],[12.955139707000273,46.4017406018234],[12.952049191117544,46.401932113047096],[12.950426935915301,46.39933307079253],[12.942230650295526,46.39618708172518],[12.938888830065094,46.39056680298413],[12.92969596934279,46.38197506437281],[12.92508135537048,46.37877924377456]]]},"properties":{"name":"Villa Santina","op_id":"3930","minint_elettorale":"1060851330","minint_finloc":"2060851330","prov_name":"Udine","prov_istat_code":"030","prov_istat_code_num":30,"prov_acr":"UD","prov_iso_3166_2":"IT-UD","reg_name":"Friuli-Venezia Giulia","reg_istat_code":"06","reg_istat_code_num":6,"reg_iso_3166_2":"IT-36","opdm_id":"3776","com_catasto_code":"L909","com_istat_code":"030133","com_istat_code_num":30133}},
{"type":"Feature","geometry":{"type":"Polygon","coordinates":[[[13.36190670208378,45.891168484360264],[13.358039888568612,45.890334169865504],[13.346388865071006,45.88709864110293],[13.337977071779715,45.887094464803994],[13.333812222571286,45.88675323206287],[13.332833679775987,45.889693307894596],[13.32707381262178,45.89385002071606],[13.325127196870042,45.89538206717052],[13.326160068800739,45.89608549394326],[13.331666183969922,45.89967536215776],[13.33578062707228,45.8990262386573],[13.33909679442526,45.89880299892697],[13.353464479873876,45.90253108765985],[13.360291971663502,45.904399061222755],[13.36190670208378,45.891168484360264]]]},"properties":{"name":"Visco","op_id":"3932","minint_elettorale":"1060851350","minint_finloc":"2060851350","prov_name":"Udine","prov_istat_code":"030","prov_istat_code_num":30,"prov_acr":"UD","prov_iso_3166_2":"IT-UD","reg_name":"Friuli-Venezia Giulia","reg_istat_code":"06","reg_istat_code_num":6,"reg_iso_3166_2":"IT-36","opdm_id":"3777","com_catasto_code":"M073","com_istat_code":"030135","com_istat_code_num":30135}},
{"type":"Feature","geometry":{"type":"Polygon","coordinates":[[[12.984825704272176,46.48378809351502],[12.98855784362955,46.48162815663866],[12.990693151448609,46.48059497940115],[12.991104463268886,46.48039609012948],[12.9955117437928,46.479931434963],[12.997019595497383,46.480382706297384],[12.996732427198989,46.480775287704034],[12.996724827388652,46.481671115326925],[12.996895122669077,46.48234921782258],[12.997654883645579,46.48294817205913],[12.999546686050897,46.484313036812026],[13.001236418153916,46.48548692173351],[13.002295204148584,46.48609784647805],[13.003398000508886,46.486585794449645],[13.005263478190304,46.48510727657951],[13.005572537206737,46.48449333435463],[13.005405757888989,46.483698120976484],[13.004921958799814,46.48268901732976],[13.004403805547948,46.4818881417263],[13.003796899570482,46.481031866491016],[13.006328463073375,46.47735180429923],[13.012512352092102,46.47300623526059],[13.015650117573976,46.472929587752674],[13.021540083527785,46.47242927753287],[13.02686865872068,46.46530784303793],[13.029174274916956,46.462155097130996],[13.032386464789731,46.457055336674486],[13.03276388903336,46.455900577235866],[13.033729968378214,46.44913433884508],[13.034132092049724,46.44627010515095],[13.034151874236837,46.44572071991307],[13.023055828716531,46.44497329349659],[13.021456657882688,46.44491712625734],[13.00914179152579,46.4448551553311],[13.002611273601307,46.44603239637009],[12.991427059380126,46.45001660190112],[12.986435519775183,46.45266614636541],[12.98636479770218,46.45278256454591],[12.98630981370715,46.452873060213385],[12.985128339671663,46.45349034596508],[12.983445317537269,46.45392710094149],[12.97913886229485,46.45488730563771],[12.973596985708264,46.455080286632395],[12.968057261124624,46.454174857288415],[12.964298408366119,46.45583101697424],[12.954787123971734,46.46845569570587],[12.949466827849221,46.474841255534244],[12.947166350924519,46.47852556149022],[12.948494469443556,46.47924469528075],[12.951125539900913,46.48027876915921],[12.958903102339786,46.4796337621154],[12.967785638418974,46.47827450428187],[12.979412172066718,46.48301382064436],[12.984825704272176,46.48378809351502]]]},"properties":{"name":"Zuglio","op_id":"3933","minint_elettorale":"1060851360","minint_finloc":"2060851360","prov_name":"Udine","prov_istat_code":"030","prov_istat_code_num":30,"prov_acr":"UD","prov_iso_3166_2":"IT-UD","reg_name":"Friuli-Venezia Giulia","reg_istat_code":"06","reg_istat_code_num":6,"reg_iso_3166_2":"IT-36","opdm_id":"3778","com_catasto_code":"M200","com_istat_code":"030136","com_istat_code_num":30136}},
{"type":"Feature","geometry":{"type":"Polygon","coordinates":[[[13.037793047069576,46.2329436989411],[13.036723263090039,46.23164490033065],[13.035935881803,46.23047113826359],[13.03549907473603,46.22925794649377],[13.03525571488422,46.22807394472405],[13.035354542570074,46.22676981556529],[13.035869340793274,46.22578852247742],[13.03577502894779,46.224437234202846],[13.03430120731163,46.22286467708031],[13.032741568160937,46.22186669267571],[13.031304946944053,46.2210758641242],[13.02765322050122,46.21948561368233],[13.025925003123856,46.21889402654412],[13.025206740593536,46.21865835909592],[13.023669075641184,46.218145499455964],[13.00963213142115,46.21333798024466],[13.005116434037028,46.21169635720758],[13.0059136612153,46.21040376634907],[13.003014739932642,46.20955139241587],[12.989553740410338,46.205769793735364],[12.986881196337986,46.205138602640524],[12.982342005527567,46.20378042840632],[12.979559663658957,46.20292787338282],[12.973247924655,46.20080304877023],[12.966442714191274,46.1958822529905],[12.965176460853264,46.194913420153185],[12.962311129800028,46.19862697721854],[12.961067394497137,46.199997791303474],[12.958715072066694,46.20234647177264],[12.95701194075554,46.20364790704701],[12.952360306862914,46.20406041510959],[12.944529943491355,46.207946681602515],[12.939671725964507,46.21133227243177],[12.937667029762215,46.21191000483084],[12.943603602137065,46.21401377897546],[12.954240907315919,46.21421278213136],[12.957006314179747,46.220571824436924],[12.956176616833604,46.22144095899443],[12.955940254761403,46.22256075327429],[12.95903198506446,46.226575918999224],[12.959315269621943,46.22679634965032],[12.959785011392995,46.227161832537114],[12.959958557344212,46.22729609097064],[12.959991017624308,46.227321193463716],[12.96539294418185,46.23027045414645],[12.971577349328726,46.23314722735073],[12.97318806171145,46.2335430943552],[12.974726409696563,46.23560776361817],[12.974473911280826,46.239684529408],[12.974418540606562,46.240509544248695],[12.974388826372714,46.240952117758646],[12.974295558197143,46.24172172832313],[12.97247166816321,46.250073686380006],[12.975599051215498,46.25887262246979],[12.975095245255734,46.26052227942086],[12.975103781315049,46.26310521614516],[12.975561616711676,46.264704119093004],[12.976363935452309,46.266999182548716],[12.980469518850041,46.26933130731389],[12.984335343095827,46.27043405103599],[12.985991292052049,46.270929784447674],[12.987614989943907,46.27156165160401],[12.988725805088187,46.2721123816367],[12.989501781758797,46.27253083474148],[12.990579028213261,46.27324470872401],[12.99412038104681,46.26826492229724],[13.004347756817005,46.25863574936533],[13.010592712478205,46.252417445364934],[13.016429551011043,46.24236528022112],[13.018334575251563,46.238823885880564],[13.019316954593421,46.23822225733883],[13.020927453322455,46.23744096069644],[13.023018622243983,46.23659320428551],[13.02847193506842,46.23499672140347],[13.032200509388593,46.234104543735825],[13.037793047069576,46.2329436989411]]]},"properties":{"name":"Forgaria nel Friuli","op_id":"3836","minint_elettorale":"1060850391","minint_finloc":"2060850391","prov_name":"Udine","prov_istat_code":"030","prov_istat_code_num":30,"prov_acr":"UD","prov_iso_3166_2":"IT-UD","reg_name":"Friuli-Venezia Giulia","reg_istat_code":"06","reg_istat_code_num":6,"reg_iso_3166_2":"IT-36","opdm_id":"3779","com_catasto_code":"D700","com_istat_code":"030137","com_istat_code_num":30137}},
{"type":"Feature","geometry":{"type":"Polygon","coordinates":[[[13.370106567375652,45.85496648153719],[13.38252361177399,45.870948853947304],[13.386222927919658,45.87429125866938],[13.391955446658663,45.87676989522796],[13.39795136766275,45.87932023242886],[13.399358397938315,45.88019124935968],[13.40098751355796,45.88126889222122],[13.402011898347707,45.88195846641857],[13.402179130936512,45.882496502896224],[13.40226958029309,45.8827875176091],[13.40228420901067,45.882834588059694],[13.402373628699001,45.885959086096825],[13.402374896789125,45.88610066430815],[13.402376610393388,45.88629200275728],[13.402229562636128,45.88650020915842],[13.401792488849663,45.886962645925706],[13.401125535509022,45.88729387341949],[13.401006156049812,45.8873005955604],[13.400926868529012,45.887304699333605],[13.400439961096545,45.88732988729203],[13.399588199103288,45.88693968557146],[13.398792102144704,45.88640780968841],[13.397993673672556,45.88590754085756],[13.397094504938304,45.88853458026664],[13.396356333413465,45.89466084192645],[13.3996877099997,45.8955905725776],[13.402373261557027,45.89393677399631],[13.411794133838553,45.88936530177537],[13.41648387819115,45.882852659495114],[13.418024766630824,45.875309979146834],[13.418689484546388,45.874005511277836],[13.42066333378714,45.87273078222732],[13.423160550454687,45.8712385641066],[13.42332501726677,45.87112887650071],[13.42404691416464,45.87064628753529],[13.425127676769813,45.869339682877],[13.425562154854363,45.868600085648964],[13.425885221973555,45.86805011262803],[13.425688372463943,45.86726563182182],[13.424978037194812,45.866870140699284],[13.424159011743168,45.866676882779345],[13.422883195281972,45.8667827289976],[13.422742442166708,45.86679463358413],[13.42234249712847,45.866828881503324],[13.421201669862818,45.86692659189194],[13.420894800312894,45.86699028203565],[13.419815245144461,45.867214358752236],[13.41872580262632,45.86745909735633],[13.413244519290746,45.86358477914001],[13.410728236161528,45.856862377449694],[13.410894194741424,45.8568392071347],[13.410976142776397,45.8568270451798],[13.411613435290821,45.85623583885633],[13.411707126826698,45.85614086856946],[13.411736897649885,45.8561103004148],[13.412371007732299,45.855459137751744],[13.413107071945348,45.85435474983181],[13.414497035871639,45.85214514319326],[13.415388702895816,45.85068840677514],[13.415939940729578,45.84955835470727],[13.416017475223395,45.84939938555203],[13.416011994331221,45.84933671239041],[13.41590034252003,45.848493945314324],[13.415890599066753,45.84841865704706],[13.415876153245462,45.8483865684324],[13.415213500819753,45.84691463994709],[13.414067749376155,45.84467717155754],[13.412519770429798,45.84332393328937],[13.410390039890174,45.84216857488762],[13.408292834215759,45.84341532272458],[13.40607048227613,45.84773184296715],[13.391571932432436,45.85031187532423],[13.391926316537518,45.851855437126275],[13.391492271338828,45.8539469568116],[13.39116095433042,45.85546944064133],[13.391002561601598,45.85619726835736],[13.383871033981288,45.856409634403235],[13.380874100771933,45.85588556507013],[13.376889862097762,45.85516096539848],[13.373144698204879,45.85460249543326],[13.372076569898443,45.854544442390456],[13.371342950554371,45.85453204000274],[13.370143802180232,45.854569004203086],[13.370106567375652,45.85496648153719]]]},"properties":{"name":"Campolongo Tapogliano","op_id":"8236","minint_elettorale":"1060850175","minint_finloc":"2060850175","prov_name":"Udine","prov_istat_code":"030","prov_istat_code_num":30,"prov_acr":"UD","prov_iso_3166_2":"IT-UD","reg_name":"Friuli-Venezia Giulia","reg_istat_code":"06","reg_istat_code_num":6,"reg_iso_3166_2":"IT-36","opdm_id":"3780","com_catasto_code":"M311","com_istat_code":"030138","com_istat_code_num":30138}},
{"type":"Feature","geometry":{"type":"Polygon","coordinates":[[[13.040155918068061,45.898324330330645],[13.04065100321835,45.89815447814051],[13.04123843578904,45.89795295378998],[13.043012376316053,45.89737251412707],[13.045836376628444,45.896961876186225],[13.053133697421028,45.89767946471007],[13.06157835374549,45.898382772398314],[13.065742626350822,45.89873849078236],[13.068310545480605,45.8990249952638],[13.070300990834484,45.8992600236506],[13.071085401608103,45.90044269240143],[13.071178155641306,45.90074091390119],[13.070790818314869,45.90111927590459],[13.070304858376877,45.90139316783484],[13.069602338365156,45.901548721201365],[13.068941262269998,45.90315202245992],[13.068659689147315,45.90421519702497],[13.068605513487064,45.90502724664508],[13.070185000895126,45.90669012662747],[13.074388600370604,45.910784080163005],[13.075329584045996,45.91153807501385],[13.075806275001407,45.911917089348314],[13.077066487511402,45.91128698997975],[13.085239676153538,45.90607103536829],[13.086420396595772,45.9036163851743],[13.095566557702389,45.89289655224493],[13.102351662955293,45.889704871448764],[13.11024682851713,45.88801648599487],[13.111158035034864,45.886196977926055],[13.111654655598693,45.88446880838465],[13.11238665335012,45.876192839751404],[13.112422676180024,45.873977253009436],[13.108465353592916,45.871374485410946],[13.105387911497248,45.869406010192044],[13.104766950171785,45.86797467275523],[13.104224024041436,45.8661264488323],[13.103854093735864,45.863358407763755],[13.104410229055603,45.860184621582846],[13.094204625450862,45.861108292025456],[13.091536662601055,45.86113650630623],[13.090990426451945,45.86112286434432],[13.090649320545017,45.86111433892787],[13.08990572029034,45.86105782191942],[13.089723797645204,45.861043992398976],[13.088158598761531,45.86049703851983],[13.08742293100025,45.860149839884265],[13.086927607156499,45.85955551096939],[13.083045919807054,45.851066878308885],[13.082833900885184,45.84679715725085],[13.083834192229533,45.83787892059157],[13.085280274027674,45.8343616809955],[13.086861336126695,45.8299439502689],[13.085227749406496,45.828044707242675],[13.084810474282458,45.82628191715935],[13.084823439548394,45.81873751077461],[13.083899485244487,45.81386585915497],[13.078890059879821,45.812780424969354],[13.077070483033355,45.81655847534244],[13.076357310243857,45.817929645058854],[13.075413578476981,45.81877798126213],[13.075144179044601,45.81889219162106],[13.07469480573775,45.81908268017969],[13.070860611991167,45.81882496000794],[13.067263065283282,45.81847929988223],[13.060227133475676,45.824436512225816],[13.052816505472551,45.83121261345813],[13.042754656663545,45.82742814795119],[13.037025715479285,45.82523710513233],[13.03642736753309,45.82500824167536],[13.036143919619299,45.82489982327661],[13.03575036499941,45.82551855060257],[13.035543550999543,45.82584369244834],[13.035235344817488,45.82686249102732],[13.037433324765693,45.8310605156723],[13.038189309666901,45.83260898516493],[13.038592905910843,45.833958360126275],[13.038711374256584,45.83461575792009],[13.038574324775345,45.834868153279615],[13.038343383872885,45.835168860545195],[13.03803476123521,45.83547751982885],[13.0378908649882,45.83562143060013],[13.036669945103748,45.83665476855838],[13.0337197146136,45.83882526758454],[13.032403852005848,45.83968602741211],[13.031283803851615,45.84041421746914],[13.026883257508274,45.84902173918292],[13.025809650490041,45.84990572943527],[13.024364086284715,45.85106838584892],[13.022006930012749,45.85215064200586],[13.020170103242846,45.85276897101334],[13.016435789432732,45.8501731427081],[13.016188009578368,45.849751382184024],[13.015112357048437,45.847920265701276],[13.01327844263363,45.844798054110015],[13.012419481851346,45.843483025257854],[13.012399087812621,45.843451815176294],[13.012192508148663,45.843367772256],[13.011523417499543,45.84309556667702],[13.01124746165086,45.84830792854106],[13.008243706966285,45.85054228706443],[13.004836249068292,45.85650370657319],[13.003679334463579,45.85861008506253],[13.002875880189812,45.86019098032229],[13.00452581857831,45.86771653283681],[13.006486074587475,45.867652221847386],[13.008713718050798,45.86733094569861],[13.017380273656299,45.864195218699486],[13.017748558553908,45.864344270968935],[13.018950723467087,45.866039135049384],[13.02097265527809,45.87151260116513],[13.020453214143224,45.876697568403344],[13.02041755348908,45.87697334404743],[13.020417949007127,45.87732438631331],[13.020799759137526,45.877837510094665],[13.022985413800441,45.879772191549264],[13.024012933483924,45.88066899312345],[13.024060944403312,45.880710895203656],[13.025661009901054,45.882085632691656],[13.031761916778505,45.887099834911886],[13.035865799628255,45.890213137942986],[13.040401383974164,45.89351802337126],[13.040155918068061,45.898324330330645]]]},"properties":{"name":"Rivignano Teor","op_id":"8254","minint_elettorale":"1060850965","minint_finloc":"2060850965","prov_name":"Udine","prov_istat_code":"030","prov_istat_code_num":30,"prov_acr":"UD","prov_iso_3166_2":"IT-UD","reg_name":"Friuli-Venezia Giulia","reg_istat_code":"06","reg_istat_code_num":6,"reg_iso_3166_2":"IT-36","opdm_id":"3781","com_catasto_code":"M317","com_istat_code":"030188","com_istat_code_num":30188}},
{"type":"Feature","geometry":{"type":"Polygon","coordinates":[[[12.621526143396203,46.526487292912115],[12.619925929293364,46.534735369911765],[12.619163995336317,46.54003573841037],[12.619403056125508,46.541423224806216],[12.620152702744514,46.543622563647304],[12.620204872556116,46.54376941775864],[12.62357181552173,46.55088545127206],[12.623601583457992,46.5509472491361],[12.623725697548592,46.55118266550443],[12.628733454618404,46.560595045415326],[12.633600673080531,46.5678562267655],[12.636870726252521,46.57202776322761],[12.638120683815709,46.57293333967124],[12.643620686059181,46.57580936075018],[12.646033160118884,46.57403081051595],[12.6569589997246,46.57279174047703],[12.666765895039411,46.58172409624781],[12.674552120224265,46.58519557594574],[12.67596968055966,46.586563031593634],[12.680020176149185,46.59109482080598],[12.682458334500987,46.59431939202673],[12.683122927412905,46.59541726219466],[12.683199591994391,46.59554496026158],[12.683509871141665,46.596058565808086],[12.684545438113922,46.59746523166371],[12.687525346663378,46.59986218908615],[12.68878313774163,46.60038332784865],[12.688836011995038,46.60040436743911],[12.68937371369032,46.6004896106321],[12.690221138130614,46.60062117860178],[12.697956467751537,46.601373316619735],[12.703273526438187,46.60175264557193],[12.707841350501878,46.6020294568863],[12.708169447847602,46.60334766064625],[12.707240991725302,46.60949354387066],[12.707147290251948,46.60994791905064],[12.706948412325394,46.61089809508054],[12.706832364596758,46.61140791847864],[12.706726388642826,46.61187054072136],[12.706598637242918,46.61242150287073],[12.706525865460131,46.612662169019856],[12.706461565525636,46.612874804753524],[12.706255846062097,46.6135517520011],[12.706190777955568,46.61375892581477],[12.705355053807354,46.61630049718164],[12.70472096940657,46.61839564476355],[12.704808891829972,46.61857140349696],[12.704831327800946,46.618616252296555],[12.704950321533298,46.618851874108024],[12.705072148203092,46.61909078358116],[12.706242115624503,46.62077640526326],[12.706313105162339,46.62086672030317],[12.70718521644557,46.62196085541024],[12.708753985501195,46.62346537090542],[12.70880780761131,46.62351563537863],[12.710206531792036,46.624688889305304],[12.71029910427578,46.624757948525115],[12.711375123595555,46.62555023567139],[12.712033644945702,46.62586088660546],[12.712811481652835,46.626224148483615],[12.7178880604903,46.62821201876291],[12.719055595249952,46.628617846792835],[12.72557004409441,46.630420905473834],[12.727440129639804,46.630375657615254],[12.728192421737132,46.628084164730474],[12.729459035527917,46.62227130955127],[12.72862428156037,46.618016617134735],[12.728602094321317,46.614632798835146],[12.728625944694715,46.613284861685834],[12.728864194123107,46.61047773253946],[12.729399496615338,46.609990670576806],[12.732809248730687,46.60707275818518],[12.73620382059023,46.60229496131601],[12.739655484500386,46.59610180260571],[12.741088230045419,46.58176283211032],[12.741617532404106,46.58006692635385],[12.74211054483063,46.57794435068664],[12.742175378577569,46.57759898458566],[12.742413039337041,46.57633269783839],[12.742353890634952,46.57587672701947],[12.740790684805438,46.57450476989079],[12.737668481875248,46.573040864462484],[12.737021402923752,46.57273798074134],[12.735835323742494,46.57218278782652],[12.732750613124983,46.56228415760273],[12.732696870722425,46.55748110952331],[12.733038955901378,46.55700207640746],[12.733382339851003,46.55652123567741],[12.735426839321054,46.55387117091908],[12.735850904333605,46.55348403538655],[12.737268729476442,46.55280748282682],[12.74964899215191,46.54398202870789],[12.743271099965337,46.54239994438067],[12.72938141389916,46.540473665131316],[12.71300924020313,46.5442967001409],[12.698714782948217,46.54089021027947],[12.692480507289588,46.538729314299495],[12.691664631026256,46.53835381203897],[12.691073583179207,46.53808176358024],[12.68441209382259,46.5334275501168],[12.683272786460472,46.53228073592766],[12.683019210068865,46.53173054852903],[12.682532422265817,46.5303200066247],[12.682424663388373,46.52960682535183],[12.68191688929069,46.52902362530807],[12.681888228317641,46.52899070725646],[12.680447753872867,46.52822710092666],[12.675607829211017,46.526110362077624],[12.673542910827068,46.52560075441351],[12.664152267946587,46.52353971778114],[12.643925003459636,46.51717718321879],[12.630585935939225,46.512166456879974],[12.629952593850973,46.51426236367217],[12.624382607890269,46.52090827341148],[12.621526143396203,46.526487292912115]]]},"properties":{"name":"Sappada","op_id":"3486","minint_elettorale":"1060851065","minint_finloc":"2050100520","prov_name":"Udine","prov_istat_code":"030","prov_istat_code_num":30,"prov_acr":"UD","prov_iso_3166_2":"IT-UD","reg_name":"Friuli-Venezia Giulia","reg_istat_code":"06","reg_istat_code_num":6,"reg_iso_3166_2":"IT-36","opdm_id":"3782","com_catasto_code":"I421","com_istat_code":"030189","com_istat_code_num":30189}},
{"type":"Feature","geometry":{"type":"Polygon","coordinates":[[[13.418687983823663,45.742391478448376],[13.41641586919091,45.74361367551789],[13.407617750837577,45.751942825313876],[13.399304717016422,45.75358254767771],[13.398907939677311,45.754190337779285],[13.398590390245532,45.75467675557988],[13.396188377667167,45.75908105018583],[13.394656261982522,45.76231758219258],[13.394384377241082,45.762894213443055],[13.393901968805066,45.76391737936217],[13.38683565056286,45.779338729056555],[13.38684234859912,45.779706070927226],[13.38685534363904,45.78041812252238],[13.388283118525646,45.786205065123504],[13.389773863991632,45.79081850854912],[13.390363917270848,45.791701298236006],[13.390795768646242,45.792355266699005],[13.391579663886272,45.79484688686198],[13.39186747618518,45.80017430740169],[13.390347321341926,45.801179150187096],[13.385040237249868,45.79733191574662],[13.376304019373972,45.79380347282724],[13.37037777907069,45.79406224783867],[13.367963265644697,45.794316780351984],[13.372628875228548,45.80962350762704],[13.375048614929911,45.811300701906205],[13.380747857815733,45.81855047751446],[13.3819589696272,45.820266228813715],[13.382218433007266,45.820958231391835],[13.382281686546968,45.82112696198308],[13.382278894474966,45.82123507683236],[13.382258210850997,45.82191592227728],[13.383603671265135,45.82322759168291],[13.38529157681888,45.824779075552684],[13.385742143136278,45.82509635696793],[13.388069295729528,45.82578000077281],[13.388194686508275,45.825783583191765],[13.38887435327592,45.82580298409769],[13.389469432739967,45.8258199659029],[13.391606269380446,45.82485617483449],[13.40042505947411,45.819905510304594],[13.399459540099931,45.812691594662496],[13.399461369375983,45.812205310311036],[13.399464558552216,45.81197602803652],[13.399469537670939,45.81161816562577],[13.40044052684613,45.80945739171456],[13.402120051011238,45.80913271262123],[13.407983332809003,45.80910976340679],[13.408068815196314,45.809132932235265],[13.408141184058527,45.809152548280466],[13.408244437679494,45.809180547875656],[13.40849635207667,45.80924904062643],[13.41047711442034,45.811052139540934],[13.411592189405237,45.8121206799133],[13.41101406655278,45.8128676379483],[13.412701008067561,45.81474666588216],[13.416908650585311,45.815263367819256],[13.420928811457365,45.81446656039831],[13.422074036962465,45.81423953627615],[13.426337282768033,45.813228031539],[13.428249034942965,45.808709168870095],[13.428702999790293,45.80807012734284],[13.429747256852375,45.80655531685785],[13.430925966072115,45.80482204779663],[13.431641948434637,45.80366602364155],[13.433813124358176,45.80006149739531],[13.43350549763119,45.79996062540225],[13.433018534966923,45.79981953899369],[13.440286426645674,45.78568618473339],[13.437614129206676,45.7790886866337],[13.433676529096617,45.776361416730445],[13.427997886903231,45.771595324792735],[13.42569901464915,45.76504607086216],[13.424215023950923,45.76385696847524],[13.422905729142622,45.763272214089255],[13.422868095885292,45.763253339545834],[13.42201636676989,45.76249304026248],[13.419688022649188,45.757538041611866],[13.419975382457856,45.75688330078583],[13.420756990450238,45.75606537588328],[13.421621801143845,45.75552778248507],[13.423088311786968,45.755047830407015],[13.424416816476787,45.75492068769667],[13.42481855152426,45.75498805648584],[13.426124395291602,45.755208328512346],[13.42798320931939,45.75606853939446],[13.429756672532257,45.7570483162471],[13.431716078890538,45.758223371263995],[13.432808688088251,45.759147908024],[13.433432926864048,45.75998226830828],[13.43700448635358,45.75808071411999],[13.443559754258546,45.754535438166556],[13.447967256454486,45.749489354935776],[13.448148872143278,45.748964686865236],[13.448655565811059,45.748323819426446],[13.449615825825445,45.748020808252654],[13.450873535511116,45.74805274344701],[13.452079161534423,45.748257698904304],[13.456293587365899,45.749531662904865],[13.458848046553719,45.75030657102228],[13.45953063859633,45.75078393992457],[13.460767134404094,45.75248186403125],[13.46103806261193,45.752420541477235],[13.461073830957645,45.75241244500364],[13.461776715274054,45.7522533149809],[13.461306171011362,45.750174415022364],[13.461113767540013,45.749686862921244],[13.46021603934315,45.749181895263035],[13.45914822623779,45.74875108308949],[13.453291057888958,45.74753177258149],[13.429684574860442,45.74344268224288],[13.422817362887729,45.744090174590795],[13.418687983823663,45.742391478448376]]]},"properties":{"name":"Fiumicello Villa Vicentina","op_id":"3834","minint_elettorale":"1060850385","minint_finloc":null,"prov_name":"Udine","prov_istat_code":"030","prov_istat_code_num":30,"prov_acr":"UD","prov_iso_3166_2":"IT-UD","reg_name":"Friuli-Venezia Giulia","reg_istat_code":"06","reg_istat_code_num":6,"reg_iso_3166_2":"IT-36","opdm_id":"3783","com_catasto_code":"M400","com_istat_code":"030190","com_istat_code_num":30190}},
{"type":"Feature","geometry":{"type":"Polygon","coordinates":[[[13.08140491270009,46.506973941569804],[13.077808559700694,46.5065332910098],[13.063948389082183,46.50456903929049],[13.060905196798323,46.50395602870505],[13.055106565077349,46.50357705424166],[13.053214763706086,46.50360822469378],[13.04575911474454,46.50398511528849],[13.044540691336008,46.504154286372184],[13.042390275656919,46.5048829911453],[13.039143715079163,46.50671698949038],[13.039555645210894,46.50722896027035],[13.040540691274126,46.50845870204249],[13.041083013599426,46.50969509336417],[13.041502304365048,46.51108435709881],[13.04179707756371,46.51210143662911],[13.042010624421865,46.51313058014118],[13.041585089928194,46.51356391333572],[13.03332484783782,46.52348384528089],[13.02929744530186,46.53200556013346],[13.02768079922022,46.53655794407517],[13.029117689772953,46.54392713256056],[13.02934028795578,46.55075688544146],[13.030273359337988,46.55234405560733],[13.031509131186063,46.553889057735645],[13.035053750329801,46.55796265404609],[13.037128936287552,46.55919568285932],[13.037391415535899,46.55935162941711],[13.039392611723995,46.55996490840734],[13.04100917206971,46.56036226354765],[13.041211289196566,46.560379908647704],[13.042660305204853,46.56050620915174],[13.04316165090414,46.56032458174057],[13.043524119701843,46.55788357834931],[13.044860690399695,46.55519907680359],[13.045662717710044,46.55463511871714],[13.046354696331031,46.554619604224165],[13.0469067682027,46.555594608773646],[13.047586953227757,46.55699711181319],[13.04850731423549,46.558985123697944],[13.048753049168296,46.559754952955124],[13.048940332273984,46.567641860089616],[13.053051416623711,46.57383246564631],[13.05457592884998,46.57501141808465],[13.06105525134464,46.58140115670925],[13.062012454374461,46.5823526897468],[13.062951963027077,46.58344885133933],[13.063205165802986,46.583714358485516],[13.063612274348067,46.584019397919846],[13.06830282358444,46.58463996033303],[13.070023367719534,46.58471366930228],[13.072459975770268,46.5848158252736],[13.073895831326102,46.58481411139249],[13.086042308463496,46.58450169277237],[13.087981371747466,46.584247787983664],[13.089694671795446,46.58388942619601],[13.098326817917592,46.58195537163309],[13.102562348624787,46.580988745558535],[13.10793006392954,46.5793961879307],[13.109404491525655,46.57867709153459],[13.109979102960446,46.577843452533784],[13.110724779611894,46.57637492708444],[13.111073073514284,46.57537231237965],[13.111011492054637,46.57407393630027],[13.110962060801969,46.573436690786046],[13.110913598428532,46.57281287900067],[13.108338363227542,46.56291410607134],[13.106500701306537,46.561626322490575],[13.10118446198181,46.55918918273704],[13.095049392086437,46.55439597281242],[13.089865952739132,46.54930736363334],[13.09040760545329,46.54391457380584],[13.089673934424312,46.534724177182724],[13.08239659749835,46.528418594032416],[13.074847209896717,46.51958857051613],[13.074671287104637,46.518991790312185],[13.074732391284302,46.518382060969635],[13.07638528902118,46.512184634644335],[13.07647571684828,46.51187987302477],[13.076721869455966,46.5115110562066],[13.077050546165307,46.51131930713156],[13.07796836318708,46.51092201347533],[13.079548688451728,46.51046052456637],[13.080653225747932,46.510173538859355],[13.08140491270009,46.506973941569804]]]},"properties":{"name":"Treppo Ligosullo","op_id":null,"minint_elettorale":"1060851265","minint_finloc":null,"prov_name":"Udine","prov_istat_code":"030","prov_istat_code_num":30,"prov_acr":"UD","prov_iso_3166_2":"IT-UD","reg_name":"Friuli-Venezia Giulia","reg_istat_code":"06","reg_istat_code_num":6,"reg_iso_3166_2":"IT-36","opdm_id":"3784","com_catasto_code":"M399","com_istat_code":"030191","com_istat_code_num":30191}}
]}