{"type":"FeatureCollection","bbox":[12.319946268927863,35.49345147127003,14.037465370548876,37.74261366812467], "features": [
{"type":"Feature","geometry":{"type":"Polygon","coordinates":[[[13.55607061736203,37.363198738639326],[13.55514765211269,37.35801637888996],[13.557543514683882,37.35535017378902],[13.558001710533505,37.345657647533024],[13.558004673673107,37.34550282773535],[13.558009249144058,37.345263779696566],[13.558058343248243,37.34484580595904],[13.558063523374054,37.344819305656706],[13.558140533281096,37.34442535559999],[13.558979066984728,37.34217384655923],[13.559483310512684,37.34185368760339],[13.562542112812116,37.34010537551427],[13.564467458030162,37.34037316326743],[13.56693852728195,37.34100883848746],[13.570121019239455,37.34226242132153],[13.569531669735737,37.344816775020114],[13.56932277128934,37.345667908737326],[13.569500742498917,37.346392760703374],[13.570357923786572,37.34862225420559],[13.574410123723332,37.35049469278761],[13.57659326078928,37.351096244757905],[13.581111436731176,37.352030837923415],[13.583051467053805,37.35241081469676],[13.591481534712957,37.35374446387979],[13.595331694479583,37.35427909253967],[13.595909202168432,37.35473985127852],[13.5963353356404,37.35507983294531],[13.600893698721887,37.35939453753853],[13.602929622862234,37.361452228389936],[13.603337453489331,37.36197513445649],[13.603448332645383,37.36211940095482],[13.604034405311948,37.36355874774665],[13.608086688303162,37.36675950378408],[13.61159626180805,37.36891379949298],[13.61400262985145,37.36924604383424],[13.614590043787606,37.36916453552633],[13.617695661681557,37.36791955538428],[13.617982747200687,37.36764489876654],[13.61855779422413,37.36694134020648],[13.618625749979092,37.36678148712883],[13.618690161353827,37.366624298942064],[13.618726432448671,37.36632724369054],[13.61878259729128,37.36586724118814],[13.618786402212246,37.36570580527649],[13.618797680381947,37.365102577957494],[13.618624994861701,37.36283080680884],[13.618426149720044,37.361935717751365],[13.618196063805213,37.361619580862595],[13.617950547359507,37.36144315761517],[13.617655760490596,37.36123183721369],[13.616801916996629,37.36064610771016],[13.61677152854356,37.3606342284881],[13.615613403311027,37.360181498080564],[13.61486026338412,37.35997454660772],[13.614610769144152,37.35749685829325],[13.614652578865265,37.35598059194161],[13.615670127859726,37.354023278257195],[13.622371530245713,37.356453681305545],[13.630154914895698,37.35914149026853],[13.630930401853236,37.35796729162477],[13.614633083155171,37.352076087181054],[13.61425006493705,37.35195564227352],[13.613058750338535,37.347279822405056],[13.617932728371079,37.34398150153763],[13.618273834263576,37.342147638261814],[13.618991173469016,37.34132731564401],[13.623071545539727,37.3369872155423],[13.625573215587805,37.33721343478091],[13.628751307431083,37.33750314400688],[13.629133906093035,37.33758045544147],[13.62911773985799,37.33783326017756],[13.628473065111505,37.33810551742285],[13.634387985521727,37.34040459028015],[13.646784487097378,37.34491364431791],[13.647351314053509,37.3449060778904],[13.647560224695008,37.34490328709699],[13.64787688561092,37.34483213759614],[13.64805960945338,37.34479071894477],[13.654103229411099,37.343213999362355],[13.657368135627609,37.336890244996475],[13.65800152596648,37.33557279744609],[13.658637581842873,37.33405283639863],[13.658310319065533,37.33321204516393],[13.652711391354702,37.32504044582754],[13.644757343121164,37.32277189904684],[13.64351559373763,37.322528751881805],[13.643172716219544,37.322496010175286],[13.643038375595546,37.32248318202643],[13.640549579533676,37.322462316266915],[13.636376800840969,37.319998063633975],[13.637772306502665,37.31531519016223],[13.634081288705609,37.31108754418751],[13.633875416079631,37.31089307895706],[13.63155329323807,37.308984048927414],[13.628794061513819,37.306729252134396],[13.628657880129206,37.30663641080604],[13.628523994637902,37.306475659640185],[13.627995978621712,37.30582248221126],[13.6278177276911,37.30509997471144],[13.627936119070068,37.30472157732044],[13.62849286763007,37.30395451042806],[13.629035336908279,37.30327579616503],[13.629782714974013,37.30248099999076],[13.633012812039643,37.30045401880586],[13.633604209884655,37.30018314430535],[13.635584906257794,37.299820114892434],[13.637052812791584,37.299752835549214],[13.63829538841794,37.29971303811218],[13.638872278015025,37.299584562477136],[13.639432988177358,37.2992045492726],[13.640912782387495,37.29782252549886],[13.641101708979152,37.29761120415405],[13.641684665099856,37.296959133570645],[13.64363369327265,37.29143838642357],[13.643032621406583,37.28891393823715],[13.641863117325276,37.28439297356428],[13.640096266395613,37.281157441483764],[13.640046128101462,37.27641549117666],[13.64219056960458,37.271934046111625],[13.647346293355884,37.26962903125069],[13.653730771050954,37.26910490107281],[13.661182837962013,37.267455392857926],[13.66872673382157,37.261166270047035],[13.668532358361599,37.260039211015744],[13.668502869001342,37.25996971615278],[13.668001472110317,37.25878809710301],[13.667348995456226,37.257336586494084],[13.666251731174002,37.255009437869624],[13.665968203906601,37.25446677491013],[13.66503361184785,37.253825970378465],[13.660104936820328,37.25134571538097],[13.658958083326112,37.25114327781451],[13.65022842857951,37.2491325729652],[13.643172604975325,37.24733825684699],[13.64292097205034,37.24694893812156],[13.642679112709827,37.24654936134378],[13.642093658314227,37.24337071828292],[13.64636063919203,37.24056197075288],[13.64948332099738,37.23993636258614],[13.655121122721543,37.23922874006811],[13.655241279378583,37.23925733317309],[13.655372621324007,37.2392885889551],[13.655797131690052,37.23938979645549],[13.657275958919604,37.23978550042009],[13.659921681561961,37.24125724727374],[13.660590745374618,37.241882983633516],[13.671138053649143,37.24196935921492],[13.675998523360406,37.24114148721897],[13.689154102363279,37.24389218786808],[13.691272519281918,37.245859583059094],[13.68688285031325,37.250743477875936],[13.683979437477577,37.254244845939866],[13.683592782436282,37.255544756406586],[13.683260183165727,37.258688502183745],[13.683219936695354,37.259662726704],[13.683408592544275,37.26054683371604],[13.683637693413244,37.26141400227634],[13.683681183487506,37.26153029653226],[13.683777074906095,37.26165517708035],[13.683926788553626,37.261850146743164],[13.684401558028465,37.2617840497698],[13.6870552211781,37.26060966675527],[13.692332674667874,37.260303000270305],[13.693470109055461,37.26031635591325],[13.694036457266101,37.26039440963965],[13.694625068996928,37.2604755294344],[13.694674776530595,37.26048237981685],[13.694850208487482,37.26055105394445],[13.695062648519214,37.260634215427714],[13.701657339543488,37.264510238506915],[13.708418287491146,37.26871829204306],[13.710874727721269,37.27134008759478],[13.714284612835131,37.27178491280682],[13.7151980230337,37.26339424458533],[13.716939471441055,37.25553382219506],[13.717229740831973,37.25505167385538],[13.718530579289443,37.25483086917022],[13.71990714325188,37.254773628243285],[13.722535202769858,37.254675346181095],[13.723427270499792,37.25468565648073],[13.723584411728993,37.254687881149955],[13.723957283049929,37.25479221028705],[13.72678481140338,37.254766546988016],[13.729497093161298,37.254417096110394],[13.73147899258122,37.254114532172515],[13.733308772938102,37.25346407761033],[13.73830712864668,37.251564966195076],[13.74379007513567,37.248629706761804],[13.745269740639474,37.247762023133355],[13.745729590165078,37.24722572666728],[13.748385233895183,37.243451450888664],[13.748575854445683,37.24299144737337],[13.748749557931783,37.242572263050846],[13.748891200891723,37.241944320941585],[13.748917543974821,37.241827533830666],[13.748924605793576,37.24155608897716],[13.748934268235743,37.24098476014065],[13.748919208543589,37.2409455763051],[13.748509091003005,37.24008060256065],[13.74803063646955,37.239589629682506],[13.74796743925145,37.239529011175186],[13.747631348632211,37.23933239215079],[13.74720597925349,37.239083804676014],[13.747056273190504,37.23904283761694],[13.746248833388933,37.23882283347591],[13.745879936433129,37.23883846968148],[13.745506472610172,37.23885429896736],[13.745236581749674,37.23886573679973],[13.744234625724015,37.23877314337272],[13.743189693053175,37.238574064224245],[13.743013791218678,37.23852515039287],[13.742348188925329,37.23834005536308],[13.741418103631545,37.238068932264476],[13.741275797172353,37.23801278500877],[13.740263129385813,37.237613221888594],[13.735939725968517,37.23577778257754],[13.736053812682318,37.23388254548801],[13.736735838174386,37.23351073300551],[13.73719164281303,37.23319077401226],[13.737435925380932,37.232753197146565],[13.737474893421252,37.23265883736312],[13.7377176622852,37.232070973648064],[13.737831422926012,37.23140450342627],[13.738203108724862,37.22662332232524],[13.73828081930718,37.22465555576744],[13.738145253403786,37.22264737547424],[13.737848207619917,37.22090297055741],[13.736904226591617,37.218063678570346],[13.736459954542404,37.217119433798516],[13.736359423459415,37.21690576503365],[13.736190933806048,37.21667992959308],[13.736005962793493,37.216432002135996],[13.735775142969764,37.21612261803723],[13.735708675229048,37.21603352424403],[13.735421401038874,37.21563789535405],[13.735378244521232,37.21557845995647],[13.735356189184659,37.21554090155626],[13.734808633475387,37.21460840227698],[13.734659836855855,37.21432265584319],[13.734338742049724,37.21370188742202],[13.734048883622144,37.21290523693742],[13.733884775325901,37.21226946432024],[13.733783144165054,37.211875727137205],[13.733555751546868,37.210481495274486],[13.733518729180608,37.2102455183666],[13.734267004051066,37.20685838415293],[13.734298600205179,37.20680910313857],[13.734770897080468,37.20607248898518],[13.734901467277416,37.20592472054987],[13.735331445080124,37.2054566354815],[13.737873500796976,37.20176048375948],[13.738465413232657,37.201414800533584],[13.739006792571237,37.20094524503413],[13.739265576461012,37.200720789389884],[13.738670378869587,37.200587054951384],[13.737557271172117,37.20044032132154],[13.734285415847106,37.200026560729576],[13.73299114636824,37.19993206321519],[13.725360781070183,37.20007526456657],[13.718180517360494,37.200215763267444],[13.713004610071657,37.20046503757629],[13.71206528264852,37.20072538421099],[13.711305081744396,37.201014604587705],[13.702997631328364,37.2045090069548],[13.69720731933843,37.20783969497831],[13.695082712695879,37.20976644775935],[13.691882679341822,37.21210141278996],[13.690766387064746,37.21275384655895],[13.688786070098665,37.21359296520327],[13.684183387133741,37.215514549315195],[13.683611477330134,37.21517435282598],[13.683367015706215,37.215008214079084],[13.682357981686822,37.21366383519879],[13.682203447132462,37.2132750694252],[13.682018879231274,37.21275696492954],[13.682005079071688,37.21262349535732],[13.682109975734797,37.21058766510659],[13.675240308209618,37.20783381210673],[13.672308581625309,37.20673010461318],[13.672138593428146,37.20665989115322],[13.671547437675386,37.206415709174195],[13.671244393402583,37.2062401844091],[13.671023441834379,37.20611220679374],[13.669884939796965,37.20535613376841],[13.66944565095314,37.204990357920906],[13.6693755392101,37.20493077172549],[13.668028688222531,37.20340263517478],[13.667630359571913,37.20294205958669],[13.66753161496519,37.20282788160127],[13.665531160329548,37.19996640626031],[13.664669391341054,37.19772190685972],[13.664062549939471,37.19574759345325],[13.663438749067698,37.19338229742869],[13.661614237645434,37.19396535359275],[13.661227147009097,37.19484294322284],[13.661369903141093,37.198218703199515],[13.660675609018288,37.201839765908936],[13.658671978327042,37.20625226625265],[13.655936430249756,37.211616677381905],[13.655220706803481,37.21265152417798],[13.654648823644212,37.21344839503275],[13.653019517006156,37.21568380043474],[13.650989271754689,37.21798153613344],[13.6486605006854,37.220611778998986],[13.64798271422634,37.22132438976281],[13.643562909615362,37.22574279511882],[13.642725936631994,37.22646315767703],[13.638859338109096,37.22978915607734],[13.63757960632729,37.230637328771834],[13.63530918915397,37.231937506240605],[13.634921002967715,37.23215392680429],[13.633052039540328,37.233188654318745],[13.631553744299266,37.233885976268645],[13.6305768698193,37.23432048215998],[13.63015718217823,37.23450417161518],[13.630080136530315,37.23453789241878],[13.629610375105392,37.234718838960035],[13.628069052958175,37.23519894882761],[13.627742180436291,37.235276989224424],[13.626267965887918,37.23555743272005],[13.625942197665928,37.23557597797211],[13.625439640003313,37.23559989346791],[13.625123295730225,37.235611095902364],[13.624761691477435,37.235554827614145],[13.62464058140907,37.23552910679622],[13.624465282139655,37.23549187570187],[13.624252558251328,37.235429890113096],[13.623428009251672,37.23508718572036],[13.622701820822867,37.23474664367779],[13.622615349491367,37.234686286034474],[13.622264401029856,37.23444131526648],[13.615966372769629,37.239471122494194],[13.613014643834328,37.242726602834956],[13.608412285016056,37.246841517591996],[13.60705247131589,37.247963633203966],[13.599345784507404,37.254321349325785],[13.596923108818885,37.25627020610736],[13.59564734663992,37.2571717054897],[13.594547330832306,37.25767568024491],[13.590401203082305,37.25950550988536],[13.589739117081846,37.25977933224048],[13.58915750997962,37.25993618107828],[13.588617799399067,37.260056067352586],[13.5882826240077,37.260074398504685],[13.588032522098018,37.260019333597945],[13.587760393175394,37.25990331609037],[13.576761037451877,37.26091830840666],[13.576979043245473,37.26333847115997],[13.576372032494131,37.268240571760344],[13.567409960629833,37.2772088879213],[13.566396890846685,37.278214223093244],[13.566346593311497,37.27826065336342],[13.566298728294017,37.278304837065846],[13.565999183683108,37.27858134114465],[13.565274294856852,37.27916535093863],[13.561091859802572,37.28210852080762],[13.558672134293579,37.283729014719206],[13.557825632800295,37.284247032358216],[13.555520978195945,37.28543973947724],[13.554724315306743,37.285794843601025],[13.553644690207111,37.286258767938904],[13.551800491628311,37.28691062696646],[13.55127827436316,37.28697118237726],[13.551093629881088,37.28697506539248],[13.551054887577468,37.28697587994823],[13.550719800389972,37.28695625110249],[13.551164311005417,37.28953958236242],[13.551210497677031,37.290071433849896],[13.550997387581406,37.29059075504966],[13.550440798128578,37.29161635147326],[13.549200877567085,37.29306690053624],[13.548820653619165,37.293502588180246],[13.546584684231918,37.29648647488976],[13.545720772438854,37.29874983645831],[13.543566123491976,37.307401252778945],[13.536488769519076,37.30922467601308],[13.529821260279066,37.30879596369169],[13.5213438020263,37.3082609023913],[13.520528621214437,37.30882872993905],[13.520372907626719,37.30893719389513],[13.520305159395603,37.30898630912984],[13.519659325227332,37.30957277070006],[13.518651739661255,37.31238679878834],[13.518742799901013,37.31316602634526],[13.520417238818865,37.31522689723017],[13.520716090611092,37.31548725430231],[13.520793445051966,37.315554644344495],[13.521534586876763,37.315796452305094],[13.524079000411342,37.3160457454607],[13.525539469574989,37.316032697491835],[13.526224580440925,37.316026570063705],[13.52692532306108,37.315877072710286],[13.527769554145669,37.31569695788513],[13.527861358831482,37.31567737124808],[13.52793568255394,37.31566151431616],[13.528835482669782,37.31565358010346],[13.529231763340821,37.31565008364425],[13.52988492240891,37.31567893101344],[13.530405223042166,37.31570863884844],[13.530982273899788,37.31619153697359],[13.531061249079203,37.316257626606834],[13.532330266068795,37.31763849766323],[13.532908001558976,37.31834748011494],[13.533685639126107,37.31939243025515],[13.534783897105893,37.32092861661479],[13.531319486269307,37.323673325021936],[13.527138458470562,37.325559297358794],[13.522743900107832,37.32716800519886],[13.520611625106616,37.32713257303003],[13.519935335547059,37.32719114494626],[13.519866194307555,37.327197133036734],[13.515063465543587,37.327707987072685],[13.507030711871318,37.32959490304212],[13.49333055866591,37.33403559213042],[13.488732046110345,37.33671686678588],[13.485108286273675,37.33876970462719],[13.467874026224365,37.33750250154558],[13.465828628355426,37.335064876951925],[13.462880743207645,37.33101214232394],[13.461241670742186,37.32844051782555],[13.456020961089349,37.331499472489966],[13.445025749825493,37.338682390570696],[13.443500120262394,37.34040149361831],[13.443122064700715,37.34072199775993],[13.441824677093127,37.34172325251377],[13.441093027530039,37.34219210545053],[13.440820248766126,37.342323954501005],[13.44050786663983,37.34247494288876],[13.440203923132628,37.3426218510179],[13.432802302111773,37.34514714264746],[13.431881791997064,37.349248420090845],[13.433864087470155,37.349446067648074],[13.434694461094988,37.349670105010674],[13.434361473865774,37.352232444792186],[13.433923766702451,37.35526455411716],[13.433460574942863,37.35800646580979],[13.433207256284323,37.359319699889355],[13.43289584259811,37.36040021323388],[13.432842491182562,37.36058532170685],[13.432648301138443,37.36098837301478],[13.431909994895332,37.362520735367376],[13.431284344675529,37.36435007161758],[13.430410328619434,37.367303290012366],[13.430141893200176,37.368265824485135],[13.429968201724243,37.36899286763439],[13.4308371679629,37.37173431176922],[13.431429265260086,37.371500419738844],[13.431910780244753,37.37117385545462],[13.432428693997801,37.37067480367977],[13.432460736671091,37.37062120020091],[13.432732993105127,37.370165768405364],[13.432994651487586,37.3700312771419],[13.433418258070384,37.36981354397779],[13.437628330944476,37.369923276231155],[13.438145274476742,37.37002993452773],[13.438167689781293,37.37006021710844],[13.438299324956091,37.37023805605136],[13.438676636330541,37.37106237646148],[13.438945167998229,37.37175165252164],[13.438948450105975,37.37187467687833],[13.438952242579722,37.37201683840239],[13.438957949300077,37.37223077622599],[13.437370696056853,37.375787285495925],[13.436934828320588,37.37595711210053],[13.436699122428216,37.3760489484644],[13.43631747202776,37.376175528242364],[13.435781736659775,37.37635320864006],[13.435568441612121,37.37642315817856],[13.424943525148233,37.38302235230311],[13.423123099948356,37.38417814868177],[13.418021553102367,37.38706566220387],[13.414396857631,37.38880331116738],[13.408860593101801,37.38423395031804],[13.408456411397351,37.38434694913734],[13.408254248990167,37.38440346827267],[13.408195195667625,37.384424855688145],[13.406285527053514,37.38511646431336],[13.40558756144347,37.38552080748694],[13.404912924542334,37.385926525017226],[13.40298898566918,37.38769383664788],[13.402963886261375,37.38773344556258],[13.40273662189033,37.38809209417751],[13.402649951065861,37.38822886955937],[13.399435986920734,37.393847350246936],[13.398433776025575,37.396348039930594],[13.397549857659241,37.399652699941335],[13.397156547174644,37.402976392376345],[13.396985913507766,37.40504891305961],[13.398196513682425,37.40717555343399],[13.398644967757118,37.40774363540716],[13.399672336112399,37.4087469462275],[13.400059763198431,37.409079192784475],[13.400271210884146,37.40926052106297],[13.400708800804535,37.40947151760078],[13.400854905156196,37.409541965306644],[13.400964733662674,37.409594920875996],[13.405299377071218,37.41139211948545],[13.406085636787367,37.41161045151848],[13.409303413738668,37.41226707146744],[13.411177457527149,37.4123976900496],[13.41243231839963,37.4124856431898],[13.414368212900396,37.41264962557059],[13.414866266280312,37.412699618251224],[13.415078892603876,37.41272210698293],[13.415387563137466,37.41308659142114],[13.422252492097977,37.42121900776808],[13.427276508212875,37.42778131243386],[13.431368047678282,37.43000553098624],[13.446065020231257,37.43130355332899],[13.446793392066464,37.43058433912924],[13.447284142929568,37.42870397803573],[13.454699469515218,37.42551327635129],[13.464337118994568,37.426848425085225],[13.46478555426491,37.427012825461674],[13.465099825944053,37.427128039211276],[13.469878656577768,37.42894386413643],[13.478802408780874,37.433103010747146],[13.485439775366796,37.43628600575345],[13.489123069455356,37.435233998787794],[13.489958450219294,37.435226974873984],[13.490845048881795,37.4355804986576],[13.4947191728263,37.43736031027443],[13.49549602639006,37.4378231516614],[13.496015661806526,37.43813274050957],[13.496655318618355,37.43852352390131],[13.496785810785074,37.43860324528972],[13.497599603128752,37.439189153121006],[13.49830276980642,37.439648679949926],[13.499043463168436,37.43987486152241],[13.501621337565938,37.44045873294181],[13.50308410399013,37.440729392882204],[13.50382885598256,37.44081127719777],[13.50459834018679,37.440811165846405],[13.50753497694635,37.44051840505837],[13.50859958759602,37.437366209539164],[13.512360273682633,37.43178729549957],[13.514907390029366,37.42529532860627],[13.509849323703387,37.41642982844808],[13.498543587011,37.407169112780664],[13.498465319048803,37.40710754910878],[13.49777976304273,37.40656830088413],[13.496372413439737,37.40554703170696],[13.495767284693375,37.40531378663845],[13.494996632026261,37.405020380689386],[13.494883650329601,37.40499114541276],[13.494496178154222,37.40489769129654],[13.494240645270935,37.40483605972873],[13.492426928949756,37.40398865361827],[13.492844226240083,37.39951689029223],[13.493303591017336,37.39916391710222],[13.495991952638445,37.39718523387086],[13.501988268906077,37.393064274427225],[13.502073740811753,37.39303511631436],[13.502198034922023,37.392992716307084],[13.502374737420878,37.39293243905239],[13.503519219282639,37.39275817373943],[13.506886723154004,37.392701650046384],[13.511245073169311,37.39326867178439],[13.5128458755644,37.393543417923006],[13.517619627294277,37.39090875903586],[13.518983346195613,37.38911288697502],[13.519928751931733,37.38750492737342],[13.521143244255414,37.38520933807767],[13.521668492054106,37.384334412036345],[13.522985933998127,37.38281813523417],[13.531008788779944,37.38062820538907],[13.544503166853728,37.373433254063464],[13.545724220888115,37.37336595800866],[13.546061098605108,37.373276258130815],[13.546337139101306,37.37320275441238],[13.552590884360598,37.3692510966063],[13.553957331541548,37.367872629719244],[13.554533117960302,37.36688630772136],[13.55589084919733,37.36439770050262],[13.556070442315377,37.363975202686134],[13.556138975899907,37.36381397289019],[13.556168361063202,37.36347286407015],[13.55607061736203,37.363198738639326]]]},"properties":{"name":"Agrigento","op_id":"7155","minint_elettorale":"4190010010","minint_finloc":"5190010010","prov_name":"Agrigento","prov_istat_code":"084","prov_istat_code_num":84,"prov_acr":"AG","prov_iso_3166_2":"IT-AG","reg_name":"Sicilia","reg_istat_code":"19","reg_istat_code_num":19,"reg_iso_3166_2":"IT-82","opdm_id":"7402","com_catasto_code":"A089","com_istat_code":"084001","com_istat_code_num":84001}},
{"type":"Feature","geometry":{"type":"Polygon","coordinates":[[[13.463998870118148,37.60071473770994],[13.466214762249429,37.59863649279804],[13.466715522456967,37.59798479845176],[13.46703846350482,37.59741419367741],[13.467043444870667,37.59736430430064],[13.46704200678116,37.59732882827667],[13.467033700683283,37.59712398017215],[13.467023244695977,37.596866121296166],[13.466457559701535,37.59414841549918],[13.465270914094429,37.591327929436034],[13.465740913478673,37.58960526017559],[13.466750710283518,37.586973125829026],[13.468340121046081,37.58376497868217],[13.46960106548571,37.582452452562286],[13.47472601109895,37.58237213339507],[13.480497757396908,37.58136889186152],[13.482306607240377,37.58049431580491],[13.486207798347671,37.573514469141266],[13.489992014049179,37.57207277658291],[13.490530307442828,37.5708572726753],[13.490962113914065,37.56907781973884],[13.491287272670878,37.5659019568439],[13.491184798101012,37.56538573148235],[13.4910855459079,37.565231789916],[13.490844749319796,37.564858310798854],[13.490027501060684,37.56434457436254],[13.48977894661702,37.56423579738238],[13.489237207447463,37.563998708760884],[13.48905737794354,37.56392000671331],[13.489028927663401,37.563907555831655],[13.488481273452956,37.56373531460815],[13.488078940722692,37.56360877637891],[13.487892274253126,37.563550067820906],[13.4903499739736,37.557333928707244],[13.499478399655882,37.55146731737124],[13.508829793737872,37.54504287821752],[13.509404294988638,37.54423871875276],[13.512603511373076,37.53930461448454],[13.512838706934694,37.53885656448017],[13.51280427656099,37.53833325382972],[13.511635748727922,37.53618475666099],[13.51121412428907,37.533288399683336],[13.506647913387582,37.52751600382824],[13.50613480167693,37.51861129463248],[13.504268155373353,37.511801793775064],[13.501340839287932,37.506005457082374],[13.500905329936705,37.505183550180725],[13.50049048827907,37.504425778769566],[13.496666935020912,37.50073319448308],[13.494962291506624,37.49910905390821],[13.491146663856288,37.49873661505105],[13.48330257333836,37.49672504578527],[13.482649182241607,37.49646998683048],[13.482449582151139,37.49639045983402],[13.481997169565501,37.49595116789237],[13.481829243553657,37.49578810726128],[13.481804440110224,37.495678424311876],[13.481651140901349,37.49500051128283],[13.48161014811261,37.49481922961205],[13.481579319800042,37.4945529202945],[13.48148028146133,37.493697330188915],[13.480870544226455,37.49393544236106],[13.480108951754513,37.49412425007129],[13.480015046080839,37.49411086194656],[13.479285952206553,37.49400690968646],[13.478584733851614,37.49359922760743],[13.478413490003268,37.493499666540224],[13.477783058519703,37.492793758134525],[13.477705544915889,37.492706963031196],[13.477491436191913,37.49245662574771],[13.477119887281832,37.49202220060554],[13.476873544506788,37.491387597504854],[13.476397025803927,37.49031579635789],[13.474770526568491,37.48744156384385],[13.47434152439874,37.48685891102446],[13.473288326275405,37.48644563388246],[13.473106734472776,37.48637437542632],[13.469879161838849,37.4852707368854],[13.465943008340254,37.48402139987501],[13.463644510334012,37.48373585784598],[13.46356872659865,37.48372797289829],[13.46222693266147,37.483591610838154],[13.46182300795658,37.4835867730636],[13.461232359703844,37.48357970052329],[13.459773876970633,37.48457200824045],[13.459739542024215,37.48459536851072],[13.459671416586163,37.48467071923294],[13.458917068702947,37.485505063924386],[13.458594996661988,37.48586128445748],[13.458534419613873,37.48596985989572],[13.458230533205464,37.48651452811066],[13.458191651589427,37.48678658909601],[13.45811161990659,37.487340875163895],[13.458078843509574,37.48753095710423],[13.457906834959948,37.48852847391973],[13.457637652649842,37.489488825952805],[13.457282586020545,37.49024078244173],[13.45693967942451,37.49063990235122],[13.456808507324869,37.49078559488687],[13.45605559573933,37.491072989553174],[13.456013797380844,37.49108162684734],[13.455442173302913,37.491199743097006],[13.454887793036377,37.49120268906563],[13.453200315304331,37.49075531821337],[13.449250515328744,37.48930726482201],[13.449213197821624,37.489363129639564],[13.448875065805337,37.489869333486034],[13.44865308235023,37.49024696745694],[13.448671471589265,37.49150721142407],[13.449075083571762,37.49245183045229],[13.450610222527391,37.4951469819117],[13.453060766168935,37.50300269540713],[13.454358247025015,37.51051913703366],[13.453854931279839,37.51966586501722],[13.4528403992322,37.52718223459417],[13.448015826697544,37.533002487819104],[13.444582156058054,37.53319834283723],[13.440862337449413,37.53359422043258],[13.43961476793449,37.53374929499606],[13.437455775972735,37.53424490695043],[13.435012241274194,37.535174063710365],[13.434241392443614,37.535941752029736],[13.43084627803642,37.5418430925145],[13.430823730900045,37.541885902101676],[13.430341914686945,37.5428007691189],[13.430115568383293,37.54323054597607],[13.43006939306697,37.543387203891875],[13.42971357061078,37.54459438718823],[13.429527317109988,37.54577211116211],[13.429625102102738,37.546197699646626],[13.429696222840667,37.54650723115756],[13.429828406224154,37.547082501773026],[13.429745004084486,37.552663511306],[13.429522823510652,37.552992184749414],[13.426130774205475,37.55638284981099],[13.42338174713068,37.55779050361849],[13.410975416765604,37.56976022877222],[13.407359959333068,37.573613014674926],[13.407250499919012,37.57409557661429],[13.407222051837673,37.574259894074395],[13.407567381130095,37.574804363125324],[13.407671250597886,37.574968128508985],[13.407886749302525,37.57523857883436],[13.407969166843959,37.57534201007255],[13.408935519918991,37.57622003296955],[13.409939413116048,37.57691875043555],[13.412704868605962,37.57816351500737],[13.415837289152448,37.57929593481631],[13.42076007342612,37.58213750736464],[13.426626793276519,37.58582458793838],[13.427266135199774,37.58631016679805],[13.431288800029868,37.59222233397365],[13.436374404646681,37.5972139029132],[13.436343895625342,37.597090421690034],[13.43625097657475,37.596675217254045],[13.436631713057482,37.59637483018579],[13.438326290318129,37.59582212601299],[13.438717653275805,37.59571534348926],[13.440790341665085,37.595202665116936],[13.441467283479502,37.59516544350321],[13.44183324362509,37.59514532044194],[13.444875537330365,37.596455840172474],[13.44663728430904,37.59725396625546],[13.448143884831705,37.59796182788473],[13.448444175812783,37.5986314769863],[13.449507453793283,37.59974394011051],[13.454257865675855,37.601852090486794],[13.455732691489603,37.602311849565766],[13.457130696133317,37.6026192227153],[13.457991625459067,37.60262941457638],[13.462690264289845,37.60189742994542],[13.462735087349433,37.60187806538264],[13.462836971413198,37.60182967057218],[13.46311672090122,37.60169678832134],[13.463310645281126,37.6015007628342],[13.463452277441881,37.60135759366925],[13.463998870118148,37.60071473770994]]]},"properties":{"name":"Alessandria della Rocca","op_id":"7156","minint_elettorale":"4190010020","minint_finloc":"5190010020","prov_name":"Agrigento","prov_istat_code":"084","prov_istat_code_num":84,"prov_acr":"AG","prov_iso_3166_2":"IT-AG","reg_name":"Sicilia","reg_istat_code":"19","reg_istat_code_num":19,"reg_iso_3166_2":"IT-82","opdm_id":"7403","com_catasto_code":"A181","com_istat_code":"084002","com_istat_code_num":84002}},
{"type":"Feature","geometry":{"type":"Polygon","coordinates":[[[13.630154914895698,37.35914149026853],[13.622371530245713,37.356453681305545],[13.615670127859726,37.354023278257195],[13.614652578865265,37.35598059194161],[13.614610769144152,37.35749685829325],[13.61486026338412,37.35997454660772],[13.615613403311027,37.360181498080564],[13.61677152854356,37.3606342284881],[13.616801916996629,37.36064610771016],[13.617655760490596,37.36123183721369],[13.617950547359507,37.36144315761517],[13.618196063805213,37.361619580862595],[13.618426149720044,37.361935717751365],[13.618624994861701,37.36283080680884],[13.618797680381947,37.365102577957494],[13.618786402212246,37.36570580527649],[13.61878259729128,37.36586724118814],[13.618726432448671,37.36632724369054],[13.618690161353827,37.366624298942064],[13.618625749979092,37.36678148712883],[13.61855779422413,37.36694134020648],[13.617982747200687,37.36764489876654],[13.617695661681557,37.36791955538428],[13.614590043787606,37.36916453552633],[13.61400262985145,37.36924604383424],[13.61159626180805,37.36891379949298],[13.608086688303162,37.36675950378408],[13.604034405311948,37.36355874774665],[13.603448332645383,37.36211940095482],[13.603337453489331,37.36197513445649],[13.602929622862234,37.361452228389936],[13.600893698721887,37.35939453753853],[13.5963353356404,37.35507983294531],[13.595909202168432,37.35473985127852],[13.595331694479583,37.35427909253967],[13.591481534712957,37.35374446387979],[13.583051467053805,37.35241081469676],[13.581111436731176,37.352030837923415],[13.583219956957969,37.35469951084635],[13.590751178464158,37.372764121824325],[13.59088089586515,37.379095346492285],[13.586425433749788,37.38240498850558],[13.578573216357402,37.386123250975146],[13.574058393179124,37.390530613814875],[13.572807867296948,37.39423330427421],[13.57392522758323,37.3947558219471],[13.574496006582656,37.395069097804594],[13.575568994959745,37.39565800043198],[13.575629865776866,37.3960204010859],[13.575831189554188,37.3982602042615],[13.573103048734499,37.40809605501914],[13.570442017735258,37.415640994151886],[13.56905649483911,37.41910358375142],[13.569848342422917,37.41965883002937],[13.571627904520339,37.421172186545014],[13.573748642898321,37.42319742651858],[13.577328971756426,37.42694470056948],[13.577634754420561,37.42905714306486],[13.569678447295521,37.43332500919585],[13.564535665019719,37.43463401520435],[13.564757670442427,37.4400608096431],[13.569991087935541,37.445609512572894],[13.57382776507654,37.450804712029694],[13.576174664058941,37.45555702296255],[13.576511323220137,37.46224902551218],[13.57652057650409,37.462570239329835],[13.576532118721826,37.46297096836651],[13.576459135418919,37.46383387201993],[13.576093030739468,37.4646496262352],[13.575558018340516,37.465285007184264],[13.575124843808398,37.46569997673492],[13.575260745770233,37.465771706818344],[13.575548734670281,37.4659237076835],[13.576684950767241,37.46623535034957],[13.577249925933819,37.46626646714744],[13.577311646864542,37.466268117746054],[13.580200496507938,37.46590846521207],[13.592281415417487,37.46207798958986],[13.592823045712496,37.45947021734771],[13.591812344115155,37.45444393506979],[13.590427998594985,37.45225181446367],[13.587574755738473,37.44935866787903],[13.588462049044274,37.43885840430902],[13.588802588641718,37.43812465674122],[13.589743670557796,37.43681143152622],[13.590304511044758,37.43640232588911],[13.590940826359025,37.436210950199126],[13.595607182026361,37.43574552711731],[13.598788321073625,37.43639965297669],[13.601428668981931,37.43874869100799],[13.6017985304301,37.43913460965574],[13.60188419489063,37.43922399263282],[13.602018692104068,37.43987394568059],[13.602521959736084,37.442541168599874],[13.602398616539515,37.443230026570326],[13.602324957536622,37.44364139847488],[13.602270653474662,37.44394467276359],[13.601983824353358,37.44473488415884],[13.600768017699068,37.451795790832676],[13.60045950655458,37.456144239102834],[13.602542278446425,37.460280058634716],[13.600674860153584,37.46762083091704],[13.602565307980944,37.47456593336699],[13.608947572070827,37.48497881506881],[13.609522577828113,37.48567907521694],[13.609825282226721,37.48599821911136],[13.609966510576042,37.48614354767638],[13.61244617730032,37.48722633541923],[13.613139367592966,37.48719557370881],[13.616586078168924,37.48472392742344],[13.625892355402517,37.481769853951164],[13.627205491003235,37.4792799589516],[13.627030238175145,37.47893560458817],[13.627087325883586,37.47830519060859],[13.627662059845022,37.47714788907184],[13.630453717317115,37.47415187039497],[13.637780255657601,37.47527451302233],[13.637212842077036,37.47890471737985],[13.648462531117016,37.47645229983815],[13.649434881636077,37.47705674472187],[13.652080141223152,37.478357292483096],[13.65216537281862,37.478371604320586],[13.652948745988562,37.47850313878389],[13.654309176198925,37.478267062029836],[13.655126949896047,37.47792113554799],[13.655471520685456,37.477775375459366],[13.655869412993814,37.47739239963187],[13.656304034380524,37.476974046578476],[13.656369134675957,37.47691137789998],[13.656364504586316,37.476322498650454],[13.657038585500288,37.471541527429174],[13.65598304749848,37.46814533899007],[13.65568146326677,37.467303951855335],[13.653689934353244,37.464018752056035],[13.651815491811885,37.46224242014903],[13.65060786791728,37.46117102409986],[13.654977295771145,37.45364112322177],[13.653077324604247,37.4491294621486],[13.6477903543714,37.4417336918559],[13.647786545468664,37.43861169865097],[13.645348880526292,37.432113148776274],[13.638267737453269,37.42074197430984],[13.636596279013705,37.4190251838482],[13.633721966353445,37.416188463739324],[13.629065666403866,37.41079900306749],[13.624170469819498,37.40318882044408],[13.62420348242808,37.403034449247194],[13.625695141644107,37.402213003264364],[13.62631184171057,37.401923039857884],[13.628157382901044,37.40117121545204],[13.628605230964592,37.40107122755037],[13.628769575337568,37.40103563904235],[13.629264712216367,37.40116905526277],[13.632232338395882,37.402565575518445],[13.633706077369721,37.40375756015784],[13.63376858388826,37.4038268716593],[13.634347693008761,37.40429271204957],[13.635529015056552,37.405198669577054],[13.636031668100177,37.40554591903896],[13.636581793008935,37.40572467888324],[13.63837418989456,37.40529399077472],[13.638548358463332,37.40524149413344],[13.639465165064115,37.404965150448824],[13.659451966407413,37.39891801219983],[13.659548111230993,37.39888222950245],[13.66017099471554,37.39864593168276],[13.660617053257436,37.39814047325275],[13.661507858117881,37.39586659320379],[13.662802106639639,37.39191864751172],[13.662809887084292,37.39188522872552],[13.662898947771676,37.39150268879883],[13.662962331046726,37.391230435603696],[13.663027231485032,37.39095166334983],[13.663027916904609,37.390913303297964],[13.662725545059388,37.39054850382331],[13.662438035748442,37.39020165225067],[13.661915203416367,37.389699975060154],[13.659223201066395,37.39022217070928],[13.645968778753437,37.391375915554065],[13.644446010280177,37.39144805892555],[13.644001379094364,37.391469120048725],[13.64362496870466,37.39098712355226],[13.64311300203484,37.39032946324709],[13.642889567873866,37.390035818587286],[13.642393809185094,37.38934611566026],[13.642337873908257,37.389268125805565],[13.642313229176912,37.38923376026815],[13.640160498273024,37.386189586582496],[13.639938144758341,37.38586231315046],[13.639869551314318,37.38576132925359],[13.639899285516332,37.38564814563843],[13.643701315684062,37.37686313347928],[13.635995975474822,37.366945328591136],[13.631786275594637,37.360764549645005],[13.631166770732454,37.35986669177787],[13.630984727682563,37.35967367355354],[13.630737513682318,37.35944032139391],[13.630461968106738,37.35929898668723],[13.630154914895698,37.35914149026853]]]},"properties":{"name":"Aragona","op_id":"7157","minint_elettorale":"4190010030","minint_finloc":"5190010030","prov_name":"Agrigento","prov_istat_code":"084","prov_istat_code_num":84,"prov_acr":"AG","prov_iso_3166_2":"IT-AG","reg_name":"Sicilia","reg_istat_code":"19","reg_istat_code_num":19,"reg_iso_3166_2":"IT-82","opdm_id":"7404","com_catasto_code":"A351","com_istat_code":"084003","com_istat_code_num":84003}},
{"type":"Feature","geometry":{"type":"Polygon","coordinates":[[[13.453630648213244,37.660534133029394],[13.454248335374489,37.660621100346496],[13.456166262639806,37.66062956047279],[13.457055539363497,37.66041575953854],[13.457735575497114,37.65986539331851],[13.459751871452742,37.65774681753122],[13.459888452351835,37.6575949279421],[13.460296839657918,37.65714075968917],[13.460624142730454,37.65656303070282],[13.460770538548529,37.656299333102154],[13.46097493612302,37.6555907256434],[13.462010182360052,37.65156616881886],[13.463709481457911,37.646553009515706],[13.463961013386962,37.64437314902428],[13.461521083388106,37.63521213680296],[13.457993286355967,37.62660655036148],[13.456399206955469,37.623667227629404],[13.454252552772411,37.61840661493585],[13.453900215698782,37.61563082948311],[13.454782263554621,37.61578317023184],[13.456082703141476,37.61589833568154],[13.457886239957531,37.61600060597559],[13.461288948778755,37.61552732566318],[13.461750842221262,37.61375635261011],[13.46394719517551,37.60303840190856],[13.463998870118148,37.60071473770994],[13.463452277441881,37.60135759366925],[13.463310645281126,37.6015007628342],[13.46311672090122,37.60169678832134],[13.462836971413198,37.60182967057218],[13.462735087349433,37.60187806538264],[13.462690264289845,37.60189742994542],[13.457991625459067,37.60262941457638],[13.457130696133317,37.6026192227153],[13.455732691489603,37.602311849565766],[13.454257865675855,37.601852090486794],[13.449507453793283,37.59974394011051],[13.448444175812783,37.5986314769863],[13.448143884831705,37.59796182788473],[13.44663728430904,37.59725396625546],[13.444875537330365,37.596455840172474],[13.44183324362509,37.59514532044194],[13.441467283479502,37.59516544350321],[13.440790341665085,37.595202665116936],[13.438717653275805,37.59571534348926],[13.438326290318129,37.59582212601299],[13.436631713057482,37.59637483018579],[13.43625097657475,37.596675217254045],[13.436343895625342,37.597090421690034],[13.436374404646681,37.5972139029132],[13.431288800029868,37.59222233397365],[13.427266135199774,37.58631016679805],[13.426626793276519,37.58582458793838],[13.42076007342612,37.58213750736464],[13.415837289152448,37.57929593481631],[13.412704868605962,37.57816351500737],[13.409939413116048,37.57691875043555],[13.408935519918991,37.57622003296955],[13.407969166843959,37.57534201007255],[13.407886749302525,37.57523857883436],[13.407671250597886,37.574968128508985],[13.407567381130095,37.574804363125324],[13.407222051837673,37.574259894074395],[13.407250499919012,37.57409557661429],[13.407359959333068,37.573613014674926],[13.410975416765604,37.56976022877222],[13.42338174713068,37.55779050361849],[13.426130774205475,37.55638284981099],[13.429522823510652,37.552992184749414],[13.429745004084486,37.552663511306],[13.428230345874185,37.552027525974545],[13.42587078121563,37.550103203359335],[13.42536042524923,37.54657596765623],[13.423800895417385,37.543191959920065],[13.423273822128248,37.5421726088387],[13.422403146598054,37.54076534767685],[13.422239923074928,37.54051416321649],[13.422020179029223,37.54018059250261],[13.42193713800053,37.54009849092857],[13.421405890054269,37.5395890031531],[13.420580005795548,37.53904806400296],[13.419874916411187,37.538694489100905],[13.419840566432002,37.538677264119926],[13.419740349437102,37.53863405361543],[13.417578612539936,37.537062329653],[13.416252084877843,37.53466186861763],[13.414891017282445,37.53189616220172],[13.414298268632809,37.52889664865247],[13.414216722605294,37.52591556713044],[13.41310625950092,37.5213417127747],[13.411795202640025,37.520472348360606],[13.408511433352654,37.518453867262636],[13.405813628448588,37.51759777572592],[13.402299455203845,37.51684642826645],[13.402235805413596,37.516715976702805],[13.402104162676636,37.516446165861],[13.402321396637188,37.51582893971996],[13.402419999940122,37.51554877673294],[13.402561889054853,37.515145622354176],[13.404186056581803,37.512220840453416],[13.40476196342954,37.51186145466742],[13.407486513587601,37.5101654385815],[13.408475916610803,37.50999795383845],[13.4132120866424,37.50806219484745],[13.413780262941811,37.50739245089293],[13.416466785671957,37.50201321868397],[13.41672524807456,37.501323100017835],[13.41692230837415,37.50055356713687],[13.416948318346329,37.49992889246239],[13.4169210178981,37.49987900490342],[13.416729762226895,37.4995295254932],[13.416620471230067,37.499471125882145],[13.416560852635117,37.49943926891949],[13.416080301199937,37.499182487189344],[13.416036692123349,37.49915918469032],[13.415218117006377,37.49880481164199],[13.415042127217099,37.498729727631016],[13.414567981864979,37.49852745310261],[13.413647815261148,37.49816336886711],[13.399436999632329,37.49211394160651],[13.389423183172902,37.48836615819801],[13.387388034495345,37.48837144292833],[13.387117587920972,37.48835045917968],[13.38580791483429,37.48824780922097],[13.384882038726301,37.488174196393736],[13.38293540350925,37.48716575958366],[13.378651188912437,37.48437344070924],[13.377404159810007,37.48303449673149],[13.376815666666719,37.482150920365136],[13.373263529076837,37.48493909496501],[13.373748946726263,37.48780523990773],[13.374389608941636,37.49005006421047],[13.375731181909194,37.49447595922082],[13.375668935607848,37.49836648897936],[13.374144686250999,37.503971209773525],[13.373058558437394,37.50451363605053],[13.372043627253658,37.504859749288705],[13.369461707878122,37.50500501588707],[13.367990279858287,37.50504827209345],[13.36437880601212,37.50513249522244],[13.363953064940516,37.504956860855195],[13.363527217348796,37.50477897801655],[13.3632045314461,37.504251632951416],[13.362904757100708,37.50376172087715],[13.362755476938274,37.50351326494666],[13.353852862309033,37.503292494655],[13.341610978220487,37.50372448632749],[13.338027123136673,37.50532371522187],[13.337160481527436,37.50909849209708],[13.33640091415944,37.51439312905932],[13.343309945985178,37.51914162981796],[13.347242513853713,37.52152691992968],[13.347781526499682,37.52157375672442],[13.347887806754368,37.52158679584043],[13.348369656129787,37.521648130884344],[13.348816500789495,37.52190636255735],[13.3490466540337,37.52224236994142],[13.34932901686784,37.522758861671385],[13.355460777427085,37.535096566555886],[13.35641493317732,37.53926192572755],[13.357667353725084,37.5408839277041],[13.357844601422851,37.541071556456515],[13.358220255931979,37.541466940960206],[13.358266460518687,37.54150784919748],[13.358289113661284,37.541527903801395],[13.35832742666626,37.541561814590565],[13.35843497444761,37.54165700022002],[13.35883076817279,37.54200729530546],[13.364648554434353,37.5450768458636],[13.367297314812607,37.54634632441031],[13.37407884334822,37.54869549061904],[13.37758993252415,37.5498982861108],[13.385029469662294,37.552149077573596],[13.39555532823831,37.5554277537338],[13.400456256740497,37.558515392823985],[13.403836196811723,37.56947288061265],[13.4039793327732,37.570197070948836],[13.404049163646754,37.57064929246676],[13.40372827743729,37.57083240639431],[13.402633825932437,37.571161520323976],[13.401407217761124,37.57136046708299],[13.392230824426793,37.5727783406371],[13.387718435225676,37.579033547695275],[13.384178549511207,37.586843578711175],[13.3826644016931,37.59032921301593],[13.381334816936263,37.59840363176117],[13.381185991217682,37.59951924680661],[13.381264108562501,37.600583626121235],[13.381389043650595,37.601011164998745],[13.381683363452648,37.602011369810036],[13.382053077447841,37.602884758575755],[13.3865779542893,37.61193853093879],[13.387057636469228,37.61243465917707],[13.390977248455046,37.615976616477795],[13.391898050063743,37.616711628803024],[13.394520331208444,37.61681736134784],[13.394856639508182,37.61680481204188],[13.395544744631986,37.616779131576685],[13.395621002203017,37.616775883755196],[13.396327403325783,37.616524753051046],[13.396778637195204,37.616279588678665],[13.397199573252548,37.6160508823214],[13.397373563168557,37.61606524468076],[13.398251323477794,37.616137702081765],[13.400480274991377,37.61682829690788],[13.40092030487195,37.61783012935276],[13.396526163148646,37.62524250412688],[13.395744711174371,37.62629617977782],[13.39547260916217,37.626634973038726],[13.395394820816723,37.62673182608038],[13.395307744765683,37.62684024265036],[13.394464660474105,37.6272964087532],[13.393719505990887,37.62764875820015],[13.39318256205812,37.62790264922861],[13.388100589744651,37.63390592410054],[13.387056616722369,37.63789592949605],[13.385507952997717,37.65001981771672],[13.385130698425138,37.65016996118119],[13.384444213263931,37.650474739384926],[13.383845718934515,37.65089105946111],[13.383369837492033,37.65140640424252],[13.383348304093635,37.651661090549226],[13.38333498809901,37.651818585788114],[13.383308919231165,37.65212694347316],[13.38347833086337,37.6526464764269],[13.383521471189395,37.65277877291592],[13.384019138936765,37.65335467073737],[13.384639175020299,37.65367849865406],[13.38490450779491,37.65381707254541],[13.395849784941044,37.65948422806299],[13.404738726259541,37.659773056072716],[13.407348251722615,37.65913274298943],[13.409127074542683,37.658669852185795],[13.414212828477071,37.65564669778671],[13.417716512669841,37.65311079129317],[13.41772895303942,37.65308376672699],[13.419310304961169,37.65000200729241],[13.419811468442594,37.64928106469501],[13.420093000828341,37.648876065313004],[13.42028540103176,37.648638979308096],[13.421490125789838,37.64715496266872],[13.42155551986669,37.647094381024516],[13.423812485442717,37.64501442603862],[13.424508183739565,37.644471631912936],[13.424864068603853,37.64419396138251],[13.425285425633716,37.64386520435001],[13.425367854929071,37.643800890288766],[13.426291762815172,37.64323224110919],[13.426344511410525,37.64320128033683],[13.426528013719548,37.64329212914525],[13.42669193390443,37.643377357038],[13.444714421847818,37.65626823915675],[13.446876647024983,37.65887187372575],[13.45131886507052,37.65998804671285],[13.453630648213244,37.660534133029394]]]},"properties":{"name":"Bivona","op_id":"7158","minint_elettorale":"4190010040","minint_finloc":"5190010040","prov_name":"Agrigento","prov_istat_code":"084","prov_istat_code_num":84,"prov_acr":"AG","prov_iso_3166_2":"IT-AG","reg_name":"Sicilia","reg_istat_code":"19","reg_istat_code_num":19,"reg_iso_3166_2":"IT-82","opdm_id":"7405","com_catasto_code":"A896","com_istat_code":"084004","com_istat_code_num":84004}},
{"type":"Feature","geometry":{"type":"Polygon","coordinates":[[[13.252256560022058,37.61178638908183],[13.253399306200315,37.615640596530845],[13.256316941696369,37.621533558423025],[13.257961122199772,37.62462241158098],[13.260019213781796,37.62841523466955],[13.265505139780872,37.637174341111354],[13.268908177437996,37.64165468576612],[13.273659004845012,37.64494959408814],[13.27710724961461,37.64697643214574],[13.28706063330917,37.643661788688696],[13.289941164771438,37.64264577123703],[13.291935764896232,37.6417453466568],[13.292028891987028,37.64060414634245],[13.299680770915398,37.639569082945634],[13.302439305344334,37.63992651409503],[13.308943156640357,37.64191006449375],[13.315705828125235,37.64485180268527],[13.321130257742727,37.649395129695236],[13.321618035601329,37.649806154164736],[13.32209281763844,37.65272367783884],[13.325322618459543,37.659536544232836],[13.325729480359284,37.66023842645685],[13.326519359872599,37.66137829894055],[13.327795212472942,37.66241270038859],[13.32877355798023,37.66231834184998],[13.338168589317533,37.65989872432676],[13.344950265445283,37.657981717497336],[13.34709183520523,37.65726835208767],[13.348360372472827,37.65629381062566],[13.348827170337874,37.65514621046648],[13.350742499171968,37.64871297714688],[13.347724949357168,37.64456797294361],[13.33857217413852,37.63950808982894],[13.327660285306916,37.631578497633456],[13.322944866879714,37.628048430771244],[13.319915929395233,37.62571792059921],[13.320415785435937,37.62463452869931],[13.32469964365838,37.624083252338096],[13.327922598396007,37.6209489962],[13.333083302005509,37.611980655011784],[13.333619597052477,37.610835075821036],[13.333916476120953,37.608712052888016],[13.333801800772381,37.607250408045346],[13.33370726687054,37.6066984729621],[13.333540427899337,37.605724361042846],[13.3315189581614,37.599315817829826],[13.327075624658802,37.59496243057607],[13.323269175075511,37.59123749896916],[13.320707586844936,37.58807953154973],[13.318091271158886,37.58715764222666],[13.315912202664718,37.587891860762994],[13.31440823450569,37.58863523086769],[13.31047668119594,37.59080419785078],[13.307319007699169,37.5932019375591],[13.303622958306368,37.594185458341855],[13.29821830160898,37.59416265486409],[13.295172580049325,37.59379117655254],[13.292409055325681,37.5932210152455],[13.289456090337671,37.59369182105306],[13.287748351653804,37.59409095003146],[13.287270925760094,37.59316565181447],[13.28673155454247,37.592910742813636],[13.286191975134129,37.59265573162431],[13.286049946410916,37.5925886074482],[13.285638067113732,37.59241467309272],[13.285343019412311,37.592290074970784],[13.274704070074097,37.58851985569832],[13.27026084860741,37.58706243486194],[13.261831828348397,37.58441962471904],[13.259112188773374,37.583871092127765],[13.25968600915209,37.584190996514586],[13.25991007905334,37.58526599565393],[13.260399373114515,37.591933774965305],[13.260382398352673,37.59312333539179],[13.260014499184646,37.5938661955866],[13.259409894245064,37.59413619695365],[13.258961057856546,37.594336632631745],[13.25863002304911,37.59436464548533],[13.257428278520532,37.594466336126686],[13.255958985294878,37.59459331645277],[13.255710036281862,37.59462114612885],[13.253353096762334,37.59537013785994],[13.252924910127428,37.595586744286614],[13.252374784167786,37.595865032472844],[13.252207467823629,37.5959496715441],[13.251978180249864,37.59624202511615],[13.251844733526937,37.596412175525955],[13.251621290740864,37.59669707397459],[13.251389611687339,37.596992471644],[13.250868219735283,37.598011068787805],[13.250865305263183,37.59905826848422],[13.250867778707008,37.59944321376724],[13.251340033003583,37.607606853096],[13.252256560022058,37.61178638908183]]]},"properties":{"name":"Burgio","op_id":"7159","minint_elettorale":"4190010050","minint_finloc":"5190010050","prov_name":"Agrigento","prov_istat_code":"084","prov_istat_code_num":84,"prov_acr":"AG","prov_iso_3166_2":"IT-AG","reg_name":"Sicilia","reg_istat_code":"19","reg_istat_code_num":19,"reg_iso_3166_2":"IT-82","opdm_id":"7406","com_catasto_code":"B275","com_istat_code":"084005","com_istat_code_num":84005}},
{"type":"Feature","geometry":{"type":"Polygon","coordinates":[[[13.347242513853713,37.52152691992968],[13.343309945985178,37.51914162981796],[13.33640091415944,37.51439312905932],[13.337160481527436,37.50909849209708],[13.338027123136673,37.50532371522187],[13.341610978220487,37.50372448632749],[13.353852862309033,37.503292494655],[13.362755476938274,37.50351326494666],[13.362904757100708,37.50376172087715],[13.3632045314461,37.504251632951416],[13.363527217348796,37.50477897801655],[13.363953064940516,37.504956860855195],[13.36437880601212,37.50513249522244],[13.367990279858287,37.50504827209345],[13.369461707878122,37.50500501588707],[13.372043627253658,37.504859749288705],[13.373058558437394,37.50451363605053],[13.374144686250999,37.503971209773525],[13.375668935607848,37.49836648897936],[13.375731181909194,37.49447595922082],[13.374389608941636,37.49005006421047],[13.373748946726263,37.48780523990773],[13.373263529076837,37.48493909496501],[13.3682265072525,37.48378126931713],[13.366926626688235,37.483755097588684],[13.361540973735167,37.483814827201],[13.361285452506296,37.483856571202814],[13.360850588931868,37.48392761292923],[13.360403220138718,37.48400214269083],[13.359084949011667,37.48444830795008],[13.357694236337005,37.484961302763416],[13.356386558032828,37.48527533652941],[13.355286551459775,37.4853947720594],[13.351519452747935,37.48545954864107],[13.351062433573627,37.485430877526596],[13.350412000421068,37.48539006830601],[13.349058828396318,37.48520131054738],[13.347989551648729,37.48498630197696],[13.346449253654864,37.48457922398219],[13.340703575247442,37.48100122901951],[13.33438581993198,37.479712347232145],[13.330875962304868,37.482817823067926],[13.321858299693186,37.48868918542375],[13.321269389058433,37.48889926664552],[13.318632352709036,37.48938644685428],[13.31267299515318,37.4900094799798],[13.312194467904847,37.497532416137055],[13.31616874772387,37.5013545410594],[13.321006570363048,37.50668707517221],[13.320750115567392,37.507973458946466],[13.319349809061451,37.50924448553744],[13.30842928976375,37.51514614316067],[13.299957760504594,37.51830918436897],[13.291186627043485,37.51842726887063],[13.286140012321981,37.52348404876982],[13.2780776289263,37.528073014950564],[13.268454021660283,37.531366343225],[13.263688903009143,37.53122878682471],[13.266832753398111,37.53548344824227],[13.27008013378593,37.53380987728565],[13.27724474900518,37.53542375666208],[13.27933714184174,37.53824564163952],[13.281505801598627,37.54090727944487],[13.287066183162874,37.5437562788387],[13.292854811766718,37.545524867174365],[13.296658461615749,37.54693816379214],[13.300516825134922,37.55252992259975],[13.301797524444801,37.554448941943406],[13.301877791719576,37.554586107115],[13.302233591424674,37.555194114696114],[13.302433803986279,37.5558465522151],[13.302443410861214,37.55644291887908],[13.302374974547998,37.55687634985001],[13.302337203643914,37.557115564395275],[13.30211625922801,37.55787120086906],[13.302048217093278,37.55830238355465],[13.302024053686605,37.5584555121144],[13.302301563039519,37.56017921573866],[13.302490862444898,37.56081406669423],[13.305133407741716,37.561408662178984],[13.306878990235747,37.562020557396146],[13.30736621757161,37.562177410973156],[13.307789770055521,37.562313762863425],[13.31028518784276,37.56310744751092],[13.310436085926717,37.56315078632446],[13.310813708537374,37.56325923892566],[13.311770234380168,37.56314807487638],[13.312269771728374,37.563069352501],[13.320234828029186,37.56166225294173],[13.323456705832253,37.55735179953127],[13.326383414796666,37.551483422960644],[13.327302939202102,37.54632314139845],[13.326318963109046,37.54478756770413],[13.32533239682019,37.54485530273608],[13.325058009128849,37.544791961161145],[13.324646529023301,37.54468285562276],[13.323999069370014,37.544294545073015],[13.323703375504177,37.54409435741635],[13.323658875919552,37.544064230462254],[13.323372941541809,37.54386865843855],[13.322494088336782,37.54211858802874],[13.32237944835914,37.54145365244563],[13.322355454021242,37.541314477717556],[13.322177536276657,37.538281995662665],[13.323853304126684,37.531034464704454],[13.324280113748522,37.53069006146698],[13.325643298636521,37.52995100608976],[13.331471084387463,37.528612234560214],[13.336524580139727,37.52763721777983],[13.33865739664989,37.5274236320248],[13.339065989362755,37.527419889550245],[13.339471932547946,37.52741617203824],[13.339906670516022,37.52751482841771],[13.34053056045643,37.52765640923968],[13.34072722409588,37.52770394735108],[13.341993715521456,37.528010067720764],[13.34352618986857,37.52778023296907],[13.344578554201375,37.52727985059505],[13.345640510375189,37.52634902415005],[13.34671289454812,37.52389564085491],[13.34723890092626,37.52262204536415],[13.347287121809014,37.52195600731283],[13.347242513853713,37.52152691992968]]]},"properties":{"name":"Calamonaci","op_id":"7160","minint_elettorale":"4190010060","minint_finloc":"5190010060","prov_name":"Agrigento","prov_istat_code":"084","prov_istat_code_num":84,"prov_acr":"AG","prov_iso_3166_2":"IT-AG","reg_name":"Sicilia","reg_istat_code":"19","reg_istat_code_num":19,"reg_iso_3166_2":"IT-82","opdm_id":"7407","com_catasto_code":"B377","com_istat_code":"084006","com_istat_code_num":84006}},
{"type":"Feature","geometry":{"type":"Polygon","coordinates":[[[13.145549945125136,37.62591125727729],[13.152883711135825,37.62528479222332],[13.156716264348084,37.625482110932566],[13.157699946983513,37.62570746621385],[13.158850383711256,37.62598175075155],[13.159522322546136,37.62621416535741],[13.160545757560714,37.62656814835341],[13.166583477759703,37.62893403812528],[13.167547572149804,37.62938084889278],[13.169489371836827,37.63056504842728],[13.18037409599353,37.6336258342658],[13.182643035569129,37.63402041398787],[13.18115019293301,37.63691533005418],[13.17321378571029,37.642364624711206],[13.170194353388634,37.644473909403956],[13.16870293514973,37.6457036502044],[13.169108877102818,37.646234579315795],[13.169439286271517,37.64666670794817],[13.169795042038443,37.647131976829684],[13.169830066897628,37.64717778202723],[13.170149444332173,37.647386580927034],[13.17034819389458,37.647516515678824],[13.170467219596194,37.64759432954728],[13.171080670359476,37.6479914392026],[13.171899788329373,37.64844084945551],[13.171940426160926,37.648463145032714],[13.172892116313307,37.64898336618097],[13.173744341222402,37.649383252874586],[13.174942623431598,37.649944265035295],[13.178127120661838,37.65135353677166],[13.179050910378495,37.65160223529125],[13.180047219649836,37.65161640216856],[13.187325439305816,37.65162127420474],[13.197916754986535,37.649560502478685],[13.204499208870521,37.64824187588066],[13.209121472496584,37.64651244795178],[13.211962716010012,37.641406510768185],[13.21640753032078,37.63708582394153],[13.22603767864166,37.63049257209769],[13.233308523538682,37.627832683644336],[13.241513633487894,37.62322855506013],[13.244526252268802,37.62110596088028],[13.245846064014806,37.621269362739376],[13.245917072395306,37.621272678380706],[13.246044666913914,37.621179917753516],[13.246243370522084,37.62102780074065],[13.24627354034774,37.62100470413753],[13.247416386744382,37.618128357969915],[13.248490916393187,37.61428653145226],[13.249924782759011,37.61215642791657],[13.252256560022058,37.61178638908183],[13.251340033003583,37.607606853096],[13.250867778707008,37.59944321376724],[13.250865305263183,37.59905826848422],[13.250868219735283,37.598011068787805],[13.251389611687339,37.596992471644],[13.251621290740864,37.59669707397459],[13.251844733526937,37.596412175525955],[13.251978180249864,37.59624202511615],[13.252207467823629,37.5959496715441],[13.252374784167786,37.595865032472844],[13.252924910127428,37.595586744286614],[13.253353096762334,37.59537013785994],[13.255710036281862,37.59462114612885],[13.255958985294878,37.59459331645277],[13.257428278520532,37.594466336126686],[13.25863002304911,37.59436464548533],[13.258961057856546,37.594336632631745],[13.259409894245064,37.59413619695365],[13.260014499184646,37.5938661955866],[13.260382398352673,37.59312333539179],[13.260399373114515,37.591933774965305],[13.25991007905334,37.58526599565393],[13.25968600915209,37.584190996514586],[13.259112188773374,37.583871092127765],[13.260195308008463,37.577854135658704],[13.26292078482524,37.57230940765349],[13.261460932797652,37.563324998791],[13.261636830769914,37.55983538374282],[13.262838706310202,37.55615508817391],[13.266070269086045,37.551550383856934],[13.268629209157652,37.541180824667805],[13.26863488257661,37.541140792389974],[13.26868699050121,37.540694451297334],[13.268688630699666,37.54065068481287],[13.268702436685851,37.540282274302946],[13.268716394298625,37.53990976455388],[13.268639576160679,37.539383843467455],[13.268618896271708,37.53924226715289],[13.268530817836334,37.53865325256166],[13.26843113136412,37.538358459053384],[13.268329216694518,37.53805707544094],[13.268300563782653,37.53800132485955],[13.267945847962137,37.53731114273673],[13.267865212751149,37.53715424613434],[13.267820232390623,37.537066725766714],[13.266832753398111,37.53548344824227],[13.263688903009143,37.53122878682471],[13.261276015657376,37.529859123422085],[13.257725812765901,37.52626794107654],[13.257744701516941,37.524682523793416],[13.256027963286586,37.52246474105315],[13.252904444005335,37.51878593192878],[13.251373416824272,37.51731173703336],[13.245362956468338,37.51207675852342],[13.242252716986894,37.51110333454716],[13.239671967967782,37.506764660325544],[13.2404593740741,37.503021322402006],[13.238405354752317,37.50000256056583],[13.227501987820263,37.48902617888427],[13.225879221090626,37.487718044280975],[13.224252611214993,37.48640769405407],[13.22037372066881,37.484342824115004],[13.220119870082653,37.48509700373607],[13.219909801096676,37.48572114320186],[13.2198158436037,37.48607036794694],[13.21965104237577,37.48668290536033],[13.219321857767001,37.4881380924747],[13.219282057159818,37.48936226532671],[13.22099845364693,37.50424158217606],[13.221571730972023,37.507251995751574],[13.224018723980958,37.51622155998118],[13.224517987970364,37.52327386854929],[13.22455515746141,37.524340322514455],[13.22457803160378,37.52553702844804],[13.224549522919359,37.52594311059434],[13.224543957491813,37.52602238395316],[13.223243918862607,37.52899693892197],[13.221230904049543,37.53008289698606],[13.200476260898252,37.534581141677535],[13.20042747137926,37.5345808751488],[13.199589597618628,37.53466649846428],[13.199542022156384,37.534675482089035],[13.19860735814757,37.534949711368526],[13.190532155365105,37.5384932010701],[13.190547803099635,37.54158438915006],[13.190568368850371,37.54219185838464],[13.19058337847315,37.5426351831335],[13.190599694025389,37.543117061568864],[13.190607046588232,37.54333420629074],[13.191812675607022,37.545921461895325],[13.191839735508385,37.545958249381535],[13.192008325736824,37.54618743023844],[13.192036413110747,37.54622561059889],[13.192324914849012,37.54661617325028],[13.193339809193999,37.547810469061986],[13.18492811147604,37.550060362531944],[13.179486156150606,37.551122424433736],[13.172677562853568,37.55529699122678],[13.170550595530356,37.55815461379356],[13.168395965031685,37.56384468070432],[13.168121858148698,37.566924233804095],[13.167690492805724,37.571431414531425],[13.167126941720145,37.57424218867212],[13.164647513809037,37.578180472291905],[13.164219854187595,37.57855362508248],[13.161851508799893,37.57815733746456],[13.160105243954431,37.5778049975525],[13.159068075614275,37.57759840334391],[13.156689254792834,37.57743424823065],[13.154347096724223,37.577580222209825],[13.142800169609945,37.57851543840177],[13.133576701754377,37.579486183487596],[13.117858119521827,37.58009005335512],[13.107715626337944,37.58075081090321],[13.101060428057593,37.582833665566866],[13.099718419184006,37.58832128615775],[13.102859175128678,37.590995896425525],[13.106666877742068,37.59485707962116],[13.106298235352412,37.596887607309554],[13.107330862478424,37.6008509442136],[13.108187984509927,37.60383621892867],[13.111984879428872,37.61070763170497],[13.113035060474235,37.613559654957484],[13.114683478607265,37.6133962587266],[13.123461478393821,37.61569760645425],[13.12741689061931,37.61865608255775],[13.135490306543284,37.622172724226],[13.141114281007827,37.62339604648931],[13.145549945125136,37.62591125727729]]]},"properties":{"name":"Caltabellotta","op_id":"7161","minint_elettorale":"4190010070","minint_finloc":"5190010070","prov_name":"Agrigento","prov_istat_code":"084","prov_istat_code_num":84,"prov_acr":"AG","prov_iso_3166_2":"IT-AG","reg_name":"Sicilia","reg_istat_code":"19","reg_istat_code_num":19,"reg_iso_3166_2":"IT-82","opdm_id":"7408","com_catasto_code":"B427","com_istat_code":"084007","com_istat_code_num":84007}},
{"type":"Feature","geometry":{"type":"Polygon","coordinates":[[[13.821139521431789,37.22689136832021],[13.817246572991717,37.22375973494293],[13.815702464674375,37.22265492111861],[13.815000647707706,37.22213419272267],[13.811748394428152,37.21891889084505],[13.811362790364441,37.217626546094024],[13.811128299447603,37.21258705514239],[13.810252400731668,37.21413867084825],[13.808789917306122,37.216449564314395],[13.807228660303876,37.2186052899922],[13.80654536663976,37.219362537751636],[13.801938995733572,37.22033035937869],[13.797029599923233,37.22037554637321],[13.792858614751156,37.22662338399089],[13.792821643421135,37.22875592275808],[13.794829606418142,37.231756227781624],[13.796536928329143,37.23290772365537],[13.794850767872717,37.23952246648071],[13.791313602724326,37.24510545778512],[13.78559576865745,37.24939873074217],[13.784779819435874,37.24973346091598],[13.785422037813364,37.25392204601697],[13.785810098532613,37.25638965261473],[13.7868185173187,37.2624168152979],[13.787285132779044,37.26338791127268],[13.787688407179235,37.264105517320466],[13.78836272636367,37.26486615496674],[13.798825664167017,37.273528562141436],[13.808017620212237,37.28121438737103],[13.813449224988233,37.280048602590966],[13.821819021388565,37.27760400143137],[13.82203289280229,37.27753801681966],[13.822727936965153,37.27719444339331],[13.827318836281952,37.274007589028194],[13.827484997879383,37.27107045275009],[13.826708299368189,37.26599346747863],[13.825619090030159,37.264180613541804],[13.824284481227416,37.262328251903895],[13.822195254471232,37.26032432317782],[13.817922943586717,37.25802891592172],[13.814047130408996,37.25570820741545],[13.813593053359593,37.255190883674025],[13.813542296609322,37.25410779388766],[13.813570484131356,37.25372166344661],[13.81413521188098,37.25282104159837],[13.81655107102177,37.2505563308],[13.818348280499732,37.247396433723246],[13.820225666788847,37.241304220165524],[13.82012884170387,37.2409344393107],[13.819597952960331,37.240260444171376],[13.817253259755802,37.23739124168656],[13.815871135898657,37.234948991419294],[13.819605396589443,37.22920243131594],[13.821139521431789,37.22689136832021]]]},"properties":{"name":"Camastra","op_id":"7162","minint_elettorale":"4190010080","minint_finloc":"5190010080","prov_name":"Agrigento","prov_istat_code":"084","prov_istat_code_num":84,"prov_acr":"AG","prov_iso_3166_2":"IT-AG","reg_name":"Sicilia","reg_istat_code":"19","reg_istat_code_num":19,"reg_iso_3166_2":"IT-82","opdm_id":"7409","com_catasto_code":"B460","com_istat_code":"084008","com_istat_code_num":84008}},
{"type":"Feature","geometry":{"type":"Polygon","coordinates":[[[13.56910194835194,37.635940339815676],[13.576805529356669,37.638761497074356],[13.579047754849501,37.64030838317016],[13.583995249317518,37.6446215377499],[13.584479155400269,37.64505012509543],[13.585447585914958,37.645919941673874],[13.585754108594244,37.64623278420619],[13.58590231821691,37.64638404872589],[13.58648034698608,37.646987436541785],[13.586501629215114,37.64701265022665],[13.58693229996441,37.647658796156044],[13.587251861180814,37.64822604224654],[13.587305884163932,37.64832193662024],[13.587478955977387,37.64872946864039],[13.587604920330024,37.64989984896466],[13.587581583241345,37.65049739514081],[13.590896493381004,37.65204101550501],[13.60148414438785,37.65592326914454],[13.608905486563334,37.65610026882318],[13.614487841808577,37.65620464223876],[13.622634486029492,37.65623450294507],[13.65122322617552,37.65838805381812],[13.659174361569875,37.662553938316755],[13.66881384143958,37.66939453045104],[13.669186892782074,37.66973547818653],[13.669293105968585,37.66983255142721],[13.670196366528968,37.671338954910446],[13.670680281614317,37.67215502908382],[13.67214966885761,37.674861929900416],[13.673330704928823,37.678034104048265],[13.673780052509729,37.67957198249],[13.67421049195038,37.68213727851607],[13.674239838025938,37.68432674245947],[13.673492656631813,37.6848674962815],[13.672366837268394,37.687586910568164],[13.672324862291722,37.68779627481445],[13.672151206802468,37.68866243918745],[13.672133377593525,37.68876627946884],[13.673096899174482,37.68930726491819],[13.676636291813828,37.69113214409288],[13.677748824994785,37.69170255392773],[13.678818540383801,37.692166593540314],[13.679879375582775,37.69246660688012],[13.681154148706867,37.692823407763235],[13.691396637151382,37.694711895281586],[13.692708194825153,37.69491479102162],[13.692912384674443,37.69494637729095],[13.695533702928993,37.69487556014311],[13.695652075576556,37.69481287532745],[13.696117652979083,37.694566323210246],[13.70319928999323,37.6906701245287],[13.710508762746466,37.68714079993717],[13.716439130904423,37.68593298727634],[13.723351301203222,37.68463809615911],[13.726836229204896,37.685069108450556],[13.727398726045788,37.68511226012595],[13.729282354318293,37.685256741076635],[13.730202495244706,37.685158963504165],[13.730805311780474,37.684625880872865],[13.73092795651852,37.68451742242111],[13.732264454107412,37.68330647067667],[13.732499668657635,37.68298893320864],[13.732542021229081,37.68293042887529],[13.738863586856768,37.68199785281023],[13.745959840602046,37.68081353874738],[13.750101849425413,37.67981362257982],[13.757428973071296,37.67940049396129],[13.761057871457954,37.6792152372499],[13.761929267307938,37.67933778645136],[13.762428558741552,37.67940804369683],[13.76247232874406,37.67941990013208],[13.763633494392918,37.679776254863526],[13.76496538161916,37.680184984471964],[13.765755600012008,37.68106701854526],[13.770697037744672,37.682916032144206],[13.784705707400256,37.68380551229682],[13.78785612504122,37.685448627694626],[13.78797538988541,37.68607352988173],[13.78852524529851,37.687468376422224],[13.789340093015792,37.68823218198348],[13.792166514658685,37.68832166196997],[13.79958005577183,37.688301165705184],[13.800467500963231,37.688147896863455],[13.800590025513934,37.68803998793294],[13.801029696078347,37.687652760098196],[13.801453342987177,37.68727963955623],[13.801660873480131,37.687096856996355],[13.80188092131043,37.686900207378294],[13.803977478390088,37.6849923625265],[13.804366971207099,37.68445911139288],[13.804754941931524,37.68392793485338],[13.804891806808506,37.68374054843305],[13.804905448739209,37.68371347688835],[13.804922146686609,37.68352391511812],[13.805029985962246,37.68229957536419],[13.804981116254746,37.68108360841888],[13.804936378666067,37.68009966277408],[13.809375769143735,37.6759818782639],[13.81427074392075,37.67685865969444],[13.816582317301775,37.67704936369412],[13.82120480036607,37.67636082229531],[13.82181082624342,37.67612301283432],[13.822642270301113,37.675781865978124],[13.822910935732098,37.675559889736995],[13.823438979428325,37.67512360331871],[13.823508115512519,37.67506647990487],[13.823275624160491,37.67444396553238],[13.82319482257301,37.67419397885125],[13.823080644878054,37.67384072597162],[13.823059461685475,37.67377518658862],[13.822933221489171,37.67316125843296],[13.822955463427146,37.672466938769034],[13.823211345479596,37.66992823310066],[13.823597533483005,37.668426548464005],[13.8238595732892,37.6676638615184],[13.824848200027407,37.66677234520052],[13.824301108468054,37.66481137633642],[13.823057648416588,37.66039898717786],[13.821141655487017,37.654962418610296],[13.817234986840955,37.651576021343224],[13.81611696858946,37.65037801704896],[13.814709337990026,37.64840042073163],[13.81409431993472,37.64743736225884],[13.813968156590542,37.64723979747151],[13.812343239439201,37.64468346362436],[13.811067548828674,37.642227637576816],[13.811080867794407,37.64160252955625],[13.81442573523384,37.63917036336984],[13.818224358589564,37.637749392764746],[13.82835909503002,37.63017251436799],[13.82936143630452,37.62920656226747],[13.829625625639267,37.62894807232018],[13.829664018730934,37.628873989226825],[13.830058332178824,37.628113104665445],[13.830468364409185,37.62723402799143],[13.8308596609074,37.626175607080555],[13.83126309058015,37.62504241970103],[13.831500214415922,37.62432351088524],[13.831070513636655,37.619957856957775],[13.830898700166493,37.6185961279987],[13.827961134167262,37.61659139669553],[13.827765614142661,37.61648681268762],[13.827651923393766,37.61642600014541],[13.82732674187419,37.616252695382215],[13.824790565988788,37.61502839640951],[13.824105464524358,37.61510245023223],[13.823180177835482,37.61520246002371],[13.822831062383623,37.61547606056107],[13.809462683470075,37.61780337090866],[13.79563862626421,37.62152385145831],[13.790216057604352,37.62311553188661],[13.78857869939461,37.62351308798415],[13.787505923304629,37.62255488086821],[13.782547052208347,37.61789990635671],[13.780508027533067,37.61553905647921],[13.780187539918048,37.61321384499706],[13.780460285821194,37.61198296007653],[13.780262618855213,37.61095310415849],[13.779964478523528,37.61005680459686],[13.779777198132633,37.609518645341204],[13.776884803059016,37.60688918540128],[13.7763020151769,37.606634630274534],[13.776186810579865,37.60658430987621],[13.775521299913738,37.60642029825222],[13.77546510887255,37.60640645029633],[13.774546549257558,37.60646847187969],[13.772003850320987,37.60677644144885],[13.771003474728083,37.60700834751458],[13.76990795173281,37.607466967780276],[13.767856988540295,37.60887449396117],[13.766786146127268,37.609796479909484],[13.76426326595409,37.608289881629354],[13.762348894705314,37.60679049570499],[13.763523515362547,37.60376756364751],[13.76535443595391,37.59927486120364],[13.76470214312243,37.596884728214164],[13.76114732874444,37.594849186116406],[13.760507735778532,37.594530562291844],[13.754037916237976,37.59166258332772],[13.753758485446903,37.59158493388662],[13.75364965862104,37.591554692496196],[13.753330963674113,37.591466131774254],[13.752990903059318,37.59137163331745],[13.752950062300568,37.591374668557854],[13.75217670859297,37.59143214862668],[13.752129229927716,37.59143567749125],[13.74863576765233,37.592380344805655],[13.745801442622382,37.592557646432134],[13.743259440010819,37.592160268033545],[13.72972626268346,37.588708377459255],[13.72046900717481,37.58562391317099],[13.719979266306492,37.58441203258233],[13.7189304338592,37.58443473336172],[13.71657447911858,37.58422197010286],[13.712802206610732,37.58386868476854],[13.708065349404006,37.5829707980578],[13.703261920305199,37.58336615057389],[13.695511453793902,37.584438862431604],[13.691901522965866,37.58537413829455],[13.689743566182955,37.58647826363874],[13.686254006187067,37.586916072917084],[13.686211587790893,37.58691914584885],[13.684529661320424,37.5870409653182],[13.681941288803072,37.58698971952834],[13.680551662692528,37.58675119578282],[13.679028224970393,37.585653131411334],[13.67690282946141,37.58410877204521],[13.672062698689874,37.58054771538157],[13.669241934196398,37.57609140417842],[13.668385344513592,37.57420925751022],[13.669873347614269,37.57099825446321],[13.676981490722858,37.567589523722724],[13.67619723531566,37.56777357120827],[13.675871194691823,37.56783122867642],[13.67567936692932,37.5678646799457],[13.675548818356397,37.5678874447682],[13.668207696509596,37.566070252552024],[13.654470691588136,37.56682587233567],[13.651997367162968,37.56782027622909],[13.64822061074066,37.57035646860403],[13.643164168725912,37.572600777202965],[13.637107165279383,37.57405408238174],[13.633939961732338,37.57388500452079],[13.630642388542118,37.57221505749837],[13.62799582363021,37.570760526885046],[13.62750355261847,37.57043988579922],[13.627057830044587,37.570112208667965],[13.62685523599841,37.56996326675081],[13.625683325538946,37.569047910741965],[13.625133945045018,37.56855706120431],[13.624959269903648,37.56839865033437],[13.624648640219284,37.56805286368482],[13.62461723657102,37.56802180644879],[13.624274003888416,37.56768235820288],[13.624226026923902,37.56763491029466],[13.623531581032617,37.56723915676693],[13.623457895652974,37.567217589399604],[13.622754997907402,37.567012988184175],[13.61952119365929,37.56611063633714],[13.618528870998956,37.56593564859871],[13.61765777901949,37.565879734927925],[13.606009958292693,37.56571658566728],[13.597377384688063,37.565956983767684],[13.588762418029637,37.56720991770599],[13.582035001158905,37.569802859565584],[13.581657909946601,37.570356448562585],[13.580948188571796,37.57137471859533],[13.580733704966562,37.5716495496016],[13.580502188113455,37.57194620247529],[13.580107091132422,37.572096397161076],[13.577328391210873,37.572013024236796],[13.576321908225518,37.57156884568249],[13.574170470950735,37.576987070059694],[13.57545654320085,37.58387019728486],[13.575238715858308,37.588656381274134],[13.572519284569026,37.595329669629756],[13.570809236189502,37.596400042399964],[13.570664788291111,37.5964810567564],[13.569849173040057,37.596928321587725],[13.569234125438046,37.597073771392154],[13.56830326835323,37.59717967645226],[13.565605817667581,37.59723698541951],[13.564813917288173,37.597209140013376],[13.555658462272484,37.602415705668434],[13.548402149640271,37.606567256015595],[13.547412822126004,37.60757744077393],[13.546361241476678,37.610961579156],[13.546355000805628,37.61116259577674],[13.546332129734354,37.61189933924371],[13.546340681482341,37.61261949234348],[13.546433398110763,37.61302569586287],[13.547862675848801,37.61609114544316],[13.548167885075989,37.61659433560712],[13.549607294219951,37.61795107362365],[13.549699516866278,37.618014505827745],[13.550366635836117,37.6184733541315],[13.551535721069987,37.61898429181327],[13.557841876085284,37.627869484759394],[13.560369565092559,37.630953842616705],[13.566368557696252,37.633464809611745],[13.56910194835194,37.635940339815676]],[[13.680573367240902,37.64637409689358],[13.674560253214949,37.644601574556965],[13.668262494517387,37.64078595203938],[13.667297246946834,37.64019281872646],[13.666029933043303,37.63935194775858],[13.665091210312692,37.63854712014256],[13.663792437032493,37.63704509768451],[13.662012245621566,37.63646718359817],[13.65640102688408,37.63525736173374],[13.648785044703597,37.6344643222173],[13.64841295963191,37.63443762260758],[13.648380769574151,37.634437103253674],[13.64776311542494,37.634453116671125],[13.647555161505803,37.63446017541242],[13.647114154228927,37.63447514477186],[13.644744359851805,37.63458281475767],[13.639038271051724,37.631573822190695],[13.626761074238521,37.6250200515155],[13.62438326879817,37.623082648759464],[13.62297447539967,37.62265165755693],[13.615410929852922,37.62102868015701],[13.61011649041857,37.619898940900946],[13.607376824689746,37.61408351190851],[13.605769376817928,37.61042017562142],[13.604647161790599,37.60780753545264],[13.605065688920961,37.605766854015656],[13.610628336982579,37.60249920560742],[13.61232556505766,37.60143771270473],[13.6146797156829,37.59950983419368],[13.615406166981803,37.59874287911765],[13.616816716297205,37.59683922373011],[13.618399587420704,37.594316181467065],[13.618832205113184,37.59362602194389],[13.619162655974765,37.592919617201204],[13.619326678359256,37.5925540437984],[13.619469078920059,37.59223665559311],[13.619610605216417,37.59201629161295],[13.61977204519698,37.5917722234011],[13.620366553409946,37.590886583582765],[13.620507227753315,37.59070612520232],[13.620679763543631,37.59048479389638],[13.621262573396443,37.59017598527938],[13.622226014395684,37.59012620672908],[13.622531742190219,37.59011041003014],[13.623303616027785,37.59014604293938],[13.624376828074725,37.59019558118874],[13.63166914977247,37.59092894137209],[13.63615118999058,37.591763486894536],[13.6435285964434,37.59333706453106],[13.643563307417535,37.593345219684494],[13.643597468248869,37.59335324612024],[13.644578870613321,37.59358383482481],[13.646134573706233,37.59396149246843],[13.653175669381328,37.5960790388973],[13.65460515222566,37.597186560711265],[13.655119598881814,37.59790030456896],[13.655324644638988,37.598184781183846],[13.6593277388316,37.60231605185153],[13.664873439531014,37.60707159945013],[13.667353699342536,37.609010874598276],[13.673009898562604,37.6121171869069],[13.676242293654973,37.61337254042352],[13.678943246458255,37.614204061399],[13.685912868331004,37.61661078544154],[13.691186581767411,37.625379568477335],[13.691229992100137,37.62545787277958],[13.691492929540031,37.625936836743044],[13.691537899321101,37.633934494460405],[13.689536826784975,37.64054318987368],[13.68916602286474,37.64170168820182],[13.687367029663537,37.645744159732544],[13.686582459165336,37.64678246325488],[13.684614937623822,37.64841877578812],[13.684550872486655,37.64834795469093],[13.684204074912973,37.64796457519263],[13.680573367240902,37.64637409689358]]]},"properties":{"name":"Cammarata","op_id":"7163","minint_elettorale":"4190010090","minint_finloc":"5190010090","prov_name":"Agrigento","prov_istat_code":"084","prov_istat_code_num":84,"prov_acr":"AG","prov_iso_3166_2":"IT-AG","reg_name":"Sicilia","reg_istat_code":"19","reg_istat_code_num":19,"reg_iso_3166_2":"IT-82","opdm_id":"7410","com_catasto_code":"B486","com_istat_code":"084009","com_istat_code_num":84009}},
{"type":"Feature","geometry":{"type":"Polygon","coordinates":[[[13.966121990137951,37.28599987736664],[13.96671661931403,37.28275809146953],[13.966115692496073,37.27894729918187],[13.965881034638143,37.27790809477998],[13.965628525419291,37.277463972684764],[13.964985472012216,37.277495513790136],[13.964519503154444,37.27772446005834],[13.963969023209287,37.27801931127629],[13.963871845984306,37.278071362274304],[13.96360104547482,37.27822875682307],[13.96284890787695,37.278665907852506],[13.962438544397616,37.27914310651187],[13.962332703546204,37.279266185065524],[13.961869957035947,37.28010056539873],[13.9577286292977,37.280745150596836],[13.952910097616614,37.28039859428365],[13.946034096822297,37.27950912442848],[13.938476466785145,37.275127812413956],[13.938551423215086,37.27501903488798],[13.939637041199662,37.27365840273586],[13.93965727258406,37.27363304831421],[13.94142332555842,37.27177969225098],[13.942854317419004,37.27108044852955],[13.943478185582993,37.270842727368255],[13.950384876139992,37.27053537606748],[13.955071669061978,37.27036076264219],[13.95655101570094,37.26836691334502],[13.955846785814416,37.260479637089695],[13.955408959477738,37.25952773465156],[13.955206368447108,37.2590267501436],[13.955104874799892,37.258714276527265],[13.95613764208447,37.25801419733642],[13.957664409302819,37.256979215174596],[13.961652844864984,37.257338524173775],[13.96397645135818,37.25834438284082],[13.964381146723957,37.25864145024237],[13.965553116679356,37.259623783069465],[13.966374958770855,37.260459766585896],[13.972787900164843,37.25862615750134],[13.97409088454518,37.25805140772929],[13.97465130179771,37.256621676582114],[13.974770275166273,37.25595227262921],[13.97486080979687,37.25544223357178],[13.969359085644982,37.24377734518324],[13.964081510084275,37.24221630776431],[13.957524028122153,37.24041845545907],[13.953083235970368,37.2344857410088],[13.950955759986446,37.22551992533875],[13.952340484128545,37.223963071852864],[13.95303033244544,37.22195755887071],[13.952914713876433,37.22049461543242],[13.952753998901015,37.21910558155781],[13.951169819543432,37.213863570554615],[13.95129428488278,37.21088878046028],[13.956937962159818,37.207982987836736],[13.96289953719823,37.20759290061831],[13.970318387091673,37.203185347897474],[13.969940783576469,37.201329759783064],[13.970991628397002,37.198263242792564],[13.974880317143475,37.19067281326512],[13.974963387749721,37.19057643377806],[13.97528098694671,37.190207952190526],[13.975758392225668,37.189927049460955],[13.975974195162756,37.189800071286186],[13.971969325825066,37.18845744584732],[13.974963303126255,37.1823454326062],[13.975308085656984,37.18226468835646],[13.975670859342623,37.18217834012926],[13.975854700508988,37.18206643823801],[13.976307152174563,37.181789086080684],[13.976375178797095,37.18157494045661],[13.97660142681162,37.18086271092392],[13.97622029483549,37.17985895337205],[13.975121472367732,37.17780256614999],[13.97452030076841,37.17729209290166],[13.973513014692212,37.176787438985],[13.968941747155343,37.175820310085925],[13.968131566654097,37.175844948039874],[13.967780745737587,37.175855615242185],[13.967294512177569,37.17597501907592],[13.967019199086474,37.17604262709642],[13.963150480953132,37.17346122569413],[13.959424131646129,37.16838126235684],[13.958002590337596,37.16692805213553],[13.957420402274558,37.16665081205958],[13.956391218250259,37.16695736145676],[13.955844851330001,37.16720539493333],[13.9553826930088,37.167418376458635],[13.955206887709686,37.16750676639041],[13.954954683831886,37.16763422649875],[13.954658895858051,37.16780758267769],[13.952182815135975,37.172881313793695],[13.948117679226469,37.1769284802285],[13.94512694662179,37.17837697840062],[13.941352328165559,37.18084912870968],[13.939067859629024,37.18391177581003],[13.936023534536272,37.19049212411165],[13.935399809148555,37.192423927783345],[13.935474994733939,37.19271344810439],[13.936627769073011,37.19330548552097],[13.93880915495898,37.19705636958169],[13.939240053797354,37.19828117052406],[13.938100616801345,37.19990233141967],[13.933952248694455,37.20401981451997],[13.932586925936839,37.20496381199597],[13.929907412005727,37.204778471640786],[13.929506008706392,37.20471118257193],[13.929165424325978,37.204654086593806],[13.928131943977146,37.203652601923324],[13.927948894254788,37.20343552828695],[13.927688147463869,37.20312631121119],[13.923268699426549,37.20196775698072],[13.918254871548434,37.20360021847926],[13.915522382142784,37.206173808727605],[13.913990577384517,37.20941987371566],[13.911814918423538,37.21304891681261],[13.90937081446298,37.21454179673793],[13.905538228905321,37.20989899209164],[13.902351866680725,37.206330268237416],[13.896710885893128,37.203950272994916],[13.892561523582918,37.20567777552513],[13.888193084840733,37.206925691987536],[13.877448094739192,37.20755598239538],[13.874848255001687,37.20709238231399],[13.864540114865939,37.208348943724715],[13.864043187763887,37.2099596547982],[13.863985205095528,37.21013053868665],[13.863807768763218,37.21064248999742],[13.863439124955155,37.21117998287262],[13.859061400255767,37.21754609941022],[13.85587613842177,37.22217370632385],[13.85360047966933,37.2246331973229],[13.85002583545765,37.229367380323374],[13.848050228083634,37.232312985926214],[13.846560418131553,37.234686511855905],[13.84846158414864,37.23641829557112],[13.851737992179565,37.2404329697564],[13.859516958180258,37.24577857886713],[13.866954242611502,37.24964755882259],[13.868526774555935,37.25233835912391],[13.868818350994465,37.2527053565425],[13.869212612263475,37.25320159244805],[13.870113756042047,37.25404020836468],[13.870483788846196,37.25437802025665],[13.87108115261687,37.25492335696469],[13.874402484336514,37.256875544719335],[13.880171340057029,37.26022007230063],[13.884807076757157,37.26220274633619],[13.88633632561456,37.26224311708174],[13.888445988385673,37.26240413854551],[13.888738188280936,37.26264293351873],[13.888781924710752,37.262740996616756],[13.888968876441178,37.26316017906674],[13.88883985940365,37.26507010340595],[13.888252073402858,37.265616377379686],[13.887309929396407,37.26633562436022],[13.883488225101473,37.26869006023226],[13.88304307910692,37.268891756526045],[13.882991732986364,37.26897009186395],[13.882663522392331,37.26947082072625],[13.882667229134851,37.26970242221044],[13.8826708720033,37.26987477265723],[13.882675351427682,37.27008664409616],[13.884448277252714,37.27302290645694],[13.88462898113923,37.273223352711476],[13.884925121989061,37.27355063089294],[13.885384900343642,37.27375617439201],[13.885833176187056,37.2739565726269],[13.892768817076526,37.2762561698392],[13.896996436554165,37.27745544308931],[13.905337405120894,37.27994236723164],[13.920073242320212,37.28832532170917],[13.92279817645901,37.291025812446435],[13.923601355426829,37.29316382445922],[13.923421001190205,37.29372020702611],[13.923140029361473,37.29458697636375],[13.923060265497266,37.29483303749803],[13.92780306624192,37.2953443280939],[13.931241355969131,37.29550242797586],[13.93277718222253,37.29540674934807],[13.934358022093766,37.29527765443546],[13.935305072478311,37.295163500803795],[13.935816040575594,37.29510190666193],[13.937015719938165,37.29485578419337],[13.937180420313176,37.29482199345384],[13.93733210887384,37.29479087181854],[13.942428148814987,37.29344752778342],[13.945246865775037,37.29216665872136],[13.950945091638532,37.28786329901747],[13.956175978854843,37.284573834352045],[13.960441623978308,37.284120109250935],[13.966121990137951,37.28599987736664]]]},"properties":{"name":"Campobello di Licata","op_id":"7164","minint_elettorale":"4190010100","minint_finloc":"5190010100","prov_name":"Agrigento","prov_istat_code":"084","prov_istat_code_num":84,"prov_acr":"AG","prov_iso_3166_2":"IT-AG","reg_name":"Sicilia","reg_istat_code":"19","reg_istat_code_num":19,"reg_iso_3166_2":"IT-82","opdm_id":"7411","com_catasto_code":"B520","com_istat_code":"084010","com_istat_code_num":84010}},
{"type":"Feature","geometry":{"type":"Polygon","coordinates":[[[13.862205369343341,37.403280519373446],[13.866866808434306,37.403052155894805],[13.875191463743352,37.40436711762586],[13.888286959148477,37.40439296203164],[13.893062731938484,37.403897767425015],[13.895974739001325,37.40301532764684],[13.898457589877225,37.401484799848284],[13.904681401644442,37.395902709297],[13.906562332289093,37.39308920632638],[13.909357579155836,37.38712861463966],[13.908188127022678,37.38543481499034],[13.90547907369581,37.38312161661057],[13.901009166626078,37.380302343434636],[13.89731572803172,37.378925740299074],[13.896690839921812,37.37896968793041],[13.896567325084495,37.378978373302],[13.896534348614852,37.37898069202595],[13.891926463196281,37.37901876488001],[13.890273690753252,37.37845126624897],[13.886629227697409,37.374974985486375],[13.88779166263495,37.36755102715183],[13.88510949376071,37.364800921909556],[13.88298487242206,37.361943978747114],[13.881650289402554,37.35984022419484],[13.882152169445583,37.358964933316706],[13.885268814522757,37.35651603647013],[13.888079742652318,37.355143294690116],[13.89108243423958,37.354034053997644],[13.895357949874866,37.35156875595827],[13.90319220358522,37.34788167898479],[13.902987123434135,37.3473580610692],[13.902937914175027,37.34723241793377],[13.90244315417369,37.34639073460059],[13.901977924101873,37.345709912292975],[13.901379868049805,37.34493780181323],[13.899117074654518,37.34216814848962],[13.898550100864078,37.34153586225531],[13.898505943763745,37.3414866186651],[13.898396698590775,37.34137281609714],[13.89825455822839,37.341224746164045],[13.897894913633781,37.340850097973295],[13.897364940386867,37.34044694631816],[13.897257866395398,37.34036549452902],[13.896574599200184,37.34001562777279],[13.895756056598914,37.339666868604404],[13.885560621458085,37.33594701018893],[13.880713154758775,37.33454271815774],[13.873393145998731,37.33135312295247],[13.864779827593235,37.32611393018869],[13.859599924966304,37.32502289327558],[13.853131498131804,37.32402125944313],[13.84893087806646,37.323348560118674],[13.844333577496654,37.320898299421984],[13.841028894899367,37.31900800041745],[13.838225983936605,37.31868379867447],[13.834946744795062,37.32265244258114],[13.834503238407805,37.32506376195919],[13.832680357005136,37.32784783097894],[13.828211594533737,37.332837580267864],[13.827990680146945,37.333056921029325],[13.82794237700686,37.333095783871364],[13.827820581169089,37.33319377267608],[13.827707681882053,37.333284602897066],[13.827613308634449,37.333360527785636],[13.827338542125664,37.333527110757124],[13.82170920090905,37.334842359085485],[13.800171987446209,37.3398086870456],[13.795427906857896,37.3408502946541],[13.79063935571099,37.34150404628563],[13.789429361493355,37.34165446332394],[13.789325618758022,37.34164436584534],[13.788302928575641,37.34154481975579],[13.787041362498789,37.34130556534829],[13.780843511061091,37.34011366240373],[13.778867972512808,37.33968123154576],[13.772196083794707,37.33924109952904],[13.770761850580437,37.34414854505188],[13.76308462922544,37.35175376274806],[13.765901079537835,37.36616375139349],[13.767425880266556,37.37178130054174],[13.769499249251991,37.37517561237597],[13.773490788285834,37.37637742382184],[13.780976077583528,37.381326460817846],[13.782560362283883,37.38431703923051],[13.782737747937515,37.38449621315242],[13.782799404133911,37.38455689221368],[13.783331783262316,37.38508082522762],[13.783481379022898,37.38520925441411],[13.784245820093798,37.38586551500117],[13.785600469038243,37.38664583017819],[13.786768378701789,37.387008203737636],[13.78985820782104,37.387355584070846],[13.802400477971979,37.39135966369107],[13.809045507153368,37.39576060729562],[13.810695070320198,37.39760913560441],[13.81464102871466,37.40249791375631],[13.815835207920435,37.40552900280127],[13.819811353911504,37.41570923666943],[13.823227742455888,37.42775604404762],[13.826562563558939,37.432394752753666],[13.83454411697935,37.43616961467236],[13.834947700545118,37.43556253363161],[13.83508389072926,37.43535767190773],[13.835253101364962,37.43510321260896],[13.83532918796785,37.43499346216475],[13.835821188151682,37.434283791349245],[13.835841439792041,37.43425458049722],[13.837542337734341,37.43389214534955],[13.838265815261224,37.43437497297924],[13.838414826887881,37.43447441779386],[13.838453463512275,37.4345072986293],[13.8385472268797,37.43469346582631],[13.838903218964878,37.43540027940517],[13.839017986886466,37.43562814794566],[13.839059481673981,37.43571412110051],[13.839097957333792,37.43579383875355],[13.839599754629983,37.43683348482494],[13.840185683405496,37.437622170603596],[13.841259625216054,37.43838179997761],[13.84491445230859,37.43811911018562],[13.845001334466444,37.43810398654937],[13.846184106203161,37.437898092038814],[13.847071864507855,37.437688286181455],[13.847579387434784,37.437568338421556],[13.848039250029831,37.437430747079624],[13.848751262056716,37.43721770543482],[13.8490099783097,37.437140293322486],[13.849837631314932,37.43551007519819],[13.848100798086916,37.430786202471516],[13.847810171051734,37.43035606174596],[13.847372650780422,37.429708502420894],[13.845935819161713,37.42881646681284],[13.85056281371099,37.419218564270615],[13.85657269361759,37.41093157115573],[13.862205369343341,37.403280519373446]]]},"properties":{"name":"Canicattì","op_id":"7165","minint_elettorale":"4190010110","minint_finloc":"5190010110","prov_name":"Agrigento","prov_istat_code":"084","prov_istat_code_num":84,"prov_acr":"AG","prov_iso_3166_2":"IT-AG","reg_name":"Sicilia","reg_istat_code":"19","reg_istat_code_num":19,"reg_iso_3166_2":"IT-82","opdm_id":"7412","com_catasto_code":"B602","com_istat_code":"084011","com_istat_code_num":84011}},
{"type":"Feature","geometry":{"type":"Polygon","coordinates":[[[13.656364504586316,37.476322498650454],[13.656369134675957,37.47691137789998],[13.656304034380524,37.476974046578476],[13.655869412993814,37.47739239963187],[13.655471520685456,37.477775375459366],[13.655126949896047,37.47792113554799],[13.654309176198925,37.478267062029836],[13.652948745988562,37.47850313878389],[13.65216537281862,37.478371604320586],[13.652080141223152,37.478357292483096],[13.649434881636077,37.47705674472187],[13.648462531117016,37.47645229983815],[13.637212842077036,37.47890471737985],[13.637780255657601,37.47527451302233],[13.630453717317115,37.47415187039497],[13.627662059845022,37.47714788907184],[13.627087325883586,37.47830519060859],[13.627030238175145,37.47893560458817],[13.627205491003235,37.4792799589516],[13.625892355402517,37.481769853951164],[13.616586078168924,37.48472392742344],[13.613139367592966,37.48719557370881],[13.614648123551044,37.48923518905653],[13.614570510069527,37.49122483510521],[13.614155289112055,37.494520756551104],[13.613996622589022,37.495132621436085],[13.6136516445105,37.49546130556725],[13.613479221818327,37.49550476883778],[13.612594264169518,37.49572783592611],[13.612363817467221,37.495746733536244],[13.612016491553753,37.49577521368954],[13.611064602012148,37.49523156835974],[13.610710870138998,37.494822126977084],[13.610616902556249,37.49453016068287],[13.610572441738814,37.49435247063671],[13.610542829225997,37.49372457944969],[13.6105764334438,37.493631142859186],[13.610699464990985,37.49331140538027],[13.610728335586577,37.49323637679731],[13.610806079618198,37.493172680952185],[13.611061972390598,37.492963032318706],[13.611302633431086,37.49276586250907],[13.611706015074864,37.49236507551314],[13.612206028339878,37.49164079363396],[13.612319933012738,37.49100140974334],[13.612147443408634,37.49086788333433],[13.611896359311842,37.49067352071893],[13.611396219135237,37.490615025845],[13.611084952935613,37.49067892419572],[13.610127791346729,37.490895804819836],[13.609159747858326,37.49123535273733],[13.605898474563885,37.49263942928429],[13.605053292421356,37.49307094597137],[13.604310653548255,37.49345792516246],[13.600562834021565,37.495477540145544],[13.599340142569948,37.49628517502464],[13.59862671208483,37.4974161417054],[13.598118784708575,37.49854041162267],[13.59782759272953,37.499623274497694],[13.598801157479485,37.50219057503363],[13.600075414179093,37.50401629117661],[13.597644976101087,37.50997178788267],[13.587341658048596,37.512984490793485],[13.5760800639176,37.515911001822246],[13.556508637370593,37.51869766833408],[13.555883512639605,37.518758278603116],[13.555474257755991,37.51879795772121],[13.555272866845582,37.51881748297768],[13.555003143611435,37.519019465660115],[13.554882912538174,37.519109500411666],[13.55169982886346,37.521964821628444],[13.54931180956987,37.524122849516914],[13.548729832122183,37.52480263209965],[13.548546235333724,37.52508737841294],[13.548251936129265,37.525543816883285],[13.548233703020635,37.52573546593451],[13.548169902417987,37.52640609470438],[13.548166153491826,37.52644551299479],[13.54816525054364,37.526568361753114],[13.54815907459558,37.52740944734472],[13.548250820042549,37.528146753728535],[13.548261509150757,37.52823264281146],[13.548266983081433,37.52827662618488],[13.548344223886057,37.52847108677481],[13.548545671025567,37.52897823235213],[13.548569112025625,37.529037244479284],[13.550361253538263,37.533502682275596],[13.552698457146086,37.53511443027092],[13.552941653894544,37.53513714989261],[13.55307969221187,37.5351867826509],[13.554246733940925,37.535649149213086],[13.554428459276485,37.53577174107072],[13.55492858578263,37.536109125493994],[13.55527998268157,37.536532931254655],[13.555426038658446,37.53670908330112],[13.55699323345319,37.5387739344152],[13.557145663402043,37.53927303415621],[13.557279846751975,37.53974582151964],[13.555171659628671,37.54401970686899],[13.549989705485041,37.55137497548395],[13.547968415986452,37.55298891363559],[13.547028475039108,37.55359933681093],[13.546240414223826,37.553940466003546],[13.54394777795379,37.5548507108513],[13.543111085708926,37.555060201651315],[13.542820974666265,37.55513283642329],[13.542508324408992,37.55518255121169],[13.541606019138209,37.55532601796067],[13.534190975644565,37.555889623339574],[13.537692807278532,37.55745461435721],[13.544885832933655,37.55932917231261],[13.549433629919026,37.5603116183483],[13.563252137976656,37.56484641233262],[13.57215903858839,37.5697190875262],[13.576321908225518,37.57156884568249],[13.577328391210873,37.572013024236796],[13.580107091132422,37.572096397161076],[13.580502188113455,37.57194620247529],[13.580733704966562,37.5716495496016],[13.580948188571796,37.57137471859533],[13.581657909946601,37.570356448562585],[13.582035001158905,37.569802859565584],[13.588762418029637,37.56720991770599],[13.597377384688063,37.565956983767684],[13.606009958292693,37.56571658566728],[13.61765777901949,37.565879734927925],[13.618528870998956,37.56593564859871],[13.61952119365929,37.56611063633714],[13.622754997907402,37.567012988184175],[13.623457895652974,37.567217589399604],[13.623531581032617,37.56723915676693],[13.624226026923902,37.56763491029466],[13.624274003888416,37.56768235820288],[13.62461723657102,37.56802180644879],[13.624648640219284,37.56805286368482],[13.624959269903648,37.56839865033437],[13.625133945045018,37.56855706120431],[13.625683325538946,37.569047910741965],[13.62685523599841,37.56996326675081],[13.627057830044587,37.570112208667965],[13.62750355261847,37.57043988579922],[13.62799582363021,37.570760526885046],[13.630642388542118,37.57221505749837],[13.633939961732338,37.57388500452079],[13.637107165279383,37.57405408238174],[13.643164168725912,37.572600777202965],[13.64822061074066,37.57035646860403],[13.651997367162968,37.56782027622909],[13.654470691588136,37.56682587233567],[13.668207696509596,37.566070252552024],[13.675548818356397,37.5678874447682],[13.67567936692932,37.5678646799457],[13.675871194691823,37.56783122867642],[13.67619723531566,37.56777357120827],[13.676981490722858,37.567589523722724],[13.67997457315447,37.564712515051276],[13.685298600882794,37.56004723886356],[13.68908350370018,37.55215828059859],[13.691269595291162,37.54178002894297],[13.691761331321446,37.538795683155605],[13.692781513602123,37.538056858267595],[13.693688895228393,37.53693891729149],[13.69386924228945,37.536716715362026],[13.693697763371263,37.53614718089917],[13.693564514359847,37.535976589710046],[13.693066722616381,37.5353392891283],[13.692831351553384,37.53521505563994],[13.692348825127056,37.53496036787151],[13.691859836642598,37.53479650655869],[13.691460053103803,37.5346625362111],[13.690404479246471,37.53484866267035],[13.690184708294773,37.53496568394169],[13.689994820476734,37.535066793594716],[13.689966798147944,37.535081714863225],[13.689787557456189,37.535177153627366],[13.688860970464706,37.5352450790941],[13.688304409757441,37.535161182203765],[13.688215677541983,37.53514729102692],[13.688113081121582,37.53513122805047],[13.68761646042779,37.53487946042963],[13.687585995511386,37.534864015282835],[13.687398897093912,37.53456300605957],[13.687518012591383,37.53427447474699],[13.687528355939229,37.5342494206849],[13.689479525258822,37.532082432130395],[13.689787280924246,37.53176004199639],[13.689836979220958,37.5317079809252],[13.689933759479251,37.53162951050533],[13.690639997359847,37.53105687969222],[13.690635260037118,37.530916361727556],[13.690626050405289,37.53064316739652],[13.690669977163106,37.53041542825368],[13.690707136294037,37.530222776709884],[13.690799348890312,37.529744698608106],[13.6922642324608,37.52578803237242],[13.693444889863812,37.523138402327675],[13.69283543184997,37.51727028841444],[13.690076481914728,37.51165831919012],[13.690509267060708,37.502979967942004],[13.690479739054664,37.50206930295717],[13.690392795229926,37.50097094335666],[13.690377763151819,37.50078104342205],[13.688280474345994,37.49648541666718],[13.685916866420069,37.49234727469153],[13.683171119729954,37.49248800955205],[13.67889559571534,37.492386968750175],[13.677872957489186,37.49200652152489],[13.676899831003244,37.49144626372515],[13.675770660731288,37.49069404553322],[13.674372564294035,37.489536678130335],[13.670530073974671,37.48597477575398],[13.664252347709898,37.48007319800558],[13.66400741978562,37.479366840790654],[13.663829945581739,37.478383301689],[13.663764083692655,37.47759788808884],[13.664083695915602,37.4768445142736],[13.664184899263871,37.47666252577178],[13.664379828518795,37.476311993005496],[13.660206078078986,37.4748544603736],[13.656364504586316,37.476322498650454]]]},"properties":{"name":"Casteltermini","op_id":"7166","minint_elettorale":"4190010120","minint_finloc":"5190010120","prov_name":"Agrigento","prov_istat_code":"084","prov_istat_code_num":84,"prov_acr":"AG","prov_iso_3166_2":"IT-AG","reg_name":"Sicilia","reg_istat_code":"19","reg_istat_code_num":19,"reg_iso_3166_2":"IT-82","opdm_id":"7413","com_catasto_code":"C275","com_istat_code":"084012","com_istat_code_num":84012}},
{"type":"Feature","geometry":{"type":"Polygon","coordinates":[[[13.786768378701789,37.387008203737636],[13.785600469038243,37.38664583017819],[13.784245820093798,37.38586551500117],[13.783481379022898,37.38520925441411],[13.783331783262316,37.38508082522762],[13.782799404133911,37.38455689221368],[13.782737747937515,37.38449621315242],[13.782560362283883,37.38431703923051],[13.780976077583528,37.381326460817846],[13.773490788285834,37.37637742382184],[13.769499249251991,37.37517561237597],[13.767425880266556,37.37178130054174],[13.765901079537835,37.36616375139349],[13.76308462922544,37.35175376274806],[13.770761850580437,37.34414854505188],[13.772196083794707,37.33924109952904],[13.765936425531477,37.32986352864409],[13.764649952087693,37.32789724710793],[13.757438838158407,37.32572051145145],[13.757259783998334,37.32570231225383],[13.75687932380265,37.32566373556307],[13.756189453083891,37.32559378428426],[13.755850522026847,37.32555941625531],[13.754665417314493,37.32556280066802],[13.754406651206143,37.32556353866575],[13.754366749023497,37.32556600571795],[13.753050264482793,37.32564742811034],[13.752849832024314,37.325676917851936],[13.751680857130289,37.325848906313695],[13.75120585664472,37.325946926971184],[13.750718636120219,37.32604748450215],[13.750059715930506,37.326283370981756],[13.749712985755908,37.326565692553615],[13.749556960014276,37.32669308945354],[13.748128575667208,37.328104191452866],[13.747075783313047,37.32927170331195],[13.746523328930216,37.329933320200446],[13.746245792105213,37.33031595107222],[13.746193350341802,37.3303988299248],[13.745317207859182,37.33128935010309],[13.74322699108904,37.33265494546835],[13.742692280030703,37.33288355130822],[13.74188220569278,37.33314159268914],[13.741705520834056,37.3331978729619],[13.73922919850053,37.33384119786183],[13.735313884905592,37.334819898296786],[13.733339532863619,37.33502852506056],[13.733108288207763,37.335035878205176],[13.732260195890658,37.3350628406714],[13.734341796095574,37.33752772651206],[13.73466666744416,37.33962226225335],[13.731015815178612,37.341560042405995],[13.725041191382045,37.34588414957601],[13.722465048540863,37.350206481422056],[13.720674702568294,37.35259472007869],[13.721476783326617,37.354002282422776],[13.725581952582585,37.35685625716844],[13.72891886457657,37.35848770696764],[13.730763877572446,37.35888656366392],[13.741399632926855,37.365020337639855],[13.741887429499771,37.37031631443348],[13.741913204086027,37.37046677801214],[13.742031450554528,37.37115704754413],[13.742442180663554,37.37157506987421],[13.7434028576925,37.37222539522566],[13.753758312457915,37.379076174916015],[13.758155369542282,37.3803037886444],[13.759122730004888,37.380521432270065],[13.761039866624134,37.3806669748379],[13.762197338901938,37.380540481864216],[13.762770727977632,37.38047781125046],[13.763238995403025,37.380387225281126],[13.764403248951119,37.380161992063236],[13.765039352107376,37.37986841093757],[13.76539264758669,37.379703278655256],[13.767027566597127,37.378642017058716],[13.768542573668281,37.377725372345864],[13.769261094737681,37.3773113439968],[13.770190131123998,37.376989996023696],[13.77024422347592,37.37697128569766],[13.770247239659286,37.37778029449734],[13.77022352299307,37.37852870468079],[13.770063740404078,37.379300636852506],[13.769868611593777,37.380182057798734],[13.769634117815505,37.380765641688285],[13.768864183932608,37.38174350001604],[13.76641958620387,37.38457142546494],[13.764376206689244,37.385886113190324],[13.764306966579053,37.38594223326544],[13.764158321732095,37.38606372546415],[13.763849402661755,37.3863216428238],[13.763880130775018,37.38646559338503],[13.763943741833792,37.386763582909495],[13.764308707356165,37.38724640957401],[13.766103642648623,37.38802042461912],[13.77222733162669,37.39002202562911],[13.774375224821874,37.390124125394316],[13.781816795277035,37.39011328107614],[13.782406711137472,37.390046815289416],[13.782472363585702,37.390039417908994],[13.78269363841885,37.38996446952041],[13.783506738515873,37.389689055946846],[13.78378739170863,37.38952094816489],[13.78415087810354,37.389303221975084],[13.784292895541155,37.38921815373226],[13.78491391326705,37.388686447738465],[13.784969158973004,37.38863914604313],[13.786768378701789,37.387008203737636]]]},"properties":{"name":"Castrofilippo","op_id":"7167","minint_elettorale":"4190010130","minint_finloc":"5190010130","prov_name":"Agrigento","prov_istat_code":"084","prov_istat_code_num":84,"prov_acr":"AG","prov_iso_3166_2":"IT-AG","reg_name":"Sicilia","reg_istat_code":"19","reg_istat_code_num":19,"reg_iso_3166_2":"IT-82","opdm_id":"7414","com_catasto_code":"C341","com_istat_code":"084013","com_istat_code_num":84013}},
{"type":"Feature","geometry":{"type":"Polygon","coordinates":[[[13.485439775366796,37.43628600575345],[13.478802408780874,37.433103010747146],[13.469878656577768,37.42894386413643],[13.465099825944053,37.427128039211276],[13.46478555426491,37.427012825461674],[13.464337118994568,37.426848425085225],[13.454699469515218,37.42551327635129],[13.447284142929568,37.42870397803573],[13.446793392066464,37.43058433912924],[13.446065020231257,37.43130355332899],[13.431368047678282,37.43000553098624],[13.427276508212875,37.42778131243386],[13.422252492097977,37.42121900776808],[13.415387563137466,37.41308659142114],[13.415078892603876,37.41272210698293],[13.414866266280312,37.412699618251224],[13.414368212900396,37.41264962557059],[13.41243231839963,37.4124856431898],[13.411177457527149,37.4123976900496],[13.409303413738668,37.41226707146744],[13.406085636787367,37.41161045151848],[13.405299377071218,37.41139211948545],[13.400964733662674,37.409594920875996],[13.400854905156196,37.409541965306644],[13.400708800804535,37.40947151760078],[13.400271210884146,37.40926052106297],[13.400059763198431,37.409079192784475],[13.399672336112399,37.4087469462275],[13.398644967757118,37.40774363540716],[13.398196513682425,37.40717555343399],[13.396985913507766,37.40504891305961],[13.392081571390303,37.4035878864864],[13.379377090493126,37.402844722735026],[13.36859268096212,37.405480690977264],[13.367798832259268,37.40565395763157],[13.367601325937242,37.405602138395714],[13.367386731568963,37.4055458353234],[13.367173983412778,37.40549001564893],[13.366888743509765,37.4054151751506],[13.366307888491582,37.40524025484686],[13.3661030014724,37.40517855352708],[13.36519778158317,37.40474367969892],[13.363864445434375,37.40370541661963],[13.363344453766553,37.40318423067131],[13.356398428961526,37.399466569460856],[13.353885104827814,37.403885544637724],[13.349819376417313,37.41046799597055],[13.3475086657616,37.41178033924545],[13.344919850620983,37.41286195280266],[13.344636689671004,37.41297703001475],[13.344202260557102,37.41314902354103],[13.34354254538016,37.41313995918562],[13.343366962840607,37.41313754401869],[13.334693600418383,37.41084221714711],[13.328127262170769,37.412452311062744],[13.326825637436801,37.41384728593149],[13.325579404754565,37.41475244628745],[13.324821408067525,37.41529137774605],[13.31717849946637,37.41193694276509],[13.317121603494671,37.41191037101781],[13.316664328314907,37.41169680305823],[13.316561689703432,37.411620831541775],[13.316412483118789,37.411510389136474],[13.315920769878192,37.41114519635212],[13.315546676447912,37.41082313212128],[13.315114763626179,37.410451284855704],[13.31329459563743,37.40829601494938],[13.31300433649151,37.40794804021005],[13.312792732114891,37.40769435675457],[13.312700412766949,37.4075836775772],[13.311837976439852,37.40625511015985],[13.311669751113694,37.405684807613675],[13.311712452471271,37.404793799512035],[13.312048276898944,37.40342822908028],[13.312409435801335,37.40294666118581],[13.312482859671242,37.40282875501336],[13.312643306301686,37.402571101509146],[13.312837199996109,37.401978565250104],[13.312769076108241,37.40149241051874],[13.312761463945805,37.40145646129893],[13.312734190931412,37.40132770008214],[13.312727294525086,37.40129528880629],[13.312647809910407,37.40092176658905],[13.312638107636026,37.40087617418842],[13.312606199417488,37.40072623461236],[13.31258843105585,37.400683917403605],[13.312479764140527,37.40043276434163],[13.31242232376064,37.40030000645305],[13.312369741706801,37.40017847758169],[13.312208788659893,37.39998316919023],[13.312182397925715,37.39995114590997],[13.307014512960638,37.39667891027652],[13.306242359039246,37.39634229112247],[13.305267982697837,37.3959860375777],[13.304107036963162,37.395870757521834],[13.302262038767784,37.39603260370323],[13.301683834502148,37.39615234523402],[13.301446396569252,37.3962015158419],[13.301409929344564,37.39620906793706],[13.301206315103832,37.3962512326741],[13.299809847950597,37.39622284164315],[13.29966279499878,37.39621985026607],[13.298975759882127,37.39597672519855],[13.297958324288974,37.395520633690936],[13.296178246102595,37.39431319107727],[13.295191291741705,37.393488953545365],[13.2946484745573,37.39287466894031],[13.294618731045997,37.392841007040026],[13.293055848531791,37.3910243696914],[13.29255231923869,37.39043724218328],[13.289134266364075,37.391268282604734],[13.287145996925815,37.39172089668736],[13.285117197736053,37.39211351391311],[13.282823812092047,37.392402571123874],[13.282318779053668,37.39242561371828],[13.281901469452576,37.39235879015499],[13.28134298333896,37.392221557263575],[13.279529997249966,37.391402749714004],[13.279302008492099,37.391277500402694],[13.277496812768703,37.39020261739371],[13.271678933380722,37.391423505517096],[13.270146004897164,37.3960002211983],[13.270182303534199,37.39598807313763],[13.270226359578874,37.395973329545654],[13.270951451748875,37.395964934797526],[13.271231870838363,37.39596170194417],[13.272382823370446,37.39635085076891],[13.276876829908986,37.39817714398258],[13.278148860688383,37.39877584166607],[13.279789820698676,37.399637329241976],[13.280208655366211,37.399925232222145],[13.280446373822931,37.40008864082445],[13.280634881523214,37.400687767585346],[13.280574407568778,37.400925549323354],[13.280500931077928,37.4011449992302],[13.280285731765808,37.40127787526445],[13.279973987609672,37.401470346218375],[13.279189628928954,37.40172262874612],[13.279086263170012,37.401754734816045],[13.278626264291773,37.401875938102],[13.278313201305725,37.40195841536562],[13.277622051491962,37.402039767711756],[13.277507980397656,37.40203141461268],[13.279674102859543,37.40387758236343],[13.287813549921236,37.40595504737981],[13.295429578317464,37.40884801870267],[13.293718194503759,37.41114235613303],[13.290085192993322,37.41287324114339],[13.286314951071539,37.41420593618058],[13.288829955490906,37.41592951134827],[13.29603481431119,37.419576599710005],[13.29780439325751,37.42077075807181],[13.297660291193422,37.42091744814416],[13.297592191555976,37.42098677118787],[13.297480923283349,37.421100038623074],[13.297504862714627,37.4215427700667],[13.298003037793684,37.422477123166026],[13.298470157801537,37.42309942500475],[13.298529514557545,37.42317849961325],[13.301261575800595,37.42629703660436],[13.303741467927113,37.42835474376825],[13.304825203974525,37.42908340671828],[13.305033651979368,37.42918509138171],[13.305192845401853,37.42925772003294],[13.306566707731973,37.429884176352644],[13.307764010287615,37.43041466461982],[13.30879606660438,37.43055038900107],[13.309527113322346,37.43064130954812],[13.310846484063523,37.43044461798506],[13.311284457312302,37.43037670337401],[13.311817205709021,37.429807809979486],[13.32360450139704,37.43100338348541],[13.338954660500985,37.43483090379147],[13.351237302707869,37.4374155838213],[13.356437173340721,37.44059050375943],[13.361275139989234,37.44471146458236],[13.367028096450671,37.446613729496704],[13.375910631481602,37.45217075222606],[13.377260617890535,37.453064133089576],[13.37791139311567,37.45378528574377],[13.378295867395531,37.454298393689015],[13.378505643922365,37.454578351977176],[13.378920850363471,37.45530133634718],[13.385826636186819,37.45582218436084],[13.39318141787416,37.45978007028744],[13.39317743253948,37.45981279541613],[13.39317098895392,37.4598657080743],[13.39314817284054,37.460053076075454],[13.393126605953277,37.460230202748875],[13.39332957280169,37.460729273824384],[13.39452375478995,37.4620425395363],[13.397562906680488,37.46422822371541],[13.39840933379796,37.46483613653314],[13.399328306726813,37.46523644074356],[13.39958658789827,37.46530797136961],[13.400453241241166,37.46554798375525],[13.401434232093276,37.46559692666131],[13.402770238722017,37.465029176056994],[13.404208297561055,37.46437202385725],[13.406631657885368,37.463189440202555],[13.406858748096306,37.4630716427622],[13.407480347151235,37.46274919953443],[13.407866546610352,37.46254886154829],[13.408598052694282,37.46184763954132],[13.408727660515323,37.46172338506263],[13.40881244632254,37.461642097420885],[13.409110452822336,37.46094154646097],[13.409181468404707,37.46077266218115],[13.41253321259848,37.45833034632037],[13.418265058725757,37.45834317925994],[13.418601516781976,37.45852871790562],[13.419000866144723,37.458858246587894],[13.419578323690626,37.45937025603929],[13.41998544366721,37.45987964848942],[13.421058945911586,37.46239228008789],[13.427154069299045,37.46153594613176],[13.427392195940596,37.46057385092559],[13.427536593186097,37.45999044132134],[13.4279938531775,37.45947645218823],[13.428248040971114,37.459190726637615],[13.428408218503268,37.459010674423304],[13.428496086693396,37.45891191236709],[13.429311934511844,37.4586498804199],[13.429488472326684,37.45859318038475],[13.430824244279137,37.45849347851426],[13.43090739107505,37.458506851437626],[13.432344913716442,37.458738053465595],[13.433062610287333,37.45900986393235],[13.433231940727252,37.45907399341568],[13.433428204838597,37.45944645147406],[13.433480899421884,37.45954743938232],[13.433470887051206,37.460069239765986],[13.433448176471101,37.46034323153406],[13.43375733140598,37.46042325156112],[13.43437055477025,37.46029660544179],[13.436058206528118,37.45958730577318],[13.436377194704745,37.4588724048818],[13.436819519069601,37.45781551276146],[13.43684437120989,37.45769411737196],[13.436944941757801,37.4572028295717],[13.43694116316881,37.457110085137266],[13.436921467951246,37.45662728910475],[13.436874053377906,37.456499490380295],[13.436666063909914,37.45593888254724],[13.436479412682445,37.45570870601923],[13.436448296776735,37.45567033450287],[13.436258544239276,37.4554363347253],[13.435368401137907,37.45515113163625],[13.435034119107433,37.452834460682396],[13.438334145084367,37.449073922898975],[13.455567086363837,37.44443428299403],[13.456982949070744,37.44418255549909],[13.459285108939474,37.443915496496714],[13.465187103355314,37.44386560135999],[13.468841729484744,37.444310353550975],[13.47640305692419,37.443802974106234],[13.482045179168054,37.43788013303945],[13.485439775366796,37.43628600575345]]]},"properties":{"name":"Cattolica Eraclea","op_id":"7168","minint_elettorale":"4190010140","minint_finloc":"5190010140","prov_name":"Agrigento","prov_istat_code":"084","prov_istat_code_num":84,"prov_acr":"AG","prov_iso_3166_2":"IT-AG","reg_name":"Sicilia","reg_istat_code":"19","reg_istat_code_num":19,"reg_iso_3166_2":"IT-82","opdm_id":"7415","com_catasto_code":"C356","com_istat_code":"084014","com_istat_code_num":84014}},
{"type":"Feature","geometry":{"type":"Polygon","coordinates":[[[13.429745004084486,37.552663511306],[13.429828406224154,37.547082501773026],[13.429696222840667,37.54650723115756],[13.429625102102738,37.546197699646626],[13.429527317109988,37.54577211116211],[13.42971357061078,37.54459438718823],[13.43006939306697,37.543387203891875],[13.430115568383293,37.54323054597607],[13.430341914686945,37.5428007691189],[13.430823730900045,37.541885902101676],[13.43084627803642,37.5418430925145],[13.434241392443614,37.535941752029736],[13.435012241274194,37.535174063710365],[13.437455775972735,37.53424490695043],[13.43961476793449,37.53374929499606],[13.440862337449413,37.53359422043258],[13.444582156058054,37.53319834283723],[13.448015826697544,37.533002487819104],[13.4528403992322,37.52718223459417],[13.453854931279839,37.51966586501722],[13.454358247025015,37.51051913703366],[13.453060766168935,37.50300269540713],[13.450610222527391,37.4951469819117],[13.449075083571762,37.49245183045229],[13.448671471589265,37.49150721142407],[13.44865308235023,37.49024696745694],[13.448875065805337,37.489869333486034],[13.449213197821624,37.489363129639564],[13.449250515328744,37.48930726482201],[13.44612458190097,37.48397586990094],[13.443995549012014,37.47751286517798],[13.443956990825185,37.47717556112232],[13.44392942764249,37.47693443693693],[13.444200404528903,37.47640635078756],[13.444815868729695,37.47564911621877],[13.444711396336347,37.470258134869816],[13.439895451037627,37.466409108760416],[13.434877652382104,37.463089841673074],[13.433448176471101,37.46034323153406],[13.433470887051206,37.460069239765986],[13.433480899421884,37.45954743938232],[13.433428204838597,37.45944645147406],[13.433231940727252,37.45907399341568],[13.433062610287333,37.45900986393235],[13.432344913716442,37.458738053465595],[13.43090739107505,37.458506851437626],[13.430824244279137,37.45849347851426],[13.429488472326684,37.45859318038475],[13.429311934511844,37.4586498804199],[13.428496086693396,37.45891191236709],[13.428408218503268,37.459010674423304],[13.428248040971114,37.459190726637615],[13.4279938531775,37.45947645218823],[13.427536593186097,37.45999044132134],[13.427392195940596,37.46057385092559],[13.427154069299045,37.46153594613176],[13.421058945911586,37.46239228008789],[13.41998544366721,37.45987964848942],[13.419578323690626,37.45937025603929],[13.419000866144723,37.458858246587894],[13.418601516781976,37.45852871790562],[13.418265058725757,37.45834317925994],[13.41253321259848,37.45833034632037],[13.409181468404707,37.46077266218115],[13.409110452822336,37.46094154646097],[13.40881244632254,37.461642097420885],[13.408727660515323,37.46172338506263],[13.408598052694282,37.46184763954132],[13.407866546610352,37.46254886154829],[13.407480347151235,37.46274919953443],[13.406858748096306,37.4630716427622],[13.406631657885368,37.463189440202555],[13.404208297561055,37.46437202385725],[13.402770238722017,37.465029176056994],[13.401434232093276,37.46559692666131],[13.400453241241166,37.46554798375525],[13.39958658789827,37.46530797136961],[13.399328306726813,37.46523644074356],[13.39840933379796,37.46483613653314],[13.397562906680488,37.46422822371541],[13.39452375478995,37.4620425395363],[13.39332957280169,37.460729273824384],[13.393126605953277,37.460230202748875],[13.39314817284054,37.460053076075454],[13.39317098895392,37.4598657080743],[13.39317743253948,37.45981279541613],[13.39318141787416,37.45978007028744],[13.385826636186819,37.45582218436084],[13.378920850363471,37.45530133634718],[13.380328391306884,37.45654060012429],[13.38226576017663,37.45846812711437],[13.382481136967204,37.460545205803086],[13.382364618662303,37.4671087936346],[13.381746353688902,37.46903365743985],[13.380595493117516,37.47088295942279],[13.379215716617953,37.47453171999681],[13.377062444225274,37.48067457534483],[13.376815666666719,37.482150920365136],[13.377404159810007,37.48303449673149],[13.378651188912437,37.48437344070924],[13.38293540350925,37.48716575958366],[13.384882038726301,37.488174196393736],[13.38580791483429,37.48824780922097],[13.387117587920972,37.48835045917968],[13.387388034495345,37.48837144292833],[13.389423183172902,37.48836615819801],[13.399436999632329,37.49211394160651],[13.413647815261148,37.49816336886711],[13.414567981864979,37.49852745310261],[13.415042127217099,37.498729727631016],[13.415218117006377,37.49880481164199],[13.416036692123349,37.49915918469032],[13.416080301199937,37.499182487189344],[13.416560852635117,37.49943926891949],[13.416620471230067,37.499471125882145],[13.416729762226895,37.4995295254932],[13.4169210178981,37.49987900490342],[13.416948318346329,37.49992889246239],[13.41692230837415,37.50055356713687],[13.41672524807456,37.501323100017835],[13.416466785671957,37.50201321868397],[13.413780262941811,37.50739245089293],[13.4132120866424,37.50806219484745],[13.408475916610803,37.50999795383845],[13.407486513587601,37.5101654385815],[13.40476196342954,37.51186145466742],[13.404186056581803,37.512220840453416],[13.402561889054853,37.515145622354176],[13.402419999940122,37.51554877673294],[13.402321396637188,37.51582893971996],[13.402104162676636,37.516446165861],[13.402235805413596,37.516715976702805],[13.402299455203845,37.51684642826645],[13.405813628448588,37.51759777572592],[13.408511433352654,37.518453867262636],[13.411795202640025,37.520472348360606],[13.41310625950092,37.5213417127747],[13.414216722605294,37.52591556713044],[13.414298268632809,37.52889664865247],[13.414891017282445,37.53189616220172],[13.416252084877843,37.53466186861763],[13.417578612539936,37.537062329653],[13.419740349437102,37.53863405361543],[13.419840566432002,37.538677264119926],[13.419874916411187,37.538694489100905],[13.420580005795548,37.53904806400296],[13.421405890054269,37.5395890031531],[13.42193713800053,37.54009849092857],[13.422020179029223,37.54018059250261],[13.422239923074928,37.54051416321649],[13.422403146598054,37.54076534767685],[13.423273822128248,37.5421726088387],[13.423800895417385,37.543191959920065],[13.42536042524923,37.54657596765623],[13.42587078121563,37.550103203359335],[13.428230345874185,37.552027525974545],[13.429745004084486,37.552663511306]]]},"properties":{"name":"Cianciana","op_id":"7169","minint_elettorale":"4190010150","minint_finloc":"5190010150","prov_name":"Agrigento","prov_istat_code":"084","prov_istat_code_num":84,"prov_acr":"AG","prov_iso_3166_2":"IT-AG","reg_name":"Sicilia","reg_istat_code":"19","reg_istat_code_num":19,"reg_iso_3166_2":"IT-82","opdm_id":"7416","com_catasto_code":"C668","com_istat_code":"084015","com_istat_code_num":84015}},
{"type":"Feature","geometry":{"type":"Polygon","coordinates":[[[13.661915203416367,37.389699975060154],[13.662438035748442,37.39020165225067],[13.662725545059388,37.39054850382331],[13.663027916904609,37.390913303297964],[13.663027231485032,37.39095166334983],[13.662962331046726,37.391230435603696],[13.662898947771676,37.39150268879883],[13.662809887084292,37.39188522872552],[13.662802106639639,37.39191864751172],[13.661507858117881,37.39586659320379],[13.660617053257436,37.39814047325275],[13.66017099471554,37.39864593168276],[13.659548111230993,37.39888222950245],[13.659451966407413,37.39891801219983],[13.639465165064115,37.404965150448824],[13.638548358463332,37.40524149413344],[13.63837418989456,37.40529399077472],[13.636581793008935,37.40572467888324],[13.636031668100177,37.40554591903896],[13.635529015056552,37.405198669577054],[13.634347693008761,37.40429271204957],[13.63376858388826,37.4038268716593],[13.633706077369721,37.40375756015784],[13.632232338395882,37.402565575518445],[13.629264712216367,37.40116905526277],[13.628769575337568,37.40103563904235],[13.628605230964592,37.40107122755037],[13.628157382901044,37.40117121545204],[13.62631184171057,37.401923039857884],[13.625695141644107,37.402213003264364],[13.62420348242808,37.403034449247194],[13.624170469819498,37.40318882044408],[13.629065666403866,37.41079900306749],[13.633721966353445,37.416188463739324],[13.636596279013705,37.4190251838482],[13.638267737453269,37.42074197430984],[13.645348880526292,37.432113148776274],[13.647786545468664,37.43861169865097],[13.6477903543714,37.4417336918559],[13.653077324604247,37.4491294621486],[13.654977295771145,37.45364112322177],[13.65666325819493,37.45391228755321],[13.659534417033832,37.44914957213365],[13.660450405689772,37.44725818301452],[13.660523239170674,37.446953595806136],[13.660039643694317,37.44683987431984],[13.659463755013958,37.44679733748704],[13.661244340298158,37.44514192742634],[13.665112504644013,37.44229778880154],[13.668572123769875,37.44057204014579],[13.669147841120857,37.44035385325105],[13.669653461378237,37.4401622300721],[13.670349384276028,37.43991983856275],[13.670506764207008,37.43986502275515],[13.675610046613995,37.438196210689796],[13.68245240297452,37.43351729984189],[13.683651661207366,37.43273795504522],[13.684343946982448,37.43265642049489],[13.690516086687515,37.433237392862395],[13.692420356890755,37.43425133759971],[13.693449388294232,37.434757488222175],[13.69394386057652,37.43489699716456],[13.69397044178796,37.43483393946865],[13.694064230874767,37.43461143600264],[13.693936982880727,37.43412344290854],[13.69389539650062,37.43400254845818],[13.693756991796862,37.43360019431061],[13.693739945102259,37.43355063909546],[13.693710061768854,37.43346379546008],[13.691756557386789,37.43010582906184],[13.688036050723552,37.42446755017435],[13.685164667791815,37.42064159823183],[13.679020458110825,37.413932580214045],[13.677706689653713,37.41307974436133],[13.673823447713506,37.41094364984425],[13.671386871120035,37.410518393918956],[13.668816769454885,37.40975129615635],[13.667986157917612,37.409291980367094],[13.667921541596963,37.40925537129611],[13.666973204508633,37.408585932658035],[13.66666175047757,37.40833250731445],[13.665769176163035,37.40760618993324],[13.665571279493122,37.40743757310934],[13.665403896470563,37.40729495435768],[13.664913918774998,37.406877463828145],[13.663623998278547,37.404411314309726],[13.663563678282737,37.40403094770362],[13.66933061798809,37.398968716187596],[13.67299976601974,37.39271748127609],[13.666472642647081,37.38494707157479],[13.666452511624243,37.38492256369152],[13.66617351128648,37.38458290090294],[13.666033409746968,37.38421245975798],[13.666053245244917,37.38372534225059],[13.666680921246437,37.3821109920993],[13.667228611400725,37.38071108065975],[13.66886500553369,37.37740456452544],[13.669579023723673,37.375978163447535],[13.669853539697224,37.37576465574059],[13.672781343099244,37.375314378253904],[13.672969163170338,37.3752857786777],[13.673869877148611,37.375396267349224],[13.674058109559668,37.375290070822814],[13.674200348062424,37.375209821818224],[13.674207978005397,37.37517524212845],[13.674335149379626,37.37459883623637],[13.671846658874177,37.37187356115298],[13.660569007934706,37.36692768281584],[13.65962598759423,37.366618189373284],[13.658835852680996,37.366590841779846],[13.657831729894259,37.3665809558906],[13.657118485113466,37.36664512582813],[13.655157286355557,37.367340854701226],[13.654709957927851,37.36754696723822],[13.654674641348485,37.367563338038806],[13.654601104462097,37.36762794928694],[13.654433185817313,37.3677754879109],[13.653831494409848,37.36861648317417],[13.64774771302592,37.377848687295476],[13.648026132573493,37.37933946440979],[13.650177380676482,37.38092307191911],[13.653357515152464,37.38297792407169],[13.658748148700617,37.38662987594792],[13.661915203416367,37.389699975060154]]]},"properties":{"name":"Comitini","op_id":"7170","minint_elettorale":"4190010160","minint_finloc":"5190010160","prov_name":"Agrigento","prov_istat_code":"084","prov_istat_code_num":84,"prov_acr":"AG","prov_iso_3166_2":"IT-AG","reg_name":"Sicilia","reg_istat_code":"19","reg_istat_code_num":19,"reg_iso_3166_2":"IT-82","opdm_id":"7417","com_catasto_code":"C928","com_istat_code":"084016","com_istat_code_num":84016}},
{"type":"Feature","geometry":{"type":"Polygon","coordinates":[[[13.710874727721269,37.27134008759478],[13.708418287491146,37.26871829204306],[13.701657339543488,37.264510238506915],[13.695062648519214,37.260634215427714],[13.694850208487482,37.26055105394445],[13.694674776530595,37.26048237981685],[13.694625068996928,37.2604755294344],[13.694036457266101,37.26039440963965],[13.693470109055461,37.26031635591325],[13.692332674667874,37.260303000270305],[13.6870552211781,37.26060966675527],[13.684401558028465,37.2617840497698],[13.683926788553626,37.261850146743164],[13.683777074906095,37.26165517708035],[13.683681183487506,37.26153029653226],[13.683637693413244,37.26141400227634],[13.683408592544275,37.26054683371604],[13.683219936695354,37.259662726704],[13.683260183165727,37.258688502183745],[13.683592782436282,37.255544756406586],[13.683979437477577,37.254244845939866],[13.68688285031325,37.250743477875936],[13.691272519281918,37.245859583059094],[13.689154102363279,37.24389218786808],[13.675998523360406,37.24114148721897],[13.671138053649143,37.24196935921492],[13.660590745374618,37.241882983633516],[13.659921681561961,37.24125724727374],[13.657275958919604,37.23978550042009],[13.655797131690052,37.23938979645549],[13.655372621324007,37.2392885889551],[13.655241279378583,37.23925733317309],[13.655121122721543,37.23922874006811],[13.64948332099738,37.23993636258614],[13.64636063919203,37.24056197075288],[13.642093658314227,37.24337071828292],[13.642679112709827,37.24654936134378],[13.64292097205034,37.24694893812156],[13.643172604975325,37.24733825684699],[13.65022842857951,37.2491325729652],[13.658958083326112,37.25114327781451],[13.660104936820328,37.25134571538097],[13.66503361184785,37.253825970378465],[13.665968203906601,37.25446677491013],[13.666251731174002,37.255009437869624],[13.667348995456226,37.257336586494084],[13.668001472110317,37.25878809710301],[13.668502869001342,37.25996971615278],[13.668532358361599,37.260039211015744],[13.66872673382157,37.261166270047035],[13.661182837962013,37.267455392857926],[13.653730771050954,37.26910490107281],[13.647346293355884,37.26962903125069],[13.64219056960458,37.271934046111625],[13.640046128101462,37.27641549117666],[13.640096266395613,37.281157441483764],[13.641863117325276,37.28439297356428],[13.643032621406583,37.28891393823715],[13.64363369327265,37.29143838642357],[13.641684665099856,37.296959133570645],[13.641101708979152,37.29761120415405],[13.640912782387495,37.29782252549886],[13.639432988177358,37.2992045492726],[13.638872278015025,37.299584562477136],[13.63829538841794,37.29971303811218],[13.637052812791584,37.299752835549214],[13.635584906257794,37.299820114892434],[13.633604209884655,37.30018314430535],[13.633012812039643,37.30045401880586],[13.629782714974013,37.30248099999076],[13.629035336908279,37.30327579616503],[13.62849286763007,37.30395451042806],[13.627936119070068,37.30472157732044],[13.6278177276911,37.30509997471144],[13.627995978621712,37.30582248221126],[13.628523994637902,37.306475659640185],[13.628657880129206,37.30663641080604],[13.628794061513819,37.306729252134396],[13.63155329323807,37.308984048927414],[13.633875416079631,37.31089307895706],[13.634081288705609,37.31108754418751],[13.637772306502665,37.31531519016223],[13.636376800840969,37.319998063633975],[13.640549579533676,37.322462316266915],[13.643038375595546,37.32248318202643],[13.643172716219544,37.322496010175286],[13.64351559373763,37.322528751881805],[13.644757343121164,37.32277189904684],[13.652711391354702,37.32504044582754],[13.658310319065533,37.33321204516393],[13.658637581842873,37.33405283639863],[13.65800152596648,37.33557279744609],[13.657368135627609,37.336890244996475],[13.654103229411099,37.343213999362355],[13.64805960945338,37.34479071894477],[13.64787688561092,37.34483213759614],[13.647560224695008,37.34490328709699],[13.647351314053509,37.3449060778904],[13.646784487097378,37.34491364431791],[13.634387985521727,37.34040459028015],[13.628473065111505,37.33810551742285],[13.62911773985799,37.33783326017756],[13.629133906093035,37.33758045544147],[13.628751307431083,37.33750314400688],[13.625573215587805,37.33721343478091],[13.623071545539727,37.3369872155423],[13.618991173469016,37.34132731564401],[13.618273834263576,37.342147638261814],[13.617932728371079,37.34398150153763],[13.613058750338535,37.347279822405056],[13.61425006493705,37.35195564227352],[13.614633083155171,37.352076087181054],[13.630930401853236,37.35796729162477],[13.630154914895698,37.35914149026853],[13.630461968106738,37.35929898668723],[13.630737513682318,37.35944032139391],[13.630984727682563,37.35967367355354],[13.631166770732454,37.35986669177787],[13.631786275594637,37.360764549645005],[13.635995975474822,37.366945328591136],[13.643701315684062,37.37686313347928],[13.639899285516332,37.38564814563843],[13.639869551314318,37.38576132925359],[13.639938144758341,37.38586231315046],[13.640160498273024,37.386189586582496],[13.642313229176912,37.38923376026815],[13.642337873908257,37.389268125805565],[13.642393809185094,37.38934611566026],[13.642889567873866,37.390035818587286],[13.64311300203484,37.39032946324709],[13.64362496870466,37.39098712355226],[13.644001379094364,37.391469120048725],[13.644446010280177,37.39144805892555],[13.645968778753437,37.391375915554065],[13.659223201066395,37.39022217070928],[13.661915203416367,37.389699975060154],[13.658748148700617,37.38662987594792],[13.653357515152464,37.38297792407169],[13.650177380676482,37.38092307191911],[13.648026132573493,37.37933946440979],[13.64774771302592,37.377848687295476],[13.653831494409848,37.36861648317417],[13.654433185817313,37.3677754879109],[13.654601104462097,37.36762794928694],[13.654674641348485,37.367563338038806],[13.654709957927851,37.36754696723822],[13.655157286355557,37.367340854701226],[13.657118485113466,37.36664512582813],[13.657831729894259,37.3665809558906],[13.658835852680996,37.366590841779846],[13.65962598759423,37.366618189373284],[13.660569007934706,37.36692768281584],[13.671846658874177,37.37187356115298],[13.674335149379626,37.37459883623637],[13.674207978005397,37.37517524212845],[13.674200348062424,37.375209821818224],[13.674058109559668,37.375290070822814],[13.673869877148611,37.375396267349224],[13.688120740583066,37.38068248466994],[13.690455965837163,37.37828419473521],[13.691905704536946,37.37451108553819],[13.690901255952992,37.371696507713466],[13.689816055435312,37.36681856922174],[13.689743808926632,37.366416094550864],[13.689644698358464,37.36579160623332],[13.689615765859307,37.364925390419984],[13.689656264466166,37.36490351967224],[13.690064314503347,37.36468316049673],[13.690113688426635,37.3646645860663],[13.690464434716644,37.364728054606786],[13.690849477227395,37.36479983300202],[13.691140466973277,37.36485408049465],[13.694639442074196,37.365674680276705],[13.697738194129451,37.36664167542434],[13.70424288827274,37.365249878306265],[13.710823463083619,37.358896211465265],[13.716714703446353,37.35309311687531],[13.716378516839496,37.35248763897903],[13.716144809727561,37.3520667194608],[13.716125424545579,37.35130107175366],[13.716124765327901,37.35127501189696],[13.716512961478031,37.35098933484757],[13.717206673359135,37.350718448571904],[13.717904498893965,37.35086165768917],[13.720674702568294,37.35259472007869],[13.722465048540863,37.350206481422056],[13.725041191382045,37.34588414957601],[13.731015815178612,37.341560042405995],[13.73466666744416,37.33962226225335],[13.734341796095574,37.33752772651206],[13.732260195890658,37.3350628406714],[13.72517957251507,37.33456293464384],[13.721314609017739,37.33417730220276],[13.714871331612992,37.332728237723735],[13.71397286371168,37.33243991619944],[13.710734620823409,37.33104270384061],[13.703830218397414,37.32759681066835],[13.701651379986878,37.32565463567471],[13.701333195151534,37.325237621953775],[13.698677614421477,37.319499375206505],[13.69865271079955,37.315437371850514],[13.700441869256165,37.312624109328446],[13.7022348410207,37.30926290087842],[13.703454481249075,37.30579413623846],[13.705445323766476,37.29935027381763],[13.70327708909976,37.29479229814906],[13.700884045598594,37.29177441771486],[13.698271973838313,37.287939981800484],[13.698791276077035,37.28403087800614],[13.702291671159747,37.27981885506325],[13.702859477693979,37.27918828129134],[13.703929262335345,37.27902644224775],[13.705652959123832,37.27880088731543],[13.708510425647932,37.27853306210933],[13.71303711315464,37.27569298725954],[13.710874727721269,37.27134008759478]]]},"properties":{"name":"Favara","op_id":"7171","minint_elettorale":"4190010170","minint_finloc":"5190010170","prov_name":"Agrigento","prov_istat_code":"084","prov_istat_code_num":84,"prov_acr":"AG","prov_iso_3166_2":"IT-AG","reg_name":"Sicilia","reg_istat_code":"19","reg_istat_code_num":19,"reg_iso_3166_2":"IT-82","opdm_id":"7418","com_catasto_code":"D514","com_istat_code":"084017","com_istat_code_num":84017}},
{"type":"Feature","geometry":{"type":"Polygon","coordinates":[[[13.654977295771145,37.45364112322177],[13.65060786791728,37.46117102409986],[13.651605050309344,37.45995020806822],[13.655042345999002,37.45986516846227],[13.66734732767773,37.46053766540197],[13.681198072365362,37.459327494355875],[13.68688449538826,37.458369879578036],[13.69062483658133,37.454799059130146],[13.70169128289667,37.44282511412762],[13.70497193656913,37.44046445160938],[13.705232177831649,37.44030716078641],[13.705382729153992,37.44021616807705],[13.705524147846699,37.440187127487256],[13.705798234878463,37.440130843103034],[13.705868980866665,37.44011631526692],[13.706471303425952,37.43999262523477],[13.708786787414027,37.44007354457619],[13.709962089706133,37.440656993219164],[13.711376026415065,37.440933612879554],[13.71284356342032,37.44084807754749],[13.714115619221678,37.440545070886124],[13.7156948942882,37.44007668451185],[13.729782328042527,37.43754075226834],[13.729897893719079,37.43639024510492],[13.729876743506283,37.43606803691839],[13.72987135036032,37.435985881585076],[13.729861779202968,37.435840082951074],[13.72953719891125,37.43359269435203],[13.72846810450751,37.43287159665727],[13.720405441640256,37.43261412681116],[13.706839962433131,37.427838771981456],[13.705025417879497,37.42814306669266],[13.704179038538193,37.42810703706665],[13.702144859363756,37.427917323557736],[13.701617934175331,37.42786243761247],[13.696671232576596,37.42699685259926],[13.69578725237318,37.42580725418301],[13.696507782968885,37.41829350848343],[13.702229238620928,37.412929325858045],[13.703931524213829,37.41000522432694],[13.706059023233905,37.400999789664816],[13.704544611960245,37.397698786905146],[13.700920405518438,37.39571503651861],[13.697774685267012,37.392760361151836],[13.694912988590701,37.389064079961244],[13.69231964515486,37.385380963724664],[13.6894250576075,37.3821284197186],[13.688120740583066,37.38068248466994],[13.673869877148611,37.375396267349224],[13.672969163170338,37.3752857786777],[13.672781343099244,37.375314378253904],[13.669853539697224,37.37576465574059],[13.669579023723673,37.375978163447535],[13.66886500553369,37.37740456452544],[13.667228611400725,37.38071108065975],[13.666680921246437,37.3821109920993],[13.666053245244917,37.38372534225059],[13.666033409746968,37.38421245975798],[13.66617351128648,37.38458290090294],[13.666452511624243,37.38492256369152],[13.666472642647081,37.38494707157479],[13.67299976601974,37.39271748127609],[13.66933061798809,37.398968716187596],[13.663563678282737,37.40403094770362],[13.663623998278547,37.404411314309726],[13.664913918774998,37.406877463828145],[13.665403896470563,37.40729495435768],[13.665571279493122,37.40743757310934],[13.665769176163035,37.40760618993324],[13.66666175047757,37.40833250731445],[13.666973204508633,37.408585932658035],[13.667921541596963,37.40925537129611],[13.667986157917612,37.409291980367094],[13.668816769454885,37.40975129615635],[13.671386871120035,37.410518393918956],[13.673823447713506,37.41094364984425],[13.677706689653713,37.41307974436133],[13.679020458110825,37.413932580214045],[13.685164667791815,37.42064159823183],[13.688036050723552,37.42446755017435],[13.691756557386789,37.43010582906184],[13.693710061768854,37.43346379546008],[13.693739945102259,37.43355063909546],[13.693756991796862,37.43360019431061],[13.69389539650062,37.43400254845818],[13.693936982880727,37.43412344290854],[13.694064230874767,37.43461143600264],[13.69397044178796,37.43483393946865],[13.69394386057652,37.43489699716456],[13.693449388294232,37.434757488222175],[13.692420356890755,37.43425133759971],[13.690516086687515,37.433237392862395],[13.684343946982448,37.43265642049489],[13.683651661207366,37.43273795504522],[13.68245240297452,37.43351729984189],[13.675610046613995,37.438196210689796],[13.670506764207008,37.43986502275515],[13.670349384276028,37.43991983856275],[13.669653461378237,37.4401622300721],[13.669147841120857,37.44035385325105],[13.668572123769875,37.44057204014579],[13.665112504644013,37.44229778880154],[13.661244340298158,37.44514192742634],[13.659463755013958,37.44679733748704],[13.660039643694317,37.44683987431984],[13.660523239170674,37.446953595806136],[13.660450405689772,37.44725818301452],[13.659534417033832,37.44914957213365],[13.65666325819493,37.45391228755321],[13.654977295771145,37.45364112322177]]]},"properties":{"name":"Grotte","op_id":"7172","minint_elettorale":"4190010180","minint_finloc":"5190010180","prov_name":"Agrigento","prov_istat_code":"084","prov_istat_code_num":84,"prov_acr":"AG","prov_iso_3166_2":"IT-AG","reg_name":"Sicilia","reg_istat_code":"19","reg_istat_code_num":19,"reg_iso_3166_2":"IT-82","opdm_id":"7419","com_catasto_code":"E209","com_istat_code":"084018","com_istat_code_num":84018}},
{"type":"Feature","geometry":{"type":"Polygon","coordinates":[[[13.581111436731176,37.352030837923415],[13.57659326078928,37.351096244757905],[13.574410123723332,37.35049469278761],[13.570357923786572,37.34862225420559],[13.569500742498917,37.346392760703374],[13.56932277128934,37.345667908737326],[13.569531669735737,37.344816775020114],[13.570121019239455,37.34226242132153],[13.56693852728195,37.34100883848746],[13.564467458030162,37.34037316326743],[13.562542112812116,37.34010537551427],[13.559483310512684,37.34185368760339],[13.558979066984728,37.34217384655923],[13.558140533281096,37.34442535559999],[13.558063523374054,37.344819305656706],[13.558058343248243,37.34484580595904],[13.558009249144058,37.345263779696566],[13.558004673673107,37.34550282773535],[13.558001710533505,37.345657647533024],[13.557543514683882,37.35535017378902],[13.55514765211269,37.35801637888996],[13.55607061736203,37.363198738639326],[13.556538144621841,37.362440184421935],[13.558798677556926,37.365054779930745],[13.559395085102638,37.36603257245],[13.559771840984983,37.367723628577664],[13.560068305013424,37.37347882662942],[13.559962970505724,37.374780041223374],[13.558864464011249,37.37816828180321],[13.558652564561944,37.37880691086045],[13.55514847249978,37.380557941525936],[13.551783156187822,37.38133913725231],[13.55046783139455,37.3821308903704],[13.547490556101232,37.38395949226574],[13.546099367713243,37.38565742125113],[13.54639657213861,37.387774118496665],[13.547358032867383,37.38890067242149],[13.550134897419975,37.39124005866348],[13.55362561642177,37.394101253503365],[13.55595881931899,37.39654345848364],[13.557582017050203,37.40099732813569],[13.558786467920351,37.40546019388213],[13.558388836940239,37.406139771636546],[13.555984998884938,37.40952665775913],[13.552327889276738,37.41016070635616],[13.550039449737008,37.41082334375596],[13.546807242924357,37.41212758729946],[13.545388485206688,37.412956987809174],[13.544508590525297,37.413789505444356],[13.542350553010229,37.41984897699103],[13.542331573084038,37.42087642454126],[13.543647092313838,37.420596108015374],[13.543844927874714,37.42055845112643],[13.544803897411315,37.420375914260994],[13.545721349381152,37.420270770362166],[13.54659164520378,37.42033850207808],[13.546940293198695,37.42036563449262],[13.54730988845014,37.42044081054033],[13.548150633516297,37.42061336667242],[13.548351762421602,37.42065509119429],[13.551145480574906,37.42140308650253],[13.551344907590622,37.421478950430014],[13.551762200588886,37.42163769138654],[13.551917599196194,37.421696805495394],[13.552413400894386,37.422037190858084],[13.552678380017161,37.422220266394035],[13.553233832960414,37.42273245406356],[13.553616499808683,37.423199463045144],[13.55398519543925,37.423669366034275],[13.561989727692202,37.42171194505777],[13.56905649483911,37.41910358375142],[13.570442017735258,37.415640994151886],[13.573103048734499,37.40809605501914],[13.575831189554188,37.3982602042615],[13.575629865776866,37.3960204010859],[13.575568994959745,37.39565800043198],[13.574496006582656,37.395069097804594],[13.57392522758323,37.3947558219471],[13.572807867296948,37.39423330427421],[13.574058393179124,37.390530613814875],[13.578573216357402,37.386123250975146],[13.586425433749788,37.38240498850558],[13.59088089586515,37.379095346492285],[13.590751178464158,37.372764121824325],[13.583219956957969,37.35469951084635],[13.581111436731176,37.352030837923415]]]},"properties":{"name":"Joppolo Giancaxio","op_id":"7173","minint_elettorale":"4190010190","minint_finloc":"5190010190","prov_name":"Agrigento","prov_istat_code":"084","prov_istat_code_num":84,"prov_acr":"AG","prov_iso_3166_2":"IT-AG","reg_name":"Sicilia","reg_istat_code":"19","reg_istat_code_num":19,"reg_iso_3166_2":"IT-82","opdm_id":"7420","com_catasto_code":"E390","com_istat_code":"084019","com_istat_code_num":84019}},
{"type":"Feature","geometry":{"type":"MultiPolygon","coordinates":[[[[12.558767455799844,35.51115306762047],[12.56010477358306,35.50894091968058],[12.560013924501686,35.5088565399333],[12.559776028184007,35.50883982400309],[12.559578896425839,35.508869392965636],[12.557693755961832,35.50925354041149],[12.55762660720977,35.509267395135524],[12.557079724878907,35.51003545863397],[12.557027654814496,35.510171548907714],[12.557143301125056,35.51048868892115],[12.557327440358725,35.51071278381804],[12.558338553246976,35.51135965018695],[12.558550716483444,35.51134151199001],[12.55870930404379,35.511206231679346],[12.558767455799844,35.51115306762047]]],[[[12.52835515413317,35.528702604447716],[12.528310144190804,35.52859067444711],[12.52818296883351,35.5286003601863],[12.528044228699734,35.528678928973896],[12.527904729253951,35.52890653223874],[12.527844147406844,35.529021554851866],[12.527944543486715,35.52906629842279],[12.528201233009453,35.52901705737778],[12.528276129618975,35.528979100564314],[12.528371307218729,35.528904787450244],[12.528408749279368,35.52884408615138],[12.528434199046927,35.52879030067239],[12.528404965745034,35.52875777005449],[12.52835515413317,35.528702604447716]]],[[[12.540912715782799,35.52890096124985],[12.54364656010897,35.52872520121103],[12.544340178819855,35.52858081730406],[12.5482886540074,35.52737739504123],[12.552686780831912,35.52541468475796],[12.555457000321972,35.52485816329009],[12.565352740118573,35.52576304532153],[12.583642971671187,35.523073394754135],[12.591304921304395,35.52113937126319],[12.594169794183125,35.52093977680333],[12.596344089464848,35.521572317738716],[12.599301723176383,35.52326675099958],[12.607504755346097,35.52449145473975],[12.608142009788168,35.523638762926645],[12.609606848247738,35.522207543814716],[12.610921491693361,35.52165670854878],[12.611432487095062,35.52162177369786],[12.6125608095986,35.521590026010294],[12.61464481405118,35.52161126444448],[12.61693714886218,35.52165659961563],[12.619040201016169,35.52246632501962],[12.619473347177113,35.52254700072692],[12.621032174376879,35.52240649847633],[12.622787184408677,35.52206252685287],[12.62791893973143,35.52040587792642],[12.632170846379376,35.518028299797],[12.632946506804144,35.51750299246412],[12.633180555848897,35.517011176964765],[12.633219038740577,35.516709110837375],[12.633099690406468,35.51587350847682],[12.631788753191355,35.515255025824125],[12.628931398777214,35.514755948974546],[12.628328527486932,35.514918503174314],[12.62595630113415,35.514683296876946],[12.624560888522343,35.5121862167986],[12.625425066779405,35.50547280100417],[12.62794173526222,35.50456312089062],[12.630470494227986,35.5036538560586],[12.630573259158147,35.50359379532661],[12.630888296609385,35.50340966997274],[12.631256656325808,35.50315918731575],[12.631596907565124,35.50292781560445],[12.63316737385211,35.5018138541758],[12.633157603612817,35.50043591802424],[12.632176798373546,35.4941595041568],[12.631396604872208,35.49370623277274],[12.629169575653991,35.49345147127003],[12.628660643533875,35.493478718100356],[12.627206622250869,35.49355825603835],[12.62016012944393,35.49405820033734],[12.608431890150454,35.493633956256495],[12.60681224078134,35.49785369352901],[12.605421179521876,35.5016176314398],[12.605387820961344,35.50167929510384],[12.604810784795625,35.50249790238582],[12.604343280524546,35.50265086597055],[12.604097467574938,35.502548397423915],[12.602756345198863,35.501897108917525],[12.60165803013612,35.501335530197146],[12.601502958521452,35.50098992597947],[12.60016942714034,35.4975297746084],[12.59373801431109,35.49843898047652],[12.580010652531627,35.504906548665204],[12.563588358291378,35.51163075067585],[12.547431753946583,35.5136899770959],[12.531610346572688,35.51550280081521],[12.529426095097959,35.515700322477876],[12.518267477687479,35.518735139537704],[12.517718261422083,35.51951411964065],[12.517304676626374,35.520193768634186],[12.517253078849787,35.52114895296296],[12.517880957414356,35.521642905855664],[12.518110373642235,35.52164122024212],[12.518526108039886,35.521638163882436],[12.525356653480074,35.52746626703126],[12.526511206260636,35.52801901833698],[12.527995738072352,35.528331658751235],[12.53236833772961,35.528673641585684],[12.540912715782799,35.52890096124985]]],[[[12.32111770346479,35.55049538092433],[12.320791913998955,35.55050840531343],[12.32064572735449,35.55057190826039],[12.320436614707088,35.5506627470589],[12.320111387373053,35.55088842890568],[12.319946268927863,35.5512287005787],[12.320071805000293,35.55193001137255],[12.320162424392109,35.552272285865556],[12.320400049140622,35.55300313391814],[12.320663895203456,35.553277162095945],[12.322128982669172,35.55258639662346],[12.322708357951543,35.552078753152045],[12.322734856583226,35.55186303066003],[12.32164056271687,35.55077514722596],[12.321441692758173,35.55061975227541],[12.32111770346479,35.55049538092433]]],[[[12.875432938076619,35.87537604812954],[12.87726694125658,35.874824531333644],[12.878481139543206,35.87383642176758],[12.879449338144644,35.87272677011084],[12.882351157647525,35.86294360332895],[12.883340566034095,35.85957173308424],[12.883357740667739,35.858093723913285],[12.883303088885235,35.85785839132622],[12.883154933885805,35.857287904655365],[12.883042425997365,35.85704252394978],[12.88150156725306,35.8551314112781],[12.881237598393104,35.85485633271084],[12.881061836011483,35.85469999584609],[12.880939241041753,35.85462572747924],[12.880737759724651,35.85460414303736],[12.876703497980078,35.8553711993894],[12.864934138328767,35.855531516125005],[12.859511324889416,35.85502998650582],[12.859177310065464,35.85511720737418],[12.85903463683081,35.85515446404021],[12.858874992848321,35.85521901440571],[12.858516893514357,35.855363807117634],[12.858198540320556,35.85556200141239],[12.858108667491946,35.855617953360266],[12.856573484781025,35.857014770403524],[12.854295611887737,35.86121070472282],[12.850607022952634,35.86692885683582],[12.850179095559948,35.8713726211473],[12.858645872528594,35.874746309074865],[12.864419174004933,35.87494152085267],[12.865312736358726,35.87465776588778],[12.86618363142059,35.87450189744243],[12.871784950150595,35.8747094744025],[12.873381696982001,35.87505326437579],[12.874040768395107,35.875337887822674],[12.874639107694213,35.87545410529415],[12.875090463826606,35.87545308524665],[12.875432938076619,35.87537604812954]]]]},"properties":{"name":"Lampedusa e Linosa","op_id":"7174","minint_elettorale":"4190010200","minint_finloc":"5190010200","prov_name":"Agrigento","prov_istat_code":"084","prov_istat_code_num":84,"prov_acr":"AG","prov_iso_3166_2":"IT-AG","reg_name":"Sicilia","reg_istat_code":"19","reg_istat_code_num":19,"reg_iso_3166_2":"IT-82","opdm_id":"7421","com_catasto_code":"E431","com_istat_code":"084020","com_istat_code_num":84020}},
{"type":"Feature","geometry":{"type":"MultiPolygon","coordinates":[[[[13.857435801639067,37.11265819932375],[13.857516452390835,37.11252383868128],[13.857544033956975,37.11237378888737],[13.85753452400535,37.11222526144711],[13.857474608044356,37.11210263054936],[13.856025201016099,37.11176900102843],[13.855594340668627,37.112823158617566],[13.855750499479992,37.11282589211408],[13.856332372675833,37.11273329200956],[13.857198926209294,37.112775417196005],[13.857341073765324,37.11280505036975],[13.857435801639067,37.11265819932375]]],[[[13.811128299447603,37.21258705514239],[13.811362790364441,37.217626546094024],[13.811748394428152,37.21891889084505],[13.815000647707706,37.22213419272267],[13.815702464674375,37.22265492111861],[13.817246572991717,37.22375973494293],[13.821139521431789,37.22689136832021],[13.824696633948152,37.22773741600559],[13.835484412216172,37.229783347753376],[13.83770646226757,37.22983050306982],[13.83790683267025,37.22987222294089],[13.838167305797889,37.22992645643434],[13.844901869359278,37.23328187735465],[13.846560418131553,37.234686511855905],[13.848050228083634,37.232312985926214],[13.85002583545765,37.229367380323374],[13.85360047966933,37.2246331973229],[13.85587613842177,37.22217370632385],[13.859061400255767,37.21754609941022],[13.863439124955155,37.21117998287262],[13.863807768763218,37.21064248999742],[13.863985205095528,37.21013053868665],[13.864043187763887,37.2099596547982],[13.864540114865939,37.208348943724715],[13.874848255001687,37.20709238231399],[13.877448094739192,37.20755598239538],[13.888193084840733,37.206925691987536],[13.892561523582918,37.20567777552513],[13.896710885893128,37.203950272994916],[13.902351866680725,37.206330268237416],[13.905538228905321,37.20989899209164],[13.90937081446298,37.21454179673793],[13.911814918423538,37.21304891681261],[13.913990577384517,37.20941987371566],[13.915522382142784,37.206173808727605],[13.918254871548434,37.20360021847926],[13.923268699426549,37.20196775698072],[13.927688147463869,37.20312631121119],[13.927948894254788,37.20343552828695],[13.928131943977146,37.203652601923324],[13.929165424325978,37.204654086593806],[13.929506008706392,37.20471118257193],[13.929907412005727,37.204778471640786],[13.932586925936839,37.20496381199597],[13.933952248694455,37.20401981451997],[13.938100616801345,37.19990233141967],[13.939240053797354,37.19828117052406],[13.93880915495898,37.19705636958169],[13.936627769073011,37.19330548552097],[13.935474994733939,37.19271344810439],[13.935399809148555,37.192423927783345],[13.936023534536272,37.19049212411165],[13.939067859629024,37.18391177581003],[13.941352328165559,37.18084912870968],[13.94512694662179,37.17837697840062],[13.948117679226469,37.1769284802285],[13.952182815135975,37.172881313793695],[13.954658895858051,37.16780758267769],[13.954954683831886,37.16763422649875],[13.955206887709686,37.16750676639041],[13.9553826930088,37.167418376458635],[13.955844851330001,37.16720539493333],[13.956391218250259,37.16695736145676],[13.957420402274558,37.16665081205958],[13.958002590337596,37.16692805213553],[13.959424131646129,37.16838126235684],[13.963150480953132,37.17346122569413],[13.967019199086474,37.17604262709642],[13.967294512177569,37.17597501907592],[13.967780745737587,37.175855615242185],[13.968131566654097,37.175844948039874],[13.968941747155343,37.175820310085925],[13.973513014692212,37.176787438985],[13.97452030076841,37.17729209290166],[13.975121472367732,37.17780256614999],[13.97622029483549,37.17985895337205],[13.97660142681162,37.18086271092392],[13.976375178797095,37.18157494045661],[13.976307152174563,37.181789086080684],[13.975854700508988,37.18206643823801],[13.975670859342623,37.18217834012926],[13.975308085656984,37.18226468835646],[13.974963303126255,37.1823454326062],[13.971969325825066,37.18845744584732],[13.975974195162756,37.189800071286186],[13.982329183865621,37.19305845608085],[13.984236112197175,37.19091524156434],[13.992669228753012,37.18393946753996],[14.000320343472037,37.17774129561603],[14.007300405319633,37.16871246405061],[14.009965062036107,37.162145374903524],[14.010749759091324,37.16070961826243],[14.011232032933394,37.159964301493865],[14.015912530294473,37.158000367354305],[14.017382732022957,37.15784611102516],[14.018730692186292,37.15825899089092],[14.019914225364577,37.158936286501024],[14.020936121520096,37.15940616975799],[14.021488334838164,37.15937555688831],[14.021793971618546,37.15935861091583],[14.023970864179935,37.158980075536924],[14.024174541994986,37.15886209539852],[14.02466289978442,37.15857920872828],[14.02852637444526,37.15614768287602],[14.028989693833815,37.15577710596665],[14.029962326593955,37.154594370366375],[14.034636823852981,37.143013449221414],[14.036688241836,37.127687906756094],[14.037465370548876,37.11970817687885],[14.036473082404818,37.112135100040916],[14.036310025725065,37.106088269047774],[14.035824318747911,37.10626595473971],[14.035349340097458,37.10641449526642],[14.03276574412216,37.10702335189034],[14.027134731596242,37.108105670491234],[14.026006808535625,37.108284177283394],[14.024530908820337,37.10840767499512],[14.00426000866442,37.10950418706626],[13.994322096763973,37.109822352224434],[13.98137596113464,37.10926561012701],[13.978802866365761,37.10909439942635],[13.97788293585244,37.10900384364694],[13.97716930823413,37.108909559856684],[13.976455963672805,37.10879322188358],[13.975647764669427,37.10864547415487],[13.974193244547486,37.108366069605275],[13.971041901088178,37.10757308863167],[13.958016906390117,37.10372139331381],[13.946270026053021,37.09816830127592],[13.945767145264643,37.09758912179431],[13.942125360181441,37.097305316084075],[13.939071968189777,37.09682344664924],[13.936206279805202,37.09630477826753],[13.93366579459141,37.09524758504397],[13.930936774215873,37.09584548061967],[13.929457441566914,37.09720709545736],[13.92748964708817,37.09805151999415],[13.92515059106107,37.09844676053758],[13.921771596941612,37.09882596532815],[13.921431817720176,37.09885345517115],[13.920729314838718,37.098856147734],[13.920126172518396,37.098835877110616],[13.91939981114989,37.098724856757016],[13.916680224564194,37.09816123676303],[13.912339361113775,37.097120988106255],[13.902412088952286,37.09651611704965],[13.893602362173624,37.09800118456392],[13.889006324464667,37.099111987749524],[13.878922025644536,37.102547293542315],[13.865554631702805,37.10952158133506],[13.858762230943855,37.11536552301568],[13.8586303160296,37.1158954599756],[13.858551748868281,37.1161292734788],[13.85839479741512,37.11659633361671],[13.858043325150916,37.11748428318251],[13.857196361673045,37.11916255736577],[13.856663807218153,37.12018626618461],[13.85535404420573,37.122135299257344],[13.848185502779083,37.12953305300325],[13.847278161224073,37.13040517455371],[13.843919365377136,37.13362713768915],[13.842564843782615,37.134785104477444],[13.842178896791593,37.13509137010008],[13.841702578659289,37.135463528068016],[13.83803494725433,37.13778298418142],[13.836150529882023,37.13882584051313],[13.83501733468144,37.139300137082074],[13.834441289050973,37.139483534819284],[13.834383376181009,37.139496387487576],[13.83416356705048,37.139545169563796],[13.833819472825041,37.139621531889226],[13.833787533484571,37.13962326342382],[13.83358892467991,37.13963402841635],[13.833312932297806,37.139648986192086],[13.832647081291842,37.13968352890927],[13.832188642885898,37.13951482898667],[13.831692777927726,37.14172792338807],[13.8315625936353,37.14313812100101],[13.832420058946047,37.14532561557764],[13.828553893961015,37.15637755453359],[13.827793600113049,37.15726395376611],[13.827292248623307,37.158381804806204],[13.826031182247426,37.161712572751355],[13.825639963853112,37.162779434278505],[13.825316531541377,37.16522684305559],[13.833735250458426,37.1774522103861],[13.838052481031722,37.1804503242413],[13.838405847736153,37.18129103639393],[13.839709392071233,37.1851527533541],[13.839406754691858,37.18558822205615],[13.839168275568497,37.185931367366045],[13.838103510006551,37.18705785554211],[13.83676452442453,37.18694379317519],[13.83178052115204,37.187107506064],[13.827749070351823,37.18773860309896],[13.826923638659515,37.18803726125856],[13.826239771589083,37.19307168254557],[13.826607538333256,37.196832700485686],[13.823327360506688,37.20198264578496],[13.816845844542412,37.20306033548264],[13.813334747826355,37.20542489732778],[13.812825649993233,37.20818034416994],[13.811769020242787,37.21115085018249],[13.811128299447603,37.21258705514239]]]]},"properties":{"name":"Licata","op_id":"7175","minint_elettorale":"4190010210","minint_finloc":"5190010210","prov_name":"Agrigento","prov_istat_code":"084","prov_istat_code_num":84,"prov_acr":"AG","prov_iso_3166_2":"IT-AG","reg_name":"Sicilia","reg_istat_code":"19","reg_istat_code_num":19,"reg_iso_3166_2":"IT-82","opdm_id":"7422","com_catasto_code":"E573","com_istat_code":"084021","com_istat_code_num":84021}},
{"type":"Feature","geometry":{"type":"Polygon","coordinates":[[[13.320707586844936,37.58807953154973],[13.320723678201164,37.58805744454531],[13.320864438659816,37.587864246070424],[13.320896265891356,37.58782056242584],[13.321021880093324,37.58764815337008],[13.32174699629077,37.58709914375013],[13.323053094638022,37.58643200617253],[13.325996358490432,37.58497744281994],[13.32871012218415,37.583765392555826],[13.340610468205925,37.57696424159855],[13.342651644494795,37.57392129163297],[13.340909572611341,37.568057193538785],[13.33835003809009,37.56010790164804],[13.338046141668649,37.55954554060015],[13.338047845050097,37.559499701208026],[13.33806770154259,37.55905774274629],[13.33971897828293,37.55403417603806],[13.34158652901749,37.55064550714933],[13.344529836768363,37.54653652301131],[13.348023530701933,37.54496831256456],[13.348331231480751,37.5449260638839],[13.349092631288382,37.544792144665394],[13.350308579036025,37.54450390446994],[13.352123940666683,37.544058685683744],[13.352356754823836,37.54396264050837],[13.352793388222183,37.543779595272554],[13.353389981479465,37.543401792076686],[13.35469007772276,37.54245533354582],[13.35641493317732,37.53926192572755],[13.355460777427085,37.535096566555886],[13.34932901686784,37.522758861671385],[13.3490466540337,37.52224236994142],[13.348816500789495,37.52190636255735],[13.348369656129787,37.521648130884344],[13.347887806754368,37.52158679584043],[13.347781526499682,37.52157375672442],[13.347242513853713,37.52152691992968],[13.347287121809014,37.52195600731283],[13.34723890092626,37.52262204536415],[13.34671289454812,37.52389564085491],[13.345640510375189,37.52634902415005],[13.344578554201375,37.52727985059505],[13.34352618986857,37.52778023296907],[13.341993715521456,37.528010067720764],[13.34072722409588,37.52770394735108],[13.34053056045643,37.52765640923968],[13.339906670516022,37.52751482841771],[13.339471932547946,37.52741617203824],[13.339065989362755,37.527419889550245],[13.33865739664989,37.5274236320248],[13.336524580139727,37.52763721777983],[13.331471084387463,37.528612234560214],[13.325643298636521,37.52995100608976],[13.324280113748522,37.53069006146698],[13.323853304126684,37.531034464704454],[13.322177536276657,37.538281995662665],[13.322355454021242,37.541314477717556],[13.32237944835914,37.54145365244563],[13.322494088336782,37.54211858802874],[13.323372941541809,37.54386865843855],[13.323658875919552,37.544064230462254],[13.323703375504177,37.54409435741635],[13.323999069370014,37.544294545073015],[13.324646529023301,37.54468285562276],[13.325058009128849,37.544791961161145],[13.32533239682019,37.54485530273608],[13.326318963109046,37.54478756770413],[13.327302939202102,37.54632314139845],[13.326383414796666,37.551483422960644],[13.323456705832253,37.55735179953127],[13.320234828029186,37.56166225294173],[13.312269771728374,37.563069352501],[13.311770234380168,37.56314807487638],[13.310813708537374,37.56325923892566],[13.310436085926717,37.56315078632446],[13.31028518784276,37.56310744751092],[13.307789770055521,37.562313762863425],[13.30736621757161,37.562177410973156],[13.306878990235747,37.562020557396146],[13.305133407741716,37.561408662178984],[13.304869512346785,37.56176748719853],[13.304413487496143,37.56241913733995],[13.304068114985157,37.562941054350595],[13.303922778459672,37.56323083445356],[13.303735887098663,37.5636073662594],[13.30368205704332,37.563715819347365],[13.303549841897054,37.56399725491525],[13.30340867419963,37.56429774736363],[13.300468088416302,37.57085089718691],[13.298699961403246,37.577667044605285],[13.29270220450969,37.588289029379716],[13.287748351653804,37.59409095003146],[13.289456090337671,37.59369182105306],[13.292409055325681,37.5932210152455],[13.295172580049325,37.59379117655254],[13.29821830160898,37.59416265486409],[13.303622958306368,37.594185458341855],[13.307319007699169,37.5932019375591],[13.31047668119594,37.59080419785078],[13.31440823450569,37.58863523086769],[13.315912202664718,37.587891860762994],[13.318091271158886,37.58715764222666],[13.320707586844936,37.58807953154973]]]},"properties":{"name":"Lucca Sicula","op_id":"7176","minint_elettorale":"4190010220","minint_finloc":"5190010220","prov_name":"Agrigento","prov_istat_code":"084","prov_istat_code_num":84,"prov_acr":"AG","prov_iso_3166_2":"IT-AG","reg_name":"Sicilia","reg_istat_code":"19","reg_istat_code_num":19,"reg_iso_3166_2":"IT-82","opdm_id":"7423","com_catasto_code":"E714","com_istat_code":"084022","com_istat_code_num":84022}},
{"type":"Feature","geometry":{"type":"Polygon","coordinates":[[[12.896519091672035,37.577112386252786],[12.901956912050347,37.5841488970154],[12.903851211705373,37.586832703324056],[12.904847916243135,37.588452654483035],[12.907426319117478,37.595051181667436],[12.906492301103482,37.601712083874965],[12.90580675413423,37.60510190473468],[12.906845638391182,37.612523545008386],[12.908333242687622,37.619705422642],[12.910447852693327,37.62914321495966],[12.914415204466808,37.6365929735935],[12.915013385720435,37.63723391728636],[12.916190669454105,37.63857411215215],[12.91642765177353,37.63977445491855],[12.916876581744754,37.64481074967653],[12.916707326475109,37.64496040495745],[12.916516651499016,37.64512899822223],[12.915429855635006,37.64548062287063],[12.914725671641651,37.645708449229296],[12.914561710246751,37.6457614942444],[12.914447175652557,37.64578982861807],[12.91381110780547,37.64594717863163],[12.913691782676699,37.645976696573186],[12.91337347668304,37.64605543623056],[12.9131916562667,37.64593883097154],[12.912839318840714,37.64571286671327],[12.911882696315917,37.6450915676706],[12.90142863367866,37.6423913297979],[12.890187410465346,37.64062787906384],[12.887989923690188,37.641881653989074],[12.887546993898285,37.642359336973094],[12.887080333024548,37.6432260065696],[12.88710603736321,37.643561986385045],[12.888478839765355,37.64705332057293],[12.889367348257023,37.64770183929782],[12.891713348511077,37.649375836108646],[12.897801757486125,37.656229899881126],[12.894692522541334,37.66075732819883],[12.895501343477623,37.66080397962357],[12.902107786550156,37.66093326433119],[12.903597456059394,37.65999437088927],[12.904898796247128,37.65923283004601],[12.905805917145981,37.658880714743184],[12.906500668744018,37.658702403327155],[12.906649409148697,37.658664228122184],[12.906763215757175,37.6586350188182],[12.908176596003923,37.65841698034203],[12.911497855493987,37.657998185256325],[12.914111839118153,37.65789637571273],[12.91961192541092,37.65770141470285],[12.924489280103845,37.65772180551957],[12.934945009351148,37.65954407863482],[12.942533949297674,37.66292431464881],[12.944300854440591,37.66423368542779],[12.947287882661206,37.66609800590456],[12.947980962228417,37.66645308936362],[12.950130725776765,37.667191720879615],[12.95090197923942,37.66743157483186],[12.957284466876908,37.66903910663873],[12.9637520646443,37.66972685833153],[12.964764980339773,37.66958242091018],[12.96480217657372,37.66958353315363],[12.965162545771697,37.66959431025115],[12.966146172112209,37.66962372244424],[12.96686793314489,37.66966436288673],[12.967797830402798,37.66971671714332],[12.967973611455657,37.66975567701442],[12.969559553586834,37.670107199707985],[12.970442907126408,37.670304629929866],[12.971434283704333,37.67072507949575],[12.97154638204796,37.670772620449235],[12.978651545649877,37.674287495636406],[12.980704476362117,37.675408668272226],[12.980934484839818,37.67556908542601],[12.981547466683622,37.67599662200324],[12.981573104477746,37.67601931786475],[12.98263555725671,37.6769737927261],[12.984077877672542,37.67354606180201],[12.985223038793885,37.67125323945563],[12.985795082065806,37.67024650719078],[12.986676120018704,37.66905972110404],[12.994733709759352,37.658886237009966],[12.997411744872734,37.655740265445985],[12.997618185903912,37.655542507533376],[12.997866269266252,37.65530745121553],[12.998279674013322,37.655133528200125],[13.004038580899756,37.655077481613034],[13.005196638150194,37.65506962950868],[13.006598043819904,37.655202122588975],[13.008241895974674,37.65579036280888],[13.009011273147951,37.65358418146545],[13.012075418564587,37.64705731750536],[13.013767618726872,37.64418701726384],[13.011738009613094,37.63826290180621],[13.007639416452678,37.63272905529011],[13.004940358125966,37.62948956758722],[13.003311220380846,37.62856086038279],[13.0029997023109,37.62660999097792],[13.003945962246387,37.62301076182912],[13.004496159202219,37.622778120050654],[13.005147601194246,37.62259833628359],[13.0056568440204,37.62249219314659],[13.00574318534589,37.6224741998425],[13.005818856895683,37.62245843030298],[13.009664466573525,37.621881714678025],[13.032072210321354,37.61768946254771],[13.035345351911682,37.61688829264415],[13.040294857959042,37.6156264693131],[13.040774184148598,37.61549969410032],[13.041504841912904,37.615269694214874],[13.042168354294956,37.615028491102265],[13.042810205911529,37.61474074514493],[13.043715234931017,37.61433360914426],[13.048186569891758,37.61229347300952],[13.046745607232454,37.61058562025986],[13.044184564237867,37.606833245926296],[13.04419066149992,37.60461145108863],[13.04199403092617,37.60187669702443],[13.036915769156636,37.59590623438799],[13.030096365267248,37.59329259339313],[13.025622891554006,37.592094970859975],[13.02201366256512,37.588520547855566],[13.019765068941656,37.58461371293949],[13.019589445106481,37.58244893928545],[13.019837628960914,37.57875157902851],[13.018605656323897,37.57474974298478],[13.014205816457705,37.57250973813452],[13.009145067500551,37.569522528913566],[13.002859348405822,37.5602599470791],[12.998881127727328,37.55367738373667],[12.994508780780931,37.54196904004542],[12.99066063433003,37.538174908986285],[12.990625182872257,37.53825911983784],[12.990409246501331,37.53877203814334],[12.990200311499933,37.53922950315476],[12.989766929901776,37.53984159121555],[12.989589748104551,37.540053680756685],[12.989512249070346,37.54014489459897],[12.988764481771577,37.54094295697606],[12.98851626285566,37.5411360058681],[12.988243795505216,37.541347910265934],[12.987972275872968,37.54155532127031],[12.987747176109256,37.54172727095618],[12.986374090478579,37.54269476899375],[12.986338192264842,37.54271922153072],[12.985961124485186,37.54297605912444],[12.985792378880513,37.543090998272284],[12.98563657089847,37.543197124212725],[12.985147403951158,37.543453962946586],[12.983758434259592,37.54440169629339],[12.982515846167878,37.54529274630113],[12.978647806350336,37.54817744588186],[12.971493265320477,37.55382239451323],[12.9678582331828,37.557408088117654],[12.966042681726995,37.559504700850155],[12.964479140314923,37.5611990066595],[12.963604378852283,37.562008538230025],[12.96268278758704,37.562745708417246],[12.962129308516156,37.56312462671795],[12.957620352839493,37.566136140287135],[12.956491702245348,37.56682034798892],[12.954958969924222,37.56771195326716],[12.953003750564777,37.56862453625214],[12.948285212273609,37.57055830603266],[12.94546809375346,37.57159659263874],[12.943015026739468,37.57234533859378],[12.935730270400784,37.573790402662766],[12.917718694067084,37.577103213749055],[12.916736803569915,37.57718413063242],[12.914468920553748,37.57726508235218],[12.91285798063752,37.57707158689798],[12.911520851815387,37.576773748623005],[12.906940990584399,37.57500115818975],[12.905408849500535,37.57396201369048],[12.90524997708218,37.57380017009376],[12.906952105604148,37.572659374147214],[12.909031087014203,37.57297092544955],[12.9104185886915,37.572691914452626],[12.910439569643247,37.57259107941653],[12.910353281745357,37.57243052543484],[12.906670288992318,37.57235079042588],[12.901751204908582,37.57410623514907],[12.900079206809966,37.57478764278591],[12.896519091672035,37.577112386252786]]]},"properties":{"name":"Menfi","op_id":"7177","minint_elettorale":"4190010230","minint_finloc":"5190010230","prov_name":"Agrigento","prov_istat_code":"084","prov_istat_code_num":84,"prov_acr":"AG","prov_iso_3166_2":"IT-AG","reg_name":"Sicilia","reg_istat_code":"19","reg_istat_code_num":19,"reg_iso_3166_2":"IT-82","opdm_id":"7424","com_catasto_code":"F126","com_istat_code":"084023","com_istat_code_num":84023}},
{"type":"Feature","geometry":{"type":"Polygon","coordinates":[[[13.396985913507766,37.40504891305961],[13.397156547174644,37.402976392376345],[13.397549857659241,37.399652699941335],[13.398433776025575,37.396348039930594],[13.399435986920734,37.393847350246936],[13.402649951065861,37.38822886955937],[13.40273662189033,37.38809209417751],[13.402963886261375,37.38773344556258],[13.40298898566918,37.38769383664788],[13.404912924542334,37.385926525017226],[13.40558756144347,37.38552080748694],[13.406285527053514,37.38511646431336],[13.408195195667625,37.384424855688145],[13.408254248990167,37.38440346827267],[13.408456411397351,37.38434694913734],[13.408860593101801,37.38423395031804],[13.40830627026112,37.38355600686281],[13.40778895123697,37.38292683021766],[13.40568189387371,37.38108705684482],[13.40386234930604,37.38168411870223],[13.402872002181429,37.38202278469316],[13.402140779333143,37.3824373582181],[13.40200868044397,37.38251905831811],[13.395007184903386,37.38010474792868],[13.384837891700046,37.37327288501108],[13.384278147218977,37.36848644949115],[13.385139998481785,37.36797104091244],[13.385342024152594,37.3678502221652],[13.386361938761661,37.36663020195272],[13.386340940726662,37.36601625112559],[13.384406117224867,37.36314219711671],[13.377901759062897,37.36502375195159],[13.37735707085873,37.36527304218193],[13.376935078537086,37.36654553555816],[13.368317122109383,37.36924032038472],[13.365897532102597,37.36832332554582],[13.365574484666602,37.36822546107739],[13.365023100028315,37.36805842448015],[13.364989273102708,37.36805363793381],[13.364722475359263,37.368015886779496],[13.364392316106064,37.367969170276204],[13.364285233732652,37.36798137237427],[13.364157076280097,37.36799597926539],[13.363682250194886,37.36805010237755],[13.363339896367792,37.36808912858274],[13.360287417136602,37.36928275044629],[13.358681035538684,37.36994553457099],[13.358363829911392,37.37008640005209],[13.358237879869531,37.3701423322226],[13.357829848488251,37.37032353034226],[13.357779567424954,37.37034585936108],[13.35775281506077,37.370361254490234],[13.356876525747115,37.370865561653666],[13.354211075700471,37.37398347148451],[13.353586851262802,37.37488466305353],[13.353394769480252,37.37516197092715],[13.35328292666241,37.37555320919589],[13.353174232826138,37.37593343460782],[13.352942785317763,37.37733930853919],[13.345297331714487,37.382512722743854],[13.33053479664735,37.39154213600576],[13.327300188048005,37.39111810644127],[13.325397758197779,37.3907051573801],[13.321954711070973,37.38932118481487],[13.32146628478525,37.38892474659803],[13.320946039540972,37.38844164674815],[13.320848655513444,37.38827068186912],[13.320728681865475,37.38806005525902],[13.320588108539745,37.38773169456809],[13.32041736522171,37.38733285522557],[13.31581591914455,37.38103592993393],[13.311040787029652,37.38035074520627],[13.310606961792482,37.38005586052818],[13.310097448246509,37.37959709103133],[13.309879263745957,37.37927557030819],[13.30943093550262,37.3786148859104],[13.308243938042606,37.379689535390625],[13.304235566230282,37.383136857188845],[13.30353358437431,37.3837028615795],[13.298884162534799,37.38652037360178],[13.29255231923869,37.39043724218328],[13.293055848531791,37.3910243696914],[13.294618731045997,37.392841007040026],[13.2946484745573,37.39287466894031],[13.295191291741705,37.393488953545365],[13.296178246102595,37.39431319107727],[13.297958324288974,37.395520633690936],[13.298975759882127,37.39597672519855],[13.29966279499878,37.39621985026607],[13.299809847950597,37.39622284164315],[13.301206315103832,37.3962512326741],[13.301409929344564,37.39620906793706],[13.301446396569252,37.3962015158419],[13.301683834502148,37.39615234523402],[13.302262038767784,37.39603260370323],[13.304107036963162,37.395870757521834],[13.305267982697837,37.3959860375777],[13.306242359039246,37.39634229112247],[13.307014512960638,37.39667891027652],[13.312182397925715,37.39995114590997],[13.312208788659893,37.39998316919023],[13.312369741706801,37.40017847758169],[13.31242232376064,37.40030000645305],[13.312479764140527,37.40043276434163],[13.31258843105585,37.400683917403605],[13.312606199417488,37.40072623461236],[13.312638107636026,37.40087617418842],[13.312647809910407,37.40092176658905],[13.312727294525086,37.40129528880629],[13.312734190931412,37.40132770008214],[13.312761463945805,37.40145646129893],[13.312769076108241,37.40149241051874],[13.312837199996109,37.401978565250104],[13.312643306301686,37.402571101509146],[13.312482859671242,37.40282875501336],[13.312409435801335,37.40294666118581],[13.312048276898944,37.40342822908028],[13.311712452471271,37.404793799512035],[13.311669751113694,37.405684807613675],[13.311837976439852,37.40625511015985],[13.312700412766949,37.4075836775772],[13.312792732114891,37.40769435675457],[13.31300433649151,37.40794804021005],[13.31329459563743,37.40829601494938],[13.315114763626179,37.410451284855704],[13.315546676447912,37.41082313212128],[13.315920769878192,37.41114519635212],[13.316412483118789,37.411510389136474],[13.316561689703432,37.411620831541775],[13.316664328314907,37.41169680305823],[13.317121603494671,37.41191037101781],[13.31717849946637,37.41193694276509],[13.324821408067525,37.41529137774605],[13.325579404754565,37.41475244628745],[13.326825637436801,37.41384728593149],[13.328127262170769,37.412452311062744],[13.334693600418383,37.41084221714711],[13.343366962840607,37.41313754401869],[13.34354254538016,37.41313995918562],[13.344202260557102,37.41314902354103],[13.344636689671004,37.41297703001475],[13.344919850620983,37.41286195280266],[13.3475086657616,37.41178033924545],[13.349819376417313,37.41046799597055],[13.353885104827814,37.403885544637724],[13.356398428961526,37.399466569460856],[13.363344453766553,37.40318423067131],[13.363864445434375,37.40370541661963],[13.36519778158317,37.40474367969892],[13.3661030014724,37.40517855352708],[13.366307888491582,37.40524025484686],[13.366888743509765,37.4054151751506],[13.367173983412778,37.40549001564893],[13.367386731568963,37.4055458353234],[13.367601325937242,37.405602138395714],[13.367798832259268,37.40565395763157],[13.36859268096212,37.405480690977264],[13.379377090493126,37.402844722735026],[13.392081571390303,37.4035878864864],[13.396985913507766,37.40504891305961]]]},"properties":{"name":"Montallegro","op_id":"7178","minint_elettorale":"4190010240","minint_finloc":"5190010240","prov_name":"Agrigento","prov_istat_code":"084","prov_istat_code_num":84,"prov_acr":"AG","prov_iso_3166_2":"IT-AG","reg_name":"Sicilia","reg_istat_code":"19","reg_istat_code_num":19,"reg_iso_3166_2":"IT-82","opdm_id":"7425","com_catasto_code":"F414","com_istat_code":"084024","com_istat_code_num":84024}},
{"type":"Feature","geometry":{"type":"Polygon","coordinates":[[[12.894692522541334,37.66075732819883],[12.894212535183945,37.66076446364835],[12.8940739290324,37.660775899878146],[12.893756993305937,37.660802050706565],[12.893511280872083,37.66085056352726],[12.893428263721333,37.66086695431314],[12.893208714629642,37.661016098714974],[12.893054219185625,37.66125765958373],[12.892997969423252,37.6616446130321],[12.893168554491899,37.662008313238545],[12.893439865454994,37.66227228665527],[12.893488666212843,37.66231976667784],[12.893934032159875,37.66261580705543],[12.89447226287073,37.662832232105316],[12.894752107528776,37.66292881701673],[12.89541537027574,37.663138832736244],[12.895748242967096,37.6632246973112],[12.89599759697907,37.66328901722246],[12.89790275681312,37.66375015769182],[12.8999096022902,37.66402299938027],[12.901512668927827,37.66402246762671],[12.904983931139869,37.66640016302806],[12.906535138612393,37.66807618058868],[12.906024057616161,37.66966282539653],[12.906028076358222,37.66991491809105],[12.906530664765452,37.67147656899839],[12.90679091528511,37.67183082641733],[12.910610561348289,37.67196851360586],[12.91425035279543,37.675157720394374],[12.915333367518206,37.682174271965636],[12.917840863896961,37.68927288417138],[12.918132187657822,37.689548915670834],[12.91829736751824,37.68970541374124],[12.918878202065253,37.69016223081751],[12.918918219308493,37.69019370340495],[12.923284637234648,37.69326007904864],[12.929047572122307,37.69705119944582],[12.93253405198343,37.69933765246704],[12.937510318397303,37.70147959471711],[12.942174006174437,37.70714036127303],[12.942690910594067,37.7122153409236],[12.948571474552626,37.716099175190614],[12.954523745234331,37.717961157933615],[12.958640954498899,37.72007923029452],[12.957831392095002,37.72215700786269],[12.957053863166212,37.72332135583575],[12.956972120330413,37.7248557943394],[12.958637364367528,37.726819444278505],[12.958918705585686,37.727001105336875],[12.959684893317837,37.727495819415374],[12.960799479182953,37.72793716916793],[12.961110669972815,37.72806038963127],[12.961140809795308,37.72807024147975],[12.964289011184832,37.72924148994054],[12.965568001771272,37.727614299488636],[12.967945064359535,37.72415949461053],[12.96905512474154,37.721481544993566],[12.9726752683619,37.718176854605446],[12.973960170280131,37.71702732458679],[12.974018364877796,37.71698347789003],[12.974541639344631,37.71658922018726],[12.974668279710132,37.71649380354393],[12.974967742464157,37.716268175000984],[12.975844359527281,37.71565197926206],[12.975893211532265,37.715617639741595],[12.97643733092549,37.71541332806568],[12.97686394357474,37.715253347188714],[12.97737647280729,37.71507104986876],[12.978275886397622,37.71475793404252],[12.979087319335125,37.71454586199168],[12.983303944181651,37.71230862844103],[12.987491854067866,37.708840905952904],[12.989033593402024,37.707472442676384],[12.994290164689946,37.70182205977669],[12.99240252021138,37.699083606178164],[12.981454907108294,37.6816212054837],[12.981134545382647,37.67923596241355],[12.981569083483848,37.67840495609883],[12.981624827550542,37.678298351222956],[12.981852502609302,37.677999199520826],[12.98221592922359,37.67752167332169],[12.98224822131537,37.67747924507655],[12.98245280599121,37.67721191877434],[12.982523478303508,37.677119830117746],[12.982570947024456,37.67705797830023],[12.98263555725671,37.6769737927261],[12.981573104477746,37.67601931786475],[12.981547466683622,37.67599662200324],[12.980934484839818,37.67556908542601],[12.980704476362117,37.675408668272226],[12.978651545649877,37.674287495636406],[12.97154638204796,37.670772620449235],[12.971434283704333,37.67072507949575],[12.970442907126408,37.670304629929866],[12.969559553586834,37.670107199707985],[12.967973611455657,37.66975567701442],[12.967797830402798,37.66971671714332],[12.96686793314489,37.66966436288673],[12.966146172112209,37.66962372244424],[12.965162545771697,37.66959431025115],[12.96480217657372,37.66958353315363],[12.964764980339773,37.66958242091018],[12.9637520646443,37.66972685833153],[12.957284466876908,37.66903910663873],[12.95090197923942,37.66743157483186],[12.950130725776765,37.667191720879615],[12.947980962228417,37.66645308936362],[12.947287882661206,37.66609800590456],[12.944300854440591,37.66423368542779],[12.942533949297674,37.66292431464881],[12.934945009351148,37.65954407863482],[12.924489280103845,37.65772180551957],[12.91961192541092,37.65770141470285],[12.914111839118153,37.65789637571273],[12.911497855493987,37.657998185256325],[12.908176596003923,37.65841698034203],[12.906763215757175,37.6586350188182],[12.906649409148697,37.658664228122184],[12.906500668744018,37.658702403327155],[12.905805917145981,37.658880714743184],[12.904898796247128,37.65923283004601],[12.903597456059394,37.65999437088927],[12.902107786550156,37.66093326433119],[12.895501343477623,37.66080397962357],[12.894692522541334,37.66075732819883]]]},"properties":{"name":"Montevago","op_id":"7179","minint_elettorale":"4190010250","minint_finloc":"5190010250","prov_name":"Agrigento","prov_istat_code":"084","prov_istat_code_num":84,"prov_acr":"AG","prov_iso_3166_2":"IT-AG","reg_name":"Sicilia","reg_istat_code":"19","reg_istat_code_num":19,"reg_iso_3166_2":"IT-82","opdm_id":"7426","com_catasto_code":"F655","com_istat_code":"084025","com_istat_code_num":84025}},
{"type":"Feature","geometry":{"type":"Polygon","coordinates":[[[13.735331445080124,37.2054566354815],[13.734901467277416,37.20592472054987],[13.734770897080468,37.20607248898518],[13.734298600205179,37.20680910313857],[13.734267004051066,37.20685838415293],[13.733518729180608,37.2102455183666],[13.733555751546868,37.210481495274486],[13.733783144165054,37.211875727137205],[13.733884775325901,37.21226946432024],[13.734048883622144,37.21290523693742],[13.734338742049724,37.21370188742202],[13.734659836855855,37.21432265584319],[13.734808633475387,37.21460840227698],[13.735356189184659,37.21554090155626],[13.735378244521232,37.21557845995647],[13.735421401038874,37.21563789535405],[13.735708675229048,37.21603352424403],[13.735775142969764,37.21612261803723],[13.736005962793493,37.216432002135996],[13.736190933806048,37.21667992959308],[13.736359423459415,37.21690576503365],[13.736459954542404,37.217119433798516],[13.736904226591617,37.218063678570346],[13.737848207619917,37.22090297055741],[13.738145253403786,37.22264737547424],[13.73828081930718,37.22465555576744],[13.738203108724862,37.22662332232524],[13.737831422926012,37.23140450342627],[13.7377176622852,37.232070973648064],[13.737474893421252,37.23265883736312],[13.737435925380932,37.232753197146565],[13.73719164281303,37.23319077401226],[13.736735838174386,37.23351073300551],[13.736053812682318,37.23388254548801],[13.735939725968517,37.23577778257754],[13.740263129385813,37.237613221888594],[13.741275797172353,37.23801278500877],[13.741418103631545,37.238068932264476],[13.742348188925329,37.23834005536308],[13.743013791218678,37.23852515039287],[13.743189693053175,37.238574064224245],[13.744234625724015,37.23877314337272],[13.745236581749674,37.23886573679973],[13.745506472610172,37.23885429896736],[13.745879936433129,37.23883846968148],[13.746248833388933,37.23882283347591],[13.747056273190504,37.23904283761694],[13.74720597925349,37.239083804676014],[13.747631348632211,37.23933239215079],[13.74796743925145,37.239529011175186],[13.74803063646955,37.239589629682506],[13.748509091003005,37.24008060256065],[13.748919208543589,37.2409455763051],[13.748934268235743,37.24098476014065],[13.748924605793576,37.24155608897716],[13.748917543974821,37.241827533830666],[13.748891200891723,37.241944320941585],[13.748749557931783,37.242572263050846],[13.748575854445683,37.24299144737337],[13.748385233895183,37.243451450888664],[13.745729590165078,37.24722572666728],[13.745269740639474,37.247762023133355],[13.74379007513567,37.248629706761804],[13.73830712864668,37.251564966195076],[13.733308772938102,37.25346407761033],[13.73147899258122,37.254114532172515],[13.729497093161298,37.254417096110394],[13.72678481140338,37.254766546988016],[13.723957283049929,37.25479221028705],[13.723584411728993,37.254687881149955],[13.723427270499792,37.25468565648073],[13.722535202769858,37.254675346181095],[13.71990714325188,37.254773628243285],[13.718530579289443,37.25483086917022],[13.717229740831973,37.25505167385538],[13.716939471441055,37.25553382219506],[13.7151980230337,37.26339424458533],[13.714284612835131,37.27178491280682],[13.710874727721269,37.27134008759478],[13.71303711315464,37.27569298725954],[13.708510425647932,37.27853306210933],[13.705652959123832,37.27880088731543],[13.703929262335345,37.27902644224775],[13.702859477693979,37.27918828129134],[13.702291671159747,37.27981885506325],[13.698791276077035,37.28403087800614],[13.698271973838313,37.287939981800484],[13.700884045598594,37.29177441771486],[13.70327708909976,37.29479229814906],[13.705445323766476,37.29935027381763],[13.703454481249075,37.30579413623846],[13.7022348410207,37.30926290087842],[13.700441869256165,37.312624109328446],[13.69865271079955,37.315437371850514],[13.698677614421477,37.319499375206505],[13.701333195151534,37.325237621953775],[13.701651379986878,37.32565463567471],[13.703830218397414,37.32759681066835],[13.710734620823409,37.33104270384061],[13.71397286371168,37.33243991619944],[13.714871331612992,37.332728237723735],[13.721314609017739,37.33417730220276],[13.72517957251507,37.33456293464384],[13.732260195890658,37.3350628406714],[13.733108288207763,37.335035878205176],[13.733339532863619,37.33502852506056],[13.735313884905592,37.334819898296786],[13.73922919850053,37.33384119786183],[13.741705520834056,37.3331978729619],[13.74188220569278,37.33314159268914],[13.742692280030703,37.33288355130822],[13.74322699108904,37.33265494546835],[13.745317207859182,37.33128935010309],[13.746193350341802,37.3303988299248],[13.746245792105213,37.33031595107222],[13.746523328930216,37.329933320200446],[13.747075783313047,37.32927170331195],[13.748128575667208,37.328104191452866],[13.749556960014276,37.32669308945354],[13.749712985755908,37.326565692553615],[13.750059715930506,37.326283370981756],[13.750718636120219,37.32604748450215],[13.75120585664472,37.325946926971184],[13.751680857130289,37.325848906313695],[13.752849832024314,37.325676917851936],[13.753050264482793,37.32564742811034],[13.754366749023497,37.32556600571795],[13.754406651206143,37.32556353866575],[13.754665417314493,37.32556280066802],[13.755850522026847,37.32555941625531],[13.756189453083891,37.32559378428426],[13.75687932380265,37.32566373556307],[13.757259783998334,37.32570231225383],[13.757438838158407,37.32572051145145],[13.764649952087693,37.32789724710793],[13.765936425531477,37.32986352864409],[13.772196083794707,37.33924109952904],[13.778867972512808,37.33968123154576],[13.780843511061091,37.34011366240373],[13.787041362498789,37.34130556534829],[13.788302928575641,37.34154481975579],[13.789325618758022,37.34164436584534],[13.789429361493355,37.34165446332394],[13.79063935571099,37.34150404628563],[13.795427906857896,37.3408502946541],[13.800171987446209,37.3398086870456],[13.82170920090905,37.334842359085485],[13.827338542125664,37.333527110757124],[13.827613308634449,37.333360527785636],[13.827707681882053,37.333284602897066],[13.827820581169089,37.33319377267608],[13.82794237700686,37.333095783871364],[13.827990680146945,37.333056921029325],[13.828211594533737,37.332837580267864],[13.832680357005136,37.32784783097894],[13.834503238407805,37.32506376195919],[13.834946744795062,37.32265244258114],[13.838225983936605,37.31868379867447],[13.841028894899367,37.31900800041745],[13.844333577496654,37.320898299421984],[13.84893087806646,37.323348560118674],[13.853131498131804,37.32402125944313],[13.859599924966304,37.32502289327558],[13.864779827593235,37.32611393018869],[13.873393145998731,37.33135312295247],[13.880713154758775,37.33454271815774],[13.885560621458085,37.33594701018893],[13.895756056598914,37.339666868604404],[13.896574599200184,37.34001562777279],[13.897257866395398,37.34036549452902],[13.897364940386867,37.34044694631816],[13.897894913633781,37.340850097973295],[13.89825455822839,37.341224746164045],[13.898396698590775,37.34137281609714],[13.898505943763745,37.3414866186651],[13.898550100864078,37.34153586225531],[13.899117074654518,37.34216814848962],[13.901379868049805,37.34493780181323],[13.901977924101873,37.345709912292975],[13.90244315417369,37.34639073460059],[13.902937914175027,37.34723241793377],[13.902987123434135,37.3473580610692],[13.90319220358522,37.34788167898479],[13.907176164143124,37.34522977062614],[13.910242084440469,37.34375148186145],[13.915237283222751,37.34142521388707],[13.9211721400421,37.33771094024804],[13.924171918890679,37.334735725954346],[13.927109312284639,37.331347316057325],[13.936475308463656,37.33080884860262],[13.943501023660914,37.331091395029574],[13.946991202290254,37.33004132079234],[13.95885399604286,37.33029733573622],[13.961540154314196,37.33032850948481],[13.964335916692034,37.328948016830964],[13.971932335595353,37.319830497356506],[13.97788894237778,37.314158527549324],[13.983001854177969,37.31368713627221],[13.991899214853543,37.30782402408747],[13.993397368361359,37.30275014497927],[13.99284393958217,37.30129613918636],[13.99201044482222,37.301196830436076],[13.991697332504216,37.30071302356787],[13.991590356514834,37.30054772712463],[13.991767467055311,37.29980958019673],[13.992839674072743,37.29750095249425],[13.99359060484746,37.29607553501482],[13.994072805259535,37.295485605761996],[13.99438140054757,37.29519663734524],[13.994448891673864,37.295133440690286],[13.986877441444003,37.29526132706986],[13.98300084062552,37.29492073419292],[13.98160531101532,37.29467570847123],[13.980433814691915,37.294278079612],[13.974509492828167,37.2921271310634],[13.972819922595395,37.29112899037239],[13.972272069563747,37.29067255667624],[13.971630008500114,37.28986664658062],[13.966121990137951,37.28599987736664],[13.960441623978308,37.284120109250935],[13.956175978854843,37.284573834352045],[13.950945091638532,37.28786329901747],[13.945246865775037,37.29216665872136],[13.942428148814987,37.29344752778342],[13.93733210887384,37.29479087181854],[13.937180420313176,37.29482199345384],[13.937015719938165,37.29485578419337],[13.935816040575594,37.29510190666193],[13.935305072478311,37.295163500803795],[13.934358022093766,37.29527765443546],[13.93277718222253,37.29540674934807],[13.931241355969131,37.29550242797586],[13.92780306624192,37.2953443280939],[13.923060265497266,37.29483303749803],[13.923140029361473,37.29458697636375],[13.923421001190205,37.29372020702611],[13.923601355426829,37.29316382445922],[13.92279817645901,37.291025812446435],[13.920073242320212,37.28832532170917],[13.905337405120894,37.27994236723164],[13.896996436554165,37.27745544308931],[13.892768817076526,37.2762561698392],[13.885833176187056,37.2739565726269],[13.885384900343642,37.27375617439201],[13.884925121989061,37.27355063089294],[13.88462898113923,37.273223352711476],[13.884448277252714,37.27302290645694],[13.882675351427682,37.27008664409616],[13.8826708720033,37.26987477265723],[13.882667229134851,37.26970242221044],[13.882663522392331,37.26947082072625],[13.882991732986364,37.26897009186395],[13.88304307910692,37.268891756526045],[13.883488225101473,37.26869006023226],[13.887309929396407,37.26633562436022],[13.888252073402858,37.265616377379686],[13.88883985940365,37.26507010340595],[13.888968876441178,37.26316017906674],[13.888781924710752,37.262740996616756],[13.888738188280936,37.26264293351873],[13.888445988385673,37.26240413854551],[13.88633632561456,37.26224311708174],[13.884807076757157,37.26220274633619],[13.880171340057029,37.26022007230063],[13.874402484336514,37.256875544719335],[13.87108115261687,37.25492335696469],[13.870483788846196,37.25437802025665],[13.870113756042047,37.25404020836468],[13.869212612263475,37.25320159244805],[13.868818350994465,37.2527053565425],[13.868526774555935,37.25233835912391],[13.866954242611502,37.24964755882259],[13.859516958180258,37.24577857886713],[13.851737992179565,37.2404329697564],[13.84846158414864,37.23641829557112],[13.846560418131553,37.234686511855905],[13.844901869359278,37.23328187735465],[13.838167305797889,37.22992645643434],[13.83790683267025,37.22987222294089],[13.83770646226757,37.22983050306982],[13.835484412216172,37.229783347753376],[13.824696633948152,37.22773741600559],[13.821139521431789,37.22689136832021],[13.819605396589443,37.22920243131594],[13.815871135898657,37.234948991419294],[13.817253259755802,37.23739124168656],[13.819597952960331,37.240260444171376],[13.82012884170387,37.2409344393107],[13.820225666788847,37.241304220165524],[13.818348280499732,37.247396433723246],[13.81655107102177,37.2505563308],[13.81413521188098,37.25282104159837],[13.813570484131356,37.25372166344661],[13.813542296609322,37.25410779388766],[13.813593053359593,37.255190883674025],[13.814047130408996,37.25570820741545],[13.817922943586717,37.25802891592172],[13.822195254471232,37.26032432317782],[13.824284481227416,37.262328251903895],[13.825619090030159,37.264180613541804],[13.826708299368189,37.26599346747863],[13.827484997879383,37.27107045275009],[13.827318836281952,37.274007589028194],[13.822727936965153,37.27719444339331],[13.82203289280229,37.27753801681966],[13.821819021388565,37.27760400143137],[13.813449224988233,37.280048602590966],[13.808017620212237,37.28121438737103],[13.798825664167017,37.273528562141436],[13.78836272636367,37.26486615496674],[13.787688407179235,37.264105517320466],[13.787285132779044,37.26338791127268],[13.7868185173187,37.2624168152979],[13.785810098532613,37.25638965261473],[13.785422037813364,37.25392204601697],[13.784779819435874,37.24973346091598],[13.78559576865745,37.24939873074217],[13.791313602724326,37.24510545778512],[13.794850767872717,37.23952246648071],[13.796536928329143,37.23290772365537],[13.794829606418142,37.231756227781624],[13.792821643421135,37.22875592275808],[13.792858614751156,37.22662338399089],[13.797029599923233,37.22037554637321],[13.791515998946803,37.221851731359955],[13.783113579657222,37.22019333638425],[13.777449538215969,37.21696617014153],[13.777185268797215,37.21679517643915],[13.77686986914159,37.2165910971905],[13.776293131637646,37.21601780080962],[13.773576867531663,37.21320297883564],[13.773291049880408,37.21277776417171],[13.77303117968826,37.21211734433632],[13.772847261550707,37.2116452241066],[13.77287472712461,37.21124083827164],[13.77288385800454,37.211196365136374],[13.773247946593989,37.20986620209541],[13.773738210896465,37.2088152424554],[13.773878551551286,37.208519144370484],[13.772626760237966,37.20646915803633],[13.76764274883043,37.20599221974516],[13.751879293980508,37.204989248870646],[13.75007935377716,37.20562425876803],[13.74782591915792,37.20639867187439],[13.747725602265406,37.206419261571135],[13.746898447609047,37.20658902834691],[13.741976080115707,37.2064646816826],[13.739560394763041,37.20633265125206],[13.735331445080124,37.2054566354815]]]},"properties":{"name":"Naro","op_id":"7180","minint_elettorale":"4190010260","minint_finloc":"5190010260","prov_name":"Agrigento","prov_istat_code":"084","prov_istat_code_num":84,"prov_acr":"AG","prov_iso_3166_2":"IT-AG","reg_name":"Sicilia","reg_istat_code":"19","reg_istat_code_num":19,"reg_iso_3166_2":"IT-82","opdm_id":"7427","com_catasto_code":"F845","com_istat_code":"084026","com_istat_code_num":84026}},
{"type":"Feature","geometry":{"type":"Polygon","coordinates":[[[13.663438749067698,37.19338229742869],[13.664062549939471,37.19574759345325],[13.664669391341054,37.19772190685972],[13.665531160329548,37.19996640626031],[13.66753161496519,37.20282788160127],[13.667630359571913,37.20294205958669],[13.668028688222531,37.20340263517478],[13.6693755392101,37.20493077172549],[13.66944565095314,37.204990357920906],[13.669884939796965,37.20535613376841],[13.671023441834379,37.20611220679374],[13.671244393402583,37.2062401844091],[13.671547437675386,37.206415709174195],[13.672138593428146,37.20665989115322],[13.672308581625309,37.20673010461318],[13.675240308209618,37.20783381210673],[13.682109975734797,37.21058766510659],[13.682005079071688,37.21262349535732],[13.682018879231274,37.21275696492954],[13.682203447132462,37.2132750694252],[13.682357981686822,37.21366383519879],[13.683367015706215,37.215008214079084],[13.683611477330134,37.21517435282598],[13.684183387133741,37.215514549315195],[13.688786070098665,37.21359296520327],[13.690766387064746,37.21275384655895],[13.691882679341822,37.21210141278996],[13.695082712695879,37.20976644775935],[13.69720731933843,37.20783969497831],[13.702997631328364,37.2045090069548],[13.711305081744396,37.201014604587705],[13.71206528264852,37.20072538421099],[13.713004610071657,37.20046503757629],[13.718180517360494,37.200215763267444],[13.725360781070183,37.20007526456657],[13.73299114636824,37.19993206321519],[13.734285415847106,37.200026560729576],[13.737557271172117,37.20044032132154],[13.738670378869587,37.200587054951384],[13.739265576461012,37.200720789389884],[13.739006792571237,37.20094524503413],[13.738465413232657,37.201414800533584],[13.737873500796976,37.20176048375948],[13.735331445080124,37.2054566354815],[13.739560394763041,37.20633265125206],[13.741976080115707,37.2064646816826],[13.746898447609047,37.20658902834691],[13.747725602265406,37.206419261571135],[13.74782591915792,37.20639867187439],[13.75007935377716,37.20562425876803],[13.751879293980508,37.204989248870646],[13.76764274883043,37.20599221974516],[13.772626760237966,37.20646915803633],[13.773878551551286,37.208519144370484],[13.773738210896465,37.2088152424554],[13.773247946593989,37.20986620209541],[13.77288385800454,37.211196365136374],[13.77287472712461,37.21124083827164],[13.772847261550707,37.2116452241066],[13.77303117968826,37.21211734433632],[13.773291049880408,37.21277776417171],[13.773576867531663,37.21320297883564],[13.776293131637646,37.21601780080962],[13.77686986914159,37.2165910971905],[13.777185268797215,37.21679517643915],[13.777449538215969,37.21696617014153],[13.783113579657222,37.22019333638425],[13.791515998946803,37.221851731359955],[13.797029599923233,37.22037554637321],[13.801938995733572,37.22033035937869],[13.80654536663976,37.219362537751636],[13.807228660303876,37.2186052899922],[13.808789917306122,37.216449564314395],[13.810252400731668,37.21413867084825],[13.811128299447603,37.21258705514239],[13.811769020242787,37.21115085018249],[13.812825649993233,37.20818034416994],[13.813334747826355,37.20542489732778],[13.816845844542412,37.20306033548264],[13.823327360506688,37.20198264578496],[13.826607538333256,37.196832700485686],[13.826239771589083,37.19307168254557],[13.826923638659515,37.18803726125856],[13.827749070351823,37.18773860309896],[13.83178052115204,37.187107506064],[13.83676452442453,37.18694379317519],[13.838103510006551,37.18705785554211],[13.839168275568497,37.185931367366045],[13.839406754691858,37.18558822205615],[13.839709392071233,37.1851527533541],[13.838405847736153,37.18129103639393],[13.838052481031722,37.1804503242413],[13.833735250458426,37.1774522103861],[13.825316531541377,37.16522684305559],[13.825639963853112,37.162779434278505],[13.826031182247426,37.161712572751355],[13.827292248623307,37.158381804806204],[13.827793600113049,37.15726395376611],[13.828553893961015,37.15637755453359],[13.832420058946047,37.14532561557764],[13.8315625936353,37.14313812100101],[13.831692777927726,37.14172792338807],[13.832188642885898,37.13951482898667],[13.829640165398693,37.14166986040446],[13.829386674180213,37.14183318068636],[13.828621015851,37.14225521811706],[13.825983531492547,37.143668353849435],[13.824680708972615,37.14424905500963],[13.824081637776123,37.144489050490584],[13.82163920454183,37.14500495085353],[13.816780767632187,37.14554445599367],[13.815651211339539,37.14555578923395],[13.814691143033341,37.14546850632917],[13.8081836179815,37.14522717522455],[13.801480711193467,37.14535051755009],[13.793594053959456,37.145923147215036],[13.788005857525773,37.14677369189044],[13.782626664119595,37.14650751672741],[13.778315864201918,37.145979474883625],[13.776918546277715,37.14562968170885],[13.775497624049606,37.14542156118733],[13.774166434502412,37.145485678354845],[13.766790698118498,37.146469406083746],[13.750400115615975,37.14944136227787],[13.750123496092694,37.14961031768263],[13.741707857851463,37.155353154351246],[13.737605214949788,37.1586126124988],[13.73633704803204,37.16169602505821],[13.728318430353205,37.16893718906654],[13.725012139019258,37.17048241451859],[13.72277733999142,37.17152229636917],[13.721190687332209,37.17195476870182],[13.720839695192716,37.17204857889185],[13.72048941520838,37.17210559585367],[13.720140793049866,37.17206534430962],[13.71687545538013,37.171619645025295],[13.711528280090489,37.17199357968349],[13.70685679327167,37.174019771469524],[13.696310594705828,37.179350122779866],[13.693897990778712,37.18171105598808],[13.691857434208469,37.1834415721289],[13.683922780434449,37.18792933783557],[13.679825673552154,37.18955628744104],[13.669248989682767,37.19300396057969],[13.66496036413189,37.19358106867817],[13.663438749067698,37.19338229742869]]]},"properties":{"name":"Palma di Montechiaro","op_id":"7181","minint_elettorale":"4190010270","minint_finloc":"5190010270","prov_name":"Agrigento","prov_istat_code":"084","prov_istat_code_num":84,"prov_acr":"AG","prov_iso_3166_2":"IT-AG","reg_name":"Sicilia","reg_istat_code":"19","reg_istat_code_num":19,"reg_iso_3166_2":"IT-82","opdm_id":"7428","com_catasto_code":"G282","com_istat_code":"084027","com_istat_code_num":84027}},
{"type":"Feature","geometry":{"type":"Polygon","coordinates":[[[13.461241670742186,37.32844051782555],[13.462880743207645,37.33101214232394],[13.465828628355426,37.335064876951925],[13.467874026224365,37.33750250154558],[13.485108286273675,37.33876970462719],[13.488732046110345,37.33671686678588],[13.49333055866591,37.33403559213042],[13.507030711871318,37.32959490304212],[13.515063465543587,37.327707987072685],[13.519866194307555,37.327197133036734],[13.519935335547059,37.32719114494626],[13.520611625106616,37.32713257303003],[13.522743900107832,37.32716800519886],[13.527138458470562,37.325559297358794],[13.531319486269307,37.323673325021936],[13.534783897105893,37.32092861661479],[13.533685639126107,37.31939243025515],[13.532908001558976,37.31834748011494],[13.532330266068795,37.31763849766323],[13.531061249079203,37.316257626606834],[13.530982273899788,37.31619153697359],[13.530405223042166,37.31570863884844],[13.52988492240891,37.31567893101344],[13.529231763340821,37.31565008364425],[13.528835482669782,37.31565358010346],[13.52793568255394,37.31566151431616],[13.527861358831482,37.31567737124808],[13.527769554145669,37.31569695788513],[13.52692532306108,37.315877072710286],[13.526224580440925,37.316026570063705],[13.525539469574989,37.316032697491835],[13.524079000411342,37.3160457454607],[13.521534586876763,37.315796452305094],[13.520793445051966,37.315554644344495],[13.520716090611092,37.31548725430231],[13.520417238818865,37.31522689723017],[13.518742799901013,37.31316602634526],[13.518651739661255,37.31238679878834],[13.519659325227332,37.30957277070006],[13.520305159395603,37.30898630912984],[13.520372907626719,37.30893719389513],[13.520528621214437,37.30882872993905],[13.5213438020263,37.3082609023913],[13.529821260279066,37.30879596369169],[13.536488769519076,37.30922467601308],[13.543566123491976,37.307401252778945],[13.545720772438854,37.29874983645831],[13.546584684231918,37.29648647488976],[13.548820653619165,37.293502588180246],[13.549200877567085,37.29306690053624],[13.550440798128578,37.29161635147326],[13.550997387581406,37.29059075504966],[13.551210497677031,37.290071433849896],[13.551164311005417,37.28953958236242],[13.550719800389972,37.28695625110249],[13.547192957875497,37.28685838380988],[13.542318087649454,37.286375397941406],[13.542035695469208,37.28634364858859],[13.541754422797059,37.28625535912874],[13.54012722458396,37.28442563977845],[13.532527170666432,37.283974297046456],[13.527410316791714,37.286469418332025],[13.525834702162085,37.28645827026815],[13.521122270471045,37.28638154773913],[13.519000782719063,37.28781606897081],[13.518795043282482,37.287950859408575],[13.517181979379972,37.288803108449684],[13.514973129365124,37.28976926055895],[13.510087542420962,37.291361864622885],[13.506588862670364,37.29170987186833],[13.50207686817786,37.29157214513595],[13.500209131713925,37.29126204013496],[13.498239560437648,37.290806469654044],[13.497572447598245,37.29017321019329],[13.49712348981925,37.28967855808276],[13.49687812793078,37.28920005769935],[13.49690618362306,37.28864352760223],[13.491772325273473,37.288754792435995],[13.487979112548574,37.28904597381897],[13.48830844787866,37.29133762571456],[13.48813486329245,37.29305922643659],[13.486237159638964,37.30146011585903],[13.483045527341808,37.306667733186615],[13.482646992482001,37.306975636215924],[13.482350433378128,37.30713788577536],[13.482141834270914,37.30725153106985],[13.481822143375599,37.307425697527016],[13.480206757536259,37.30815189831267],[13.478630819170242,37.31465066763896],[13.481487685533736,37.31899376580063],[13.48186748266387,37.31973813714332],[13.47293191422823,37.324269239947874],[13.465019140962807,37.327112617618944],[13.461241670742186,37.32844051782555]]]},"properties":{"name":"Porto Empedocle","op_id":"7182","minint_elettorale":"4190010280","minint_finloc":"5190010280","prov_name":"Agrigento","prov_istat_code":"084","prov_istat_code_num":84,"prov_acr":"AG","prov_iso_3166_2":"IT-AG","reg_name":"Sicilia","reg_istat_code":"19","reg_istat_code_num":19,"reg_iso_3166_2":"IT-82","opdm_id":"7429","com_catasto_code":"F299","com_istat_code":"084028","com_istat_code_num":84028}},
{"type":"Feature","geometry":{"type":"Polygon","coordinates":[[[13.826562563558939,37.432394752753666],[13.823227742455888,37.42775604404762],[13.819811353911504,37.41570923666943],[13.815835207920435,37.40552900280127],[13.81464102871466,37.40249791375631],[13.810695070320198,37.39760913560441],[13.809045507153368,37.39576060729562],[13.802400477971979,37.39135966369107],[13.78985820782104,37.387355584070846],[13.786768378701789,37.387008203737636],[13.784969158973004,37.38863914604313],[13.78491391326705,37.388686447738465],[13.784292895541155,37.38921815373226],[13.78415087810354,37.389303221975084],[13.78378739170863,37.38952094816489],[13.783506738515873,37.389689055946846],[13.78269363841885,37.38996446952041],[13.782472363585702,37.390039417908994],[13.782406711137472,37.390046815289416],[13.781816795277035,37.39011328107614],[13.774375224821874,37.390124125394316],[13.77222733162669,37.39002202562911],[13.766103642648623,37.38802042461912],[13.764308707356165,37.38724640957401],[13.763943741833792,37.386763582909495],[13.763880130775018,37.38646559338503],[13.763849402661755,37.3863216428238],[13.764158321732095,37.38606372546415],[13.764306966579053,37.38594223326544],[13.764376206689244,37.385886113190324],[13.76641958620387,37.38457142546494],[13.768864183932608,37.38174350001604],[13.769634117815505,37.380765641688285],[13.769868611593777,37.380182057798734],[13.770063740404078,37.379300636852506],[13.77022352299307,37.37852870468079],[13.770247239659286,37.37778029449734],[13.77024422347592,37.37697128569766],[13.770190131123998,37.376989996023696],[13.769261094737681,37.3773113439968],[13.768542573668281,37.377725372345864],[13.767027566597127,37.378642017058716],[13.76539264758669,37.379703278655256],[13.765039352107376,37.37986841093757],[13.764403248951119,37.380161992063236],[13.763238995403025,37.380387225281126],[13.762770727977632,37.38047781125046],[13.762197338901938,37.380540481864216],[13.761039866624134,37.3806669748379],[13.759122730004888,37.380521432270065],[13.758155369542282,37.3803037886444],[13.753758312457915,37.379076174916015],[13.7434028576925,37.37222539522566],[13.742442180663554,37.37157506987421],[13.742031450554528,37.37115704754413],[13.741913204086027,37.37046677801214],[13.741887429499771,37.37031631443348],[13.741399632926855,37.365020337639855],[13.730763877572446,37.35888656366392],[13.72891886457657,37.35848770696764],[13.725581952582585,37.35685625716844],[13.721476783326617,37.354002282422776],[13.720674702568294,37.35259472007869],[13.717904498893965,37.35086165768917],[13.717206673359135,37.350718448571904],[13.716512961478031,37.35098933484757],[13.716124765327901,37.35127501189696],[13.716125424545579,37.35130107175366],[13.716144809727561,37.3520667194608],[13.716378516839496,37.35248763897903],[13.716714703446353,37.35309311687531],[13.710823463083619,37.358896211465265],[13.70424288827274,37.365249878306265],[13.697738194129451,37.36664167542434],[13.694639442074196,37.365674680276705],[13.691140466973277,37.36485408049465],[13.690849477227395,37.36479983300202],[13.690464434716644,37.364728054606786],[13.690113688426635,37.3646645860663],[13.690064314503347,37.36468316049673],[13.689656264466166,37.36490351967224],[13.689615765859307,37.364925390419984],[13.689644698358464,37.36579160623332],[13.689743808926632,37.366416094550864],[13.689816055435312,37.36681856922174],[13.690901255952992,37.371696507713466],[13.691905704536946,37.37451108553819],[13.690455965837163,37.37828419473521],[13.688120740583066,37.38068248466994],[13.6894250576075,37.3821284197186],[13.69231964515486,37.385380963724664],[13.694912988590701,37.389064079961244],[13.697774685267012,37.392760361151836],[13.700920405518438,37.39571503651861],[13.704544611960245,37.397698786905146],[13.706059023233905,37.400999789664816],[13.703931524213829,37.41000522432694],[13.702229238620928,37.412929325858045],[13.696507782968885,37.41829350848343],[13.69578725237318,37.42580725418301],[13.696671232576596,37.42699685259926],[13.701617934175331,37.42786243761247],[13.702144859363756,37.427917323557736],[13.704179038538193,37.42810703706665],[13.705025417879497,37.42814306669266],[13.706839962433131,37.427838771981456],[13.720405441640256,37.43261412681116],[13.72846810450751,37.43287159665727],[13.72953719891125,37.43359269435203],[13.729861779202968,37.435840082951074],[13.72987135036032,37.435985881585076],[13.729876743506283,37.43606803691839],[13.729897893719079,37.43639024510492],[13.729782328042527,37.43754075226834],[13.73398434744,37.43534314194297],[13.735807828890003,37.43346265756088],[13.737956369668527,37.43162640632864],[13.738229125256018,37.431427350213895],[13.73856360229498,37.431183250053],[13.739748777816374,37.43062680407534],[13.74808817786429,37.4284105614543],[13.751649533210616,37.428270607894156],[13.757198222739955,37.431405629896865],[13.75749753195152,37.43162164767311],[13.757599848555685,37.431695491684344],[13.7582027021303,37.43213057916918],[13.758498895275514,37.432481570021785],[13.759046041939019,37.43312993268524],[13.759343448716441,37.4342683904187],[13.759363117269382,37.43513437863278],[13.759401341903612,37.436848399378185],[13.762860076064246,37.437604806039104],[13.772917833970343,37.44047614342489],[13.773010706979475,37.44048448872003],[13.774058001775623,37.440578584810304],[13.774763476909452,37.440521961227034],[13.775360066141273,37.44047407368014],[13.776618860725721,37.44020020266022],[13.789929564860666,37.437028429911756],[13.798043061078321,37.43458726011475],[13.798294187573143,37.434220882820064],[13.799012931735719,37.433913953640115],[13.799261548167271,37.43380778534912],[13.799344332288427,37.43378613333777],[13.800167844382786,37.43365383797017],[13.801391104821832,37.43352298186158],[13.802292305876152,37.433576342406404],[13.803025648287962,37.433731165820696],[13.803262604665006,37.43379347721342],[13.804173967895128,37.4344476478399],[13.804812246798312,37.43501609962076],[13.805382138175815,37.43555548484485],[13.808139165690383,37.434202605979316],[13.812298259735446,37.431360598287455],[13.82068157513355,37.4322384303343],[13.82544431974574,37.43265599340477],[13.826238317994829,37.43250192431145],[13.826562563558939,37.432394752753666]]]},"properties":{"name":"Racalmuto","op_id":"7183","minint_elettorale":"4190010290","minint_finloc":"5190010290","prov_name":"Agrigento","prov_istat_code":"084","prov_istat_code_num":84,"prov_acr":"AG","prov_iso_3166_2":"IT-AG","reg_name":"Sicilia","reg_istat_code":"19","reg_istat_code_num":19,"reg_iso_3166_2":"IT-82","opdm_id":"7430","com_catasto_code":"H148","com_istat_code":"084029","com_istat_code_num":84029}},
{"type":"Feature","geometry":{"type":"Polygon","coordinates":[[[13.55607061736203,37.363198738639326],[13.556168361063202,37.36347286407015],[13.556138975899907,37.36381397289019],[13.556070442315377,37.363975202686134],[13.55589084919733,37.36439770050262],[13.554533117960302,37.36688630772136],[13.553957331541548,37.367872629719244],[13.552590884360598,37.3692510966063],[13.546337139101306,37.37320275441238],[13.546061098605108,37.373276258130815],[13.545724220888115,37.37336595800866],[13.544503166853728,37.373433254063464],[13.531008788779944,37.38062820538907],[13.522985933998127,37.38281813523417],[13.521668492054106,37.384334412036345],[13.521143244255414,37.38520933807767],[13.519928751931733,37.38750492737342],[13.518983346195613,37.38911288697502],[13.517619627294277,37.39090875903586],[13.5128458755644,37.393543417923006],[13.511245073169311,37.39326867178439],[13.506886723154004,37.392701650046384],[13.503519219282639,37.39275817373943],[13.502374737420878,37.39293243905239],[13.502198034922023,37.392992716307084],[13.502073740811753,37.39303511631436],[13.501988268906077,37.393064274427225],[13.495991952638445,37.39718523387086],[13.493303591017336,37.39916391710222],[13.492844226240083,37.39951689029223],[13.492426928949756,37.40398865361827],[13.494240645270935,37.40483605972873],[13.494496178154222,37.40489769129654],[13.494883650329601,37.40499114541276],[13.494996632026261,37.405020380689386],[13.495767284693375,37.40531378663845],[13.496372413439737,37.40554703170696],[13.49777976304273,37.40656830088413],[13.498465319048803,37.40710754910878],[13.498543587011,37.407169112780664],[13.509849323703387,37.41642982844808],[13.514907390029366,37.42529532860627],[13.512360273682633,37.43178729549957],[13.50859958759602,37.437366209539164],[13.50753497694635,37.44051840505837],[13.513808139298606,37.440960782683504],[13.51593020432283,37.43808153336299],[13.519022083576994,37.436121210533095],[13.523073545110194,37.431883592006464],[13.521715973731421,37.42905811379951],[13.521188524186803,37.427157746746744],[13.521151021766402,37.427017270109346],[13.520974307038982,37.4263553088227],[13.520946956650977,37.42625285445439],[13.520954089414376,37.426003641255974],[13.52096435458274,37.42564502424085],[13.520981734083515,37.42503791522778],[13.521073367041534,37.424920602977124],[13.521305346730843,37.42462361431489],[13.521738155456362,37.4240701355176],[13.522784330260748,37.42302344371264],[13.5233025959087,37.4229507387671],[13.523702766212855,37.4228981799391],[13.524989815260328,37.42290509130163],[13.525049966976546,37.42291596039063],[13.525218868185549,37.422946479872884],[13.525801868192053,37.42305182387886],[13.526639842329162,37.423476737154864],[13.527601481782536,37.42402073762727],[13.528262141863866,37.42447629461408],[13.52865713210367,37.424721283205955],[13.529634648466121,37.42532659711743],[13.53396530664097,37.42742612037185],[13.535208376524464,37.42799977951338],[13.53939405621452,37.426042027307695],[13.540833966878807,37.42493489880589],[13.542331573084038,37.42087642454126],[13.542350553010229,37.41984897699103],[13.544508590525297,37.413789505444356],[13.545388485206688,37.412956987809174],[13.546807242924357,37.41212758729946],[13.550039449737008,37.41082334375596],[13.552327889276738,37.41016070635616],[13.555984998884938,37.40952665775913],[13.558388836940239,37.406139771636546],[13.558786467920351,37.40546019388213],[13.557582017050203,37.40099732813569],[13.55595881931899,37.39654345848364],[13.55362561642177,37.394101253503365],[13.550134897419975,37.39124005866348],[13.547358032867383,37.38890067242149],[13.54639657213861,37.387774118496665],[13.546099367713243,37.38565742125113],[13.547490556101232,37.38395949226574],[13.55046783139455,37.3821308903704],[13.551783156187822,37.38133913725231],[13.55514847249978,37.380557941525936],[13.558652564561944,37.37880691086045],[13.558864464011249,37.37816828180321],[13.559962970505724,37.374780041223374],[13.560068305013424,37.37347882662942],[13.559771840984983,37.367723628577664],[13.559395085102638,37.36603257245],[13.558798677556926,37.365054779930745],[13.556538144621841,37.362440184421935],[13.55607061736203,37.363198738639326]]]},"properties":{"name":"Raffadali","op_id":"7184","minint_elettorale":"4190010300","minint_finloc":"5190010300","prov_name":"Agrigento","prov_istat_code":"084","prov_istat_code_num":84,"prov_acr":"AG","prov_iso_3166_2":"IT-AG","reg_name":"Sicilia","reg_istat_code":"19","reg_istat_code_num":19,"reg_iso_3166_2":"IT-82","opdm_id":"7431","com_catasto_code":"H159","com_istat_code":"084030","com_istat_code_num":84030}},
{"type":"Feature","geometry":{"type":"Polygon","coordinates":[[[13.975974195162756,37.189800071286186],[13.975758392225668,37.189927049460955],[13.97528098694671,37.190207952190526],[13.974963387749721,37.19057643377806],[13.974880317143475,37.19067281326512],[13.970991628397002,37.198263242792564],[13.969940783576469,37.201329759783064],[13.970318387091673,37.203185347897474],[13.96289953719823,37.20759290061831],[13.956937962159818,37.207982987836736],[13.95129428488278,37.21088878046028],[13.951169819543432,37.213863570554615],[13.952753998901015,37.21910558155781],[13.952914713876433,37.22049461543242],[13.95303033244544,37.22195755887071],[13.952340484128545,37.223963071852864],[13.950955759986446,37.22551992533875],[13.953083235970368,37.2344857410088],[13.957524028122153,37.24041845545907],[13.964081510084275,37.24221630776431],[13.969359085644982,37.24377734518324],[13.97486080979687,37.25544223357178],[13.974770275166273,37.25595227262921],[13.97465130179771,37.256621676582114],[13.97409088454518,37.25805140772929],[13.972787900164843,37.25862615750134],[13.966374958770855,37.260459766585896],[13.965553116679356,37.259623783069465],[13.964381146723957,37.25864145024237],[13.96397645135818,37.25834438284082],[13.961652844864984,37.257338524173775],[13.957664409302819,37.256979215174596],[13.95613764208447,37.25801419733642],[13.955104874799892,37.258714276527265],[13.955206368447108,37.2590267501436],[13.955408959477738,37.25952773465156],[13.955846785814416,37.260479637089695],[13.95655101570094,37.26836691334502],[13.955071669061978,37.27036076264219],[13.950384876139992,37.27053537606748],[13.943478185582993,37.270842727368255],[13.942854317419004,37.27108044852955],[13.94142332555842,37.27177969225098],[13.93965727258406,37.27363304831421],[13.939637041199662,37.27365840273586],[13.938551423215086,37.27501903488798],[13.938476466785145,37.275127812413956],[13.946034096822297,37.27950912442848],[13.952910097616614,37.28039859428365],[13.9577286292977,37.280745150596836],[13.961869957035947,37.28010056539873],[13.962332703546204,37.279266185065524],[13.962438544397616,37.27914310651187],[13.96284890787695,37.278665907852506],[13.96360104547482,37.27822875682307],[13.963871845984306,37.278071362274304],[13.963969023209287,37.27801931127629],[13.964519503154444,37.27772446005834],[13.964985472012216,37.277495513790136],[13.965628525419291,37.277463972684764],[13.965881034638143,37.27790809477998],[13.966115692496073,37.27894729918187],[13.96671661931403,37.28275809146953],[13.966121990137951,37.28599987736664],[13.971630008500114,37.28986664658062],[13.972272069563747,37.29067255667624],[13.972819922595395,37.29112899037239],[13.974509492828167,37.2921271310634],[13.980433814691915,37.294278079612],[13.98160531101532,37.29467570847123],[13.98300084062552,37.29492073419292],[13.986877441444003,37.29526132706986],[13.994448891673864,37.295133440690286],[13.995752585245516,37.29382293584892],[13.996694515178822,37.29310316625015],[13.998817287029787,37.292908492248245],[14.001794500279052,37.29310117886925],[14.00447568388194,37.29280514082371],[14.005128641154835,37.292690871089775],[14.005460276174944,37.29263283144601],[14.0056832428784,37.2925563173401],[14.005980948663408,37.29245415415111],[14.006242013376834,37.29236456405666],[14.009965497553127,37.28995092613146],[14.015617846640643,37.28624735683225],[14.01683026832305,37.285869426478705],[14.017626303202439,37.285726090851476],[14.018074047180015,37.28564546708654],[14.021162481840308,37.28599103821871],[14.022234482502293,37.28645364838679],[14.022806719464182,37.28780343395479],[14.024336747595498,37.292411757656716],[14.024532651795615,37.29297296855385],[14.025150168153562,37.29327534970367],[14.026019388952136,37.29321133317675],[14.030268314418194,37.2926499114676],[14.03108251114832,37.29250041715234],[14.031514925803034,37.292182572114505],[14.031426752691438,37.28569493152079],[14.03120048758519,37.283346664948816],[14.031181933871672,37.283278655081304],[14.031005611146625,37.282632338226065],[14.030483369144012,37.282015279187036],[14.030319405465855,37.281840793891526],[14.029939295625947,37.28143628936543],[14.028275495084152,37.27652644122974],[14.02805609579844,37.27489469907109],[14.019985621061657,37.26889752497963],[14.01821545700096,37.26778091855811],[14.015389356803334,37.26639142520905],[14.012652687818656,37.26490379591229],[14.010791849338743,37.26358255346755],[14.010595753024154,37.26344327549888],[14.010029193396427,37.26304086043087],[14.00964420968513,37.26253490629343],[14.009575675694547,37.262135842972874],[14.009519087110453,37.261806326594524],[14.009468997264488,37.26112635045437],[14.011537772332074,37.26012008468915],[14.011833369828476,37.259979072425864],[14.012286895706355,37.25992845707917],[14.012461887039164,37.260212427487716],[14.012503683425324,37.26028025146704],[14.01273797502549,37.26066042928774],[14.014555007733149,37.261360722664776],[14.014872712426651,37.26118289799983],[14.015086040254149,37.261001483692176],[14.015400345444403,37.2607341946019],[14.015457843413136,37.26068529611931],[14.015736982389694,37.26044774319145],[14.01641281823189,37.2598725821323],[14.017306263914847,37.25910623285492],[14.017382013371876,37.25904125717465],[14.017519063997645,37.258712292780515],[14.01754677397809,37.2586457795515],[14.017770602073458,37.258108511668794],[14.017635080110061,37.255933391664364],[14.013797073942271,37.249923148616695],[14.009984071260961,37.24545976172908],[14.00667395144001,37.24136015373965],[14.008232818455765,37.233827867088976],[14.01577791737624,37.22973376004079],[14.015606521326866,37.227523629874945],[14.012570247519418,37.22603103994592],[14.01053365255756,37.2256700639071],[14.010053047505766,37.225625534339834],[14.009666896374828,37.225589755371054],[14.009011493508815,37.225682851667564],[14.00747089991399,37.22612124667531],[13.9997234940342,37.2238328493722],[13.992462410081364,37.22053098039495],[13.99357002700812,37.20689519789878],[13.99376059008175,37.20607214516295],[13.994585942964449,37.203800124205856],[13.995087926872005,37.20286766271846],[13.9952271102764,37.20261063208473],[13.995399071679612,37.20240426916766],[13.995473418634333,37.20231577338781],[13.99616664940043,37.20149061187001],[13.997762683382986,37.20001611569949],[13.998070858366496,37.19978781529753],[13.998639287498683,37.199366712264386],[14.00045817758275,37.198598443613385],[14.001822135188009,37.19812217942666],[14.00269815720856,37.19751778724487],[14.003196697298003,37.1967945101131],[14.003427915999856,37.1964590545073],[14.003650747716526,37.196135759890076],[14.004294713198536,37.1948240352444],[14.004311011262939,37.19479083396427],[14.004301087993449,37.19437352586166],[14.004281811871428,37.19356292569598],[14.004216181260567,37.19349344562165],[14.003793133572886,37.19304558142693],[14.00299262946627,37.192496621556835],[14.002955245944557,37.19247098527758],[14.000202450842922,37.19191664071641],[14.000140279818469,37.19191563874306],[13.999576896027504,37.19190655883011],[13.999009886111152,37.191897417986695],[13.99845722503981,37.1919957825896],[13.997901005349393,37.19209513168985],[13.997472196574545,37.1921717224646],[13.997345388139058,37.19220362327893],[13.996791801113448,37.19234288793622],[13.995912477993247,37.192564092749734],[13.995378461226506,37.19290409048748],[13.995152186027104,37.193080986637355],[13.994617021230804,37.19349936038559],[13.994090294602023,37.19391113217871],[13.994057275199314,37.1939369452472],[13.993840640536924,37.19436581323724],[13.993802801238573,37.19444072553208],[13.993786013584263,37.19467984009063],[13.9937484302335,37.19521518184486],[13.991450848385385,37.19507811729034],[13.988048750117724,37.193362277585216],[13.987811728444859,37.193269717880334],[13.987107141282015,37.19299456473555],[13.986751889013894,37.192864205434006],[13.986117840569179,37.192631538870096],[13.985639256527898,37.19245591801674],[13.985542804172821,37.192445801740085],[13.984402981224815,37.19236950524765],[13.982329183865621,37.19305845608085],[13.975974195162756,37.189800071286186]]]},"properties":{"name":"Ravanusa","op_id":"7185","minint_elettorale":"4190010310","minint_finloc":"5190010310","prov_name":"Agrigento","prov_istat_code":"084","prov_istat_code_num":84,"prov_acr":"AG","prov_iso_3166_2":"IT-AG","reg_name":"Sicilia","reg_istat_code":"19","reg_istat_code_num":19,"reg_iso_3166_2":"IT-82","opdm_id":"7432","com_catasto_code":"H194","com_istat_code":"084031","com_istat_code_num":84031}},
{"type":"Feature","geometry":{"type":"Polygon","coordinates":[[[13.443500120262394,37.34040149361831],[13.445025749825493,37.338682390570696],[13.456020961089349,37.331499472489966],[13.461241670742186,37.32844051782555],[13.465019140962807,37.327112617618944],[13.47293191422823,37.324269239947874],[13.48186748266387,37.31973813714332],[13.481487685533736,37.31899376580063],[13.478630819170242,37.31465066763896],[13.480206757536259,37.30815189831267],[13.481822143375599,37.307425697527016],[13.482141834270914,37.30725153106985],[13.482350433378128,37.30713788577536],[13.482646992482001,37.306975636215924],[13.483045527341808,37.306667733186615],[13.486237159638964,37.30146011585903],[13.48813486329245,37.29305922643659],[13.48830844787866,37.29133762571456],[13.487979112548574,37.28904597381897],[13.487357390151901,37.28918420932209],[13.486270446066738,37.289198105363596],[13.485775173982542,37.28918482051551],[13.485006817986815,37.28915954642429],[13.483929814165743,37.288839017052176],[13.483078133079669,37.288539400364684],[13.482362946417831,37.288187414986844],[13.481964017534713,37.287821433557845],[13.481777696888052,37.28750570844491],[13.481825154079624,37.287415093608445],[13.479220455922226,37.28699659049901],[13.474850543649566,37.28893502627036],[13.473145657938696,37.289913057856495],[13.472244760686337,37.290430847678564],[13.47028393908617,37.29286746007869],[13.466187096012277,37.2948441641522],[13.465897276285348,37.29493710086084],[13.4654014615144,37.29509223386175],[13.465343671430595,37.295107108065594],[13.464905811301415,37.295219800000204],[13.464332419847922,37.29529118440665],[13.463955051862124,37.29527622446333],[13.463445620349923,37.295256026708486],[13.455688381929763,37.29469708927334],[13.448484999240703,37.29596076320079],[13.437730301306049,37.30211880251543],[13.429257716198842,37.303901122297034],[13.426449295214134,37.30711420556144],[13.42673664768066,37.30793538177876],[13.426852930632595,37.308330203140834],[13.42687768373612,37.30846929661051],[13.426858487453206,37.3086260496359],[13.42651048536232,37.30974290484759],[13.426206852332706,37.310168048839024],[13.42611206042227,37.31030077299342],[13.425194067871073,37.31154460615315],[13.425154311624246,37.31158890681671],[13.42480912883308,37.31197350841913],[13.423856695079003,37.31297699821678],[13.423836976648372,37.31299775171224],[13.423570465620196,37.31327824152756],[13.423486139605322,37.313366988797476],[13.423033665902018,37.31380858475567],[13.422747041414198,37.31404532535054],[13.422482407288985,37.31425821325968],[13.416619165081537,37.3182319831128],[13.412670539404305,37.323355161392016],[13.41663697095247,37.32521989422551],[13.41727482055526,37.32496635037548],[13.41751866295372,37.324907678021916],[13.418227776256865,37.32473705402082],[13.418273291565177,37.32473764603356],[13.419254857505331,37.32475041858196],[13.42196068031204,37.32498383751149],[13.422879088181,37.32517764739539],[13.42314761536502,37.32528177596244],[13.42336472153349,37.325367326086926],[13.423728285211316,37.325641122635396],[13.426918834089209,37.328475824088166],[13.428997917350236,37.33213564394658],[13.433275042215486,37.33271368053762],[13.438040541140237,37.33315613074723],[13.442370729316542,37.33715210192385],[13.443500120262394,37.34040149361831]]]},"properties":{"name":"Realmonte","op_id":"7186","minint_elettorale":"4190010320","minint_finloc":"5190010320","prov_name":"Agrigento","prov_istat_code":"084","prov_istat_code_num":84,"prov_acr":"AG","prov_iso_3166_2":"IT-AG","reg_name":"Sicilia","reg_istat_code":"19","reg_istat_code_num":19,"reg_iso_3166_2":"IT-82","opdm_id":"7433","com_catasto_code":"H205","com_istat_code":"084032","com_istat_code_num":84032}},
{"type":"Feature","geometry":{"type":"Polygon","coordinates":[[[13.373263529076837,37.48493909496501],[13.376815666666719,37.482150920365136],[13.377062444225274,37.48067457534483],[13.379215716617953,37.47453171999681],[13.380595493117516,37.47088295942279],[13.381746353688902,37.46903365743985],[13.382364618662303,37.4671087936346],[13.382481136967204,37.460545205803086],[13.38226576017663,37.45846812711437],[13.380328391306884,37.45654060012429],[13.378920850363471,37.45530133634718],[13.378505643922365,37.454578351977176],[13.378295867395531,37.454298393689015],[13.37791139311567,37.45378528574377],[13.377260617890535,37.453064133089576],[13.375910631481602,37.45217075222606],[13.367028096450671,37.446613729496704],[13.361275139989234,37.44471146458236],[13.356437173340721,37.44059050375943],[13.351237302707869,37.4374155838213],[13.338954660500985,37.43483090379147],[13.32360450139704,37.43100338348541],[13.311817205709021,37.429807809979486],[13.311284457312302,37.43037670337401],[13.310846484063523,37.43044461798506],[13.309527113322346,37.43064130954812],[13.30879606660438,37.43055038900107],[13.307764010287615,37.43041466461982],[13.306566707731973,37.429884176352644],[13.305192845401853,37.42925772003294],[13.305033651979368,37.42918509138171],[13.304825203974525,37.42908340671828],[13.303741467927113,37.42835474376825],[13.301261575800595,37.42629703660436],[13.298529514557545,37.42317849961325],[13.298470157801537,37.42309942500475],[13.298003037793684,37.422477123166026],[13.297504862714627,37.4215427700667],[13.297480923283349,37.421100038623074],[13.297592191555976,37.42098677118787],[13.297660291193422,37.42091744814416],[13.29780439325751,37.42077075807181],[13.29603481431119,37.419576599710005],[13.288829955490906,37.41592951134827],[13.286314951071539,37.41420593618058],[13.290085192993322,37.41287324114339],[13.293718194503759,37.41114235613303],[13.295429578317464,37.40884801870267],[13.287813549921236,37.40595504737981],[13.279674102859543,37.40387758236343],[13.277507980397656,37.40203141461268],[13.277622051491962,37.402039767711756],[13.278313201305725,37.40195841536562],[13.278626264291773,37.401875938102],[13.279086263170012,37.401754734816045],[13.279189628928954,37.40172262874612],[13.279973987609672,37.401470346218375],[13.280285731765808,37.40127787526445],[13.280500931077928,37.4011449992302],[13.280574407568778,37.400925549323354],[13.280634881523214,37.400687767585346],[13.280446373822931,37.40008864082445],[13.280208655366211,37.399925232222145],[13.279789820698676,37.399637329241976],[13.278148860688383,37.39877584166607],[13.276876829908986,37.39817714398258],[13.272382823370446,37.39635085076891],[13.271231870838363,37.39596170194417],[13.270951451748875,37.395964934797526],[13.270226359578874,37.395973329545654],[13.270182303534199,37.39598807313763],[13.270146004897164,37.3960002211983],[13.266878164548148,37.40361909774849],[13.266323996717128,37.404802117265476],[13.266066973790783,37.405326172316265],[13.262931607633416,37.411319222262726],[13.259983980028661,37.41676396559147],[13.258923854130211,37.41813903216797],[13.255590317866389,37.4223125327152],[13.247173775879904,37.4297381709602],[13.239670230328514,37.433213439646174],[13.23505068150427,37.437144777588166],[13.230744117741246,37.441970333758995],[13.228595122739147,37.44571776765365],[13.226681265286985,37.44857122845048],[13.22234778492441,37.453998140264375],[13.220157624721583,37.456383048523634],[13.219289567800622,37.45725541537153],[13.21721957088045,37.459232197568454],[13.216121346525657,37.46004915839796],[13.215237898440707,37.46069081536611],[13.21486354017148,37.46096270836368],[13.214769278084788,37.46102611397162],[13.21331050894415,37.461996403955084],[13.212588360198437,37.46243151575515],[13.211507494421028,37.46308274607745],[13.211395003745318,37.46315052085984],[13.21039694581792,37.46365151828838],[13.210303078101779,37.463698636411145],[13.209370792624993,37.46405288352971],[13.209291192828788,37.46408312894427],[13.209146281044632,37.4641381899577],[13.208178532487516,37.464391952456324],[13.207802633344029,37.46449051691235],[13.207620317354289,37.46451285262937],[13.207058824038192,37.46457538769148],[13.206301745564176,37.4646596992303],[13.20245829534084,37.46405483070467],[13.203917209838636,37.468806871474726],[13.203839505275269,37.4696878461284],[13.203485209420855,37.47127901742489],[13.203351035817377,37.471682365281204],[13.20280488286152,37.472296304722526],[13.202563855120477,37.47244451433619],[13.202295150478047,37.47256225850548],[13.20570860267144,37.47603155343721],[13.215025921484639,37.48096476963256],[13.22037372066881,37.484342824115004],[13.224252611214993,37.48640769405407],[13.225879221090626,37.487718044280975],[13.227501987820263,37.48902617888427],[13.238405354752317,37.50000256056583],[13.2404593740741,37.503021322402006],[13.239671967967782,37.506764660325544],[13.242252716986894,37.51110333454716],[13.245362956468338,37.51207675852342],[13.251373416824272,37.51731173703336],[13.252904444005335,37.51878593192878],[13.256027963286586,37.52246474105315],[13.257744701516941,37.524682523793416],[13.257725812765901,37.52626794107654],[13.261276015657376,37.529859123422085],[13.263688903009143,37.53122878682471],[13.268454021660283,37.531366343225],[13.2780776289263,37.528073014950564],[13.286140012321981,37.52348404876982],[13.291186627043485,37.51842726887063],[13.299957760504594,37.51830918436897],[13.30842928976375,37.51514614316067],[13.319349809061451,37.50924448553744],[13.320750115567392,37.507973458946466],[13.321006570363048,37.50668707517221],[13.31616874772387,37.5013545410594],[13.312194467904847,37.497532416137055],[13.31267299515318,37.4900094799798],[13.318632352709036,37.48938644685428],[13.321269389058433,37.48889926664552],[13.321858299693186,37.48868918542375],[13.330875962304868,37.482817823067926],[13.33438581993198,37.479712347232145],[13.340703575247442,37.48100122901951],[13.346449253654864,37.48457922398219],[13.347989551648729,37.48498630197696],[13.349058828396318,37.48520131054738],[13.350412000421068,37.48539006830601],[13.351062433573627,37.485430877526596],[13.351519452747935,37.48545954864107],[13.355286551459775,37.4853947720594],[13.356386558032828,37.48527533652941],[13.357694236337005,37.484961302763416],[13.359084949011667,37.48444830795008],[13.360403220138718,37.48400214269083],[13.360850588931868,37.48392761292923],[13.361285452506296,37.483856571202814],[13.361540973735167,37.483814827201],[13.366926626688235,37.483755097588684],[13.3682265072525,37.48378126931713],[13.373263529076837,37.48493909496501]]]},"properties":{"name":"Ribera","op_id":"7187","minint_elettorale":"4190010330","minint_finloc":"5190010330","prov_name":"Agrigento","prov_istat_code":"084","prov_istat_code_num":84,"prov_acr":"AG","prov_iso_3166_2":"IT-AG","reg_name":"Sicilia","reg_istat_code":"19","reg_istat_code_num":19,"reg_iso_3166_2":"IT-82","opdm_id":"7434","com_catasto_code":"H269","com_istat_code":"084033","com_istat_code_num":84033}},
{"type":"Feature","geometry":{"type":"Polygon","coordinates":[[[13.16870293514973,37.6457036502044],[13.168482781247201,37.64578829288716],[13.167356710770239,37.645958751225656],[13.16658599772103,37.64593874675093],[13.166318132666378,37.64591562237695],[13.165715800560896,37.64586145841587],[13.160142362631595,37.644819958168675],[13.148976416189077,37.64215815264403],[13.144362919349476,37.64310422718684],[13.144247169535472,37.642958468201336],[13.143978462720554,37.642620090952356],[13.143808621018833,37.64211264829469],[13.143421637533145,37.640844967202966],[13.143325351553942,37.640226939432125],[13.143294983816057,37.640032015156756],[13.143202204211978,37.63912779331434],[13.143406957464489,37.63685298343067],[13.143771913221833,37.63586733690845],[13.143961750375334,37.63560197251466],[13.144652695598003,37.63463612271189],[13.14579331698345,37.632961142960234],[13.145994318432365,37.63219744220459],[13.146160584113002,37.6314327318778],[13.146170221132538,37.6300542672451],[13.14608274225439,37.62908003892316],[13.145549945125136,37.62591125727729],[13.141114281007827,37.62339604648931],[13.135490306543284,37.622172724226],[13.12741689061931,37.61865608255775],[13.123461478393821,37.61569760645425],[13.114683478607265,37.6133962587266],[13.113035060474235,37.613559654957484],[13.105898001787228,37.61359919430523],[13.101243500939376,37.614885033080284],[13.093179611013438,37.62109104633726],[13.08303063116618,37.62352990945956],[13.081615555205582,37.62497767194571],[13.080269909500897,37.626458437785075],[13.07992769728178,37.626994991252474],[13.079841671537762,37.62731126843569],[13.079700982737968,37.627828518898916],[13.079651926700713,37.628008878644984],[13.079612979382942,37.62818956474374],[13.07938099169139,37.6292658091483],[13.07927854466175,37.63106636175579],[13.079374672463429,37.63186835601466],[13.079381499270518,37.63192527021371],[13.079525539747145,37.632294967825004],[13.079584942072717,37.63244742620941],[13.079700093923355,37.632740682016575],[13.07642416688945,37.63359722370033],[13.070868796126964,37.63246075036679],[13.068535756825902,37.631530270529055],[13.063872161372363,37.623442529903215],[13.058838421406548,37.617934532875466],[13.051028452964152,37.61371530415129],[13.048186569891758,37.61229347300952],[13.043715234931017,37.61433360914426],[13.042810205911529,37.61474074514493],[13.042168354294956,37.615028491102265],[13.041504841912904,37.615269694214874],[13.040774184148598,37.61549969410032],[13.040294857959042,37.6156264693131],[13.035345351911682,37.61688829264415],[13.032072210321354,37.61768946254771],[13.009664466573525,37.621881714678025],[13.005818856895683,37.62245843030298],[13.00574318534589,37.6224741998425],[13.0056568440204,37.62249219314659],[13.005147601194246,37.62259833628359],[13.004496159202219,37.622778120050654],[13.003945962246387,37.62301076182912],[13.0029997023109,37.62660999097792],[13.003311220380846,37.62856086038279],[13.004940358125966,37.62948956758722],[13.007639416452678,37.63272905529011],[13.011738009613094,37.63826290180621],[13.013767618726872,37.64418701726384],[13.012075418564587,37.64705731750536],[13.009011273147951,37.65358418146545],[13.008241895974674,37.65579036280888],[13.012771902424047,37.65832477833453],[13.013104601792874,37.65846230062327],[13.013654694938948,37.65868967912344],[13.01407407150818,37.658790150022],[13.01466359659068,37.65893112635697],[13.014745357715617,37.658947541879385],[13.01540612702563,37.65907766426189],[13.01583303237521,37.65916173012013],[13.02079797265766,37.65916347460067],[13.021618276454308,37.6589980837315],[13.022007978947103,37.65883947358389],[13.022368631792368,37.658692684414575],[13.022512847527693,37.65863360572197],[13.023094286021559,37.65808518079499],[13.02354914108572,37.657578727694684],[13.024023174067263,37.65683740521957],[13.024938789878759,37.65518071640255],[13.026774727576125,37.65219898877715],[13.027164733403959,37.65173019635042],[13.027280765271275,37.651591783499136],[13.027540660888862,37.65138012168544],[13.028088764859877,37.65093373837481],[13.028135254100457,37.6508958768473],[13.036985087413877,37.64782493341331],[13.046194730290438,37.64522709726762],[13.0522367361422,37.64176338620855],[13.053598114883613,37.6407398814372],[13.055829329121917,37.63819948231656],[13.06159706506824,37.63334604023081],[13.06195697805473,37.633910115325186],[13.061911026104905,37.63566368362529],[13.061840957422119,37.63617052914755],[13.061145192307833,37.63813339698102],[13.06581397696672,37.648220702390695],[13.071293984865815,37.65460920757407],[13.073856285943377,37.65792378124386],[13.07388476939581,37.65796066209017],[13.073968036745853,37.65814483358576],[13.074053084829544,37.65833294368463],[13.075366111949151,37.664537974967956],[13.076367186199342,37.67363772166631],[13.078160592138396,37.68890641642618],[13.078440167823896,37.689495736266295],[13.079444821150524,37.69022853888651],[13.079591856164882,37.692440331560576],[13.082833536180935,37.69372224665569],[13.088359335851301,37.693640799968264],[13.100227187077683,37.69403746015474],[13.102518522803084,37.69520414758739],[13.107572318869881,37.697592789795436],[13.109021716702888,37.6981316430666],[13.109111635265982,37.698165071090024],[13.110810857301605,37.69870699225716],[13.122472610488858,37.70130761901296],[13.123648354939002,37.70145334066629],[13.124970182726875,37.70123137297794],[13.126231574526559,37.70067374209186],[13.127478736066855,37.69978333204509],[13.130613196341848,37.69737425056453],[13.144002197590376,37.68896144701481],[13.147325024745767,37.68759691448125],[13.148250499418202,37.687323351383036],[13.149158708143146,37.68731161799383],[13.159576634951431,37.68739334827443],[13.161805832480207,37.689454773244336],[13.166509296846439,37.69095248123927],[13.167726241735261,37.69127868892282],[13.171402684527314,37.69167764984068],[13.179662523207359,37.69214824998211],[13.180872301162605,37.69211462742954],[13.18777985923824,37.6916236541472],[13.1891265812585,37.688959139997436],[13.193020152565266,37.683284062985656],[13.204501433067874,37.676926426921355],[13.206768343700826,37.676102630576594],[13.209389059260106,37.67587625156594],[13.211316242944168,37.67543804516365],[13.213179327341198,37.674654451550616],[13.213924275877204,37.67396254716264],[13.214661837231942,37.67210953290583],[13.214857623131124,37.67149002193225],[13.214913823176632,37.67121725362965],[13.214972600084653,37.67093197302709],[13.21502413454582,37.6703591933664],[13.21503560751558,37.670231660448344],[13.212592372659753,37.65812570437831],[13.210876782991258,37.65031689075844],[13.209121472496584,37.64651244795178],[13.204499208870521,37.64824187588066],[13.197916754986535,37.649560502478685],[13.187325439305816,37.65162127420474],[13.180047219649836,37.65161640216856],[13.179050910378495,37.65160223529125],[13.178127120661838,37.65135353677166],[13.174942623431598,37.649944265035295],[13.173744341222402,37.649383252874586],[13.172892116313307,37.64898336618097],[13.171940426160926,37.648463145032714],[13.171899788329373,37.64844084945551],[13.171080670359476,37.6479914392026],[13.170467219596194,37.64759432954728],[13.17034819389458,37.647516515678824],[13.170149444332173,37.647386580927034],[13.169830066897628,37.64717778202723],[13.169795042038443,37.647131976829684],[13.169439286271517,37.64666670794817],[13.169108877102818,37.646234579315795],[13.16870293514973,37.6457036502044]]]},"properties":{"name":"Sambuca di Sicilia","op_id":"7188","minint_elettorale":"4190010340","minint_finloc":"5190010340","prov_name":"Agrigento","prov_istat_code":"084","prov_istat_code_num":84,"prov_acr":"AG","prov_iso_3166_2":"IT-AG","reg_name":"Sicilia","reg_istat_code":"19","reg_istat_code_num":19,"reg_iso_3166_2":"IT-82","opdm_id":"7435","com_catasto_code":"H743","com_istat_code":"084034","com_istat_code_num":84034}},
{"type":"Feature","geometry":{"type":"Polygon","coordinates":[[[13.48148028146133,37.493697330188915],[13.481579319800042,37.4945529202945],[13.48161014811261,37.49481922961205],[13.481651140901349,37.49500051128283],[13.481804440110224,37.495678424311876],[13.481829243553657,37.49578810726128],[13.481997169565501,37.49595116789237],[13.482449582151139,37.49639045983402],[13.482649182241607,37.49646998683048],[13.48330257333836,37.49672504578527],[13.491146663856288,37.49873661505105],[13.494962291506624,37.49910905390821],[13.496666935020912,37.50073319448308],[13.50049048827907,37.504425778769566],[13.500905329936705,37.505183550180725],[13.501340839287932,37.506005457082374],[13.504268155373353,37.511801793775064],[13.50613480167693,37.51861129463248],[13.506647913387582,37.52751600382824],[13.51121412428907,37.533288399683336],[13.511635748727922,37.53618475666099],[13.513082470969524,37.536347666317454],[13.517314230838322,37.53747284916699],[13.517681104373114,37.5375883102757],[13.51816793999385,37.53774401986382],[13.518258323518493,37.53778214496581],[13.518898674895052,37.53805918284159],[13.520749385791827,37.540051928504944],[13.521355554715894,37.540771006817025],[13.521424142911018,37.54085237013067],[13.522656472575832,37.54264236973072],[13.523019164413547,37.54318007808269],[13.52436540926089,37.54553081669688],[13.52468143350816,37.54613785658728],[13.524606759207371,37.546480716415175],[13.523854627741416,37.54675050370463],[13.523043784332884,37.547101353478055],[13.522771004513046,37.54747257963898],[13.522717947672334,37.54754617050323],[13.522764798604491,37.54766156715973],[13.52303118868861,37.54831768367381],[13.523344447759204,37.54907794259525],[13.523773579089255,37.5496964135605],[13.525464480002594,37.551781723210944],[13.527110027995771,37.553207824259054],[13.530240395292884,37.554743635974845],[13.530981781592141,37.55504159945697],[13.531073544444281,37.55506666206356],[13.532253595246019,37.555388950967206],[13.533915490990793,37.555820077470344],[13.534190975644565,37.555889623339574],[13.541606019138209,37.55532601796067],[13.542508324408992,37.55518255121169],[13.542820974666265,37.55513283642329],[13.543111085708926,37.555060201651315],[13.54394777795379,37.5548507108513],[13.546240414223826,37.553940466003546],[13.547028475039108,37.55359933681093],[13.547968415986452,37.55298891363559],[13.549989705485041,37.55137497548395],[13.555171659628671,37.54401970686899],[13.557279846751975,37.53974582151964],[13.557145663402043,37.53927303415621],[13.55699323345319,37.5387739344152],[13.555426038658446,37.53670908330112],[13.55527998268157,37.536532931254655],[13.55492858578263,37.536109125493994],[13.554428459276485,37.53577174107072],[13.554246733940925,37.535649149213086],[13.55307969221187,37.5351867826509],[13.552941653894544,37.53513714989261],[13.552698457146086,37.53511443027092],[13.550361253538263,37.533502682275596],[13.548569112025625,37.529037244479284],[13.548545671025567,37.52897823235213],[13.548344223886057,37.52847108677481],[13.548266983081433,37.52827662618488],[13.548261509150757,37.52823264281146],[13.548250820042549,37.528146753728535],[13.54815907459558,37.52740944734472],[13.54816525054364,37.526568361753114],[13.548166153491826,37.52644551299479],[13.548169902417987,37.52640609470438],[13.548233703020635,37.52573546593451],[13.548251936129265,37.525543816883285],[13.548546235333724,37.52508737841294],[13.548729832122183,37.52480263209965],[13.54931180956987,37.524122849516914],[13.55169982886346,37.521964821628444],[13.554882912538174,37.519109500411666],[13.555003143611435,37.519019465660115],[13.555272866845582,37.51881748297768],[13.555474257755991,37.51879795772121],[13.555883512639605,37.518758278603116],[13.556508637370593,37.51869766833408],[13.5760800639176,37.515911001822246],[13.587341658048596,37.512984490793485],[13.597644976101087,37.50997178788267],[13.600075414179093,37.50401629117661],[13.598801157479485,37.50219057503363],[13.59782759272953,37.499623274497694],[13.598118784708575,37.49854041162267],[13.59862671208483,37.4974161417054],[13.599340142569948,37.49628517502464],[13.600562834021565,37.495477540145544],[13.600484391603043,37.49537299647408],[13.600321173476235,37.49509746134961],[13.600196044892098,37.49458853578817],[13.600178138343,37.49449363107743],[13.60031680167449,37.494275649531325],[13.600651556290087,37.49374941363607],[13.600913044690158,37.49334714790882],[13.601010618659915,37.49319704258014],[13.601175630404299,37.49294319341889],[13.6026033647344,37.49124091719673],[13.603371267100718,37.49054661548413],[13.603675640997972,37.490531025355494],[13.603728489751859,37.49051752376022],[13.604414241573746,37.49034232205408],[13.604937611441466,37.49011896453982],[13.605053003374406,37.4900697183142],[13.605224914020209,37.48994588479568],[13.605545439788726,37.48971499588513],[13.605485212095887,37.489298570661845],[13.60331171994658,37.486403751916114],[13.602161205785583,37.48495394613328],[13.598952120115483,37.48120950404534],[13.598572897243928,37.48088882973865],[13.597526476147976,37.48065269929411],[13.588552927997583,37.47911103778163],[13.580714679911951,37.4897776212242],[13.575252270362727,37.48960064771263],[13.56673643795773,37.48977256378588],[13.566416939313687,37.48993127912897],[13.565769767793784,37.49252953997828],[13.563267000283595,37.494344703812175],[13.556416142699158,37.49354922235572],[13.55464797983161,37.49213483898163],[13.554607728345678,37.49199892068785],[13.554534513199592,37.49175695815864],[13.5543683882232,37.49120794266261],[13.553883524705048,37.49055345993305],[13.55155985573406,37.48791205195965],[13.551446760974146,37.487823418435106],[13.551090577506724,37.48754427283108],[13.550952660028557,37.48754538989733],[13.550827736071534,37.48754997161133],[13.548769994647277,37.48769775535869],[13.540499976004794,37.48876829465935],[13.532562186747581,37.49019250876894],[13.528057331155978,37.49107500913394],[13.52359170017209,37.49173768470633],[13.522414290502057,37.49182338004721],[13.522262805448367,37.49179239719138],[13.521051692642965,37.49154467155974],[13.51995566121482,37.49102161843489],[13.519907502703747,37.49099863238207],[13.519803238834806,37.49084207027935],[13.519695058651505,37.49067962483683],[13.519622389621647,37.49057050015368],[13.518973471920884,37.48952440590337],[13.513744063058759,37.487521924869654],[13.506907235899876,37.485534123972606],[13.504543081381328,37.48555918292597],[13.489898325885454,37.48825681008197],[13.488801443330878,37.488224285292276],[13.48680012168859,37.48823516896392],[13.48597214243785,37.48830494990655],[13.485616674657496,37.488455531408086],[13.484956879270621,37.48876236542595],[13.484202356441644,37.48965641387501],[13.484122499884489,37.489751037184135],[13.48222624174515,37.49233143779649],[13.48148028146133,37.493697330188915]]]},"properties":{"name":"San Biagio Platani","op_id":"7189","minint_elettorale":"4190010350","minint_finloc":"5190010350","prov_name":"Agrigento","prov_istat_code":"084","prov_istat_code_num":84,"prov_acr":"AG","prov_iso_3166_2":"IT-AG","reg_name":"Sicilia","reg_istat_code":"19","reg_istat_code_num":19,"reg_iso_3166_2":"IT-82","opdm_id":"7436","com_catasto_code":"H778","com_istat_code":"084035","com_istat_code_num":84035}},
{"type":"Feature","geometry":{"type":"Polygon","coordinates":[[[13.680573367240902,37.64637409689358],[13.684204074912973,37.64796457519263],[13.684550872486655,37.64834795469093],[13.684614937623822,37.64841877578812],[13.686582459165336,37.64678246325488],[13.687367029663537,37.645744159732544],[13.68916602286474,37.64170168820182],[13.689536826784975,37.64054318987368],[13.691537899321101,37.633934494460405],[13.691492929540031,37.625936836743044],[13.691229992100137,37.62545787277958],[13.691186581767411,37.625379568477335],[13.685912868331004,37.61661078544154],[13.678943246458255,37.614204061399],[13.676242293654973,37.61337254042352],[13.673009898562604,37.6121171869069],[13.667353699342536,37.609010874598276],[13.664873439531014,37.60707159945013],[13.6593277388316,37.60231605185153],[13.655324644638988,37.598184781183846],[13.655119598881814,37.59790030456896],[13.65460515222566,37.597186560711265],[13.653175669381328,37.5960790388973],[13.646134573706233,37.59396149246843],[13.644578870613321,37.59358383482481],[13.643597468248869,37.59335324612024],[13.643563307417535,37.593345219684494],[13.6435285964434,37.59333706453106],[13.63615118999058,37.591763486894536],[13.63166914977247,37.59092894137209],[13.624376828074725,37.59019558118874],[13.623303616027785,37.59014604293938],[13.622531742190219,37.59011041003014],[13.622226014395684,37.59012620672908],[13.621262573396443,37.59017598527938],[13.620679763543631,37.59048479389638],[13.620507227753315,37.59070612520232],[13.620366553409946,37.590886583582765],[13.61977204519698,37.5917722234011],[13.619610605216417,37.59201629161295],[13.619469078920059,37.59223665559311],[13.619326678359256,37.5925540437984],[13.619162655974765,37.592919617201204],[13.618832205113184,37.59362602194389],[13.618399587420704,37.594316181467065],[13.616816716297205,37.59683922373011],[13.615406166981803,37.59874287911765],[13.6146797156829,37.59950983419368],[13.61232556505766,37.60143771270473],[13.610628336982579,37.60249920560742],[13.605065688920961,37.605766854015656],[13.604647161790599,37.60780753545264],[13.605769376817928,37.61042017562142],[13.607376824689746,37.61408351190851],[13.61011649041857,37.619898940900946],[13.615410929852922,37.62102868015701],[13.62297447539967,37.62265165755693],[13.62438326879817,37.623082648759464],[13.626761074238521,37.6250200515155],[13.639038271051724,37.631573822190695],[13.644744359851805,37.63458281475767],[13.647114154228927,37.63447514477186],[13.647555161505803,37.63446017541242],[13.64776311542494,37.634453116671125],[13.648380769574151,37.634437103253674],[13.64841295963191,37.63443762260758],[13.648785044703597,37.6344643222173],[13.65640102688408,37.63525736173374],[13.662012245621566,37.63646718359817],[13.663792437032493,37.63704509768451],[13.665091210312692,37.63854712014256],[13.666029933043303,37.63935194775858],[13.667297246946834,37.64019281872646],[13.668262494517387,37.64078595203938],[13.674560253214949,37.644601574556965],[13.680573367240902,37.64637409689358]]]},"properties":{"name":"San Giovanni Gemini","op_id":"7190","minint_elettorale":"4190010360","minint_finloc":"5190010360","prov_name":"Agrigento","prov_istat_code":"084","prov_istat_code_num":84,"prov_acr":"AG","prov_iso_3166_2":"IT-AG","reg_name":"Sicilia","reg_istat_code":"19","reg_istat_code_num":19,"reg_iso_3166_2":"IT-82","opdm_id":"7437","com_catasto_code":"H914","com_istat_code":"084036","com_istat_code_num":84036}},
{"type":"Feature","geometry":{"type":"Polygon","coordinates":[[[13.575124843808398,37.46569997673492],[13.575558018340516,37.465285007184264],[13.576093030739468,37.4646496262352],[13.576459135418919,37.46383387201993],[13.576532118721826,37.46297096836651],[13.57652057650409,37.462570239329835],[13.576511323220137,37.46224902551218],[13.576174664058941,37.45555702296255],[13.57382776507654,37.450804712029694],[13.569991087935541,37.445609512572894],[13.564757670442427,37.4400608096431],[13.564535665019719,37.43463401520435],[13.569678447295521,37.43332500919585],[13.577634754420561,37.42905714306486],[13.577328971756426,37.42694470056948],[13.573748642898321,37.42319742651858],[13.571627904520339,37.421172186545014],[13.569848342422917,37.41965883002937],[13.56905649483911,37.41910358375142],[13.561989727692202,37.42171194505777],[13.55398519543925,37.423669366034275],[13.553616499808683,37.423199463045144],[13.553233832960414,37.42273245406356],[13.552678380017161,37.422220266394035],[13.552413400894386,37.422037190858084],[13.551917599196194,37.421696805495394],[13.551762200588886,37.42163769138654],[13.551344907590622,37.421478950430014],[13.551145480574906,37.42140308650253],[13.548351762421602,37.42065509119429],[13.548150633516297,37.42061336667242],[13.54730988845014,37.42044081054033],[13.546940293198695,37.42036563449262],[13.54659164520378,37.42033850207808],[13.545721349381152,37.420270770362166],[13.544803897411315,37.420375914260994],[13.543844927874714,37.42055845112643],[13.543647092313838,37.420596108015374],[13.542331573084038,37.42087642454126],[13.540833966878807,37.42493489880589],[13.53939405621452,37.426042027307695],[13.535208376524464,37.42799977951338],[13.53396530664097,37.42742612037185],[13.529634648466121,37.42532659711743],[13.52865713210367,37.424721283205955],[13.528262141863866,37.42447629461408],[13.527601481782536,37.42402073762727],[13.526639842329162,37.423476737154864],[13.525801868192053,37.42305182387886],[13.525218868185549,37.422946479872884],[13.525049966976546,37.42291596039063],[13.524989815260328,37.42290509130163],[13.523702766212855,37.4228981799391],[13.5233025959087,37.4229507387671],[13.522784330260748,37.42302344371264],[13.521738155456362,37.4240701355176],[13.521305346730843,37.42462361431489],[13.521073367041534,37.424920602977124],[13.520981734083515,37.42503791522778],[13.52096435458274,37.42564502424085],[13.520954089414376,37.426003641255974],[13.520946956650977,37.42625285445439],[13.520974307038982,37.4263553088227],[13.521151021766402,37.427017270109346],[13.521188524186803,37.427157746746744],[13.521715973731421,37.42905811379951],[13.523073545110194,37.431883592006464],[13.519022083576994,37.436121210533095],[13.51593020432283,37.43808153336299],[13.513808139298606,37.440960782683504],[13.515343108676484,37.442135147194605],[13.517451594269009,37.44356071898549],[13.5248596697251,37.448101479663855],[13.533440827035328,37.45434017598052],[13.536353100474505,37.454556916004776],[13.542989973212714,37.45464210963697],[13.548562694436294,37.454416977502696],[13.54871985424208,37.454375052764874],[13.5490434250697,37.4542887347445],[13.549822869742219,37.45410398232191],[13.5503711414256,37.45399314588541],[13.550529154517122,37.453965736422184],[13.554955537777548,37.45336921961678],[13.555742680461801,37.453325389261096],[13.556102678204667,37.45340608395163],[13.556856509675619,37.453575054445785],[13.557755116264278,37.45387356945873],[13.557821852849438,37.45391255870223],[13.55837034767729,37.45423300223327],[13.558449136884562,37.45427903286166],[13.558519600864445,37.45432212226621],[13.558885481614729,37.454545863334154],[13.561800420386723,37.4563829836658],[13.562862457384133,37.45721144585225],[13.564507679721642,37.45865296114561],[13.565799137420345,37.459947393076966],[13.566092191903204,37.46143658887337],[13.57157996926343,37.464731224891864],[13.575124843808398,37.46569997673492]]]},"properties":{"name":"Santa Elisabetta","op_id":"7191","minint_elettorale":"4190010361","minint_finloc":"5190010361","prov_name":"Agrigento","prov_istat_code":"084","prov_istat_code_num":84,"prov_acr":"AG","prov_iso_3166_2":"IT-AG","reg_name":"Sicilia","reg_istat_code":"19","reg_istat_code_num":19,"reg_iso_3166_2":"IT-82","opdm_id":"7438","com_catasto_code":"I185","com_istat_code":"084037","com_istat_code_num":84037}},
{"type":"Feature","geometry":{"type":"Polygon","coordinates":[[[12.964289011184832,37.72924148994054],[12.972056196852876,37.73068207763462],[12.977611697978249,37.73234557493397],[12.987396917588711,37.734442011971275],[12.989992689741179,37.73879665503299],[12.98983907657258,37.73895317223202],[12.989645730589432,37.73922140864465],[12.989503347447913,37.739418944507456],[12.989370124246923,37.73968113925981],[12.989233523590205,37.73995329837972],[12.98944592107278,37.74048879582825],[12.989943238294613,37.74098312389848],[12.989991091336595,37.74101124426472],[12.99035936880078,37.74122765229774],[12.99101572142212,37.74161333115393],[12.99119960709176,37.741686217310736],[12.99201537471708,37.74200955177809],[12.992264808535309,37.74206812421546],[12.992928713039406,37.74222401493714],[12.993527712771053,37.74217403296191],[12.993757226916978,37.74215248564585],[12.993872902859112,37.742116875032394],[12.994434292754287,37.74194321806935],[12.997050644770418,37.7394217796328],[12.996721654449946,37.73622223971564],[12.996655316358403,37.7357538357312],[12.996741761811817,37.73566237526012],[12.996923587741078,37.735470000594724],[12.997041775002103,37.73545348475728],[12.997232051023467,37.735426897070184],[12.997732711205664,37.73535693722808],[12.998367453399373,37.73544891951676],[12.998727253537117,37.73550105812294],[12.99968601945817,37.73570492241599],[13.000333375506337,37.7358982105798],[13.000552742859858,37.7359637085171],[13.005666792808825,37.7378441906348],[13.007875733931833,37.739196004111356],[13.009806908930546,37.74169064706721],[13.012110268223445,37.74261366812467],[13.014023144275075,37.742331577242155],[13.020553065042014,37.74173875062244],[13.02659162888773,37.739519801632916],[13.033951413587337,37.73372176335639],[13.035218708189678,37.7278409537135],[13.04124835102373,37.72100836902565],[13.044376576061602,37.715701900091524],[13.045557514519935,37.71349498459157],[13.046661735947291,37.712047587006396],[13.049385488038196,37.70986390564588],[13.054182323214444,37.706879417827516],[13.063891503232224,37.70190502653801],[13.074481896469864,37.69435161940025],[13.079444821150524,37.69022853888651],[13.078440167823896,37.689495736266295],[13.078160592138396,37.68890641642618],[13.076367186199342,37.67363772166631],[13.075366111949151,37.664537974967956],[13.074053084829544,37.65833294368463],[13.073968036745853,37.65814483358576],[13.07388476939581,37.65796066209017],[13.073856285943377,37.65792378124386],[13.071293984865815,37.65460920757407],[13.06581397696672,37.648220702390695],[13.061145192307833,37.63813339698102],[13.061840957422119,37.63617052914755],[13.061911026104905,37.63566368362529],[13.06195697805473,37.633910115325186],[13.06159706506824,37.63334604023081],[13.055829329121917,37.63819948231656],[13.053598114883613,37.6407398814372],[13.0522367361422,37.64176338620855],[13.046194730290438,37.64522709726762],[13.036985087413877,37.64782493341331],[13.028135254100457,37.6508958768473],[13.028088764859877,37.65093373837481],[13.027540660888862,37.65138012168544],[13.027280765271275,37.651591783499136],[13.027164733403959,37.65173019635042],[13.026774727576125,37.65219898877715],[13.024938789878759,37.65518071640255],[13.024023174067263,37.65683740521957],[13.02354914108572,37.657578727694684],[13.023094286021559,37.65808518079499],[13.022512847527693,37.65863360572197],[13.022368631792368,37.658692684414575],[13.022007978947103,37.65883947358389],[13.021618276454308,37.6589980837315],[13.02079797265766,37.65916347460067],[13.01583303237521,37.65916173012013],[13.01540612702563,37.65907766426189],[13.014745357715617,37.658947541879385],[13.01466359659068,37.65893112635697],[13.01407407150818,37.658790150022],[13.013654694938948,37.65868967912344],[13.013104601792874,37.65846230062327],[13.012771902424047,37.65832477833453],[13.008241895974674,37.65579036280888],[13.006598043819904,37.655202122588975],[13.005196638150194,37.65506962950868],[13.004038580899756,37.655077481613034],[12.998279674013322,37.655133528200125],[12.997866269266252,37.65530745121553],[12.997618185903912,37.655542507533376],[12.997411744872734,37.655740265445985],[12.994733709759352,37.658886237009966],[12.986676120018704,37.66905972110404],[12.985795082065806,37.67024650719078],[12.985223038793885,37.67125323945563],[12.984077877672542,37.67354606180201],[12.98263555725671,37.6769737927261],[12.982570947024456,37.67705797830023],[12.982523478303508,37.677119830117746],[12.98245280599121,37.67721191877434],[12.98224822131537,37.67747924507655],[12.98221592922359,37.67752167332169],[12.981852502609302,37.677999199520826],[12.981624827550542,37.678298351222956],[12.981569083483848,37.67840495609883],[12.981134545382647,37.67923596241355],[12.981454907108294,37.6816212054837],[12.99240252021138,37.699083606178164],[12.994290164689946,37.70182205977669],[12.989033593402024,37.707472442676384],[12.987491854067866,37.708840905952904],[12.983303944181651,37.71230862844103],[12.979087319335125,37.71454586199168],[12.978275886397622,37.71475793404252],[12.97737647280729,37.71507104986876],[12.97686394357474,37.715253347188714],[12.97643733092549,37.71541332806568],[12.975893211532265,37.715617639741595],[12.975844359527281,37.71565197926206],[12.974967742464157,37.716268175000984],[12.974668279710132,37.71649380354393],[12.974541639344631,37.71658922018726],[12.974018364877796,37.71698347789003],[12.973960170280131,37.71702732458679],[12.9726752683619,37.718176854605446],[12.96905512474154,37.721481544993566],[12.967945064359535,37.72415949461053],[12.965568001771272,37.727614299488636],[12.964289011184832,37.72924148994054]]]},"properties":{"name":"Santa Margherita di Belice","op_id":"7192","minint_elettorale":"4190010370","minint_finloc":"5190010370","prov_name":"Agrigento","prov_istat_code":"084","prov_istat_code_num":84,"prov_acr":"AG","prov_iso_3166_2":"IT-AG","reg_name":"Sicilia","reg_istat_code":"19","reg_istat_code_num":19,"reg_iso_3166_2":"IT-82","opdm_id":"7439","com_catasto_code":"I224","com_istat_code":"084038","com_istat_code_num":84038}},
{"type":"Feature","geometry":{"type":"Polygon","coordinates":[[[13.50753497694635,37.44051840505837],[13.50459834018679,37.440811165846405],[13.50382885598256,37.44081127719777],[13.50308410399013,37.440729392882204],[13.501621337565938,37.44045873294181],[13.499043463168436,37.43987486152241],[13.49830276980642,37.439648679949926],[13.497599603128752,37.439189153121006],[13.496785810785074,37.43860324528972],[13.496655318618355,37.43852352390131],[13.496015661806526,37.43813274050957],[13.49549602639006,37.4378231516614],[13.4947191728263,37.43736031027443],[13.490845048881795,37.4355804986576],[13.489958450219294,37.435226974873984],[13.489123069455356,37.435233998787794],[13.485439775366796,37.43628600575345],[13.482045179168054,37.43788013303945],[13.47640305692419,37.443802974106234],[13.468841729484744,37.444310353550975],[13.465187103355314,37.44386560135999],[13.459285108939474,37.443915496496714],[13.456982949070744,37.44418255549909],[13.455567086363837,37.44443428299403],[13.438334145084367,37.449073922898975],[13.435034119107433,37.452834460682396],[13.435368401137907,37.45515113163625],[13.436258544239276,37.4554363347253],[13.436448296776735,37.45567033450287],[13.436479412682445,37.45570870601923],[13.436666063909914,37.45593888254724],[13.436874053377906,37.456499490380295],[13.436921467951246,37.45662728910475],[13.43694116316881,37.457110085137266],[13.436944941757801,37.4572028295717],[13.43684437120989,37.45769411737196],[13.436819519069601,37.45781551276146],[13.436377194704745,37.4588724048818],[13.436058206528118,37.45958730577318],[13.43437055477025,37.46029660544179],[13.43375733140598,37.46042325156112],[13.433448176471101,37.46034323153406],[13.434877652382104,37.463089841673074],[13.439895451037627,37.466409108760416],[13.444711396336347,37.470258134869816],[13.444815868729695,37.47564911621877],[13.444200404528903,37.47640635078756],[13.44392942764249,37.47693443693693],[13.443956990825185,37.47717556112232],[13.443995549012014,37.47751286517798],[13.44612458190097,37.48397586990094],[13.449250515328744,37.48930726482201],[13.453200315304331,37.49075531821337],[13.454887793036377,37.49120268906563],[13.455442173302913,37.491199743097006],[13.456013797380844,37.49108162684734],[13.45605559573933,37.491072989553174],[13.456808507324869,37.49078559488687],[13.45693967942451,37.49063990235122],[13.457282586020545,37.49024078244173],[13.457637652649842,37.489488825952805],[13.457906834959948,37.48852847391973],[13.458078843509574,37.48753095710423],[13.45811161990659,37.487340875163895],[13.458191651589427,37.48678658909601],[13.458230533205464,37.48651452811066],[13.458534419613873,37.48596985989572],[13.458594996661988,37.48586128445748],[13.458917068702947,37.485505063924386],[13.459671416586163,37.48467071923294],[13.459739542024215,37.48459536851072],[13.459773876970633,37.48457200824045],[13.461232359703844,37.48357970052329],[13.46182300795658,37.4835867730636],[13.46222693266147,37.483591610838154],[13.46356872659865,37.48372797289829],[13.463644510334012,37.48373585784598],[13.465943008340254,37.48402139987501],[13.469879161838849,37.4852707368854],[13.473106734472776,37.48637437542632],[13.473288326275405,37.48644563388246],[13.47434152439874,37.48685891102446],[13.474770526568491,37.48744156384385],[13.476397025803927,37.49031579635789],[13.476873544506788,37.491387597504854],[13.477119887281832,37.49202220060554],[13.477491436191913,37.49245662574771],[13.477705544915889,37.492706963031196],[13.477783058519703,37.492793758134525],[13.478413490003268,37.493499666540224],[13.478584733851614,37.49359922760743],[13.479285952206553,37.49400690968646],[13.480015046080839,37.49411086194656],[13.480108951754513,37.49412425007129],[13.480870544226455,37.49393544236106],[13.48148028146133,37.493697330188915],[13.48222624174515,37.49233143779649],[13.484122499884489,37.489751037184135],[13.484202356441644,37.48965641387501],[13.484956879270621,37.48876236542595],[13.485616674657496,37.488455531408086],[13.48597214243785,37.48830494990655],[13.48680012168859,37.48823516896392],[13.488801443330878,37.488224285292276],[13.489898325885454,37.48825681008197],[13.504543081381328,37.48555918292597],[13.506907235899876,37.485534123972606],[13.513744063058759,37.487521924869654],[13.518973471920884,37.48952440590337],[13.519622389621647,37.49057050015368],[13.519695058651505,37.49067962483683],[13.519803238834806,37.49084207027935],[13.519907502703747,37.49099863238207],[13.51995566121482,37.49102161843489],[13.521051692642965,37.49154467155974],[13.522262805448367,37.49179239719138],[13.522414290502057,37.49182338004721],[13.52359170017209,37.49173768470633],[13.528057331155978,37.49107500913394],[13.532562186747581,37.49019250876894],[13.540499976004794,37.48876829465935],[13.548769994647277,37.48769775535869],[13.550827736071534,37.48754997161133],[13.550952660028557,37.48754538989733],[13.551090577506724,37.48754427283108],[13.551446760974146,37.487823418435106],[13.55155985573406,37.48791205195965],[13.553883524705048,37.49055345993305],[13.5543683882232,37.49120794266261],[13.554534513199592,37.49175695815864],[13.554607728345678,37.49199892068785],[13.55464797983161,37.49213483898163],[13.556416142699158,37.49354922235572],[13.563267000283595,37.494344703812175],[13.565769767793784,37.49252953997828],[13.566416939313687,37.48993127912897],[13.56673643795773,37.48977256378588],[13.575252270362727,37.48960064771263],[13.580714679911951,37.4897776212242],[13.588552927997583,37.47911103778163],[13.597526476147976,37.48065269929411],[13.598572897243928,37.48088882973865],[13.598952120115483,37.48120950404534],[13.602161205785583,37.48495394613328],[13.60331171994658,37.486403751916114],[13.605485212095887,37.489298570661845],[13.605545439788726,37.48971499588513],[13.605224914020209,37.48994588479568],[13.605053003374406,37.4900697183142],[13.604937611441466,37.49011896453982],[13.604414241573746,37.49034232205408],[13.603728489751859,37.49051752376022],[13.603675640997972,37.490531025355494],[13.603371267100718,37.49054661548413],[13.6026033647344,37.49124091719673],[13.601175630404299,37.49294319341889],[13.601010618659915,37.49319704258014],[13.600913044690158,37.49334714790882],[13.600651556290087,37.49374941363607],[13.60031680167449,37.494275649531325],[13.600178138343,37.49449363107743],[13.600196044892098,37.49458853578817],[13.600321173476235,37.49509746134961],[13.600484391603043,37.49537299647408],[13.600562834021565,37.495477540145544],[13.604310653548255,37.49345792516246],[13.605053292421356,37.49307094597137],[13.605898474563885,37.49263942928429],[13.609159747858326,37.49123535273733],[13.610127791346729,37.490895804819836],[13.611084952935613,37.49067892419572],[13.611396219135237,37.490615025845],[13.611896359311842,37.49067352071893],[13.612147443408634,37.49086788333433],[13.612319933012738,37.49100140974334],[13.612206028339878,37.49164079363396],[13.611706015074864,37.49236507551314],[13.611302633431086,37.49276586250907],[13.611061972390598,37.492963032318706],[13.610806079618198,37.493172680952185],[13.610728335586577,37.49323637679731],[13.610699464990985,37.49331140538027],[13.6105764334438,37.493631142859186],[13.610542829225997,37.49372457944969],[13.610572441738814,37.49435247063671],[13.610616902556249,37.49453016068287],[13.610710870138998,37.494822126977084],[13.611064602012148,37.49523156835974],[13.612016491553753,37.49577521368954],[13.612363817467221,37.495746733536244],[13.612594264169518,37.49572783592611],[13.613479221818327,37.49550476883778],[13.6136516445105,37.49546130556725],[13.613996622589022,37.495132621436085],[13.614155289112055,37.494520756551104],[13.614570510069527,37.49122483510521],[13.614648123551044,37.48923518905653],[13.613139367592966,37.48719557370881],[13.61244617730032,37.48722633541923],[13.609966510576042,37.48614354767638],[13.609825282226721,37.48599821911136],[13.609522577828113,37.48567907521694],[13.608947572070827,37.48497881506881],[13.602565307980944,37.47456593336699],[13.600674860153584,37.46762083091704],[13.602542278446425,37.460280058634716],[13.60045950655458,37.456144239102834],[13.600768017699068,37.451795790832676],[13.601983824353358,37.44473488415884],[13.602270653474662,37.44394467276359],[13.602324957536622,37.44364139847488],[13.602398616539515,37.443230026570326],[13.602521959736084,37.442541168599874],[13.602018692104068,37.43987394568059],[13.60188419489063,37.43922399263282],[13.6017985304301,37.43913460965574],[13.601428668981931,37.43874869100799],[13.598788321073625,37.43639965297669],[13.595607182026361,37.43574552711731],[13.590940826359025,37.436210950199126],[13.590304511044758,37.43640232588911],[13.589743670557796,37.43681143152622],[13.588802588641718,37.43812465674122],[13.588462049044274,37.43885840430902],[13.587574755738473,37.44935866787903],[13.590427998594985,37.45225181446367],[13.591812344115155,37.45444393506979],[13.592823045712496,37.45947021734771],[13.592281415417487,37.46207798958986],[13.580200496507938,37.46590846521207],[13.577311646864542,37.466268117746054],[13.577249925933819,37.46626646714744],[13.576684950767241,37.46623535034957],[13.575548734670281,37.4659237076835],[13.575260745770233,37.465771706818344],[13.575124843808398,37.46569997673492],[13.57157996926343,37.464731224891864],[13.566092191903204,37.46143658887337],[13.565799137420345,37.459947393076966],[13.564507679721642,37.45865296114561],[13.562862457384133,37.45721144585225],[13.561800420386723,37.4563829836658],[13.558885481614729,37.454545863334154],[13.558519600864445,37.45432212226621],[13.558449136884562,37.45427903286166],[13.55837034767729,37.45423300223327],[13.557821852849438,37.45391255870223],[13.557755116264278,37.45387356945873],[13.556856509675619,37.453575054445785],[13.556102678204667,37.45340608395163],[13.555742680461801,37.453325389261096],[13.554955537777548,37.45336921961678],[13.550529154517122,37.453965736422184],[13.5503711414256,37.45399314588541],[13.549822869742219,37.45410398232191],[13.5490434250697,37.4542887347445],[13.54871985424208,37.454375052764874],[13.548562694436294,37.454416977502696],[13.542989973212714,37.45464210963697],[13.536353100474505,37.454556916004776],[13.533440827035328,37.45434017598052],[13.5248596697251,37.448101479663855],[13.517451594269009,37.44356071898549],[13.515343108676484,37.442135147194605],[13.513808139298606,37.440960782683504],[13.50753497694635,37.44051840505837]]]},"properties":{"name":"Sant'Angelo Muxaro","op_id":"7193","minint_elettorale":"4190010380","minint_finloc":"5190010380","prov_name":"Agrigento","prov_istat_code":"084","prov_istat_code_num":84,"prov_acr":"AG","prov_iso_3166_2":"IT-AG","reg_name":"Sicilia","reg_istat_code":"19","reg_istat_code_num":19,"reg_iso_3166_2":"IT-82","opdm_id":"7440","com_catasto_code":"I290","com_istat_code":"084039","com_istat_code_num":84039}},
{"type":"Feature","geometry":{"type":"Polygon","coordinates":[[[13.463709481457911,37.646553009515706],[13.465292539968619,37.6479584919168],[13.469011800829522,37.64955784236579],[13.479207875993168,37.65213770884777],[13.493365026210569,37.655450867019425],[13.507875641779327,37.65879219447649],[13.51147954617094,37.65339880420959],[13.511087123712027,37.65240442800429],[13.510594362638846,37.64926213094666],[13.510561520185135,37.6489001079463],[13.51049197802213,37.64813350801685],[13.51086103149339,37.64727278707816],[13.511315835786428,37.646647437508754],[13.516388389874022,37.642359610125254],[13.5192927354743,37.64105258625074],[13.525044784083123,37.63859655236603],[13.527611297870962,37.638030591281264],[13.531239275595444,37.63741146494675],[13.536474140431906,37.63708426210865],[13.537165415990879,37.63721506713575],[13.537753228193742,37.63732677275568],[13.541136550846863,37.638395646214676],[13.548992826930125,37.63897868333331],[13.555140365735205,37.63699846750897],[13.563704427556853,37.635455479218976],[13.56456676957568,37.63540179733507],[13.566965748097347,37.63564777116101],[13.56910194835194,37.635940339815676],[13.566368557696252,37.633464809611745],[13.560369565092559,37.630953842616705],[13.557841876085284,37.627869484759394],[13.551535721069987,37.61898429181327],[13.550366635836117,37.6184733541315],[13.549699516866278,37.618014505827745],[13.549607294219951,37.61795107362365],[13.548167885075989,37.61659433560712],[13.547862675848801,37.61609114544316],[13.546433398110763,37.61302569586287],[13.546340681482341,37.61261949234348],[13.546332129734354,37.61189933924371],[13.546355000805628,37.61116259577674],[13.546361241476678,37.610961579156],[13.547412822126004,37.60757744077393],[13.548402149640271,37.606567256015595],[13.555658462272484,37.602415705668434],[13.564813917288173,37.597209140013376],[13.565605817667581,37.59723698541951],[13.56830326835323,37.59717967645226],[13.569234125438046,37.597073771392154],[13.569849173040057,37.596928321587725],[13.570664788291111,37.5964810567564],[13.570809236189502,37.596400042399964],[13.572519284569026,37.595329669629756],[13.575238715858308,37.588656381274134],[13.57545654320085,37.58387019728486],[13.574170470950735,37.576987070059694],[13.576321908225518,37.57156884568249],[13.57215903858839,37.5697190875262],[13.563252137976656,37.56484641233262],[13.549433629919026,37.5603116183483],[13.544885832933655,37.55932917231261],[13.537692807278532,37.55745461435721],[13.534190975644565,37.555889623339574],[13.533915490990793,37.555820077470344],[13.532253595246019,37.555388950967206],[13.531073544444281,37.55506666206356],[13.530981781592141,37.55504159945697],[13.530240395292884,37.554743635974845],[13.527110027995771,37.553207824259054],[13.525464480002594,37.551781723210944],[13.523773579089255,37.5496964135605],[13.523344447759204,37.54907794259525],[13.52303118868861,37.54831768367381],[13.522764798604491,37.54766156715973],[13.522717947672334,37.54754617050323],[13.522771004513046,37.54747257963898],[13.523043784332884,37.547101353478055],[13.523854627741416,37.54675050370463],[13.524606759207371,37.546480716415175],[13.52468143350816,37.54613785658728],[13.52436540926089,37.54553081669688],[13.523019164413547,37.54318007808269],[13.522656472575832,37.54264236973072],[13.521424142911018,37.54085237013067],[13.521355554715894,37.540771006817025],[13.520749385791827,37.540051928504944],[13.518898674895052,37.53805918284159],[13.518258323518493,37.53778214496581],[13.51816793999385,37.53774401986382],[13.517681104373114,37.5375883102757],[13.517314230838322,37.53747284916699],[13.513082470969524,37.536347666317454],[13.511635748727922,37.53618475666099],[13.51280427656099,37.53833325382972],[13.512838706934694,37.53885656448017],[13.512603511373076,37.53930461448454],[13.509404294988638,37.54423871875276],[13.508829793737872,37.54504287821752],[13.499478399655882,37.55146731737124],[13.4903499739736,37.557333928707244],[13.487892274253126,37.563550067820906],[13.488078940722692,37.56360877637891],[13.488481273452956,37.56373531460815],[13.489028927663401,37.563907555831655],[13.48905737794354,37.56392000671331],[13.489237207447463,37.563998708760884],[13.48977894661702,37.56423579738238],[13.490027501060684,37.56434457436254],[13.490844749319796,37.564858310798854],[13.4910855459079,37.565231789916],[13.491184798101012,37.56538573148235],[13.491287272670878,37.5659019568439],[13.490962113914065,37.56907781973884],[13.490530307442828,37.5708572726753],[13.489992014049179,37.57207277658291],[13.486207798347671,37.573514469141266],[13.482306607240377,37.58049431580491],[13.480497757396908,37.58136889186152],[13.47472601109895,37.58237213339507],[13.46960106548571,37.582452452562286],[13.468340121046081,37.58376497868217],[13.466750710283518,37.586973125829026],[13.465740913478673,37.58960526017559],[13.465270914094429,37.591327929436034],[13.466457559701535,37.59414841549918],[13.467023244695977,37.596866121296166],[13.467033700683283,37.59712398017215],[13.46704200678116,37.59732882827667],[13.467043444870667,37.59736430430064],[13.46703846350482,37.59741419367741],[13.466715522456967,37.59798479845176],[13.466214762249429,37.59863649279804],[13.463998870118148,37.60071473770994],[13.46394719517551,37.60303840190856],[13.461750842221262,37.61375635261011],[13.461288948778755,37.61552732566318],[13.457886239957531,37.61600060597559],[13.456082703141476,37.61589833568154],[13.454782263554621,37.61578317023184],[13.453900215698782,37.61563082948311],[13.454252552772411,37.61840661493585],[13.456399206955469,37.623667227629404],[13.457993286355967,37.62660655036148],[13.461521083388106,37.63521213680296],[13.463961013386962,37.64437314902428],[13.463709481457911,37.646553009515706]]]},"properties":{"name":"Santo Stefano Quisquina","op_id":"7194","minint_elettorale":"4190010390","minint_finloc":"5190010390","prov_name":"Agrigento","prov_istat_code":"084","prov_istat_code_num":84,"prov_acr":"AG","prov_iso_3166_2":"IT-AG","reg_name":"Sicilia","reg_istat_code":"19","reg_istat_code_num":19,"reg_iso_3166_2":"IT-82","opdm_id":"7441","com_catasto_code":"I356","com_istat_code":"084040","com_istat_code_num":84040}},
{"type":"Feature","geometry":{"type":"Polygon","coordinates":[[[13.113035060474235,37.613559654957484],[13.111984879428872,37.61070763170497],[13.108187984509927,37.60383621892867],[13.107330862478424,37.6008509442136],[13.106298235352412,37.596887607309554],[13.106666877742068,37.59485707962116],[13.102859175128678,37.590995896425525],[13.099718419184006,37.58832128615775],[13.101060428057593,37.582833665566866],[13.107715626337944,37.58075081090321],[13.117858119521827,37.58009005335512],[13.133576701754377,37.579486183487596],[13.142800169609945,37.57851543840177],[13.154347096724223,37.577580222209825],[13.156689254792834,37.57743424823065],[13.159068075614275,37.57759840334391],[13.160105243954431,37.5778049975525],[13.161851508799893,37.57815733746456],[13.164219854187595,37.57855362508248],[13.164647513809037,37.578180472291905],[13.167126941720145,37.57424218867212],[13.167690492805724,37.571431414531425],[13.168121858148698,37.566924233804095],[13.168395965031685,37.56384468070432],[13.170550595530356,37.55815461379356],[13.172677562853568,37.55529699122678],[13.179486156150606,37.551122424433736],[13.18492811147604,37.550060362531944],[13.193339809193999,37.547810469061986],[13.192324914849012,37.54661617325028],[13.192036413110747,37.54622561059889],[13.192008325736824,37.54618743023844],[13.191839735508385,37.545958249381535],[13.191812675607022,37.545921461895325],[13.190607046588232,37.54333420629074],[13.190599694025389,37.543117061568864],[13.19058337847315,37.5426351831335],[13.190568368850371,37.54219185838464],[13.190547803099635,37.54158438915006],[13.190532155365105,37.5384932010701],[13.19860735814757,37.534949711368526],[13.199542022156384,37.534675482089035],[13.199589597618628,37.53466649846428],[13.20042747137926,37.5345808751488],[13.200476260898252,37.534581141677535],[13.221230904049543,37.53008289698606],[13.223243918862607,37.52899693892197],[13.224543957491813,37.52602238395316],[13.224549522919359,37.52594311059434],[13.22457803160378,37.52553702844804],[13.22455515746141,37.524340322514455],[13.224517987970364,37.52327386854929],[13.224018723980958,37.51622155998118],[13.221571730972023,37.507251995751574],[13.22099845364693,37.50424158217606],[13.219282057159818,37.48936226532671],[13.219321857767001,37.4881380924747],[13.21965104237577,37.48668290536033],[13.2198158436037,37.48607036794694],[13.219909801096676,37.48572114320186],[13.220119870082653,37.48509700373607],[13.22037372066881,37.484342824115004],[13.215025921484639,37.48096476963256],[13.20570860267144,37.47603155343721],[13.202295150478047,37.47256225850548],[13.202563855120477,37.47244451433619],[13.20280488286152,37.472296304722526],[13.203351035817377,37.471682365281204],[13.203485209420855,37.47127901742489],[13.203839505275269,37.4696878461284],[13.203917209838636,37.468806871474726],[13.20245829534084,37.46405483070467],[13.202293307830614,37.464048518845026],[13.201497564585292,37.46412758793359],[13.199628274514614,37.46438318244254],[13.197744770596993,37.46467250861451],[13.19694677448918,37.464801168880115],[13.196451127719113,37.46490286715995],[13.196334388267328,37.464963982078196],[13.196187551183746,37.46504085503152],[13.196043076366633,37.46517500288825],[13.195921273762726,37.46528811438253],[13.19493058143682,37.4666059260371],[13.192806386128197,37.470615914848594],[13.185975809713868,37.479747602261206],[13.17480367802907,37.487809799223314],[13.174514452199825,37.4881215740759],[13.174472463489153,37.488161795953864],[13.174121575794633,37.488497910815454],[13.17385979547477,37.48873400410309],[13.173645174749751,37.48892756380236],[13.172764460369681,37.489679445384084],[13.172313102964955,37.489981603861374],[13.172063319915218,37.4901468811023],[13.171398617532795,37.490575349407834],[13.17132067876236,37.490625319627036],[13.170716414364367,37.49101273071268],[13.16961819166849,37.49163084239734],[13.169580074791154,37.49165151646266],[13.169314435061251,37.491794853516645],[13.168910956894212,37.49198990600139],[13.168478222136768,37.49216488499274],[13.168260414990383,37.492252954435],[13.157034096516258,37.49606765556774],[13.155713655535825,37.496513858883226],[13.154430199303452,37.496790259516885],[13.148486931861742,37.497269399369806],[13.143635825769358,37.49675940949493],[13.137800788491772,37.49580282269667],[13.132988057596894,37.49421821412202],[13.1302781764405,37.492591879247975],[13.125056240809895,37.494164291516014],[13.110056161434871,37.498749755611236],[13.098368177337898,37.502091375963445],[13.093165996916468,37.503268073203294],[13.091311065596036,37.503445693066084],[13.088113014486165,37.50356411338805],[13.085005803136243,37.50356315308733],[13.07672319058557,37.505502156626406],[13.060182442314314,37.50453352109591],[13.05364996184305,37.50386966825686],[13.05299339568129,37.50369937173765],[13.05035810726153,37.50294322228064],[13.04913951863076,37.50253700421347],[13.048796339370309,37.502386720935895],[13.048622434246365,37.50226875918114],[13.048315710288218,37.50190749058416],[13.046910722390503,37.50048758555629],[13.039724530512533,37.496084647481645],[13.038536145625843,37.495739508448786],[13.03780165818634,37.49572730023912],[13.037377693582874,37.49573049506992],[13.03690341139289,37.49573406759989],[13.036222225801566,37.49576612630458],[13.02350961421167,37.495164968096],[13.02152796172829,37.4953494466183],[13.020016270396363,37.49558117917176],[13.017294654927273,37.49683090286219],[13.013346113773904,37.499193306133265],[13.01325902660202,37.49926175708664],[13.012884631146207,37.49955603693856],[13.01268219762012,37.49973177697504],[13.012593904818745,37.49980842784559],[13.012420955570274,37.50000104411681],[13.012284003908174,37.50029718218993],[13.012222272986817,37.50067693261177],[13.01231050937492,37.50124443682762],[13.013404267696808,37.50301665443894],[13.014410791347201,37.50389491584999],[13.014952504619009,37.504264820780634],[13.015057771269237,37.504553990120655],[13.015200363098256,37.50550217288318],[13.015141076493343,37.50595458267385],[13.015065822248816,37.50640753606821],[13.014631045136742,37.50777351337915],[13.014454680565287,37.50826448888226],[13.014111814106261,37.50903447642955],[13.013842262204161,37.50960193023743],[13.01374136212581,37.5098143396253],[13.01338576771079,37.51048402226312],[13.012377392290325,37.51211328122239],[13.012211618395073,37.512359772095394],[13.012000985514812,37.51267296111372],[13.009291184299862,37.51600286971945],[13.007411348851713,37.51774174210045],[13.001838051173848,37.524274676044456],[12.993584204320484,37.53551178297876],[12.99066063433003,37.538174908986285],[12.994508780780931,37.54196904004542],[12.998881127727328,37.55367738373667],[13.002859348405822,37.5602599470791],[13.009145067500551,37.569522528913566],[13.014205816457705,37.57250973813452],[13.018605656323897,37.57474974298478],[13.019837628960914,37.57875157902851],[13.019589445106481,37.58244893928545],[13.019765068941656,37.58461371293949],[13.02201366256512,37.588520547855566],[13.025622891554006,37.592094970859975],[13.030096365267248,37.59329259339313],[13.036915769156636,37.59590623438799],[13.04199403092617,37.60187669702443],[13.04419066149992,37.60461145108863],[13.044184564237867,37.606833245926296],[13.046745607232454,37.61058562025986],[13.048186569891758,37.61229347300952],[13.051028452964152,37.61371530415129],[13.058838421406548,37.617934532875466],[13.063872161372363,37.623442529903215],[13.068535756825902,37.631530270529055],[13.070868796126964,37.63246075036679],[13.07642416688945,37.63359722370033],[13.079700093923355,37.632740682016575],[13.079584942072717,37.63244742620941],[13.079525539747145,37.632294967825004],[13.079381499270518,37.63192527021371],[13.079374672463429,37.63186835601466],[13.07927854466175,37.63106636175579],[13.07938099169139,37.6292658091483],[13.079612979382942,37.62818956474374],[13.079651926700713,37.628008878644984],[13.079700982737968,37.627828518898916],[13.079841671537762,37.62731126843569],[13.07992769728178,37.626994991252474],[13.080269909500897,37.626458437785075],[13.081615555205582,37.62497767194571],[13.08303063116618,37.62352990945956],[13.093179611013438,37.62109104633726],[13.101243500939376,37.614885033080284],[13.105898001787228,37.61359919430523],[13.113035060474235,37.613559654957484]]]},"properties":{"name":"Sciacca","op_id":"7195","minint_elettorale":"4190010400","minint_finloc":"5190010400","prov_name":"Agrigento","prov_istat_code":"084","prov_istat_code_num":84,"prov_acr":"AG","prov_iso_3166_2":"IT-AG","reg_name":"Sicilia","reg_istat_code":"19","reg_istat_code_num":19,"reg_iso_3166_2":"IT-82","opdm_id":"7442","com_catasto_code":"I533","com_istat_code":"084041","com_istat_code_num":84041}},
{"type":"Feature","geometry":{"type":"Polygon","coordinates":[[[13.408860593101801,37.38423395031804],[13.414396857631,37.38880331116738],[13.418021553102367,37.38706566220387],[13.423123099948356,37.38417814868177],[13.424943525148233,37.38302235230311],[13.435568441612121,37.37642315817856],[13.435781736659775,37.37635320864006],[13.43631747202776,37.376175528242364],[13.436699122428216,37.3760489484644],[13.436934828320588,37.37595711210053],[13.437370696056853,37.375787285495925],[13.438957949300077,37.37223077622599],[13.438952242579722,37.37201683840239],[13.438948450105975,37.37187467687833],[13.438945167998229,37.37175165252164],[13.438676636330541,37.37106237646148],[13.438299324956091,37.37023805605136],[13.438167689781293,37.37006021710844],[13.438145274476742,37.37002993452773],[13.437628330944476,37.369923276231155],[13.433418258070384,37.36981354397779],[13.432994651487586,37.3700312771419],[13.432732993105127,37.370165768405364],[13.432460736671091,37.37062120020091],[13.432428693997801,37.37067480367977],[13.431910780244753,37.37117385545462],[13.431429265260086,37.371500419738844],[13.4308371679629,37.37173431176922],[13.429968201724243,37.36899286763439],[13.430141893200176,37.368265824485135],[13.430410328619434,37.367303290012366],[13.431284344675529,37.36435007161758],[13.431909994895332,37.362520735367376],[13.432648301138443,37.36098837301478],[13.432842491182562,37.36058532170685],[13.43289584259811,37.36040021323388],[13.433207256284323,37.359319699889355],[13.433460574942863,37.35800646580979],[13.433923766702451,37.35526455411716],[13.434361473865774,37.352232444792186],[13.434694461094988,37.349670105010674],[13.433864087470155,37.349446067648074],[13.431881791997064,37.349248420090845],[13.432802302111773,37.34514714264746],[13.440203923132628,37.3426218510179],[13.44050786663983,37.34247494288876],[13.440820248766126,37.342323954501005],[13.441093027530039,37.34219210545053],[13.441824677093127,37.34172325251377],[13.443122064700715,37.34072199775993],[13.443500120262394,37.34040149361831],[13.442370729316542,37.33715210192385],[13.438040541140237,37.33315613074723],[13.433275042215486,37.33271368053762],[13.428997917350236,37.33213564394658],[13.426918834089209,37.328475824088166],[13.423728285211316,37.325641122635396],[13.42336472153349,37.325367326086926],[13.42314761536502,37.32528177596244],[13.422879088181,37.32517764739539],[13.42196068031204,37.32498383751149],[13.419254857505331,37.32475041858196],[13.418273291565177,37.32473764603356],[13.418227776256865,37.32473705402082],[13.41751866295372,37.324907678021916],[13.41727482055526,37.32496635037548],[13.41663697095247,37.32521989422551],[13.412670539404305,37.323355161392016],[13.408782689263369,37.32752120313013],[13.40755890454846,37.32879888162207],[13.406965194745062,37.32939039915033],[13.405302043532977,37.330803464876276],[13.403331621932415,37.332223650124035],[13.402962982201167,37.33243682390508],[13.402161601188345,37.332853978693414],[13.401613565391992,37.33312656411541],[13.400508681644949,37.33352116869183],[13.39923458671763,37.33390066619902],[13.3987163814484,37.333956217504415],[13.396979196949653,37.333870104530625],[13.388297640643566,37.335503170684156],[13.383986632209409,37.33998392534001],[13.38228638776818,37.3415326393172],[13.377244247335346,37.345351732229524],[13.374966439403618,37.34682594529868],[13.374371596297683,37.34716998005249],[13.373652130944416,37.347565923768556],[13.3730697717173,37.34788246628614],[13.372318726375186,37.348160226376606],[13.370931811800292,37.34861012541438],[13.360840587437048,37.352146960880056],[13.35966656868879,37.35319458284053],[13.354118837997644,37.35684695385702],[13.35300874045147,37.35747413251382],[13.35059818797284,37.358535295159456],[13.347946118094992,37.35944801845722],[13.344812553891106,37.36018261374819],[13.344509286912976,37.36014827353268],[13.344019211675256,37.36000391063234],[13.343802604378672,37.359940102784236],[13.343106854128832,37.35971350426384],[13.342043797809623,37.3592932396299],[13.33780153040557,37.359703640213006],[13.33361641894314,37.36070412478294],[13.32305415199375,37.363270951483116],[13.322701060768305,37.363369837814],[13.322656423734449,37.363382339246634],[13.3217341165213,37.36372910558426],[13.321413599296944,37.36393223711254],[13.320168229653683,37.36507666961831],[13.320100937073605,37.3652682809453],[13.31995137935589,37.365697080518274],[13.317673729840081,37.36957460650061],[13.312108589014715,37.37606719891801],[13.311704041195911,37.37646702815523],[13.310526040188122,37.37761115490963],[13.30960053383731,37.37846009573162],[13.30943093550262,37.3786148859104],[13.309879263745957,37.37927557030819],[13.310097448246509,37.37959709103133],[13.310606961792482,37.38005586052818],[13.311040787029652,37.38035074520627],[13.31581591914455,37.38103592993393],[13.32041736522171,37.38733285522557],[13.320588108539745,37.38773169456809],[13.320728681865475,37.38806005525902],[13.320848655513444,37.38827068186912],[13.320946039540972,37.38844164674815],[13.32146628478525,37.38892474659803],[13.321954711070973,37.38932118481487],[13.325397758197779,37.3907051573801],[13.327300188048005,37.39111810644127],[13.33053479664735,37.39154213600576],[13.345297331714487,37.382512722743854],[13.352942785317763,37.37733930853919],[13.353174232826138,37.37593343460782],[13.35328292666241,37.37555320919589],[13.353394769480252,37.37516197092715],[13.353586851262802,37.37488466305353],[13.354211075700471,37.37398347148451],[13.356876525747115,37.370865561653666],[13.35775281506077,37.370361254490234],[13.357779567424954,37.37034585936108],[13.357829848488251,37.37032353034226],[13.358237879869531,37.3701423322226],[13.358363829911392,37.37008640005209],[13.358681035538684,37.36994553457099],[13.360287417136602,37.36928275044629],[13.363339896367792,37.36808912858274],[13.363682250194886,37.36805010237755],[13.364157076280097,37.36799597926539],[13.364285233732652,37.36798137237427],[13.364392316106064,37.367969170276204],[13.364722475359263,37.368015886779496],[13.364989273102708,37.36805363793381],[13.365023100028315,37.36805842448015],[13.365574484666602,37.36822546107739],[13.365897532102597,37.36832332554582],[13.368317122109383,37.36924032038472],[13.376935078537086,37.36654553555816],[13.37735707085873,37.36527304218193],[13.377901759062897,37.36502375195159],[13.384406117224867,37.36314219711671],[13.386340940726662,37.36601625112559],[13.386361938761661,37.36663020195272],[13.385342024152594,37.3678502221652],[13.385139998481785,37.36797104091244],[13.384278147218977,37.36848644949115],[13.384837891700046,37.37327288501108],[13.395007184903386,37.38010474792868],[13.40200868044397,37.38251905831811],[13.402140779333143,37.3824373582181],[13.402872002181429,37.38202278469316],[13.40386234930604,37.38168411870223],[13.40568189387371,37.38108705684482],[13.40778895123697,37.38292683021766],[13.40830627026112,37.38355600686281],[13.408860593101801,37.38423395031804]]]},"properties":{"name":"Siculiana","op_id":"7196","minint_elettorale":"4190010410","minint_finloc":"5190010410","prov_name":"Agrigento","prov_istat_code":"084","prov_istat_code_num":84,"prov_acr":"AG","prov_iso_3166_2":"IT-AG","reg_name":"Sicilia","reg_istat_code":"19","reg_istat_code_num":19,"reg_iso_3166_2":"IT-82","opdm_id":"7443","com_catasto_code":"I723","com_istat_code":"084042","com_istat_code_num":84042}},
{"type":"Feature","geometry":{"type":"Polygon","coordinates":[[[13.259112188773374,37.583871092127765],[13.261831828348397,37.58441962471904],[13.27026084860741,37.58706243486194],[13.274704070074097,37.58851985569832],[13.285343019412311,37.592290074970784],[13.285638067113732,37.59241467309272],[13.286049946410916,37.5925886074482],[13.286191975134129,37.59265573162431],[13.28673155454247,37.592910742813636],[13.287270925760094,37.59316565181447],[13.287748351653804,37.59409095003146],[13.29270220450969,37.588289029379716],[13.298699961403246,37.577667044605285],[13.300468088416302,37.57085089718691],[13.30340867419963,37.56429774736363],[13.303549841897054,37.56399725491525],[13.30368205704332,37.563715819347365],[13.303735887098663,37.5636073662594],[13.303922778459672,37.56323083445356],[13.304068114985157,37.562941054350595],[13.304413487496143,37.56241913733995],[13.304869512346785,37.56176748719853],[13.305133407741716,37.561408662178984],[13.302490862444898,37.56081406669423],[13.302301563039519,37.56017921573866],[13.302024053686605,37.5584555121144],[13.302048217093278,37.55830238355465],[13.30211625922801,37.55787120086906],[13.302337203643914,37.557115564395275],[13.302374974547998,37.55687634985001],[13.302443410861214,37.55644291887908],[13.302433803986279,37.5558465522151],[13.302233591424674,37.555194114696114],[13.301877791719576,37.554586107115],[13.301797524444801,37.554448941943406],[13.300516825134922,37.55252992259975],[13.296658461615749,37.54693816379214],[13.292854811766718,37.545524867174365],[13.287066183162874,37.5437562788387],[13.281505801598627,37.54090727944487],[13.27933714184174,37.53824564163952],[13.27724474900518,37.53542375666208],[13.27008013378593,37.53380987728565],[13.266832753398111,37.53548344824227],[13.267820232390623,37.537066725766714],[13.267865212751149,37.53715424613434],[13.267945847962137,37.53731114273673],[13.268300563782653,37.53800132485955],[13.268329216694518,37.53805707544094],[13.26843113136412,37.538358459053384],[13.268530817836334,37.53865325256166],[13.268618896271708,37.53924226715289],[13.268639576160679,37.539383843467455],[13.268716394298625,37.53990976455388],[13.268702436685851,37.540282274302946],[13.268688630699666,37.54065068481287],[13.26868699050121,37.540694451297334],[13.26863488257661,37.541140792389974],[13.268629209157652,37.541180824667805],[13.266070269086045,37.551550383856934],[13.262838706310202,37.55615508817391],[13.261636830769914,37.55983538374282],[13.261460932797652,37.563324998791],[13.26292078482524,37.57230940765349],[13.260195308008463,37.577854135658704],[13.259112188773374,37.583871092127765]]]},"properties":{"name":"Villafranca Sicula","op_id":"7197","minint_elettorale":"4190010420","minint_finloc":"5190010420","prov_name":"Agrigento","prov_istat_code":"084","prov_istat_code_num":84,"prov_acr":"AG","prov_iso_3166_2":"IT-AG","reg_name":"Sicilia","reg_istat_code":"19","reg_istat_code_num":19,"reg_iso_3166_2":"IT-82","opdm_id":"7444","com_catasto_code":"L944","com_istat_code":"084043","com_istat_code_num":84043}}
]}