{"type":"FeatureCollection","bbox":[9.247238543573179,46.01139640646925,10.630984331495778,46.635187065651415], "features": [
{"type":"Feature","geometry":{"type":"Polygon","coordinates":[[[9.644071278355801,46.08941760915743],[9.643795834601367,46.08908616705099],[9.64354347053537,46.088520591168376],[9.64333078078043,46.08802676978266],[9.643352030041068,46.08763065012403],[9.644984375332307,46.08340936627925],[9.645185626044043,46.082922225026245],[9.645602249716902,46.08204686145243],[9.646274939770533,46.08095401594009],[9.647399711610568,46.07981361878446],[9.647761998113554,46.07872254523004],[9.647710166264204,46.07760681530472],[9.647549470672967,46.07603269758622],[9.64719295913155,46.07429768821618],[9.646811334711595,46.07262580129029],[9.644274261140009,46.06352289621375],[9.643458523200845,46.05997208460092],[9.642976018113131,46.05972313986044],[9.641464457150818,46.05869659678393],[9.64073271444092,46.05802568806591],[9.640390869216114,46.057532601524954],[9.640578134751692,46.0569555381928],[9.641735385504,46.055301998588426],[9.639035467076543,46.052104057090204],[9.635919473616989,46.04866535278881],[9.635096451583852,46.04790490824837],[9.633883025855042,46.046912625070014],[9.632987925673758,46.04662957845638],[9.632276494082832,46.04657952454125],[9.6218634117887,46.04727649047377],[9.61848702785416,46.050219034877784],[9.61575358912968,46.05548995970206],[9.607350763065385,46.069629265765464],[9.599492109276182,46.084098107545465],[9.595613100716754,46.09157052050886],[9.585372161332915,46.1005245676688],[9.583716826903743,46.101820048467474],[9.582922301390598,46.10254412369062],[9.582102388948014,46.10454632360325],[9.58161303858379,46.10599783076728],[9.581644762378703,46.10655568134435],[9.583026102979437,46.10625165908224],[9.584267821274372,46.106209320608016],[9.585367310746689,46.10617669190742],[9.586236103714642,46.10635224861952],[9.587275215281402,46.10672492262718],[9.587503010887986,46.106813058228205],[9.58821340595765,46.10708906046821],[9.58903372997671,46.10757085724784],[9.598741536772376,46.11021088549519],[9.603200716322823,46.11107087645825],[9.603712274295932,46.11040136979702],[9.604455474919215,46.10973144874674],[9.60534002561684,46.1089707498787],[9.60737874002446,46.107267907661466],[9.610408648871823,46.10510973510682],[9.612126328885902,46.10482155844113],[9.61670328923291,46.10336583936432],[9.61988649834864,46.10224159649959],[9.62590927698728,46.09938273561828],[9.629636548687126,46.0974631915347],[9.631539708066173,46.09645366129596],[9.632695023066773,46.09566426793389],[9.633681588692424,46.094830786571976],[9.637020937485513,46.09273318876411],[9.641174918133137,46.090630918458466],[9.642088481779105,46.090211781651725],[9.644071278355801,46.08941760915743]]]},"properties":{"name":"Albaredo per San Marco","op_id":"1789","minint_elettorale":"1030770010","minint_finloc":"1030770010","prov_name":"Sondrio","prov_istat_code":"014","prov_istat_code_num":14,"prov_acr":"SO","prov_iso_3166_2":"IT-SO","reg_name":"Lombardia","reg_istat_code":"03","reg_istat_code_num":3,"reg_iso_3166_2":"IT-25","opdm_id":"1560","com_catasto_code":"A135","com_istat_code":"014001","com_istat_code_num":14001,"prov_uts_code":"014","prov_tipo_uts":"Provincia"}},
{"type":"Feature","geometry":{"type":"Polygon","coordinates":[[[9.891292699102946,46.11923958425673],[9.891061531940224,46.11854838853838],[9.8902409694028,46.11742075664075],[9.889140517385574,46.11659231190328],[9.8806298582183,46.110403116174474],[9.87037379774335,46.105000573760556],[9.868470990390579,46.104952046227794],[9.866826641498344,46.104055521138136],[9.86338917125581,46.10184050147758],[9.861858746172766,46.10077202886708],[9.861705582682115,46.10060817631007],[9.860806151978988,46.099645935657506],[9.856354719072643,46.09373926017049],[9.8495938445958,46.08226049632897],[9.849622663378588,46.08076624486562],[9.849934560335232,46.07917990282927],[9.850405639836314,46.077853357469756],[9.847910729107788,46.063570589372624],[9.845724237380292,46.0558555936499],[9.84558387829351,46.05428159639022],[9.845810083425128,46.05301088467964],[9.846682530700923,46.05173538565525],[9.848942695023164,46.04991857861258],[9.846040298267072,46.04946308941755],[9.844838870395344,46.049507975334116],[9.839236910849381,46.05259132649269],[9.83899032742377,46.05329390255566],[9.838951901023504,46.053403448204406],[9.837237384068105,46.06398228069162],[9.837243891630516,46.06526925906589],[9.838483190880378,46.06940927606695],[9.840279897681038,46.07618222954389],[9.840691999881667,46.077772236562005],[9.841164602991393,46.08163884135158],[9.841190522816177,46.084194686977455],[9.841088315831266,46.088533532985196],[9.840815665001182,46.09101958852906],[9.83750393938465,46.1004040912367],[9.835057687374855,46.10548007388667],[9.834834186020698,46.10610272752552],[9.834217783701677,46.10898727449919],[9.832795556565822,46.115936735965676],[9.832555392021336,46.118035524713676],[9.832437984861947,46.1196924070943],[9.832643617467067,46.1204559218913],[9.834603991670743,46.12513969646156],[9.8352686358249,46.12715086763339],[9.835864234632513,46.13143958161386],[9.836152512792445,46.13423649658849],[9.836046570778967,46.13574794604292],[9.835700237438553,46.13600380366686],[9.832847226542802,46.13719761674426],[9.83044056388673,46.14006531786219],[9.828965913859621,46.143604052586774],[9.828218606220599,46.15331194484164],[9.828426105443747,46.15609593569081],[9.828985492266051,46.15973066036742],[9.83528418582919,46.16068535429248],[9.838497319406281,46.16160684490387],[9.840679008436451,46.161977874514186],[9.843931797220053,46.16212452547217],[9.844661637098937,46.16205890861561],[9.845225228180338,46.16200697448324],[9.851972650732712,46.161119879176425],[9.859099661060247,46.15880788393801],[9.872713060454041,46.15892039205677],[9.891031600728876,46.16082221796146],[9.895872058245653,46.1622062497299],[9.896457745234537,46.16238166506977],[9.897411358549736,46.162878190539814],[9.898012526122347,46.16320647046669],[9.898209678604758,46.15819171298572],[9.898812106466096,46.149439462945516],[9.89916248094132,46.14868970643183],[9.899078165644573,46.14669233914931],[9.898071907646456,46.14202169801823],[9.894402044503847,46.13701768188592],[9.891483095104388,46.13344931639834],[9.890809464538231,46.132617542981414],[9.890522702402704,46.13169276468458],[9.890447580062652,46.130244337377036],[9.890476289686804,46.128813090359614],[9.890523906647612,46.127750708616226],[9.89076071722258,46.12557983131349],[9.89134726411895,46.123424232572404],[9.891292699102946,46.11923958425673]]]},"properties":{"name":"Albosaggia","op_id":"1790","minint_elettorale":"1030770020","minint_finloc":"1030770020","prov_name":"Sondrio","prov_istat_code":"014","prov_istat_code_num":14,"prov_acr":"SO","prov_iso_3166_2":"IT-SO","reg_name":"Lombardia","reg_istat_code":"03","reg_istat_code_num":3,"reg_iso_3166_2":"IT-25","opdm_id":"1561","com_catasto_code":"A172","com_istat_code":"014002","com_istat_code_num":14002,"prov_uts_code":"014","prov_tipo_uts":"Provincia"}},
{"type":"Feature","geometry":{"type":"Polygon","coordinates":[[[9.480224559197865,46.146555073174774],[9.479373623134945,46.143993638375804],[9.478267496264206,46.14036223920709],[9.477865532246186,46.13879790568829],[9.477860432904173,46.13874737233635],[9.477856213409261,46.138705455636945],[9.47785228142871,46.13866639257867],[9.477723817988206,46.13738545205818],[9.478338982552021,46.135168864630316],[9.480407942437676,46.13042614345261],[9.481104869826932,46.12572516166561],[9.481984509259807,46.11969163338171],[9.48251858943191,46.11415431514376],[9.481826931629792,46.11349122060471],[9.478091719951749,46.1110408744442],[9.477837034276,46.10702786468858],[9.480388603454498,46.10582915563085],[9.483604158509445,46.10362857154519],[9.485545555598172,46.102225313931655],[9.487227567717026,46.10076014553745],[9.48783022442317,46.10014556882737],[9.487280747683885,46.09945489640705],[9.479418118007983,46.09238703317977],[9.473392255196751,46.08811908135595],[9.469148226933244,46.08644448215558],[9.46646135804688,46.08995638999886],[9.46605403361277,46.090741055638055],[9.464260149103893,46.094321419109114],[9.464626667444039,46.094832937966274],[9.466482263387729,46.097039410419264],[9.467605914173065,46.09834883769515],[9.470708414751424,46.10414118010047],[9.470720164870599,46.1085601895995],[9.469680334832114,46.11105751294982],[9.467683850482995,46.112154712665],[9.466928040887424,46.112686660238516],[9.466667665789787,46.112869948342635],[9.465745293765288,46.11398071220757],[9.46448783986639,46.116802862332],[9.464002544074976,46.119117854253794],[9.463637903706324,46.1219363836779],[9.46396879074082,46.12432035192939],[9.465774376746387,46.129721765319985],[9.469600465739024,46.1351691009559],[9.470203289602109,46.13603063015791],[9.471278820679307,46.137664197592436],[9.472948861027536,46.14068132332614],[9.472640411160553,46.14082423150033],[9.472458814438546,46.14090836124449],[9.471295342767586,46.141120156370874],[9.469729989053144,46.141270591760176],[9.467946770536528,46.14321294182944],[9.465757689048852,46.14617392117233],[9.46550595277179,46.147038917097404],[9.465478344122161,46.147243036216814],[9.465468123129149,46.14739906976711],[9.467801721236437,46.14748857563308],[9.480224559197865,46.146555073174774]]]},"properties":{"name":"Andalo Valtellino","op_id":"1791","minint_elettorale":"1030770030","minint_finloc":"1030770030","prov_name":"Sondrio","prov_istat_code":"014","prov_istat_code_num":14,"prov_acr":"SO","prov_iso_3166_2":"IT-SO","reg_name":"Lombardia","reg_istat_code":"03","reg_istat_code_num":3,"reg_iso_3166_2":"IT-25","opdm_id":"1562","com_catasto_code":"A273","com_istat_code":"014003","com_istat_code_num":14003,"prov_uts_code":"014","prov_tipo_uts":"Provincia"}},
{"type":"Feature","geometry":{"type":"Polygon","coordinates":[[[10.15938583738084,46.15954963242505],[10.160810099480159,46.15466562150664],[10.162893488316618,46.149046480987884],[10.163276068421819,46.148151573567226],[10.163431648023192,46.14788375205499],[10.163675937968737,46.147463501908284],[10.165339276575015,46.1446745107741],[10.167432886133208,46.141422100094424],[10.168152083786577,46.14053274916989],[10.171422844123086,46.1366382109665],[10.17164597392905,46.13640166036435],[10.171812985058017,46.136224705301956],[10.168461504912905,46.123951233726565],[10.16507621250846,46.11256458497985],[10.16489568820367,46.10706731614134],[10.171292509152437,46.1030148491044],[10.174577605084036,46.096861008282076],[10.174798666040413,46.093202958636454],[10.172942293384786,46.09295372861346],[10.15905925541967,46.09283434824555],[10.153874002411687,46.097278926255775],[10.155236552743093,46.09933519285395],[10.157336410277164,46.10211301713038],[10.148483691498678,46.105595384544095],[10.143097656789816,46.106684394952595],[10.134760166115537,46.11529063466029],[10.128004813363948,46.12226962747484],[10.126895590077945,46.123729606738415],[10.124720629808852,46.12752209442838],[10.125161332843932,46.12882276355824],[10.125508155394737,46.137585495876586],[10.125312115483018,46.138766445054166],[10.123957355736112,46.14090381733097],[10.118686956621884,46.147001704153936],[10.115999487171269,46.15010795014491],[10.111762732891371,46.15128324476214],[10.107527809004472,46.15255738225155],[10.106534321676783,46.154034001099795],[10.107962475977866,46.157440187110474],[10.109496014132326,46.15899133052636],[10.111272487335158,46.15973908189502],[10.115274272797173,46.16100512182678],[10.121568505987264,46.16097953803202],[10.122811896135362,46.159068325038966],[10.123515437886326,46.157999403560595],[10.126167288723734,46.15593927579124],[10.127072472273499,46.15523734001832],[10.127494609959742,46.15498118912401],[10.12819125347034,46.154848312741215],[10.130440874582556,46.154664084665605],[10.131814107969515,46.15468649385421],[10.133356967244497,46.1547702049964],[10.135483955456628,46.15492008986982],[10.1375904270089,46.155331157726394],[10.152246023691712,46.1582083668573],[10.15938583738084,46.15954963242505]]]},"properties":{"name":"Aprica","op_id":"1792","minint_elettorale":"1030770040","minint_finloc":"1030770040","prov_name":"Sondrio","prov_istat_code":"014","prov_istat_code_num":14,"prov_acr":"SO","prov_iso_3166_2":"IT-SO","reg_name":"Lombardia","reg_istat_code":"03","reg_istat_code_num":3,"reg_iso_3166_2":"IT-25","opdm_id":"1563","com_catasto_code":"A337","com_istat_code":"014004","com_istat_code_num":14004,"prov_uts_code":"014","prov_tipo_uts":"Provincia"}},
{"type":"Feature","geometry":{"type":"Polygon","coordinates":[[[9.6756407104174,46.165178228880634],[9.670192216663315,46.16556138043384],[9.661048162909664,46.165025111611875],[9.660727327954122,46.16500448063655],[9.660359180530603,46.164885103808906],[9.660638734773842,46.16267397710678],[9.658320011853872,46.160347344792704],[9.654757697290682,46.157514695982165],[9.650283974298048,46.15553321577856],[9.649197084731842,46.15513438551424],[9.647914954341354,46.154925654254846],[9.647011992081438,46.15488577620887],[9.646374816582254,46.154871390594536],[9.635651973226647,46.15370744920695],[9.635120232913797,46.15363841287113],[9.634627934663852,46.153623138730836],[9.634097846349677,46.153698094033054],[9.633297877470465,46.15394561400581],[9.632566040984667,46.15449866639258],[9.632255761468178,46.15793839502564],[9.631381902578003,46.16306426980974],[9.63092941872622,46.16428168986983],[9.62925915748597,46.165460999187175],[9.620322923995312,46.1667339139211],[9.619445246447198,46.16931274673519],[9.619304336205602,46.17060952409398],[9.6190487254861,46.17438190410901],[9.62041015366719,46.17678654149856],[9.621397893191977,46.17821218461462],[9.624614001623211,46.18305464899274],[9.625530380948394,46.18616365303173],[9.625550432265632,46.18639155111597],[9.625605057340906,46.18703623954742],[9.625571838110197,46.187495145891766],[9.625527837440174,46.18801567165438],[9.625478936955977,46.18839584740371],[9.62543375526348,46.188749200560366],[9.625394661831976,46.18906229097124],[9.62527295828248,46.19006769349444],[9.625241303641872,46.19039513689624],[9.625753947357317,46.195612226755955],[9.625924676238505,46.195809287934345],[9.631246792658423,46.201072027793295],[9.633894761755213,46.20365836471713],[9.634754724214295,46.204280044704284],[9.6347966290472,46.2043103374693],[9.635111783230956,46.20441368684213],[9.635525244982807,46.20454927153195],[9.63670097743192,46.20421873315626],[9.63952699831985,46.20312295596947],[9.651249597273614,46.2068367637042],[9.652302291921862,46.20706477377365],[9.656158769662891,46.207609689250184],[9.665038962890875,46.208728378992284],[9.671761615772054,46.209355092225124],[9.669378650617897,46.20847807794689],[9.668193096580369,46.20799000511792],[9.667071706549583,46.20744755882489],[9.666636754598473,46.20685610766853],[9.666121810884766,46.20500511297885],[9.666144353987157,46.203654969324226],[9.666422820744117,46.19881135948826],[9.663967383498072,46.18538888698557],[9.665177844761448,46.181538845256185],[9.668803718025467,46.17495667375009],[9.669454113511533,46.17412469615486],[9.67208069499201,46.170662283926355],[9.67526551181084,46.16626949121535],[9.675503691378633,46.16562008621513],[9.6756407104174,46.165178228880634]]]},"properties":{"name":"Ardenno","op_id":"1793","minint_elettorale":"1030770050","minint_finloc":"1030770050","prov_name":"Sondrio","prov_istat_code":"014","prov_istat_code_num":14,"prov_acr":"SO","prov_iso_3166_2":"IT-SO","reg_name":"Lombardia","reg_istat_code":"03","reg_istat_code_num":3,"reg_iso_3166_2":"IT-25","opdm_id":"1564","com_catasto_code":"A382","com_istat_code":"014005","com_istat_code_num":14005,"prov_uts_code":"014","prov_tipo_uts":"Provincia"}},
{"type":"Feature","geometry":{"type":"Polygon","coordinates":[[[9.581644762378703,46.10655568134435],[9.58161303858379,46.10599783076728],[9.582102388948014,46.10454632360325],[9.582922301390598,46.10254412369062],[9.583716826903743,46.101820048467474],[9.585372161332915,46.1005245676688],[9.595613100716754,46.09157052050886],[9.599492109276182,46.084098107545465],[9.607350763065385,46.069629265765464],[9.61575358912968,46.05548995970206],[9.61848702785416,46.050219034877784],[9.6218634117887,46.04727649047377],[9.604054225063908,46.043627076948674],[9.602271877507084,46.04493249178439],[9.60154418707803,46.04576434627094],[9.599122171830086,46.04910074981619],[9.596704423685862,46.0536289125049],[9.5960052798319,46.05473059951693],[9.591944006523498,46.05936880596546],[9.5913560512986,46.060001877223925],[9.589726307858303,46.059929270202744],[9.58823549631741,46.05954994652073],[9.587245471756091,46.058844025392],[9.58526927171582,46.05779212306157],[9.58412872910615,46.057518965581586],[9.576975397312081,46.05796481355671],[9.568719528643017,46.06261888357374],[9.56791389329093,46.063486908168386],[9.566980902194883,46.06454456510376],[9.566459185482731,46.06536615828357],[9.565990479181982,46.06631350894213],[9.565912665518878,46.0675559239397],[9.562042785760871,46.0748202309863],[9.557958985270314,46.07893531822524],[9.557511999278306,46.07949550219932],[9.55745557079568,46.08031480047576],[9.557346038545912,46.08228634209128],[9.556668675124742,46.089525739499344],[9.556960418562863,46.090235348081656],[9.557970967076276,46.09552249891436],[9.558507639169521,46.09870593568966],[9.558798498676758,46.10060353706617],[9.55819390418652,46.1035135383272],[9.55778030150936,46.10483856993613],[9.557322907687873,46.105668841361634],[9.556903691976965,46.1064448768761],[9.556732182171867,46.10739972903304],[9.556965898991386,46.10876661382004],[9.557520964151575,46.10991592369872],[9.558245186487412,46.111154409190654],[9.559264682901341,46.112157429953065],[9.56212459593419,46.114708431309396],[9.565639448570879,46.11673411976293],[9.571176794377807,46.11281850183047],[9.578909231460047,46.10852255895509],[9.581644762378703,46.10655568134435]]]},"properties":{"name":"Bema","op_id":"1794","minint_elettorale":"1030770060","minint_finloc":"1030770060","prov_name":"Sondrio","prov_istat_code":"014","prov_istat_code_num":14,"prov_acr":"SO","prov_iso_3166_2":"IT-SO","reg_name":"Lombardia","reg_istat_code":"03","reg_istat_code_num":3,"reg_iso_3166_2":"IT-25","opdm_id":"1565","com_catasto_code":"A777","com_istat_code":"014006","com_istat_code_num":14006,"prov_uts_code":"014","prov_tipo_uts":"Provincia"}},
{"type":"Feature","geometry":{"type":"Polygon","coordinates":[[[9.76919654054076,46.2206210123596],[9.772229862910525,46.21409359267381],[9.773163842017658,46.21136027169277],[9.773422919876307,46.20747949817611],[9.771289713999604,46.20250788558061],[9.767778424568752,46.19049861995776],[9.766877014079459,46.18718366160829],[9.765495162416352,46.18191892695853],[9.765481714575017,46.17908400097818],[9.765826839157583,46.177300409559464],[9.766225448761917,46.17573098529254],[9.76642247902231,46.17499166262608],[9.767371630421026,46.17337429488133],[9.768869653661836,46.167442344831954],[9.767078229065321,46.15971429191441],[9.766778948493055,46.1586813053936],[9.766488748634591,46.158245778087206],[9.766210017250708,46.15782997791875],[9.765891307486752,46.15746594273842],[9.765768893631256,46.157411111486915],[9.765523681455628,46.15731700608354],[9.761628558053221,46.158076523877135],[9.76002632390714,46.15834818730216],[9.75790705407736,46.158695253129274],[9.755746808498424,46.158889563742456],[9.7541033293325,46.158990421612614],[9.752522891961927,46.15896484002064],[9.74115746397074,46.15941708412869],[9.738866652591732,46.15953992745046],[9.736407367447978,46.15965479579912],[9.73469860418816,46.159719797380085],[9.730516247471593,46.15980059011503],[9.724889653858499,46.159901121124264],[9.719483282414393,46.15995157580078],[9.712500855262254,46.15984230622684],[9.71034997929994,46.15977470225624],[9.710118299157626,46.15977614173764],[9.708459170590745,46.15978643655721],[9.706958257736963,46.15990372402743],[9.703131478183654,46.16044932385182],[9.703104832446007,46.16059821648272],[9.702986580456882,46.161260372224824],[9.702655892495901,46.165807429726826],[9.699825324990776,46.16833581273583],[9.699968662702256,46.17044099431984],[9.70000291552122,46.17109777753472],[9.699987570726462,46.17295187926783],[9.69975300545759,46.17387125323964],[9.698832618651629,46.17588378582185],[9.698704255184003,46.177000576472395],[9.699027351820458,46.18508984838147],[9.701331093175659,46.190988747871366],[9.708369805652326,46.20223134870591],[9.715464535269724,46.213589950218356],[9.716379559618524,46.21416923028462],[9.717865046158895,46.214744905112],[9.718841778864208,46.21508075266976],[9.727827386426753,46.217120899334084],[9.736475377514477,46.219072510879315],[9.738622611146994,46.219661656963126],[9.740633113810095,46.22068363906116],[9.74210275878149,46.221979105809126],[9.742464866265326,46.223830747698045],[9.741931212451385,46.22464420248666],[9.74109034725426,46.225756658897716],[9.740643909893434,46.22630854596576],[9.740069635874638,46.22699625461428],[9.739188101953586,46.22798295959969],[9.738004342979504,46.23060959499401],[9.735933766537112,46.2357889015199],[9.735821994979338,46.23615862736237],[9.735758609458184,46.23723901294083],[9.736065028657814,46.23772754768328],[9.736766782473246,46.23776355163301],[9.741581440643717,46.237786426334075],[9.7458229625011,46.23720982246679],[9.749039966979,46.23533480031434],[9.757878496249072,46.230137591370614],[9.759806424926163,46.22888279764595],[9.76919654054076,46.2206210123596]]]},"properties":{"name":"Berbenno di Valtellina","op_id":"1795","minint_elettorale":"1030770070","minint_finloc":"1030770070","prov_name":"Sondrio","prov_istat_code":"014","prov_istat_code_num":14,"prov_acr":"SO","prov_iso_3166_2":"IT-SO","reg_name":"Lombardia","reg_istat_code":"03","reg_istat_code_num":3,"reg_iso_3166_2":"IT-25","opdm_id":"1566","com_catasto_code":"A787","com_istat_code":"014007","com_istat_code_num":14007,"prov_uts_code":"014","prov_tipo_uts":"Provincia"}},
{"type":"Feature","geometry":{"type":"Polygon","coordinates":[[[10.102344921032797,46.228252796499895],[10.10298758779526,46.22667158526504],[10.103713219487991,46.22535058321718],[10.108894541950313,46.21734447019023],[10.109898472931686,46.216335711979944],[10.113328675069717,46.21349436542203],[10.114900966370518,46.21239004006449],[10.115855226348348,46.211498719408745],[10.116883946514633,46.21044466436569],[10.12099147822701,46.20524749817157],[10.12144893942717,46.202885016771724],[10.121747777468382,46.19766212792582],[10.12267131662202,46.19034506774082],[10.125632538773775,46.18433073134436],[10.125701126476866,46.18387395308848],[10.125712385904121,46.183798952179544],[10.123040968749327,46.17987419087048],[10.120200459323312,46.17642490160668],[10.116296518719505,46.17533496611241],[10.113018188343402,46.174365325602146],[10.112261314984126,46.17409368612108],[10.111386411655323,46.173751192703506],[10.110706734863655,46.1734518071849],[10.110547352087382,46.173339787588795],[10.109075657326159,46.1722344901824],[10.10587706192371,46.17357962703778],[10.100514347111247,46.177510406786695],[10.092860364332028,46.18263579750134],[10.08171850604903,46.18891284425592],[10.076531592810262,46.19139182524091],[10.071538802168376,46.1992147571324],[10.074520989705935,46.20812865967178],[10.074530932452854,46.21241662204684],[10.070837209663871,46.21714029415182],[10.071696426867032,46.21798724739032],[10.080912421315514,46.22512747178559],[10.083065014427792,46.2264480792876],[10.08356105990052,46.22661439025226],[10.08817043549477,46.22756960010178],[10.089680656067701,46.227870215974875],[10.090266423060124,46.22798161792338],[10.094518250142329,46.22855300246512],[10.095049850087204,46.22854791135068],[10.102344921032797,46.228252796499895]]]},"properties":{"name":"Bianzone","op_id":"1796","minint_elettorale":"1030770080","minint_finloc":"1030770080","prov_name":"Sondrio","prov_istat_code":"014","prov_istat_code_num":14,"prov_acr":"SO","prov_iso_3166_2":"IT-SO","reg_name":"Lombardia","reg_istat_code":"03","reg_istat_code_num":3,"reg_iso_3166_2":"IT-25","opdm_id":"1567","com_catasto_code":"A848","com_istat_code":"014008","com_istat_code_num":14008,"prov_uts_code":"014","prov_tipo_uts":"Provincia"}},
{"type":"Feature","geometry":{"type":"Polygon","coordinates":[[[10.453137592676283,46.53055108422159],[10.4530436996212,46.528279141798635],[10.453497881906602,46.52580877437454],[10.457120107298017,46.51269475947347],[10.457225478494426,46.51236943003972],[10.457470401170943,46.511718327121166],[10.457741805845057,46.511006147161524],[10.457940462003688,46.51058963997697],[10.458150659649576,46.51040697352543],[10.459211713579975,46.50954663208837],[10.46926390907656,46.50258125395533],[10.470001599355783,46.50210153765636],[10.470730815423282,46.50163993033243],[10.471648825735922,46.50107759505807],[10.471710025102526,46.501040107591905],[10.472664784072126,46.50072860609332],[10.47282936015429,46.5006837065305],[10.472978151262671,46.5005985401758],[10.473551077440284,46.50006693181315],[10.474587752187391,46.49907935001956],[10.474651782418489,46.499016435383965],[10.474738090333394,46.49893117064232],[10.47487888364901,46.49876061489393],[10.47503610842573,46.49856119465697],[10.475860466236192,46.49727425420714],[10.475904210959726,46.49719606084351],[10.476094625588537,46.496852738246034],[10.476123236527295,46.495983902184534],[10.476122756881425,46.49585071533524],[10.47612158666748,46.49552622960549],[10.471997241159395,46.49490471800435],[10.470071594089683,46.49496908911623],[10.46980995994382,46.49497784297339],[10.467584555880444,46.495087430377104],[10.464982331988615,46.49523777958049],[10.45166632687723,46.49482267670982],[10.443721919660481,46.492538334579336],[10.436751133649219,46.492068157127186],[10.426277240817729,46.491677227918885],[10.416080307873269,46.49190301393478],[10.407592392579796,46.48009225876962],[10.402372483497805,46.4716337877364],[10.399600767868073,46.469201837267796],[10.39499040226605,46.469222176154496],[10.392472903457639,46.466525962127676],[10.39239560089719,46.46503284213086],[10.392428540259893,46.460703655702204],[10.392667593533051,46.459863776974395],[10.393035955408935,46.45949928940988],[10.39501541564142,46.45898917736226],[10.396663932693597,46.4587800589973],[10.398654036853303,46.449027029625285],[10.399748304479504,46.44803266623685],[10.403654492817365,46.44449287977297],[10.402087395937249,46.444305128724],[10.40040658183426,46.44425373293836],[10.396869463686224,46.44696089743721],[10.39521350043149,46.44839406532667],[10.394030324133992,46.449479470303565],[10.393329464910606,46.451098951939215],[10.3883093473414,46.45901673227033],[10.382904138266658,46.4574442629397],[10.376491741055426,46.4577466227495],[10.374517859055024,46.45951633943725],[10.373851160532555,46.45941634345317],[10.372204418377313,46.457627190031694],[10.371252774788275,46.45654964495116],[10.370319742229572,46.45517488327238],[10.369177923850273,46.45274063555601],[10.368837545307,46.4516287461983],[10.368558224116951,46.45035413286071],[10.36692156519809,46.448429769658475],[10.362518380532201,46.447294307913914],[10.36180206191298,46.44728485119422],[10.361165290393245,46.44768229342696],[10.36098097982414,46.44786807333857],[10.36024659161999,46.44860834446685],[10.358489190544196,46.45123913681111],[10.358020052114046,46.458030508395396],[10.357788993073877,46.46143757944005],[10.357934237748495,46.464529297789326],[10.358473635702902,46.46841075695355],[10.358932898935846,46.47377812407293],[10.36207641053833,46.475513639957946],[10.36539672214685,46.478056956279104],[10.36803046864483,46.48230038252482],[10.36456813204578,46.48919948840375],[10.359815483363466,46.49403489823528],[10.35477154129136,46.50239240780323],[10.356678247897365,46.505690665336466],[10.367877472638215,46.509976001283874],[10.372732338726436,46.5117627545194],[10.37419773438262,46.51197913991137],[10.375526038740977,46.51192717444356],[10.37851780144669,46.511675155913125],[10.3817166549785,46.51136657179002],[10.383611445589736,46.51103766856021],[10.384676797024541,46.51089877920349],[10.386163711006178,46.51093476900132],[10.390312455943937,46.51158637895931],[10.39424714787154,46.512528433184265],[10.40285102955636,46.51505218777061],[10.404446902802048,46.51579648906006],[10.40520689866641,46.5164531279349],[10.405733259002405,46.51714862879371],[10.407306789503837,46.520027138001474],[10.407643993593965,46.520967954367556],[10.407800828353254,46.521991976176395],[10.408138711098118,46.523967730471576],[10.408634249738583,46.52619296566251],[10.413118060716828,46.53296888108881],[10.417445748970595,46.53841407053975],[10.418139335843017,46.53900841024379],[10.418865147862114,46.5393324315367],[10.423921672502875,46.54018754940636],[10.426104414886522,46.540367333720894],[10.427181865010988,46.54017391342581],[10.428369760406406,46.53971810156253],[10.433522009268493,46.54122855762841],[10.436564326452169,46.53740163115379],[10.438158602940101,46.536535624376256],[10.44222974107423,46.535143417753325],[10.448420422089168,46.53304027914667],[10.453137592676283,46.53055108422159]]]},"properties":{"name":"Bormio","op_id":"1797","minint_elettorale":"1030770090","minint_finloc":"1030770090","prov_name":"Sondrio","prov_istat_code":"014","prov_istat_code_num":14,"prov_acr":"SO","prov_iso_3166_2":"IT-SO","reg_name":"Lombardia","reg_istat_code":"03","reg_istat_code_num":3,"reg_iso_3166_2":"IT-25","opdm_id":"1568","com_catasto_code":"B049","com_istat_code":"014009","com_istat_code_num":14009,"prov_uts_code":"014","prov_tipo_uts":"Provincia"}},
{"type":"Feature","geometry":{"type":"Polygon","coordinates":[[[9.6756407104174,46.165178228880634],[9.675503691378633,46.16562008621513],[9.67526551181084,46.16626949121535],[9.67208069499201,46.170662283926355],[9.669454113511533,46.17412469615486],[9.668803718025467,46.17495667375009],[9.665177844761448,46.181538845256185],[9.663967383498072,46.18538888698557],[9.666422820744117,46.19881135948826],[9.666144353987157,46.203654969324226],[9.666121810884766,46.20500511297885],[9.666636754598473,46.20685610766853],[9.667071706549583,46.20744755882489],[9.668193096580369,46.20799000511792],[9.669378650617897,46.20847807794689],[9.671761615772054,46.209355092225124],[9.669588311741665,46.209727848309065],[9.668633117299573,46.21006643053269],[9.667771484296091,46.21063847091822],[9.66685842205793,46.21124680129714],[9.665123956823457,46.21254389710962],[9.663598548888265,46.213983762440385],[9.662345657964506,46.215449012334595],[9.66198871922247,46.21595508225427],[9.666060384116374,46.21922541812926],[9.66695048818064,46.21992222596656],[9.667885598381227,46.22005176254319],[9.6808126388494,46.22110050066474],[9.68986314712475,46.222144250515576],[9.696284019363492,46.224391303571274],[9.698240825598,46.22634135148825],[9.700839311726403,46.22877344657145],[9.704182038444698,46.23157888126727],[9.70631862695116,46.23334769554664],[9.708244122534538,46.23482976650323],[9.70942100114272,46.235578424685706],[9.714101666596802,46.23847427239119],[9.714568906250499,46.2384983376123],[9.723413332805906,46.24431967283079],[9.727923991112027,46.25257546686703],[9.739405526190973,46.26125419086311],[9.749245351128518,46.26924504563095],[9.751201945373648,46.26807125135381],[9.74899888329963,46.26168677999972],[9.744320425756486,46.25444541736448],[9.738747819660789,46.24542764605977],[9.738950056287884,46.24406734075443],[9.73896891223054,46.24257324376503],[9.738953567228894,46.24143034653013],[9.738515185873466,46.24065918870925],[9.738386551010759,46.24049802148255],[9.738093035526507,46.24013091161688],[9.736065028657814,46.23772754768328],[9.735758609458184,46.23723901294083],[9.735821994979338,46.23615862736237],[9.735933766537112,46.2357889015199],[9.738004342979504,46.23060959499401],[9.739188101953586,46.22798295959969],[9.740069635874638,46.22699625461428],[9.740643909893434,46.22630854596576],[9.74109034725426,46.225756658897716],[9.741931212451385,46.22464420248666],[9.742464866265326,46.223830747698045],[9.74210275878149,46.221979105809126],[9.740633113810095,46.22068363906116],[9.738622611146994,46.219661656963126],[9.736475377514477,46.219072510879315],[9.727827386426753,46.217120899334084],[9.718841778864208,46.21508075266976],[9.717865046158895,46.214744905112],[9.716379559618524,46.21416923028462],[9.715464535269724,46.213589950218356],[9.708369805652326,46.20223134870591],[9.701331093175659,46.190988747871366],[9.699027351820458,46.18508984838147],[9.698704255184003,46.177000576472395],[9.698832618651629,46.17588378582185],[9.69975300545759,46.17387125323964],[9.699987570726462,46.17295187926783],[9.70000291552122,46.17109777753472],[9.699968662702256,46.17044099431984],[9.699825324990776,46.16833581273583],[9.699899241430519,46.168038332429234],[9.699965086851591,46.16742141302505],[9.6998212225739,46.166994798707854],[9.699635094578404,46.16661793264923],[9.699436707688626,46.166295147320156],[9.69916083085674,46.16599084392344],[9.698572302101551,46.165544441994065],[9.69742829917968,46.16521841350087],[9.696197164602317,46.16517191303687],[9.695551264068605,46.16531086012017],[9.691374841841341,46.165882432525905],[9.689647211450513,46.1650539251763],[9.686695283547127,46.16383339093447],[9.68329865847952,46.16434971119789],[9.68019214787403,46.16663617264113],[9.6756407104174,46.165178228880634]]]},"properties":{"name":"Buglio in Monte","op_id":"1798","minint_elettorale":"1030770100","minint_finloc":"1030770100","prov_name":"Sondrio","prov_istat_code":"014","prov_istat_code_num":14,"prov_acr":"SO","prov_iso_3166_2":"IT-SO","reg_name":"Lombardia","reg_istat_code":"03","reg_istat_code_num":3,"reg_iso_3166_2":"IT-25","opdm_id":"1569","com_catasto_code":"B255","com_istat_code":"014010","com_istat_code_num":14010,"prov_uts_code":"014","prov_tipo_uts":"Provincia"}},
{"type":"Feature","geometry":{"type":"Polygon","coordinates":[[[9.828985492266051,46.15973066036742],[9.828426105443747,46.15609593569081],[9.828218606220599,46.15331194484164],[9.828965913859621,46.143604052586774],[9.83044056388673,46.14006531786219],[9.832847226542802,46.13719761674426],[9.835700237438553,46.13600380366686],[9.836046570778967,46.13574794604292],[9.836152512792445,46.13423649658849],[9.835864234632513,46.13143958161386],[9.8352686358249,46.12715086763339],[9.834603991670743,46.12513969646156],[9.832643617467067,46.1204559218913],[9.832437984861947,46.1196924070943],[9.832555392021336,46.118035524713676],[9.832795556565822,46.115936735965676],[9.834217783701677,46.10898727449919],[9.834834186020698,46.10610272752552],[9.835057687374855,46.10548007388667],[9.83750393938465,46.1004040912367],[9.840815665001182,46.09101958852906],[9.841088315831266,46.088533532985196],[9.841190522816177,46.084194686977455],[9.841164602991393,46.08163884135158],[9.840691999881667,46.077772236562005],[9.840279897681038,46.07618222954389],[9.838483190880378,46.06940927606695],[9.837243891630516,46.06526925906589],[9.837237384068105,46.06398228069162],[9.838951901023504,46.053403448204406],[9.83899032742377,46.05329390255566],[9.839236910849381,46.05259132649269],[9.844838870395344,46.049507975334116],[9.846040298267072,46.04946308941755],[9.848942695023164,46.04991857861258],[9.84798188206161,46.04672121856085],[9.846502942555324,46.045895677600754],[9.845177883608581,46.04545547343167],[9.838295009553331,46.044156134186],[9.83671524927981,46.04396069457138],[9.835168651889184,46.04425102003012],[9.834272165365485,46.044797584277674],[9.832102869908415,46.04665843628996],[9.831529658124227,46.04722063334769],[9.81959525022727,46.04955689535124],[9.811065993246848,46.0496897148408],[9.807419825002144,46.05373464752228],[9.80790075541632,46.054239189321535],[9.808643100110473,46.05550297660296],[9.808632237186835,46.05652907724571],[9.808188821154673,46.05803525143876],[9.80768553969496,46.05898382187316],[9.807752453917232,46.06711953603122],[9.80897671300258,46.06772288919623],[9.810053600990528,46.06885829141181],[9.810653736180747,46.07010506265958],[9.810969422897015,46.07135385006266],[9.811179448352913,46.072450396237585],[9.811543201342836,46.07609289478516],[9.81222577943431,46.088238277416565],[9.812586018064449,46.09779389871294],[9.807262869836281,46.11068383726721],[9.803843235053487,46.113119967315214],[9.797468521005325,46.11706171100757],[9.790161698268784,46.129334681828475],[9.789859426007643,46.13068679218666],[9.788807342857853,46.13587811623261],[9.788533773191167,46.1375720232163],[9.788658144231706,46.13902917012433],[9.789296368855727,46.14020377993608],[9.789729424583108,46.1415148005468],[9.790098937276962,46.142907267930525],[9.790386530357505,46.144003284539735],[9.790149278980827,46.144616927748224],[9.785833671237222,46.154348811064914],[9.784566444700966,46.15631940504469],[9.786325074361804,46.15697038211989],[9.795955258555145,46.160193966482346],[9.796025641993362,46.160213708646644],[9.79809629304874,46.16052776038561],[9.802223874665124,46.16113787165321],[9.804543657398233,46.16122958004731],[9.817397369373124,46.16070637514021],[9.828985492266051,46.15973066036742]]]},"properties":{"name":"Caiolo","op_id":"1799","minint_elettorale":"1030770110","minint_finloc":"1030770110","prov_name":"Sondrio","prov_istat_code":"014","prov_istat_code_num":14,"prov_acr":"SO","prov_iso_3166_2":"IT-SO","reg_name":"Lombardia","reg_istat_code":"03","reg_istat_code_num":3,"reg_iso_3166_2":"IT-25","opdm_id":"1570","com_catasto_code":"B366","com_istat_code":"014011","com_istat_code_num":14011,"prov_uts_code":"014","prov_tipo_uts":"Provincia"}},
{"type":"Feature","geometry":{"type":"Polygon","coordinates":[[[9.399741043453172,46.41411975054142],[9.40433403411693,46.41409461251436],[9.408528531267702,46.41308974496212],[9.419233394430984,46.40433033827257],[9.419642304017652,46.40336587687412],[9.421165222747694,46.39840146757956],[9.423391870418353,46.38860160539961],[9.421125301373404,46.38137423194939],[9.420632041457665,46.38053460101407],[9.420440144795455,46.38020680397047],[9.419737135010886,46.37999340768017],[9.413515198918356,46.379071100516555],[9.406087401166404,46.37858473694105],[9.40150215151113,46.379149905551245],[9.400047094795749,46.37933500638458],[9.393412170482156,46.3805999852079],[9.390685726741626,46.38121229679182],[9.375356539905837,46.380239864098456],[9.36581717721037,46.37985023096792],[9.363540714098697,46.38168442645688],[9.360200209011225,46.38389992088296],[9.359018154085472,46.38398464380087],[9.346198915575544,46.3842760869385],[9.344598161735673,46.38409192623111],[9.341278693954374,46.38343590142434],[9.340157936441303,46.38307017185711],[9.333460331849997,46.38074998331634],[9.324713158711633,46.37917321227794],[9.314956906251622,46.378120550165036],[9.312927445156735,46.37795511643642],[9.31114613560147,46.37790597306581],[9.310225977066604,46.37844845633079],[9.309230262978247,46.37943212516429],[9.308248693989997,46.38055073875568],[9.304899027352185,46.38384460891815],[9.300457679577974,46.387204232558474],[9.299016904292683,46.38772098942179],[9.291956967705007,46.38788323614573],[9.289875164741156,46.387636538508566],[9.28774060729287,46.387245931819464],[9.285708825937313,46.38660305387213],[9.284340824233773,46.386057487496146],[9.28018955520008,46.387921681623666],[9.27875021786394,46.3887621654707],[9.277883494415384,46.38968224679296],[9.275710936567789,46.394740819024264],[9.275649581543181,46.39546994282044],[9.276538126913614,46.39634975433984],[9.277726035919356,46.39718383990219],[9.278952129755782,46.39791882655361],[9.279892382503448,46.398717498844896],[9.280611408415407,46.39941771034879],[9.281163598266717,46.40063130778738],[9.281247502973066,46.401774062599024],[9.28138082580932,46.40754250177911],[9.280808636728054,46.41021677858312],[9.278812440129759,46.414235490916376],[9.275048503018803,46.41855543199908],[9.275011480044421,46.41895149737355],[9.275051715937764,46.41919439755438],[9.275144256663859,46.419482163116754],[9.275301425280672,46.41967977347785],[9.276473996645702,46.419955937792864],[9.279378367185613,46.42050684757743],[9.28514387783905,46.42077163514739],[9.295578639362867,46.42311204285602],[9.310968713485606,46.4247991568069],[9.317737190234697,46.425041538788314],[9.32714725995426,46.4275889338968],[9.331401380421998,46.429574590934315],[9.337680849555532,46.42856626381277],[9.345380764656642,46.42578954497678],[9.357582851957478,46.42472249155856],[9.361126717586533,46.42577689586981],[9.363605094037466,46.42674099413679],[9.366385037485648,46.42790207924242],[9.367404004966168,46.42846579173658],[9.36864409789962,46.42912777537483],[9.371136347922347,46.43005566923582],[9.371852851936103,46.43015233644199],[9.37398475815722,46.42987541176091],[9.374373110640772,46.429568164844355],[9.376123675594187,46.42691162659728],[9.377397842115265,46.42468029340324],[9.378816237680681,46.42277669050133],[9.379603815068018,46.42187411944908],[9.38385371593462,46.417504030757364],[9.387881999301992,46.41498854435993],[9.391791771106966,46.41403024669465],[9.397469327991017,46.414748624323686],[9.399741043453172,46.41411975054142]]]},"properties":{"name":"Campodolcino","op_id":"1800","minint_elettorale":"1030770120","minint_finloc":"1030770120","prov_name":"Sondrio","prov_istat_code":"014","prov_istat_code_num":14,"prov_acr":"SO","prov_iso_3166_2":"IT-SO","reg_name":"Lombardia","reg_istat_code":"03","reg_istat_code_num":3,"reg_iso_3166_2":"IT-25","opdm_id":"1571","com_catasto_code":"B530","com_istat_code":"014012","com_istat_code_num":14012,"prov_uts_code":"014","prov_tipo_uts":"Provincia"}},
{"type":"Feature","geometry":{"type":"Polygon","coordinates":[[[9.895763238263726,46.2448181900559],[9.894966278064425,46.237291438535834],[9.885366711406588,46.23879717302695],[9.87463956330065,46.24038281581774],[9.871869420318001,46.2415559685667],[9.868342719887687,46.244111794302206],[9.857584531062686,46.25135245447302],[9.855838330092729,46.25163552978244],[9.852280126048607,46.25224711960884],[9.848619084362557,46.252877307035824],[9.848173970350059,46.25345661559632],[9.847654909900937,46.256763502180156],[9.848323052622398,46.25885557194891],[9.853098646879365,46.2639229932374],[9.8591335062186,46.268962747066496],[9.860003462986892,46.26899220435248],[9.861323330141657,46.26875716752907],[9.862085277667633,46.26851743274918],[9.866700278145826,46.266655603837116],[9.876307072979694,46.26292840898014],[9.879215104447567,46.262204087520516],[9.879861437879194,46.26210011807141],[9.880587858906308,46.26208553057371],[9.886775846285442,46.26284768551783],[9.887757222145924,46.257030992939086],[9.88660736934289,46.252454004075155],[9.89233360457338,46.24610499990165],[9.893267459986795,46.24529671308545],[9.89473670466293,46.24470922784943],[9.895763238263726,46.2448181900559]]]},"properties":{"name":"Caspoggio","op_id":"1801","minint_elettorale":"1030770130","minint_finloc":"1030770130","prov_name":"Sondrio","prov_istat_code":"014","prov_istat_code_num":14,"prov_acr":"SO","prov_iso_3166_2":"IT-SO","reg_name":"Lombardia","reg_istat_code":"03","reg_istat_code_num":3,"reg_iso_3166_2":"IT-25","opdm_id":"1572","com_catasto_code":"B993","com_istat_code":"014013","com_istat_code_num":14013,"prov_uts_code":"014","prov_tipo_uts":"Provincia"}},
{"type":"Feature","geometry":{"type":"Polygon","coordinates":[[[10.006269563912575,46.15750391062715],[10.00996609044958,46.157061042122926],[10.016873310490073,46.15653535315873],[10.024235245256143,46.15758224173591],[10.030146590772704,46.158582007248754],[10.034041465072281,46.15424481185394],[10.036482732627451,46.14907466948618],[10.036951408785097,46.147828400990264],[10.03697253253661,46.14550619266073],[10.036799784675365,46.14458074835516],[10.035600392085017,46.14276460154437],[10.034633811421582,46.142314336156566],[10.033732632264785,46.14120647528712],[10.032798164283813,46.139702891937254],[10.030248841365436,46.13491084505422],[10.030184498657812,46.133543401874334],[10.03007983465878,46.13070926705207],[10.030086499054725,46.129596886530756],[10.030251730530344,46.126738652894446],[10.0316250536314,46.11224502277916],[10.038888075395477,46.10209003684478],[10.040668636269299,46.100453815930855],[10.032571860167227,46.10196727605314],[10.030653292689202,46.102461603761604],[10.026894037473244,46.1076525337215],[10.022634546643108,46.11381984354664],[10.019458404668079,46.11842930820855],[10.011817634135888,46.123816284070124],[10.00436525496117,46.12896709006052],[9.997602069641909,46.13006135841913],[9.995047674489525,46.13054262529479],[9.99310151439583,46.1367786464172],[9.992391452991537,46.14121286164454],[9.991588755331067,46.14337986192822],[9.990635681531698,46.14582715075777],[9.987493712042589,46.148977361688026],[9.985191797453115,46.15059926001316],[9.983016002211956,46.152039999467256],[9.981041678547852,46.15608000627709],[9.978590866417726,46.16114637792659],[9.980170791329648,46.161739464786045],[9.981014819331605,46.16185822605378],[9.996615900805459,46.15983781336882],[10.006269563912575,46.15750391062715]]]},"properties":{"name":"Castello dell'Acqua","op_id":"1802","minint_elettorale":"1030770140","minint_finloc":"1030770140","prov_name":"Sondrio","prov_istat_code":"014","prov_istat_code_num":14,"prov_acr":"SO","prov_iso_3166_2":"IT-SO","reg_name":"Lombardia","reg_istat_code":"03","reg_istat_code_num":3,"reg_iso_3166_2":"IT-25","opdm_id":"1573","com_catasto_code":"C186","com_istat_code":"014014","com_istat_code_num":14014,"prov_uts_code":"014","prov_tipo_uts":"Provincia"}},
{"type":"Feature","geometry":{"type":"Polygon","coordinates":[[[9.828985492266051,46.15973066036742],[9.817397369373124,46.16070637514021],[9.804543657398233,46.16122958004731],[9.802223874665124,46.16113787165321],[9.79809629304874,46.16052776038561],[9.796025641993362,46.160213708646644],[9.795955258555145,46.160193966482346],[9.786325074361804,46.15697038211989],[9.784704497813019,46.161439881962714],[9.786045205124339,46.17283354681324],[9.788990706978348,46.18313623862474],[9.788766964949263,46.196493668650355],[9.78950347188543,46.21443453861395],[9.790467447366805,46.21836986110782],[9.79069381133656,46.2187823134367],[9.798379341860088,46.21485264011967],[9.803719948810562,46.21314753575005],[9.816645465889042,46.20878092990056],[9.816944991551951,46.2086216065846],[9.817520049802846,46.20831567434043],[9.817695534917327,46.206163425249144],[9.817784528135743,46.20429977593505],[9.81771159270338,46.20287830714964],[9.81747112716813,46.201521017643586],[9.817317197505707,46.20075713540387],[9.818051404836838,46.200445875220844],[9.821042961929942,46.199407423488424],[9.822386604077359,46.19911875950689],[9.823409602613216,46.199057408535076],[9.824342134101098,46.19901467844705],[9.827350754791622,46.19394394000449],[9.827681263232773,46.18747053998732],[9.828066458678586,46.176594176109575],[9.828587371222577,46.16187914478157],[9.828985492266051,46.15973066036742]]]},"properties":{"name":"Castione Andevenno","op_id":"1803","minint_elettorale":"1030770150","minint_finloc":"1030770150","prov_name":"Sondrio","prov_istat_code":"014","prov_istat_code_num":14,"prov_acr":"SO","prov_iso_3166_2":"IT-SO","reg_name":"Lombardia","reg_istat_code":"03","reg_istat_code_num":3,"reg_iso_3166_2":"IT-25","opdm_id":"1574","com_catasto_code":"C325","com_istat_code":"014015","com_istat_code_num":14015,"prov_uts_code":"014","prov_tipo_uts":"Provincia"}},
{"type":"Feature","geometry":{"type":"Polygon","coordinates":[[[9.784566444700966,46.15631940504469],[9.785833671237222,46.154348811064914],[9.790149278980827,46.144616927748224],[9.790386530357505,46.144003284539735],[9.790098937276962,46.142907267930525],[9.789729424583108,46.1415148005468],[9.789296368855727,46.14020377993608],[9.788658144231706,46.13902917012433],[9.788533773191167,46.1375720232163],[9.788807342857853,46.13587811623261],[9.789859426007643,46.13068679218666],[9.790161698268784,46.129334681828475],[9.797468521005325,46.11706171100757],[9.803843235053487,46.113119967315214],[9.807262869836281,46.11068383726721],[9.812586018064449,46.09779389871294],[9.81222577943431,46.088238277416565],[9.811543201342836,46.07609289478516],[9.811179448352913,46.072450396237585],[9.810969422897015,46.07135385006266],[9.810653736180747,46.07010506265958],[9.810053600990528,46.06885829141181],[9.80897671300258,46.06772288919623],[9.807752453917232,46.06711953603122],[9.80768553969496,46.05898382187316],[9.808188821154673,46.05803525143876],[9.808632237186835,46.05652907724571],[9.808643100110473,46.05550297660296],[9.80790075541632,46.054239189321535],[9.807419825002144,46.05373464752228],[9.800522742563782,46.05283267454443],[9.79924992903249,46.05584808158692],[9.798680033487617,46.058462137371116],[9.797699673909435,46.06579515749455],[9.797400344490102,46.068353307510364],[9.797738309307109,46.068592739480444],[9.798761909076399,46.06862279212135],[9.798928501824566,46.06941365029688],[9.798449258441416,46.07294507188345],[9.797863838465947,46.07718826052831],[9.79638687587459,46.08599174319349],[9.79571232588003,46.08945250816202],[9.794456975480745,46.09571634556385],[9.794225938740434,46.09674396865887],[9.79373860439303,46.098844398415046],[9.793347619909104,46.100449139249875],[9.79249604308173,46.10241707504559],[9.790816387035687,46.10619977199561],[9.789602484135058,46.108179185280896],[9.786801617284947,46.1123115704107],[9.786344633519654,46.1129357171622],[9.785447295654972,46.11353590358042],[9.77870108083752,46.12243820563237],[9.771110377372791,46.13406376838921],[9.765421511403582,46.14579319810433],[9.761938074262645,46.15234153143669],[9.761995332313083,46.152737145757385],[9.762577890689506,46.154596270239],[9.762763882347723,46.154937038757105],[9.763249373929693,46.15539279483911],[9.765523681455628,46.15731700608354],[9.766674729601423,46.15679179880405],[9.768442083601151,46.156293931649394],[9.771035648960105,46.15572280593175],[9.771338053808458,46.15566158358676],[9.77324565985496,46.15528052433971],[9.774823090083787,46.15509884752523],[9.775810301247427,46.155308139418956],[9.781589766938673,46.15646578715465],[9.784566444700966,46.15631940504469]]]},"properties":{"name":"Cedrasco","op_id":"1804","minint_elettorale":"1030770160","minint_finloc":"1030770160","prov_name":"Sondrio","prov_istat_code":"014","prov_istat_code_num":14,"prov_acr":"SO","prov_iso_3166_2":"IT-SO","reg_name":"Lombardia","reg_istat_code":"03","reg_istat_code_num":3,"reg_iso_3166_2":"IT-25","opdm_id":"1575","com_catasto_code":"C418","com_istat_code":"014016","com_istat_code_num":14016,"prov_uts_code":"014","prov_tipo_uts":"Provincia"}},
{"type":"Feature","geometry":{"type":"Polygon","coordinates":[[[9.50489509482877,46.14124677729844],[9.50101058282658,46.144062947680226],[9.500889874288816,46.14645749540975],[9.500241641490879,46.14925020501254],[9.498799789183854,46.15018353071551],[9.49689331274,46.15704097680851],[9.4998602444332,46.157163041496986],[9.501313726527282,46.15748968867588],[9.50180816555372,46.15761867604614],[9.502365204584194,46.15776400668708],[9.503327661087617,46.15820083406401],[9.503540116308832,46.15877590077993],[9.502973316172977,46.15911138923555],[9.50139391960171,46.15919034287502],[9.499646523405731,46.15930598704005],[9.499247797607888,46.15961373901233],[9.498125267423966,46.16582865939657],[9.497896843064963,46.169222663439434],[9.497893635672723,46.17319157091162],[9.498226921445694,46.17423410956737],[9.498455857441785,46.175196111287484],[9.49666496096071,46.18061291255838],[9.496210337627344,46.181928904423685],[9.49571272511277,46.18277710133484],[9.504321852513677,46.18196547630895],[9.506262341476498,46.181632901996736],[9.50819259314877,46.181597333588506],[9.510240766417791,46.18170519845737],[9.511758251908336,46.18186942650141],[9.515617133049442,46.183013054120416],[9.516839704580164,46.175213488397155],[9.5191577447786,46.161316124840695],[9.51947355561638,46.159091670369776],[9.51911898537001,46.15857128385746],[9.516440543557172,46.15607239332885],[9.51480824348283,46.15463075412261],[9.508252629771047,46.14452583482093],[9.50489509482877,46.14124677729844]]]},"properties":{"name":"Cercino","op_id":"1805","minint_elettorale":"1030770170","minint_finloc":"1030770170","prov_name":"Sondrio","prov_istat_code":"014","prov_istat_code_num":14,"prov_acr":"SO","prov_iso_3166_2":"IT-SO","reg_name":"Lombardia","reg_istat_code":"03","reg_istat_code_num":3,"reg_iso_3166_2":"IT-25","opdm_id":"1576","com_catasto_code":"C493","com_istat_code":"014017","com_istat_code_num":14017,"prov_uts_code":"014","prov_tipo_uts":"Provincia"}},
{"type":"Feature","geometry":{"type":"Polygon","coordinates":[[[9.43850938817426,46.30374474120854],[9.432704736420527,46.30364081757154],[9.431961462249458,46.30324764243359],[9.42638631997839,46.30425854946657],[9.42394874029367,46.30474458695039],[9.418585883476176,46.30638431784092],[9.415442233734714,46.307862753649765],[9.411475807480572,46.31048702944523],[9.408775752609602,46.31404263675119],[9.400772914975764,46.3158404997084],[9.398084735899905,46.315596757571484],[9.398047285144099,46.31552659998181],[9.398007175955074,46.31545145671293],[9.397454223104752,46.31441537990816],[9.396928606368448,46.31274693286532],[9.39614189567173,46.310476022612214],[9.396113687310832,46.310395213368714],[9.39609758250761,46.31036399643482],[9.396073891760256,46.310319626376305],[9.395496251382575,46.30944534238141],[9.394465603138604,46.30887995997474],[9.393633293677091,46.308632803050024],[9.39220268245057,46.30834969822018],[9.391028195958489,46.31108067596146],[9.385671066336903,46.32092663913542],[9.385589138126232,46.32102610544372],[9.384537798492556,46.322298593437196],[9.383180736841085,46.32328411313685],[9.380147674029393,46.32430887191681],[9.377442467060252,46.325445111154316],[9.37548768727157,46.326441522830216],[9.374817470742475,46.32710071427757],[9.374761780699705,46.32845985295952],[9.375156405438748,46.329160598102696],[9.37614947829557,46.32999431010172],[9.37724622649716,46.33078268121784],[9.37778039404594,46.330816121402584],[9.38330845744621,46.33017754024732],[9.38629149259325,46.32956451382234],[9.387822572415716,46.32928932898497],[9.389498135185686,46.329051155470246],[9.389992143294762,46.32939895227638],[9.391771454548566,46.33466673445931],[9.392534212439426,46.33961380045444],[9.39258636244471,46.34326751534237],[9.393104330898494,46.34493968340441],[9.393594659191562,46.34626095223769],[9.394465921706677,46.34814790096994],[9.39514826608776,46.349054510782594],[9.396572173820358,46.350066556314815],[9.402131434332249,46.35326903319199],[9.409014657544702,46.35614252227567],[9.410439979238099,46.3521865178612],[9.415116621402438,46.334665367078806],[9.416984309972781,46.32591072224873],[9.42473625745073,46.315685428834975],[9.4320327623013,46.31055521652489],[9.434597383027628,46.30815154646605],[9.435756930701753,46.30698616450933],[9.437983751615334,46.30460171070884],[9.43850938817426,46.30374474120854]]]},"properties":{"name":"Chiavenna","op_id":"1806","minint_elettorale":"1030770180","minint_finloc":"1030770180","prov_name":"Sondrio","prov_istat_code":"014","prov_istat_code_num":14,"prov_acr":"SO","prov_iso_3166_2":"IT-SO","reg_name":"Lombardia","reg_istat_code":"03","reg_istat_code_num":3,"reg_iso_3166_2":"IT-25","opdm_id":"1577","com_catasto_code":"C623","com_istat_code":"014018","com_istat_code_num":14018,"prov_uts_code":"014","prov_tipo_uts":"Provincia"}},
{"type":"Feature","geometry":{"type":"Polygon","coordinates":[[[9.751201945373648,46.26807125135381],[9.749245351128518,46.26924504563095],[9.747439741232185,46.27001286191598],[9.742232145367366,46.27161277047882],[9.739315914287067,46.27183865439],[9.738032995709862,46.27198193789089],[9.737118138834195,46.27247384776945],[9.735308065659686,46.27389848212739],[9.729954054438434,46.278212235721675],[9.729326336230873,46.27883722643931],[9.72626253508868,46.283581665386286],[9.717307919193834,46.29152206336501],[9.714497775083034,46.29306963702717],[9.714495748887847,46.29684061319115],[9.715065877345785,46.29974399977874],[9.715365758565607,46.30077260170061],[9.717813262366487,46.305230163907204],[9.718645927531174,46.306340913675115],[9.72153694707637,46.30893266326033],[9.72248883451818,46.30922364050824],[9.723724044356315,46.30933283258516],[9.724170893421316,46.30973500178809],[9.725479133813744,46.312426594544874],[9.725924582630466,46.313701742349615],[9.726128057045239,46.319199390858316],[9.725707364937886,46.319800536092984],[9.724609644015366,46.32028449023458],[9.723292390360717,46.32080581859641],[9.72207537598459,46.32111051719595],[9.720654786544083,46.327617334169034],[9.721844844915044,46.328212816112334],[9.722699168973026,46.3289633903964],[9.727085152391963,46.3335344807028],[9.725681594957072,46.33645482698504],[9.723808577135324,46.33938262440779],[9.723255430910353,46.34073158971016],[9.72474007530206,46.342639142824225],[9.725804574289409,46.343478360887474],[9.727063869766532,46.344365838560456],[9.734249117662365,46.34913031160117],[9.735686024576465,46.35003903721251],[9.737279144343214,46.35065876566461],[9.743100561253321,46.351593048591596],[9.743631603771187,46.35151760217416],[9.754801836305475,46.34574306400714],[9.758229205880513,46.34355143859865],[9.761236248821033,46.34041304597636],[9.762368244002797,46.33946953127109],[9.763502679547624,46.338642974274094],[9.764696400482194,46.33782050663449],[9.765922713450463,46.337299311975926],[9.769582557571367,46.335888776487096],[9.771344374000353,46.33557092263528],[9.774983424161235,46.33500632569457],[9.77639878108394,46.3349427194382],[9.777477478380108,46.334962392073685],[9.778184165683243,46.33531757157621],[9.781563003992646,46.33792695694449],[9.795409498762238,46.34324485521615],[9.80478636085917,46.34596467082686],[9.816895331264078,46.34996018773094],[9.82166379125826,46.351608959470255],[9.825162040228594,46.35104377895161],[9.82707628329473,46.35058895612076],[9.827563874016331,46.35027942849455],[9.827975884299931,46.34948447932835],[9.828299089604013,46.34883414136865],[9.832632441819113,46.34497327576869],[9.833880219662612,46.34418569004765],[9.83482271128317,46.34362083410033],[9.837774725744072,46.341952291054696],[9.840514484993696,46.34123020055427],[9.843041319042706,46.34075180122152],[9.843666165882091,46.34094596049332],[9.845176866718473,46.34095281164946],[9.846821773221937,46.3409181352612],[9.849153967551,46.34042386769268],[9.85393005412006,46.33931733129677],[9.855675933725527,46.33883628327326],[9.858115710307688,46.33759855106375],[9.858951046532788,46.33716032267286],[9.85923845610249,46.33663616249787],[9.859057912294233,46.335530555379144],[9.85875987703964,46.33506479696952],[9.85781352253942,46.33416293007636],[9.858327202754896,46.33221961094649],[9.861176644151682,46.32844527180563],[9.86547162270843,46.32569489847011],[9.870510966174475,46.32239870544532],[9.876442944635444,46.31815047796114],[9.878135557442794,46.316778507438094],[9.879001026599736,46.31571887610086],[9.879472160795194,46.31513026907519],[9.88131925596482,46.31211459903877],[9.881807791156296,46.310994850187996],[9.883747893650117,46.29052322840766],[9.883496896741752,46.29025518021759],[9.882370570774446,46.28964287677089],[9.877886194696238,46.289254356956214],[9.876613068950302,46.28920112600502],[9.875341406373503,46.28923787170199],[9.872820277476636,46.28907714125864],[9.869494173886462,46.28885950111265],[9.865065983907304,46.28790310481359],[9.863450210741735,46.28751931460241],[9.861576363223302,46.286408469890645],[9.860775138261026,46.28581151106678],[9.860429354626774,46.28528313201391],[9.86018219775222,46.284421004059354],[9.86033400921357,46.28333987264082],[9.861010972943777,46.281030807479354],[9.86187380340323,46.278153426017184],[9.862528554263195,46.27195657346278],[9.862532797398753,46.271398538619394],[9.862453122777042,46.269639567339],[9.862325655501238,46.268952101034124],[9.862311487764964,46.26887571541098],[9.862085277667633,46.26851743274918],[9.861323330141657,46.26875716752907],[9.860003462986892,46.26899220435248],[9.8591335062186,46.268962747066496],[9.853098646879365,46.2639229932374],[9.848323052622398,46.25885557194891],[9.847654909900937,46.256763502180156],[9.837093631494456,46.25330430383519],[9.823981969951774,46.24686111989363],[9.822883281987671,46.246257040083805],[9.822235842355289,46.245604977820975],[9.82204038290502,46.24540810544192],[9.820808195706524,46.24367997749404],[9.820277324979868,46.24287378070782],[9.82058627630765,46.241845572558475],[9.820316302522329,46.24113651896529],[9.819582363374883,46.24062878643151],[9.818643484601651,46.24029351062473],[9.817511527728708,46.24005862327747],[9.815939442507249,46.23988085425327],[9.8153626149669,46.24034395995572],[9.809048337808589,46.246688776150506],[9.80499051247638,46.2508483837352],[9.797691359437035,46.249837532326396],[9.796609508738841,46.24948508437445],[9.792603487430544,46.24876592184525],[9.791577067192868,46.248656046986696],[9.785245735849745,46.24860970682032],[9.783198926713588,46.248812747724195],[9.778146813598184,46.24932424463289],[9.776833952533025,46.252069138996376],[9.776507733136162,46.25285435703622],[9.7773669615877,46.25490049575548],[9.780325332104395,46.262179264374886],[9.780047961484438,46.263666133281795],[9.775444258487365,46.26196947076266],[9.774589863154384,46.26119227911806],[9.76648001305549,46.260896083463294],[9.756977544330262,46.2644692205961],[9.751201945373648,46.26807125135381]]]},"properties":{"name":"Chiesa in Valmalenco","op_id":"1807","minint_elettorale":"1030770190","minint_finloc":"1030770190","prov_name":"Sondrio","prov_istat_code":"014","prov_istat_code_num":14,"prov_acr":"SO","prov_iso_3166_2":"IT-SO","reg_name":"Lombardia","reg_istat_code":"03","reg_istat_code_num":3,"reg_iso_3166_2":"IT-25","opdm_id":"1578","com_catasto_code":"C628","com_istat_code":"014019","com_istat_code_num":14019,"prov_uts_code":"014","prov_tipo_uts":"Provincia"}},
{"type":"Feature","geometry":{"type":"Polygon","coordinates":[[[10.006269563912575,46.15750391062715],[9.996615900805459,46.15983781336882],[9.981014819331605,46.16185822605378],[9.980170791329648,46.161739464786045],[9.978590866417726,46.16114637792659],[9.975842974153812,46.160174482490476],[9.975647133467689,46.16015089265404],[9.974610019244276,46.16003199670126],[9.974312997969186,46.16017535046236],[9.974173391207039,46.160242731001546],[9.974116354688334,46.16034761602982],[9.973809862800486,46.16091206138138],[9.973770846517052,46.16100556232602],[9.973489380156142,46.161850570005186],[9.973471487722671,46.16206771123968],[9.973404036238888,46.16288629833436],[9.973572291421881,46.16361387648708],[9.981408695201395,46.168695147244556],[9.990774690194774,46.17448238182259],[9.997002746520103,46.18289725575922],[9.997759955861433,46.18823649098065],[9.999959254844208,46.19375229422134],[10.00118646918849,46.19638756468394],[10.003083229142751,46.19877394163521],[10.006585490029057,46.20531315990243],[10.012135548122549,46.216354808287576],[10.011021350376266,46.2174690183747],[9.997367148626005,46.22668793151754],[9.990255448637678,46.23070973177876],[9.982981132587721,46.23149252104399],[9.978372030095345,46.23119905103001],[9.973527052525764,46.23223041245112],[9.972300432432382,46.23253786263704],[9.966301559783956,46.235819715196875],[9.961206254991358,46.23814866649648],[9.96305787076533,46.24019406668591],[9.97135875797568,46.24752180672541],[9.973689297178968,46.25386492169277],[9.976356170539804,46.26231111397428],[9.975939773385475,46.267363626512015],[9.975458544113629,46.270229697772145],[9.975007852956328,46.27116053227157],[9.97452044684618,46.27221767918253],[9.974538792161168,46.273252524647006],[9.974681325673881,46.27397129168758],[9.975097818040824,46.27476873086244],[9.976054039220777,46.27599356547825],[9.976503415808821,46.27644870822264],[9.97969146711985,46.27690740623319],[9.982412755821667,46.27738805323001],[9.989570984197654,46.27873787839218],[9.994085382624508,46.28048211842413],[9.99827054201483,46.28292960908426],[10.004060348023993,46.282239913196854],[10.027458222305858,46.27773907774752],[10.03010747012072,46.277121253428376],[10.050576358017489,46.26762907202098],[10.055834418000366,46.263692654246285],[10.060315101031836,46.251105271443656],[10.059869782387697,46.24751842549877],[10.05441397012017,46.23900992485655],[10.047772563482404,46.23216800972327],[10.047448020320799,46.22874199473128],[10.0493040299158,46.22746496427819],[10.049657157179304,46.22558074008961],[10.048622961654052,46.22302522035364],[10.047125447329748,46.22064496418926],[10.041032797527826,46.21660561438049],[10.035633385080901,46.21008464534268],[10.032108214915247,46.20390652102617],[10.03015103714354,46.196283164773746],[10.027365774724345,46.18729933906255],[10.018447545850183,46.17731712084111],[10.0155658021811,46.17420172463777],[10.014763749193776,46.1735608486199],[10.013581711973764,46.17339132732497],[10.012370725901947,46.17336086813919],[10.012078714162033,46.173368787485046],[10.010922580879376,46.173199028230975],[10.009812881045324,46.17273183211919],[10.009204870726629,46.17207119424054],[10.008932808443225,46.17136259483902],[10.008784157050144,46.17089209847518],[10.008657831560502,46.17049205139499],[10.00802797880538,46.1679235780494],[10.00735401287654,46.16510840993986],[10.006269563912575,46.15750391062715]]]},"properties":{"name":"Chiuro","op_id":"1808","minint_elettorale":"1030770200","minint_finloc":"1030770200","prov_name":"Sondrio","prov_istat_code":"014","prov_istat_code_num":14,"prov_acr":"SO","prov_iso_3166_2":"IT-SO","reg_name":"Lombardia","reg_istat_code":"03","reg_istat_code_num":3,"reg_iso_3166_2":"IT-25","opdm_id":"1579","com_catasto_code":"C651","com_istat_code":"014020","com_istat_code_num":14020,"prov_uts_code":"014","prov_tipo_uts":"Provincia"}},
{"type":"Feature","geometry":{"type":"Polygon","coordinates":[[[9.49571272511277,46.18277710133484],[9.496210337627344,46.181928904423685],[9.49666496096071,46.18061291255838],[9.498455857441785,46.175196111287484],[9.498226921445694,46.17423410956737],[9.497893635672723,46.17319157091162],[9.497896843064963,46.169222663439434],[9.498125267423966,46.16582865939657],[9.499247797607888,46.15961373901233],[9.499646523405731,46.15930598704005],[9.50139391960171,46.15919034287502],[9.502973316172977,46.15911138923555],[9.503540116308832,46.15877590077993],[9.503327661087617,46.15820083406401],[9.502365204584194,46.15776400668708],[9.50180816555372,46.15761867604614],[9.501313726527282,46.15748968867588],[9.4998602444332,46.157163041496986],[9.49689331274,46.15704097680851],[9.492204971379158,46.15585525689348],[9.486009482968853,46.15473426925017],[9.485412043393966,46.154633311867926],[9.485055501105995,46.154585335503654],[9.482809117056076,46.15483332857287],[9.48160844581919,46.155261388762725],[9.47922499795911,46.15669342297523],[9.477914939647219,46.157958906428796],[9.475155309884244,46.166871442461115],[9.475044944491286,46.16759191211867],[9.474544213419664,46.16961899229274],[9.474445383282543,46.16995810192822],[9.47400303891323,46.17147516992772],[9.473371244832752,46.17181979381942],[9.47200225993665,46.172311451838475],[9.471839085820069,46.172357118678384],[9.47047719354498,46.172731740622574],[9.46367790331328,46.17450553737207],[9.472274431312085,46.1773851596569],[9.47408628142478,46.17814384274711],[9.475268897296194,46.17856194736933],[9.47641146490596,46.1788451911311],[9.477851758675564,46.17909116373894],[9.482570423425571,46.17938634547005],[9.487960386903259,46.179399463076294],[9.489633524940103,46.17959931883495],[9.490764067611968,46.179972474952734],[9.492182438415012,46.18065936463536],[9.493458030513981,46.18131087526957],[9.494891140937836,46.18218666994566],[9.49571272511277,46.18277710133484]]]},"properties":{"name":"Cino","op_id":"1809","minint_elettorale":"1030770210","minint_finloc":"1030770210","prov_name":"Sondrio","prov_istat_code":"014","prov_istat_code_num":14,"prov_acr":"SO","prov_iso_3166_2":"IT-SO","reg_name":"Lombardia","reg_istat_code":"03","reg_istat_code_num":3,"reg_iso_3166_2":"IT-25","opdm_id":"1580","com_catasto_code":"C709","com_istat_code":"014021","com_istat_code_num":14021,"prov_uts_code":"014","prov_tipo_uts":"Provincia"}},
{"type":"Feature","geometry":{"type":"Polygon","coordinates":[[[9.625478936955977,46.18839584740371],[9.625527837440174,46.18801567165438],[9.625571838110197,46.187495145891766],[9.625605057340906,46.18703623954742],[9.625550432265632,46.18639155111597],[9.625530380948394,46.18616365303173],[9.624614001623211,46.18305464899274],[9.621397893191977,46.17821218461462],[9.62041015366719,46.17678654149856],[9.6190487254861,46.17438190410901],[9.619304336205602,46.17060952409398],[9.619445246447198,46.16931274673519],[9.620322923995312,46.1667339139211],[9.620238323005088,46.16612235524927],[9.620099995614817,46.16534009314158],[9.620024764322064,46.165056997046044],[9.619910676193223,46.16463011983927],[9.619346768552159,46.16401216293914],[9.61666669026774,46.16295565671498],[9.616095233992388,46.16280573803725],[9.61415003691649,46.16377022738899],[9.613583563831106,46.16407927928411],[9.61037613089453,46.1656894427807],[9.602879041861199,46.16594523392855],[9.599003471956022,46.16451660747905],[9.596089793004804,46.16338878983038],[9.596045306388579,46.16334796242055],[9.595592659543582,46.162932384708625],[9.593846551813195,46.16075444738884],[9.593556113182112,46.16024295409831],[9.593732495011508,46.15978304239],[9.594455211733834,46.1595452906515],[9.595575317197918,46.157721466350594],[9.595706699145218,46.15669477677794],[9.595635549910128,46.156101137176286],[9.595471491565977,46.15530098778772],[9.594507302768045,46.153559968005275],[9.589757585499406,46.15263058135516],[9.585125892677521,46.153050379019994],[9.583210716161723,46.15318616793353],[9.575891503584533,46.15048722007309],[9.572576448007302,46.148001767057565],[9.57015812225368,46.14579982300773],[9.564689529364372,46.14537696749218],[9.552651783657993,46.148352100814634],[9.553296832541283,46.148681240745404],[9.554709133904879,46.14949409503758],[9.554736469586537,46.14952071705333],[9.555389229403442,46.15015683791353],[9.561019281464255,46.15624034395289],[9.561546349397993,46.15712876272408],[9.561742220263305,46.158558813613176],[9.562331986245951,46.16305591254519],[9.562381392034396,46.16409068580968],[9.561516245826793,46.16691187725525],[9.558844584794441,46.17426001071943],[9.555503617777122,46.18214219488156],[9.553994181954614,46.189241510947625],[9.5538650203841,46.19314816238577],[9.556254112447402,46.19359559855258],[9.558955633377828,46.19417640980408],[9.561204612690489,46.19485839644807],[9.56424587793197,46.19823638231843],[9.563985035899101,46.19934467442528],[9.563646505616301,46.200462325428674],[9.562835398056109,46.200997327006924],[9.561796464929168,46.20334243030069],[9.560401503491413,46.20765127302753],[9.560463144699005,46.20861396625647],[9.560674291449063,46.21152891715878],[9.56092680858448,46.2121396487828],[9.566564706554882,46.212003805291374],[9.570711027918879,46.21179417990384],[9.579500796574736,46.20934697194112],[9.585053552591827,46.20732068577642],[9.603770802067016,46.19773743941077],[9.612554605731592,46.19041870205399],[9.613143778068983,46.1897945507748],[9.614293434050566,46.18946438090912],[9.615535288897043,46.189268699541195],[9.619273952055467,46.1886995099032],[9.62058088128901,46.18853042404271],[9.625478936955977,46.18839584740371]]]},"properties":{"name":"Civo","op_id":"1810","minint_elettorale":"1030770220","minint_finloc":"1030770220","prov_name":"Sondrio","prov_istat_code":"014","prov_istat_code_num":14,"prov_acr":"SO","prov_iso_3166_2":"IT-SO","reg_name":"Lombardia","reg_istat_code":"03","reg_istat_code_num":3,"reg_iso_3166_2":"IT-25","opdm_id":"1581","com_catasto_code":"C785","com_istat_code":"014022","com_istat_code_num":14022,"prov_uts_code":"014","prov_tipo_uts":"Provincia"}},
{"type":"Feature","geometry":{"type":"Polygon","coordinates":[[[9.699825324990776,46.16833581273583],[9.702655892495901,46.165807429726826],[9.702986580456882,46.161260372224824],[9.703104832446007,46.16059821648272],[9.703131478183654,46.16044932385182],[9.706958257736963,46.15990372402743],[9.708459170590745,46.15978643655721],[9.710118299157626,46.15977614173764],[9.71034997929994,46.15977470225624],[9.712500855262254,46.15984230622684],[9.719483282414393,46.15995157580078],[9.724889653858499,46.159901121124264],[9.730516247471593,46.15980059011503],[9.73469860418816,46.159719797380085],[9.736407367447978,46.15965479579912],[9.738866652591732,46.15953992745046],[9.74115746397074,46.15941708412869],[9.741085426073768,46.158662413024956],[9.741120478785675,46.15841453388118],[9.741156194877037,46.15821618079489],[9.741345765721023,46.157612748701546],[9.743822612016192,46.15311536856554],[9.744262514536194,46.152414544943035],[9.744923301175914,46.151488698959064],[9.745969754130115,46.15014928757953],[9.746400411593234,46.149592406275815],[9.746665902154495,46.14916627268506],[9.747106303167163,46.14820949108623],[9.747378943904268,46.14743921832492],[9.747542718709957,46.14696467516539],[9.74779341790424,46.14539702132771],[9.747943965525867,46.14312801310881],[9.747969525209568,46.14214683059358],[9.746683104795231,46.13893320488702],[9.746411579650328,46.13610871952029],[9.747682713940126,46.130547361032555],[9.748092358655713,46.129830330237816],[9.748188516377665,46.129662034032265],[9.748815196137334,46.129099931545774],[9.74961037791278,46.12855471108348],[9.750278519551072,46.126282297542076],[9.750879313633382,46.122867303458825],[9.750850239140181,46.12263349698537],[9.750057030375407,46.12235971900859],[9.74133608536933,46.11966258022509],[9.735452027255263,46.119043593091426],[9.726907699330413,46.11787422053087],[9.723249991401941,46.115278392214975],[9.721818972960737,46.11570142153713],[9.716166832676823,46.117951001917994],[9.712843328596264,46.12015879980605],[9.70197764727996,46.12852863866924],[9.701413738616502,46.129229611480504],[9.700229603000809,46.13078490077553],[9.698202614854809,46.135015595710584],[9.696517914645343,46.14029377083272],[9.695987831463142,46.144464032443324],[9.694658032052592,46.14991716218264],[9.693301917399792,46.152265420362845],[9.69269277154442,46.1532591211228],[9.691913143396894,46.15408284631392],[9.690783719326141,46.15489967672146],[9.690025891508382,46.1553992678826],[9.689012049077942,46.15614338632862],[9.688512648558854,46.15653339618456],[9.688375212861242,46.157002233839854],[9.688133422779856,46.15806249083142],[9.688100564655517,46.15887578459016],[9.688350656877004,46.16052833750609],[9.689647211450513,46.1650539251763],[9.691374841841341,46.165882432525905],[9.695551264068605,46.16531086012017],[9.696197164602317,46.16517191303687],[9.69742829917968,46.16521841350087],[9.698572302101551,46.165544441994065],[9.69916083085674,46.16599084392344],[9.699436707688626,46.166295147320156],[9.699635094578404,46.16661793264923],[9.6998212225739,46.166994798707854],[9.699965086851591,46.16742141302505],[9.699899241430519,46.168038332429234],[9.699825324990776,46.16833581273583]]]},"properties":{"name":"Colorina","op_id":"1811","minint_elettorale":"1030770230","minint_finloc":"1030770230","prov_name":"Sondrio","prov_istat_code":"014","prov_istat_code_num":14,"prov_acr":"SO","prov_iso_3166_2":"IT-SO","reg_name":"Lombardia","reg_istat_code":"03","reg_istat_code_num":3,"reg_iso_3166_2":"IT-25","opdm_id":"1582","com_catasto_code":"C903","com_istat_code":"014023","com_istat_code_num":14023,"prov_uts_code":"014","prov_tipo_uts":"Provincia"}},
{"type":"Feature","geometry":{"type":"Polygon","coordinates":[[[9.565639448570879,46.11673411976293],[9.56212459593419,46.114708431309396],[9.559264682901341,46.112157429953065],[9.558245186487412,46.111154409190654],[9.557520964151575,46.10991592369872],[9.556965898991386,46.10876661382004],[9.556732182171867,46.10739972903304],[9.556903691976965,46.1064448768761],[9.557322907687873,46.105668841361634],[9.553842961147595,46.1057308110036],[9.55314266855197,46.10557220217626],[9.533220390231651,46.10061771664155],[9.522521625087053,46.09798498822835],[9.515246347801698,46.09332895412286],[9.514153553424395,46.09266787828978],[9.512919417987735,46.09210640881892],[9.510923056043325,46.09164733618567],[9.509162457833561,46.091502204129924],[9.507727147793513,46.09156257747612],[9.503720829022644,46.09195845716875],[9.503615323214811,46.093147001210845],[9.502681287823133,46.098551220842275],[9.499689928429262,46.102533394799615],[9.49890270964989,46.11278804456683],[9.499652648829002,46.119912625309915],[9.496022397818267,46.1249685007138],[9.492529350048013,46.12951963675003],[9.491500434172979,46.13753421785735],[9.490816224523568,46.139211164551],[9.489750008378037,46.14047652077697],[9.490352132970457,46.14008041032814],[9.492195336614172,46.139823267748035],[9.491393724145693,46.1443751044547],[9.496794793862582,46.14905463498599],[9.498799789183854,46.15018353071551],[9.500241641490879,46.14925020501254],[9.500889874288816,46.14645749540975],[9.50101058282658,46.144062947680226],[9.50489509482877,46.14124677729844],[9.5121005681959,46.14105048533508],[9.519954703420332,46.14007218321876],[9.525263949718447,46.13880589623335],[9.527258230089666,46.13852579536862],[9.527394343871123,46.13850688546877],[9.527720548956845,46.13846158618926],[9.528154487891474,46.13844172125806],[9.530127607598208,46.13835144863568],[9.53137980567372,46.13837094918352],[9.53191471979073,46.13837928578275],[9.536596782287367,46.139156695343495],[9.536885831228457,46.13923744007724],[9.537296208801745,46.13935527943506],[9.550034802901656,46.14306341520898],[9.557561810168687,46.14477295224078],[9.558750796232232,46.140690273478455],[9.563343583971887,46.13092050266622],[9.566032410390779,46.120980266058915],[9.565639448570879,46.11673411976293]]]},"properties":{"name":"Cosio Valtellino","op_id":"1812","minint_elettorale":"1030770240","minint_finloc":"1030770240","prov_name":"Sondrio","prov_istat_code":"014","prov_istat_code_num":14,"prov_acr":"SO","prov_iso_3166_2":"IT-SO","reg_name":"Lombardia","reg_istat_code":"03","reg_istat_code_num":3,"reg_iso_3166_2":"IT-25","opdm_id":"1583","com_catasto_code":"D088","com_istat_code":"014024","com_istat_code_num":14024,"prov_uts_code":"014","prov_tipo_uts":"Provincia"}},
{"type":"Feature","geometry":{"type":"Polygon","coordinates":[[[9.620322923995312,46.1667339139211],[9.62925915748597,46.165460999187175],[9.63092941872622,46.16428168986983],[9.631381902578003,46.16306426980974],[9.632255761468178,46.15793839502564],[9.632566040984667,46.15449866639258],[9.633297877470465,46.15394561400581],[9.634097846349677,46.153698094033054],[9.634627934663852,46.153623138730836],[9.635120232913797,46.15363841287113],[9.635651973226647,46.15370744920695],[9.630319722441154,46.15058701261583],[9.629022008771312,46.151485137556435],[9.621803277122277,46.154431636450845],[9.620847169123312,46.15462585653019],[9.620044370806628,46.15463922661734],[9.603158600522384,46.15480156867674],[9.594507302768045,46.153559968005275],[9.595471491565977,46.15530098778772],[9.595635549910128,46.156101137176286],[9.595706699145218,46.15669477677794],[9.595575317197918,46.157721466350594],[9.594455211733834,46.1595452906515],[9.593732495011508,46.15978304239],[9.593556113182112,46.16024295409831],[9.593846551813195,46.16075444738884],[9.595592659543582,46.162932384708625],[9.596045306388579,46.16334796242055],[9.596089793004804,46.16338878983038],[9.599003471956022,46.16451660747905],[9.602879041861199,46.16594523392855],[9.61037613089453,46.1656894427807],[9.613583563831106,46.16407927928411],[9.61415003691649,46.16377022738899],[9.616095233992388,46.16280573803725],[9.61666669026774,46.16295565671498],[9.619346768552159,46.16401216293914],[9.619910676193223,46.16463011983927],[9.620024764322064,46.165056997046044],[9.620099995614817,46.16534009314158],[9.620238323005088,46.16612235524927],[9.620322923995312,46.1667339139211]]]},"properties":{"name":"Dazio","op_id":"1813","minint_elettorale":"1030770250","minint_finloc":"1030770250","prov_name":"Sondrio","prov_istat_code":"014","prov_istat_code_num":14,"prov_acr":"SO","prov_iso_3166_2":"IT-SO","reg_name":"Lombardia","reg_istat_code":"03","reg_istat_code_num":3,"reg_iso_3166_2":"IT-25","opdm_id":"1584","com_catasto_code":"D258","com_istat_code":"014025","com_istat_code_num":14025,"prov_uts_code":"014","prov_tipo_uts":"Provincia"}},
{"type":"Feature","geometry":{"type":"Polygon","coordinates":[[[9.465468123129149,46.14739906976711],[9.465478344122161,46.147243036216814],[9.46550595277179,46.147038917097404],[9.465757689048852,46.14617392117233],[9.467946770536528,46.14321294182944],[9.469729989053144,46.141270591760176],[9.471295342767586,46.141120156370874],[9.472458814438546,46.14090836124449],[9.472640411160553,46.14082423150033],[9.472948861027536,46.14068132332614],[9.471278820679307,46.137664197592436],[9.470203289602109,46.13603063015791],[9.469600465739024,46.1351691009559],[9.465774376746387,46.129721765319985],[9.46396879074082,46.12432035192939],[9.463637903706324,46.1219363836779],[9.464002544074976,46.119117854253794],[9.46448783986639,46.116802862332],[9.465745293765288,46.11398071220757],[9.466667665789787,46.112869948342635],[9.466928040887424,46.112686660238516],[9.467683850482995,46.112154712665],[9.469680334832114,46.11105751294982],[9.470720164870599,46.1085601895995],[9.470708414751424,46.10414118010047],[9.467605914173065,46.09834883769515],[9.466482263387729,46.097039410419264],[9.464626667444039,46.094832937966274],[9.464260149103893,46.094321419109114],[9.46605403361277,46.090741055638055],[9.46646135804688,46.08995638999886],[9.469148226933244,46.08644448215558],[9.46798098143013,46.08300228496441],[9.464624751707644,46.08070294161665],[9.459136929474454,46.07864607916348],[9.456680166555712,46.07735320726957],[9.430548531516898,46.086101242658465],[9.415001832068329,46.09479888956597],[9.41891031535844,46.10013971913977],[9.425112857678542,46.112617985000135],[9.436434188259453,46.127940583061196],[9.438400547172431,46.12952690511103],[9.438836163608,46.13021174695918],[9.439034155163194,46.1317588770305],[9.439094169203031,46.13249170477033],[9.439119700308137,46.13280803558371],[9.438237163690822,46.13796660386824],[9.436550568805615,46.14046127416018],[9.434960276331916,46.142465638132364],[9.43037225888228,46.14473852564049],[9.428964206666397,46.14725358535091],[9.428069813955197,46.149264336533605],[9.432264828280267,46.148483459159394],[9.434127264395654,46.14819741285248],[9.435877606527733,46.14847875412622],[9.437268674668177,46.149175428232354],[9.444780864021096,46.147769437972684],[9.446574436074018,46.14538643427185],[9.447703941007802,46.14415801155329],[9.448994974159552,46.14369395126801],[9.450185933949387,46.14366226407394],[9.451961232742548,46.143835248648934],[9.452285513482327,46.14390597967135],[9.453025445698307,46.14413704575272],[9.453715520419202,46.14460231903635],[9.454512440420833,46.14546315896871],[9.455116057699556,46.146432756384705],[9.455732936698487,46.14743829627379],[9.456414298969541,46.14840759453534],[9.457521201515556,46.149159163519364],[9.459068161287611,46.14988196934638],[9.460545996650357,46.15007402211323],[9.461553466692855,46.14976396818343],[9.465468123129149,46.14739906976711]]]},"properties":{"name":"Delebio","op_id":"1814","minint_elettorale":"1030770260","minint_finloc":"1030770260","prov_name":"Sondrio","prov_istat_code":"014","prov_istat_code_num":14,"prov_acr":"SO","prov_iso_3166_2":"IT-SO","reg_name":"Lombardia","reg_istat_code":"03","reg_istat_code_num":3,"reg_iso_3166_2":"IT-25","opdm_id":"1585","com_catasto_code":"D266","com_istat_code":"014026","com_istat_code_num":14026,"prov_uts_code":"014","prov_tipo_uts":"Provincia"}},
{"type":"Feature","geometry":{"type":"Polygon","coordinates":[[[9.421553264094843,46.1494564436388],[9.424198065114442,46.15507405518959],[9.424171004158445,46.156168627230635],[9.424135700465943,46.15917090065037],[9.42412121376152,46.16130457226412],[9.42424646568521,46.16561212565754],[9.42425995454548,46.16601221878287],[9.424470449766075,46.17177173520103],[9.424855539257775,46.18875060023682],[9.424880690778004,46.1898614465476],[9.424869517014466,46.18992881208002],[9.42544886052287,46.189864185394086],[9.426782048630661,46.18966120044493],[9.430766762371023,46.18880930300067],[9.443998512716945,46.18593296053734],[9.444030126680337,46.18591851955069],[9.444555427009577,46.18567856046988],[9.451972259038318,46.182728966642635],[9.464580179021908,46.18010893839042],[9.472274431312085,46.1773851596569],[9.46367790331328,46.17450553737207],[9.464394259052158,46.17187466670089],[9.467914773317853,46.15775724652224],[9.468466263372344,46.14948398727914],[9.467971298537256,46.14799544163943],[9.467801721236437,46.14748857563308],[9.465468123129149,46.14739906976711],[9.461553466692855,46.14976396818343],[9.460545996650357,46.15007402211323],[9.459068161287611,46.14988196934638],[9.457521201515556,46.149159163519364],[9.456414298969541,46.14840759453534],[9.455732936698487,46.14743829627379],[9.455116057699556,46.146432756384705],[9.454512440420833,46.14546315896871],[9.453715520419202,46.14460231903635],[9.453025445698307,46.14413704575272],[9.452285513482327,46.14390597967135],[9.451961232742548,46.143835248648934],[9.450185933949387,46.14366226407394],[9.448994974159552,46.14369395126801],[9.447703941007802,46.14415801155329],[9.446574436074018,46.14538643427185],[9.444780864021096,46.147769437972684],[9.437268674668177,46.149175428232354],[9.435877606527733,46.14847875412622],[9.434127264395654,46.14819741285248],[9.432264828280267,46.148483459159394],[9.428069813955197,46.149264336533605],[9.421553264094843,46.1494564436388]]]},"properties":{"name":"Dubino","op_id":"1815","minint_elettorale":"1030770270","minint_finloc":"1030770270","prov_name":"Sondrio","prov_istat_code":"014","prov_istat_code_num":14,"prov_acr":"SO","prov_iso_3166_2":"IT-SO","reg_name":"Lombardia","reg_istat_code":"03","reg_istat_code_num":3,"reg_iso_3166_2":"IT-25","opdm_id":"1586","com_catasto_code":"D377","com_istat_code":"014027","com_istat_code_num":14027,"prov_uts_code":"014","prov_tipo_uts":"Provincia"}},
{"type":"Feature","geometry":{"type":"Polygon","coordinates":[[[9.891292699102946,46.11923958425673],[9.89134726411895,46.123424232572404],[9.89076071722258,46.12557983131349],[9.890523906647612,46.127750708616226],[9.890476289686804,46.128813090359614],[9.890447580062652,46.130244337377036],[9.890522702402704,46.13169276468458],[9.890809464538231,46.132617542981414],[9.891483095104388,46.13344931639834],[9.894402044503847,46.13701768188592],[9.898071907646456,46.14202169801823],[9.899078165644573,46.14669233914931],[9.89916248094132,46.14868970643183],[9.898812106466096,46.149439462945516],[9.898209678604758,46.15819171298572],[9.898012526122347,46.16320647046669],[9.910767376058557,46.161422593102714],[9.911735980804561,46.1612528689752],[9.912737633614698,46.16073187199756],[9.91394798030149,46.15997725163573],[9.914160521837584,46.15982961392898],[9.918327963434765,46.154198160749175],[9.918624461976892,46.151783720802314],[9.918560545527182,46.15105522322637],[9.913140085747186,46.146688626599826],[9.909273119396044,46.14225539749101],[9.905170044151731,46.136806906009355],[9.902905538911291,46.13124459443749],[9.899178333996945,46.1242448950852],[9.897205956745804,46.12075033916399],[9.896654693081176,46.12027765647262],[9.892289418041747,46.119249806229504],[9.891292699102946,46.11923958425673]]]},"properties":{"name":"Faedo Valtellino","op_id":"1816","minint_elettorale":"1030770280","minint_finloc":"1030770280","prov_name":"Sondrio","prov_istat_code":"014","prov_istat_code_num":14,"prov_acr":"SO","prov_iso_3166_2":"IT-SO","reg_name":"Lombardia","reg_istat_code":"03","reg_istat_code_num":3,"reg_iso_3166_2":"IT-25","opdm_id":"1587","com_catasto_code":"D456","com_istat_code":"014028","com_istat_code_num":14028,"prov_uts_code":"014","prov_tipo_uts":"Provincia"}},
{"type":"Feature","geometry":{"type":"Polygon","coordinates":[[[9.646374816582254,46.154871390594536],[9.647011992081438,46.15488577620887],[9.647914954341354,46.154925654254846],[9.649197084731842,46.15513438551424],[9.650283974298048,46.15553321577856],[9.654757697290682,46.157514695982165],[9.658320011853872,46.160347344792704],[9.660638734773842,46.16267397710678],[9.660359180530603,46.164885103808906],[9.660727327954122,46.16500448063655],[9.661048162909664,46.165025111611875],[9.670192216663315,46.16556138043384],[9.6756407104174,46.165178228880634],[9.68019214787403,46.16663617264113],[9.68329865847952,46.16434971119789],[9.686695283547127,46.16383339093447],[9.689647211450513,46.1650539251763],[9.688350656877004,46.16052833750609],[9.688100564655517,46.15887578459016],[9.688133422779856,46.15806249083142],[9.688375212861242,46.157002233839854],[9.688512648558854,46.15653339618456],[9.689012049077942,46.15614338632862],[9.690025891508382,46.1553992678826],[9.690783719326141,46.15489967672146],[9.691913143396894,46.15408284631392],[9.69269277154442,46.1532591211228],[9.693301917399792,46.152265420362845],[9.694658032052592,46.14991716218264],[9.695987831463142,46.144464032443324],[9.696517914645343,46.14029377083272],[9.698202614854809,46.135015595710584],[9.700229603000809,46.13078490077553],[9.701413738616502,46.129229611480504],[9.70197764727996,46.12852863866924],[9.712843328596264,46.12015879980605],[9.716166832676823,46.117951001917994],[9.721818972960737,46.11570142153713],[9.723249991401941,46.115278392214975],[9.722326735065538,46.104043064533535],[9.720529084430938,46.10410840118214],[9.71272686962133,46.107109360109],[9.694454734881793,46.11624896317601],[9.681034787444787,46.12362890890307],[9.674394770933278,46.12786232603683],[9.669374022120115,46.13304384266514],[9.661573589368281,46.13706336083973],[9.654320138446735,46.14660919457897],[9.653982147211115,46.149779152106966],[9.65325345005535,46.150575310385285],[9.650179263387995,46.15233885757048],[9.649214428764173,46.15288434798692],[9.648103540952288,46.15312464694263],[9.647767120094326,46.15314459370556],[9.646374816582254,46.154871390594536]]]},"properties":{"name":"Forcola","op_id":"1817","minint_elettorale":"1030770290","minint_finloc":"1030770290","prov_name":"Sondrio","prov_istat_code":"014","prov_istat_code_num":14,"prov_acr":"SO","prov_iso_3166_2":"IT-SO","reg_name":"Lombardia","reg_istat_code":"03","reg_istat_code_num":3,"reg_iso_3166_2":"IT-25","opdm_id":"1588","com_catasto_code":"D694","com_istat_code":"014029","com_istat_code_num":14029,"prov_uts_code":"014","prov_tipo_uts":"Provincia"}},
{"type":"Feature","geometry":{"type":"Polygon","coordinates":[[[9.74115746397074,46.15941708412869],[9.752522891961927,46.15896484002064],[9.7541033293325,46.158990421612614],[9.755746808498424,46.158889563742456],[9.75790705407736,46.158695253129274],[9.76002632390714,46.15834818730216],[9.761628558053221,46.158076523877135],[9.765523681455628,46.15731700608354],[9.763249373929693,46.15539279483911],[9.762763882347723,46.154937038757105],[9.762577890689506,46.154596270239],[9.761995332313083,46.152737145757385],[9.761938074262645,46.15234153143669],[9.765421511403582,46.14579319810433],[9.771110377372791,46.13406376838921],[9.77870108083752,46.12243820563237],[9.785447295654972,46.11353590358042],[9.786344633519654,46.1129357171622],[9.786801617284947,46.1123115704107],[9.789602484135058,46.108179185280896],[9.790816387035687,46.10619977199561],[9.79249604308173,46.10241707504559],[9.793347619909104,46.100449139249875],[9.79373860439303,46.098844398415046],[9.794225938740434,46.09674396865887],[9.794456975480745,46.09571634556385],[9.79571232588003,46.08945250816202],[9.79638687587459,46.08599174319349],[9.797863838465947,46.07718826052831],[9.798449258441416,46.07294507188345],[9.798928501824566,46.06941365029688],[9.798761909076399,46.06862279212135],[9.797738309307109,46.068592739480444],[9.797400344490102,46.068353307510364],[9.797699673909435,46.06579515749455],[9.798680033487617,46.058462137371116],[9.79924992903249,46.05584808158692],[9.800522742563782,46.05283267454443],[9.797939576730089,46.05283315649538],[9.792753967745579,46.05359826572068],[9.789124989488064,46.055657419678845],[9.785315376252564,46.05776271196748],[9.783031990282797,46.059020412161296],[9.780541040188082,46.06023447193239],[9.778254405906917,46.061276088868844],[9.774613029697518,46.06252486911548],[9.771793116801009,46.06335395912645],[9.770131418159993,46.0637971695209],[9.766429136255082,46.06440708394346],[9.765336214133018,46.06391039065364],[9.764346825831796,46.063421991203136],[9.751132722072452,46.061484551013876],[9.745870187400946,46.062761714483685],[9.745481648153158,46.063312622474925],[9.745293060927905,46.06370987331778],[9.74455862660023,46.06678371204234],[9.744619078569992,46.068394366509516],[9.746140118726105,46.07283953878353],[9.746070737929024,46.08016614381623],[9.745993312521472,46.08113866209841],[9.74587490032494,46.08194946397991],[9.745443818688504,46.08259128900328],[9.743706857173906,46.08423161986877],[9.74187651155996,46.08566555156309],[9.73972236817209,46.087074547995044],[9.72839951884263,46.0965254355234],[9.725304984962131,46.10126118541392],[9.722326735065538,46.104043064533535],[9.723249991401941,46.115278392214975],[9.726907699330413,46.11787422053087],[9.735452027255263,46.119043593091426],[9.74133608536933,46.11966258022509],[9.750057030375407,46.12235971900859],[9.750850239140181,46.12263349698537],[9.750879313633382,46.122867303458825],[9.750278519551072,46.126282297542076],[9.74961037791278,46.12855471108348],[9.748815196137334,46.129099931545774],[9.748188516377665,46.129662034032265],[9.748092358655713,46.129830330237816],[9.747682713940126,46.130547361032555],[9.746411579650328,46.13610871952029],[9.746683104795231,46.13893320488702],[9.747969525209568,46.14214683059358],[9.747943965525867,46.14312801310881],[9.74779341790424,46.14539702132771],[9.747542718709957,46.14696467516539],[9.747378943904268,46.14743921832492],[9.747106303167163,46.14820949108623],[9.746665902154495,46.14916627268506],[9.746400411593234,46.149592406275815],[9.745969754130115,46.15014928757953],[9.744923301175914,46.151488698959064],[9.744262514536194,46.152414544943035],[9.743822612016192,46.15311536856554],[9.741345765721023,46.157612748701546],[9.741156194877037,46.15821618079489],[9.741120478785675,46.15841453388118],[9.741085426073768,46.158662413024956],[9.74115746397074,46.15941708412869]]]},"properties":{"name":"Fusine","op_id":"1818","minint_elettorale":"1030770300","minint_finloc":"1030770300","prov_name":"Sondrio","prov_istat_code":"014","prov_istat_code_num":14,"prov_acr":"SO","prov_iso_3166_2":"IT-SO","reg_name":"Lombardia","reg_istat_code":"03","reg_istat_code_num":3,"reg_iso_3166_2":"IT-25","opdm_id":"1589","com_catasto_code":"D830","com_istat_code":"014030","com_istat_code_num":14030,"prov_uts_code":"014","prov_tipo_uts":"Provincia"}},
{"type":"Feature","geometry":{"type":"Polygon","coordinates":[[[9.557346038545912,46.08228634209128],[9.55745557079568,46.08031480047576],[9.557511999278306,46.07949550219932],[9.557958985270314,46.07893531822524],[9.562042785760871,46.0748202309863],[9.565912665518878,46.0675559239397],[9.565990479181982,46.06631350894213],[9.566459185482731,46.06536615828357],[9.566980902194883,46.06454456510376],[9.56791389329093,46.063486908168386],[9.568719528643017,46.06261888357374],[9.576975397312081,46.05796481355671],[9.58412872910615,46.057518965581586],[9.58526927171582,46.05779212306157],[9.587245471756091,46.058844025392],[9.58823549631741,46.05954994652073],[9.589726307858303,46.059929270202744],[9.5913560512986,46.060001877223925],[9.591944006523498,46.05936880596546],[9.5960052798319,46.05473059951693],[9.596704423685862,46.0536289125049],[9.599122171830086,46.04910074981619],[9.60154418707803,46.04576434627094],[9.602271877507084,46.04493249178439],[9.604054225063908,46.043627076948674],[9.600972824012112,46.0371721646147],[9.600276124439603,46.033701704374245],[9.595418290484073,46.02897499490977],[9.59299908933565,46.02749352282155],[9.587315563491046,46.0239857675196],[9.58339531224476,46.02346585077078],[9.578499893218615,46.021105657708866],[9.5734232402434,46.02116724107839],[9.567005921587354,46.02278331388817],[9.560457378831625,46.022959603458695],[9.559201689318053,46.02271374430988],[9.557725566193296,46.02238795515935],[9.556663047185415,46.022078123909296],[9.555869133730184,46.02149697592593],[9.555547717087258,46.020364495892665],[9.555496429391019,46.01911371043613],[9.555199531516163,46.0178461282282],[9.554776885957548,46.01692115277192],[9.554055699449801,46.015853608946365],[9.553416755947321,46.01519579933272],[9.553377012312163,46.01515488184666],[9.552389991721604,46.01462865129867],[9.551235263208772,46.0141212128675],[9.547354903573396,46.01360883837827],[9.545830436186762,46.01358912644957],[9.54030571121001,46.014002384836274],[9.538203187703827,46.01431832301249],[9.536761179989034,46.01481111544316],[9.535237812137458,46.014908265891414],[9.534320855626516,46.014930547280265],[9.533544340558855,46.01478118461304],[9.532830158448103,46.01439748857465],[9.532569153867517,46.01411971002961],[9.531755078201465,46.01139640646925],[9.526899310288213,46.01150889670886],[9.525336297861564,46.01696124947624],[9.5237400697674,46.024402802205],[9.523893089764224,46.02555413257056],[9.523710661390085,46.026760990299856],[9.523316156958302,46.02876985645037],[9.522888075926309,46.029959846893355],[9.522215389271983,46.031249971173075],[9.519489827130517,46.034106452757314],[9.518324531842815,46.03524578332424],[9.514403776362526,46.03886358132218],[9.511812642702207,46.04096328038919],[9.51087535670642,46.0416334764618],[9.508674097550427,46.04258832597733],[9.505851655113757,46.043464875004894],[9.504124436107595,46.043976524352374],[9.503325902482862,46.04428603997368],[9.50222070343603,46.0449839255205],[9.501800237175662,46.04565179160818],[9.501613516503708,46.0464446173091],[9.501830023657586,46.0475147013894],[9.502600689257772,46.048402340137464],[9.50396706822118,46.049413351389234],[9.50509955189811,46.05028136749461],[9.50610483730192,46.05137494066502],[9.506852313615243,46.05254166315854],[9.508801014455747,46.05641208917738],[9.509328846264413,46.05757975404885],[9.509701414448188,46.05873011902557],[9.509985827702744,46.061536915888745],[9.50983978480876,46.06252758962827],[9.509144300057455,46.062818696300944],[9.507595260890417,46.06308658910428],[9.505800816982227,46.06338255062694],[9.502059672730788,46.06587339068969],[9.50300942783484,46.06637393011357],[9.504865708657029,46.06717577467499],[9.507823879071653,46.06827869538228],[9.524856503133524,46.07408786758696],[9.531109753123935,46.07619201052525],[9.53250964920029,46.076527508800666],[9.533861336888,46.0767192167017],[9.53698931645743,46.07703765182322],[9.541429926407313,46.07752972999308],[9.547243929633131,46.07826703887081],[9.55250959995518,46.07976280182023],[9.557346038545912,46.08228634209128]]]},"properties":{"name":"Gerola Alta","op_id":"1819","minint_elettorale":"1030770310","minint_finloc":"1030770310","prov_name":"Sondrio","prov_istat_code":"014","prov_istat_code_num":14,"prov_acr":"SO","prov_iso_3166_2":"IT-SO","reg_name":"Lombardia","reg_istat_code":"03","reg_istat_code_num":3,"reg_iso_3166_2":"IT-25","opdm_id":"1590","com_catasto_code":"D990","com_istat_code":"014031","com_istat_code_num":14031,"prov_uts_code":"014","prov_tipo_uts":"Provincia"}},
{"type":"Feature","geometry":{"type":"Polygon","coordinates":[[[9.309715040609154,46.237314772968595],[9.30728223072162,46.23628655726432],[9.302984602619874,46.23558703812113],[9.292812200263684,46.23684654036579],[9.28599973347261,46.238240771124346],[9.284461744836427,46.238514597394705],[9.278118459322732,46.239394195026506],[9.276632774979863,46.23952379994169],[9.27521391915399,46.23956322049731],[9.273755796629631,46.23920672958586],[9.272883514080718,46.23887582677821],[9.27216767324721,46.23837353382607],[9.268497053271819,46.236204236592236],[9.262523571482813,46.23354512578624],[9.261665046315319,46.23325909729265],[9.259334996641716,46.23281441188168],[9.25654839032293,46.23239770700543],[9.255467831224845,46.232292134965775],[9.24874604737359,46.233301446045914],[9.247615383141198,46.23362724089413],[9.248066510537024,46.23449540699936],[9.249827220615085,46.240418008209254],[9.24883586613458,46.248776571146436],[9.249370599726529,46.25450383202156],[9.254601199730912,46.26879309807912],[9.258910738042143,46.27452533798085],[9.264378954015445,46.28087571738144],[9.272026461485261,46.2892546150046],[9.274008833620451,46.29115785099093],[9.275272304894592,46.29198278334475],[9.279516584576015,46.29447445190645],[9.282158911563121,46.295853928508485],[9.283706666346573,46.29645308883661],[9.28454019072797,46.29694599842218],[9.284738132242113,46.29998744080548],[9.28376284597163,46.304579778112],[9.282133529733148,46.30829172903542],[9.29605557668615,46.322944179778744],[9.300050097599218,46.326587671529154],[9.300901999383651,46.32565845628658],[9.30233968822345,46.32495268037738],[9.30411543217953,46.32438098075703],[9.305619367521759,46.32391798915597],[9.307473944681666,46.3234450211558],[9.310833232346535,46.322670955945036],[9.312602344263174,46.32262140033975],[9.313950366770916,46.322725439690394],[9.315159408033194,46.32289312056925],[9.317669212473868,46.3234981582624],[9.318736178161592,46.3238011710067],[9.319816715127184,46.32420314934342],[9.323370503900712,46.32352716813189],[9.327465674263548,46.32202154453582],[9.341728769551976,46.3163009528962],[9.351118571279924,46.31233959527413],[9.353478841307146,46.31131585563795],[9.353498121867409,46.31087435739553],[9.354037781941207,46.309972691707806],[9.354786186822205,46.30922339508737],[9.361195845334946,46.304622430039],[9.364351815439095,46.30284845735348],[9.371259218413195,46.299849931213565],[9.378579047706818,46.29680857182889],[9.37953009788532,46.29643305773751],[9.380792177810482,46.295937019612346],[9.383821719285445,46.29478407723419],[9.384236909054144,46.294737700405264],[9.383766510260577,46.294105841120334],[9.383657927002863,46.29390804417579],[9.383591184127898,46.29202573322609],[9.38362432220218,46.29165406871696],[9.385553453207272,46.287781811720954],[9.390207587911675,46.277144761360056],[9.390509822199148,46.27622033361528],[9.390512104924941,46.273824849005365],[9.389929003457423,46.27067796319738],[9.3898123192848,46.270464225853246],[9.388331519230714,46.26843530656795],[9.388256413933087,46.26836806486956],[9.387077530778743,46.26731437232029],[9.38703596147563,46.267287510554254],[9.386924819861164,46.267216297682374],[9.386578903709704,46.26699472041048],[9.386490911030684,46.26693835972688],[9.385244176548946,46.266798585562086],[9.378352363814624,46.266515674851945],[9.375543231069768,46.267397917867186],[9.370015051265927,46.26921591070967],[9.369670017665266,46.269892014071104],[9.363920080231726,46.275526380464086],[9.356136267335062,46.277836825749574],[9.352038344557188,46.27827252416949],[9.34719661111502,46.27617232623953],[9.347050296275624,46.27561476670516],[9.347082759488869,46.274588686680666],[9.348102337997798,46.271633638590885],[9.348667989660708,46.27091191760892],[9.349554538032427,46.269505229616854],[9.349612030787908,46.2683440768313],[9.349668154802586,46.267092925974595],[9.349468959175846,46.26638252704868],[9.348830303360064,46.265943479854684],[9.347488209096907,46.26507458501138],[9.34089163661975,46.26212448297251],[9.33575828431667,46.260699693926],[9.326307224529458,46.25755010762476],[9.314362597366355,46.25347961377027],[9.312121500416266,46.2517847793879],[9.310022302190104,46.248055531233305],[9.30981587491226,46.24465413547166],[9.310092940163834,46.239581948782345],[9.309715040609154,46.237314772968595]]]},"properties":{"name":"Gordona","op_id":"1820","minint_elettorale":"1030770320","minint_finloc":"1030770320","prov_name":"Sondrio","prov_istat_code":"014","prov_istat_code_num":14,"prov_acr":"SO","prov_iso_3166_2":"IT-SO","reg_name":"Lombardia","reg_istat_code":"03","reg_istat_code_num":3,"reg_iso_3166_2":"IT-25","opdm_id":"1591","com_catasto_code":"E090","com_istat_code":"014032","com_istat_code_num":14032,"prov_uts_code":"014","prov_tipo_uts":"Provincia"}},
{"type":"Feature","geometry":{"type":"Polygon","coordinates":[[[10.282063367505627,46.40228568834963],[10.283585259436277,46.40227763286262],[10.284438371267402,46.402043060183274],[10.289006718367201,46.397680763074625],[10.290061068187432,46.39660690377682],[10.290420746918286,46.39531138536004],[10.290228655269814,46.39378358945033],[10.296460382350366,46.38941119984089],[10.301764241180173,46.387658996402415],[10.309648291764628,46.38338406030588],[10.311515884668635,46.379879732511185],[10.3096880521811,46.373015844331384],[10.309918942963003,46.3701332295405],[10.302168569764563,46.36843078541995],[10.297227081501632,46.36670499101703],[10.296740657692448,46.36592753439503],[10.296493942556463,46.36484135570232],[10.296065095446378,46.36206527407618],[10.296295842515576,46.36082967562156],[10.296527667691745,46.36018805908775],[10.29057398000625,46.35794247150164],[10.285021006226561,46.36060595931114],[10.283627159577733,46.36103560901495],[10.275601500894261,46.361377429904934],[10.273119450582627,46.3614140889133],[10.270570130996354,46.36135246455617],[10.269518310296789,46.36127548239274],[10.268968470828554,46.36123521884415],[10.267348214490662,46.36087521239584],[10.265752085877308,46.360433891794365],[10.264898014471722,46.360038363624845],[10.264655896155084,46.35908705950167],[10.264832666245509,46.357735134930664],[10.265211543524652,46.35612895786262],[10.267480608040621,46.34907046423245],[10.268584929468664,46.34568327000209],[10.269082509109536,46.34468776446151],[10.270470457795117,46.34233239422947],[10.271220884447725,46.3416310584603],[10.272117977275608,46.34109010036443],[10.27388666017099,46.332480042903256],[10.279086965725808,46.32593309506753],[10.289888692282977,46.3179009152481],[10.295557044641864,46.314263878168475],[10.297212301922428,46.31340812111721],[10.298500712371672,46.31297045367679],[10.299207120520974,46.31373636725364],[10.299867023507076,46.31472784980383],[10.300100555009692,46.315814179157094],[10.300413084355055,46.31639561226808],[10.302335664904664,46.318047699406875],[10.304334508690099,46.31944605470095],[10.30542914816573,46.31972472516544],[10.306573359222524,46.31872835187142],[10.31399086699958,46.31223554495405],[10.319856760265504,46.307182028659106],[10.32293690253374,46.304909289966055],[10.329259336942506,46.300313049870645],[10.335601306990805,46.296172182587135],[10.342854908334504,46.29174024158224],[10.34438335868587,46.29053428918089],[10.345076174789666,46.289889352249105],[10.339112438227211,46.28627617172402],[10.335853853376241,46.28787126936339],[10.335159367895171,46.28814039682837],[10.334848534719573,46.288171010495844],[10.334252397621984,46.28821398504554],[10.333757924104045,46.28816575067105],[10.3285140406723,46.287128825803826],[10.321080926027493,46.2819589915083],[10.320750445255085,46.28171081006452],[10.320405485382448,46.28139981287599],[10.316530006653961,46.27784452518943],[10.316184879349226,46.27752450352682],[10.31599868959099,46.27733764688665],[10.315704149054689,46.27696303594125],[10.315420698752309,46.27650730641982],[10.315347621642719,46.2761661442069],[10.31528276958034,46.275752370609865],[10.31355297638697,46.27547578774094],[10.309208872358962,46.27573848009985],[10.298422309168403,46.276701642330316],[10.294940572798579,46.2771102062573],[10.28151075974935,46.28063520947409],[10.279273088160982,46.281346769966056],[10.268679749570357,46.28729103549889],[10.264439235310684,46.28971052978086],[10.262378654840811,46.29090289905423],[10.253190836455708,46.29952652709851],[10.250651379458946,46.30319917660885],[10.24850123705896,46.30911626850897],[10.247746644987581,46.31366181622691],[10.247615264751763,46.317596197822596],[10.247534085757001,46.318596064930794],[10.246639104819582,46.31935356632141],[10.245544712647275,46.31965275344774],[10.234528220092292,46.32074427414148],[10.216058187979582,46.3232296974933],[10.207837889974382,46.3245123207281],[10.200965161375903,46.32620469752698],[10.193606170935407,46.32831571850343],[10.190019307448795,46.32946009888103],[10.185622722326718,46.3304147536788],[10.179239175113782,46.33081377870975],[10.172867959619344,46.33118530110041],[10.15856987490225,46.331497095163435],[10.144995009162214,46.317904878192245],[10.142943771604461,46.31545944246466],[10.142348234562782,46.312432436899265],[10.14263035577295,46.3085146820109],[10.142599216147667,46.307642010194904],[10.142231602955954,46.306826687420276],[10.141758829795055,46.305949432934824],[10.14100324722743,46.305209974007724],[10.140241808673025,46.304812589584145],[10.1396022583455,46.30465696918618],[10.138927863281708,46.30469968654193],[10.129792137170819,46.3081652950305],[10.118618097213155,46.31300010719265],[10.117139621984567,46.31374355534636],[10.11640657124301,46.31474070104942],[10.114398627225121,46.31819822834569],[10.106144374856719,46.33142715629541],[10.106166386416724,46.34085426554608],[10.108307857127285,46.349765837616495],[10.111322723667607,46.35299450378592],[10.11738421056758,46.35581536204103],[10.126245216884659,46.360102309583716],[10.12885786228245,46.363289480852195],[10.127504998584989,46.367037725697145],[10.126484992452067,46.36990971844726],[10.126070392965039,46.37124575870799],[10.127365266238206,46.376713871015525],[10.127722006991846,46.377619322413445],[10.128595422182977,46.37835767891561],[10.129821038641182,46.379146552574234],[10.137139388611734,46.383479393650326],[10.141035398759707,46.38571751631559],[10.142122667657874,46.386093648985096],[10.147774596365483,46.386496052967054],[10.148940666876317,46.38566535677186],[10.15038260790486,46.38558786011233],[10.15447404172681,46.385380131791145],[10.156127246149262,46.385453428182345],[10.15793723609526,46.38556111141719],[10.158930875302538,46.38581199357837],[10.164493951290181,46.385701468244854],[10.181282821371784,46.38328831177636],[10.188252109928161,46.382073122183996],[10.189680116799396,46.38195927692142],[10.19148116262456,46.38225551856558],[10.195983931656123,46.38303648941532],[10.197097527945367,46.383411824287904],[10.198035608311185,46.38408599170935],[10.198612017442299,46.38487191687657],[10.19874615808154,46.38565350015067],[10.198896478022982,46.386578899940325],[10.19949006071078,46.387553635732615],[10.200346088042483,46.38866963768204],[10.20096294395454,46.38892415075576],[10.203675254086109,46.38928261768412],[10.205106747495634,46.38935754136457],[10.20700462199532,46.389310520049996],[10.208493407753448,46.38899778883213],[10.209730955571198,46.38849871912445],[10.21063625494807,46.38764316839799],[10.211183705691298,46.38652139854541],[10.211768893589976,46.3853451981382],[10.212701106050456,46.38457034378209],[10.213825303988749,46.384243438074854],[10.218822394608328,46.38438827080426],[10.220055579764011,46.38487009717164],[10.226354021543166,46.38798863132152],[10.227182589184396,46.388978734190395],[10.22731818391428,46.38980525921612],[10.228227428691302,46.398520762805305],[10.226511067014032,46.40968985554236],[10.225949095263699,46.41073985725643],[10.2254920497611,46.41476762137172],[10.225449795287894,46.41578504649613],[10.226207658947917,46.416505903775246],[10.227598046721807,46.416418991740585],[10.23290102890207,46.41556995656188],[10.234741829908852,46.41526210271355],[10.249296875962184,46.411027135920534],[10.25137780257201,46.41041938490914],[10.256958094283736,46.4086212347603],[10.258370282387238,46.40779573091857],[10.260858825033235,46.40625634746934],[10.263590418397976,46.40454325250561],[10.267852643140637,46.40204813160827],[10.27032719150481,46.40104870033368],[10.271931931917047,46.40068886328871],[10.275867521925024,46.399871041503644],[10.280783033577924,46.40149904689775],[10.281648576542558,46.40179533053753],[10.282063367505627,46.40228568834963]]]},"properties":{"name":"Grosio","op_id":"1821","minint_elettorale":"1030770330","minint_finloc":"1030770330","prov_name":"Sondrio","prov_istat_code":"014","prov_istat_code_num":14,"prov_acr":"SO","prov_iso_3166_2":"IT-SO","reg_name":"Lombardia","reg_istat_code":"03","reg_istat_code_num":3,"reg_iso_3166_2":"IT-25","opdm_id":"1592","com_catasto_code":"E200","com_istat_code":"014033","com_istat_code_num":14033,"prov_uts_code":"014","prov_tipo_uts":"Provincia"}},
{"type":"Feature","geometry":{"type":"Polygon","coordinates":[[[10.138927863281708,46.30469968654193],[10.1396022583455,46.30465696918618],[10.140241808673025,46.304812589584145],[10.14100324722743,46.305209974007724],[10.141758829795055,46.305949432934824],[10.142231602955954,46.306826687420276],[10.142599216147667,46.307642010194904],[10.14263035577295,46.3085146820109],[10.142348234562782,46.312432436899265],[10.142943771604461,46.31545944246466],[10.144995009162214,46.317904878192245],[10.15856987490225,46.331497095163435],[10.172867959619344,46.33118530110041],[10.179239175113782,46.33081377870975],[10.185622722326718,46.3304147536788],[10.190019307448795,46.32946009888103],[10.193606170935407,46.32831571850343],[10.200965161375903,46.32620469752698],[10.207837889974382,46.3245123207281],[10.216058187979582,46.3232296974933],[10.234528220092292,46.32074427414148],[10.245544712647275,46.31965275344774],[10.246639104819582,46.31935356632141],[10.247534085757001,46.318596064930794],[10.247615264751763,46.317596197822596],[10.247746644987581,46.31366181622691],[10.24850123705896,46.30911626850897],[10.250651379458946,46.30319917660885],[10.253190836455708,46.29952652709851],[10.262378654840811,46.29090289905423],[10.264439235310684,46.28971052978086],[10.268679749570357,46.28729103549889],[10.279273088160982,46.281346769966056],[10.28151075974935,46.28063520947409],[10.294940572798579,46.2771102062573],[10.298422309168403,46.276701642330316],[10.309208872358962,46.27573848009985],[10.31355297638697,46.27547578774094],[10.31528276958034,46.275752370609865],[10.314297944539117,46.259858922601744],[10.313356938559703,46.259665106642025],[10.304433991537485,46.259839270962466],[10.303149087007537,46.25986813676652],[10.30280007839265,46.259875994741684],[10.300571481274252,46.26000939623035],[10.284150360962869,46.26247219095163],[10.282198636004152,46.2628001050489],[10.272234641055716,46.26511642356674],[10.271165976044552,46.265479309892775],[10.268572947976786,46.26670510131895],[10.267505573026641,46.26768892835156],[10.266188319149277,46.26853152465536],[10.265044383491222,46.2690121926853],[10.263581799495334,46.26918137312931],[10.261331562535828,46.26896314665895],[10.260406673680158,46.26881134934598],[10.256034033124553,46.26714050435731],[10.255745933312388,46.26698020756164],[10.255573774240256,46.266884405197665],[10.255169987739736,46.26624984278917],[10.254961570934135,46.26588848081328],[10.25113502134851,46.26570922010954],[10.230302966965244,46.271902190467934],[10.226401613689408,46.27329411609072],[10.2248340491918,46.274003904893426],[10.220529176388562,46.276524959560646],[10.21910717594872,46.277368111391866],[10.21832888506979,46.278222196258916],[10.218055461083122,46.27852231749127],[10.217198551899981,46.27968343516386],[10.216572071418769,46.28070699720135],[10.212656812985319,46.28327757329108],[10.205953686844387,46.285418467254466],[10.203589090242176,46.28592038339722],[10.200546596427174,46.28629435916509],[10.19842005806067,46.286406673516495],[10.196685250293202,46.28602885781133],[10.193198462598689,46.285075311802856],[10.192280397362621,46.28464389024389],[10.191263918157953,46.28386248942307],[10.190159821035758,46.28263199800699],[10.189912194359525,46.28198658596974],[10.189815369081327,46.280511610804304],[10.18902292545309,46.27988087816393],[10.187148336684754,46.27902737288028],[10.182243998124685,46.277314214531735],[10.18014240069157,46.276759933954565],[10.178383045764383,46.27642708454705],[10.17644820231674,46.276384011958015],[10.17442329574651,46.27637783002731],[10.172660423444338,46.27648592903289],[10.171254029582132,46.2768783469866],[10.169993063068144,46.277395241161514],[10.167338343736768,46.27645938973582],[10.16620040023543,46.27604801140529],[10.165398923211844,46.27558818151961],[10.163480575088332,46.27448273421679],[10.16204878420688,46.275514308405455],[10.161430430092848,46.27634858652809],[10.16151583627705,46.27731970386043],[10.161835296574107,46.28015143990754],[10.155668076367041,46.28809786447777],[10.14979025245897,46.29444806771858],[10.148140365774276,46.295022634675504],[10.146596940730847,46.29572212743486],[10.144642174695301,46.2966236948585],[10.143035235035736,46.297395770275834],[10.139561451969831,46.29956340973943],[10.138247072533245,46.3006745015279],[10.137991966812352,46.30152302255367],[10.138233163983735,46.302510610012874],[10.138927863281708,46.30469968654193]]]},"properties":{"name":"Grosotto","op_id":"1822","minint_elettorale":"1030770340","minint_finloc":"1030770340","prov_name":"Sondrio","prov_istat_code":"014","prov_istat_code_num":14,"prov_acr":"SO","prov_iso_3166_2":"IT-SO","reg_name":"Lombardia","reg_istat_code":"03","reg_istat_code_num":3,"reg_iso_3166_2":"IT-25","opdm_id":"1593","com_catasto_code":"E201","com_istat_code":"014034","com_istat_code_num":14034,"prov_uts_code":"014","prov_tipo_uts":"Provincia"}},
{"type":"Feature","geometry":{"type":"Polygon","coordinates":[[[9.399741043453172,46.41411975054142],[9.397469327991017,46.414748624323686],[9.391791771106966,46.41403024669465],[9.387881999301992,46.41498854435993],[9.38385371593462,46.417504030757364],[9.379603815068018,46.42187411944908],[9.378816237680681,46.42277669050133],[9.377397842115265,46.42468029340324],[9.376123675594187,46.42691162659728],[9.374373110640772,46.429568164844355],[9.37398475815722,46.42987541176091],[9.371852851936103,46.43015233644199],[9.371136347922347,46.43005566923582],[9.36864409789962,46.42912777537483],[9.367404004966168,46.42846579173658],[9.366385037485648,46.42790207924242],[9.363605094037466,46.42674099413679],[9.361126717586533,46.42577689586981],[9.357582851957478,46.42472249155856],[9.345380764656642,46.42578954497678],[9.337680849555532,46.42856626381277],[9.331401380421998,46.429574590934315],[9.32714725995426,46.4275889338968],[9.317737190234697,46.425041538788314],[9.310968713485606,46.4247991568069],[9.295578639362867,46.42311204285602],[9.28514387783905,46.42077163514739],[9.279378367185613,46.42050684757743],[9.276473996645702,46.419955937792864],[9.275301425280672,46.41967977347785],[9.275144256663859,46.419482163116754],[9.275051715937764,46.41919439755438],[9.275011480044421,46.41895149737355],[9.275048503018803,46.41855543199908],[9.2707422953676,46.41860170343141],[9.26789626856608,46.41929237095541],[9.264700546911346,46.42034377475064],[9.249473858272005,46.43115953892119],[9.248696466972932,46.431849710992196],[9.248168439565184,46.433092787412775],[9.247798111263165,46.43466853402119],[9.247466776009997,46.43623516436837],[9.247238543573179,46.443336334796044],[9.247724630642669,46.44717810237715],[9.252018129239062,46.449526616122775],[9.255821371886913,46.449896158127764],[9.259532797305724,46.450112784605196],[9.261107546210466,46.450046202878845],[9.262632172053506,46.45030369612048],[9.265606172006958,46.45148477033845],[9.271688103748554,46.454521349396856],[9.2772671038662,46.460960633867714],[9.277816916746522,46.46159826912396],[9.276726230174129,46.46215889591694],[9.273784027569345,46.470081072871416],[9.274931639452243,46.48078777042031],[9.276138995922441,46.48518561807968],[9.278868349637158,46.49160465230093],[9.279459509095116,46.49253915325294],[9.28192888249717,46.49642088786128],[9.282373216159078,46.49666276745444],[9.283234744599847,46.4969396274636],[9.285867327087871,46.497059072216096],[9.28892959634698,46.497105379778795],[9.291564485457421,46.49764766077991],[9.297096680566627,46.49903734977126],[9.299471982637229,46.499742110921424],[9.300598421486985,46.50018013552377],[9.30560394961516,46.50234025037169],[9.310911862066138,46.50453082236302],[9.318065896238954,46.50528510633857],[9.319935706668863,46.50547787643616],[9.325590829377665,46.505911891234845],[9.331119971091015,46.505977023068155],[9.337242959509869,46.505644164286984],[9.343510319219014,46.50483355434866],[9.352113033445017,46.5051853777698],[9.357668126840494,46.50772399813153],[9.359057871226929,46.50870958826891],[9.3604327950822,46.50941622028394],[9.362046877738376,46.509699105637004],[9.363036088186815,46.50936297895035],[9.371513166783009,46.50442204833682],[9.37219052782142,46.5038254786339],[9.372343914676415,46.50369036944215],[9.373707146800191,46.49982966404875],[9.372894130276654,46.49909436035697],[9.371547688561728,46.49836977714331],[9.370490897321236,46.498193208332694],[9.369494289467248,46.4972784771557],[9.368795531001792,46.49608380585211],[9.368383780368474,46.49493319579693],[9.368377703642121,46.494033267167836],[9.369804113283292,46.4910768297989],[9.370837133198233,46.489696559634794],[9.371601475281656,46.48904610018683],[9.375125789926198,46.48628975638956],[9.379565715241124,46.483989219816905],[9.38808476123922,46.47666651128833],[9.399964514622635,46.46957894638415],[9.405335299156901,46.468534091874886],[9.406646313291247,46.46804346530138],[9.409006877156264,46.466712117139835],[9.405106842775007,46.46231622978228],[9.403477297138364,46.460333070821235],[9.402451727239884,46.459004760730494],[9.401556760399504,46.45772097274236],[9.401054950204927,46.45666076965342],[9.395597122956081,46.44373839175214],[9.398172950867668,46.44001262383321],[9.39938864343798,46.43891943506735],[9.400736140452123,46.438050760265355],[9.402129343543363,46.43455852320269],[9.403078673058126,46.42560956089914],[9.40333371978566,46.421369848516456],[9.403076469666741,46.41824787789296],[9.402732058667718,46.417421122968086],[9.400527155210506,46.4148549790532],[9.40023866275418,46.414549993885714],[9.399741043453172,46.41411975054142]]]},"properties":{"name":"Madesimo","op_id":"1826","minint_elettorale":"1030770381","minint_finloc":"1030770381","prov_name":"Sondrio","prov_istat_code":"014","prov_istat_code_num":14,"prov_acr":"SO","prov_iso_3166_2":"IT-SO","reg_name":"Lombardia","reg_istat_code":"03","reg_istat_code_num":3,"reg_iso_3166_2":"IT-25","opdm_id":"1594","com_catasto_code":"E342","com_istat_code":"014035","com_istat_code_num":14035,"prov_uts_code":"014","prov_tipo_uts":"Provincia"}},
{"type":"Feature","geometry":{"type":"Polygon","coordinates":[[[9.895763238263726,46.2448181900559],[9.89473670466293,46.24470922784943],[9.893267459986795,46.24529671308545],[9.89233360457338,46.24610499990165],[9.88660736934289,46.252454004075155],[9.887757222145924,46.257030992939086],[9.886775846285442,46.26284768551783],[9.880587858906308,46.26208553057371],[9.879861437879194,46.26210011807141],[9.879215104447567,46.262204087520516],[9.876307072979694,46.26292840898014],[9.866700278145826,46.266655603837116],[9.862085277667633,46.26851743274918],[9.862311487764964,46.26887571541098],[9.862325655501238,46.268952101034124],[9.862453122777042,46.269639567339],[9.862532797398753,46.271398538619394],[9.862528554263195,46.27195657346278],[9.86187380340323,46.278153426017184],[9.861010972943777,46.281030807479354],[9.86033400921357,46.28333987264082],[9.86018219775222,46.284421004059354],[9.860429354626774,46.28528313201391],[9.860775138261026,46.28581151106678],[9.861576363223302,46.286408469890645],[9.863450210741735,46.28751931460241],[9.865065983907304,46.28790310481359],[9.869494173886462,46.28885950111265],[9.872820277476636,46.28907714125864],[9.875341406373503,46.28923787170199],[9.876613068950302,46.28920112600502],[9.877886194696238,46.289254356956214],[9.882370570774446,46.28964287677089],[9.883496896741752,46.29025518021759],[9.883747893650117,46.29052322840766],[9.881807791156296,46.310994850187996],[9.88131925596482,46.31211459903877],[9.879472160795194,46.31513026907519],[9.879001026599736,46.31571887610086],[9.878135557442794,46.316778507438094],[9.876442944635444,46.31815047796114],[9.870510966174475,46.32239870544532],[9.86547162270843,46.32569489847011],[9.861176644151682,46.32844527180563],[9.858327202754896,46.33221961094649],[9.85781352253942,46.33416293007636],[9.85875987703964,46.33506479696952],[9.859057912294233,46.335530555379144],[9.85923845610249,46.33663616249787],[9.858951046532788,46.33716032267286],[9.858115710307688,46.33759855106375],[9.855675933725527,46.33883628327326],[9.85393005412006,46.33931733129677],[9.849153967551,46.34042386769268],[9.846821773221937,46.3409181352612],[9.845176866718473,46.34095281164946],[9.843666165882091,46.34094596049332],[9.843041319042706,46.34075180122152],[9.840514484993696,46.34123020055427],[9.837774725744072,46.341952291054696],[9.83482271128317,46.34362083410033],[9.833880219662612,46.34418569004765],[9.832632441819113,46.34497327576869],[9.828299089604013,46.34883414136865],[9.827975884299931,46.34948447932835],[9.827563874016331,46.35027942849455],[9.82707628329473,46.35058895612076],[9.825162040228594,46.35104377895161],[9.82166379125826,46.351608959470255],[9.825859571652405,46.35415712646316],[9.82926219596111,46.35633744315209],[9.831409657682418,46.35812631080362],[9.831569140610533,46.35836378495156],[9.837697301564418,46.36127992364798],[9.851765783290757,46.36404689886842],[9.867625899963903,46.3631311754165],[9.870544749694638,46.3630099026547],[9.879449132558404,46.36784212611],[9.880651418538669,46.368683355954715],[9.881864753529323,46.369753978486024],[9.883041064525244,46.37099586304192],[9.891285291079159,46.37501327113425],[9.90636061327559,46.38088410986384],[9.907603614274546,46.38055925697045],[9.908708958827756,46.37977650483681],[9.909888674094542,46.37892113734669],[9.913277969572082,46.37493872658868],[9.918438158760503,46.37075752029313],[9.924533401154783,46.36612312266607],[9.925361046522045,46.36600841822978],[9.92837569968706,46.36664097310688],[9.929210122571003,46.366877195840715],[9.930375498036403,46.367511199467614],[9.93093225927676,46.3680466552659],[9.930834460648946,46.368938411699865],[9.930289853098627,46.36978883094548],[9.929652811842283,46.37074798955994],[9.929825126339217,46.371660051444415],[9.930280957062946,46.37214447563898],[9.930741136329697,46.37263350918824],[9.93150751161351,46.37321224812323],[9.933529986775907,46.37453671780993],[9.937502088646198,46.37580918615558],[9.94253418412764,46.37713126742553],[9.952940690055446,46.37937145228775],[9.954803748468109,46.37901391471735],[9.957923846218348,46.378366844354225],[9.958587534490011,46.37811828143769],[9.957373434851343,46.37635551181421],[9.956444746582864,46.37543630958447],[9.955712207236408,46.374533467252576],[9.955413777148605,46.37373046907733],[9.955942486149356,46.372781086137785],[9.956896319954232,46.37151315020937],[9.95809179773704,46.37012617762278],[9.962406260661929,46.36561706215346],[9.965882433987858,46.36281581691642],[9.9730692322588,46.3589479791562],[9.983512988486114,46.35369282765452],[9.988722932761762,46.352000924014554],[9.993097791084335,46.35252100624253],[9.993728054048727,46.352335528022465],[9.9955216190885,46.351572950332745],[9.996062509940238,46.35129823518401],[9.996352418068826,46.350935722461045],[9.995105577642308,46.344493723949064],[9.994041180942782,46.34142505439877],[9.990904057388626,46.33829334936565],[9.986249136338172,46.334733682327965],[9.982084172382459,46.32653021074011],[9.981207865804498,46.32474676915687],[9.980849552996656,46.323597866549335],[9.981430770651503,46.32268388532815],[9.989704482812124,46.317581661520144],[9.99703015599353,46.31399907405089],[10.0008297091339,46.3036970441883],[10.000863763153903,46.30271575421036],[10.000403956017012,46.301711803779064],[10.000150566512861,46.30134501733952],[9.997118372605334,46.298833546555514],[9.993276301984091,46.29747200434888],[9.992561796013563,46.293140282502186],[9.994369788268816,46.288309535359204],[9.996702050994518,46.28448227362143],[9.99827054201483,46.28292960908426],[9.994085382624508,46.28048211842413],[9.989570984197654,46.27873787839218],[9.982412755821667,46.27738805323001],[9.97969146711985,46.27690740623319],[9.976503415808821,46.27644870822264],[9.97347266483402,46.27827456071041],[9.972434012511593,46.27825642167047],[9.968312900426614,46.277148428040725],[9.951982464991193,46.27045914108399],[9.933594551243274,46.26477884377189],[9.914572842690882,46.25621168910079],[9.90098681181829,46.248530121459744],[9.895763238263726,46.2448181900559]]]},"properties":{"name":"Lanzada","op_id":"1823","minint_elettorale":"1030770360","minint_finloc":"1030770360","prov_name":"Sondrio","prov_istat_code":"014","prov_istat_code_num":14,"prov_acr":"SO","prov_iso_3166_2":"IT-SO","reg_name":"Lombardia","reg_istat_code":"03","reg_istat_code_num":3,"reg_iso_3166_2":"IT-25","opdm_id":"1595","com_catasto_code":"E443","com_istat_code":"014036","com_istat_code_num":14036,"prov_uts_code":"014","prov_tipo_uts":"Provincia"}},
{"type":"Feature","geometry":{"type":"Polygon","coordinates":[[[10.242252721728127,46.592522203658],[10.240243913376093,46.59248550320347],[10.232290810020666,46.59214399207825],[10.225770420005286,46.59143560445332],[10.223414179140581,46.59013340024699],[10.211705712318851,46.583589437301406],[10.202925235621484,46.57867390153046],[10.197284553845334,46.57548428381795],[10.19558189324653,46.57424215492865],[10.194252233727827,46.57319411104365],[10.193762271080805,46.57216429158324],[10.193158715060628,46.56732885660415],[10.19380181935752,46.56645819565167],[10.197260955717745,46.565036124320926],[10.198553341246765,46.564842611672226],[10.19957340930467,46.56431894714704],[10.201302196637615,46.563355848033304],[10.203652207795386,46.56131975154299],[10.204963953652076,46.559501547447596],[10.206180326355963,46.55728384724337],[10.20651395218934,46.556443376660326],[10.205728544910784,46.55514672721387],[10.204853094355673,46.55394101730885],[10.204194110984233,46.55304800953651],[10.202922717584217,46.551742962633426],[10.202821732577164,46.55164027663213],[10.202251174766145,46.55106010582977],[10.200751303283386,46.54980836981883],[10.19856825497173,46.54826534981167],[10.19668610856207,46.5467191598323],[10.195858084676209,46.54576485386188],[10.198636007651968,46.54263995289472],[10.199843275747213,46.54182633829591],[10.202407965623758,46.54035948016782],[10.20680263437514,46.54011518911952],[10.213177310432712,46.53881482397652],[10.213389985333842,46.53606770609666],[10.214315179491553,46.52086214525992],[10.21641275181865,46.50953630488381],[10.21581537217925,46.50223509837272],[10.214296213007712,46.492684697959355],[10.2137779216961,46.491061235485994],[10.211799599569517,46.48764435432254],[10.209257421198725,46.485232312917425],[10.203488119943763,46.47533959255407],[10.203477268059993,46.47528036008319],[10.203340042629826,46.47453120090383],[10.203192477915946,46.473155811073944],[10.2035901688886,46.47228766172591],[10.20631065523323,46.47039605808429],[10.20898265004508,46.4687119217452],[10.208378731215115,46.46790832500627],[10.207375958503995,46.46732495120239],[10.20640062455728,46.46680425815369],[10.204965784311804,46.46611741213046],[10.204165138344724,46.46583785666943],[10.193053992475171,46.46450537892412],[10.17895162051677,46.45964783965571],[10.165739954017525,46.45613842138639],[10.164046116329981,46.45483271449358],[10.16105093389669,46.45233426211573],[10.159975650870063,46.45136422355825],[10.159438106187368,46.45057770020891],[10.159628952178178,46.45042316940883],[10.160090944135211,46.45004910083699],[10.16100009681718,46.44932888622869],[10.161114761029141,46.44859876409513],[10.160654613284878,46.447163489753684],[10.159977191184211,46.446531386102016],[10.152905076489143,46.44448798532582],[10.14883704048748,46.443502965453135],[10.147575393945678,46.44356062465687],[10.144735863819205,46.44345409297262],[10.143802107688378,46.443004441931706],[10.13390769479255,46.43723520249903],[10.132916295708855,46.436507056283475],[10.132138400390684,46.43536280246941],[10.130673283299265,46.431867417767826],[10.119531516520507,46.42920964300158],[10.101252070854741,46.42287136257354],[10.094962492963994,46.42195080571072],[10.084944386370113,46.421299309115064],[10.080530331817092,46.42113411865192],[10.079592796708111,46.421106978242605],[10.079473158562228,46.421639078821144],[10.079313868605766,46.4234585226412],[10.07977173548975,46.42423716415591],[10.069612559831086,46.427113544545605],[10.068014980515947,46.42661549626162],[10.066772285389172,46.426294114109304],[10.065192519697744,46.42603883982622],[10.063718558186633,46.426538558003315],[10.062013490559089,46.42720237832421],[10.060497540886104,46.42822440281798],[10.059248436880013,46.429585945474976],[10.058608149033812,46.431472791911624],[10.057938056050665,46.43451188646436],[10.057874467526121,46.4359344321984],[10.055203120730631,46.44050397972036],[10.050542850996822,46.44119484983339],[10.045076135756979,46.441928905835915],[10.043114923391196,46.44212681247062],[10.04173813004797,46.44297632637855],[10.040523310989737,46.444130348307596],[10.039811145364848,46.44570276527238],[10.040198755052756,46.44691419321554],[10.042225964207438,46.45221452129012],[10.043916891918172,46.45484499705765],[10.04730160036813,46.45751393265604],[10.049172390216672,46.45863974262107],[10.050934742607543,46.45954151075801],[10.05193869862578,46.460279261195666],[10.052817471615827,46.461279122880164],[10.053361385213893,46.463146045132845],[10.05090271693876,46.47208727247554],[10.049664338209727,46.47339459813376],[10.04774590103879,46.474564139546125],[10.044384078942892,46.483360498847446],[10.044812097786108,46.49074525064869],[10.04653105635842,46.50168650566801],[10.046805237809918,46.5105800570117],[10.048885834933637,46.511676912315814],[10.050510018413975,46.512759944137436],[10.0516548867257,46.51403637261098],[10.052747095870629,46.5159162279962],[10.053457029291808,46.51824956972883],[10.054042482864187,46.52092604090403],[10.052528894618085,46.530353482610124],[10.047272834747107,46.535045477730435],[10.044730896016752,46.53645914125273],[10.043648970232107,46.53784594225812],[10.044108606453547,46.539371667263836],[10.045603225771519,46.54113992044007],[10.047133411267684,46.542759330721466],[10.04924240369259,46.543909946284835],[10.051337760570096,46.544349674590464],[10.053071640843005,46.544306722074595],[10.05518742605609,46.5444942031003],[10.057283376111032,46.544960835502216],[10.059656724469786,46.54560482057773],[10.066447955352576,46.55008646559561],[10.067844613188411,46.55150434118686],[10.068892167505924,46.553699432816984],[10.078762428835951,46.56134632700966],[10.08252371782396,46.56362365156259],[10.083139092794681,46.56405880433203],[10.08516450605962,46.56662246063797],[10.085139234168071,46.567603630668174],[10.084272092108996,46.56894378171944],[10.082768685513445,46.57007395906811],[10.081210057395227,46.571096633236195],[10.080181227605783,46.57181732498183],[10.07915463608684,46.57310493916043],[10.078978133253408,46.57432153256676],[10.079373925716194,46.57486676209522],[10.080524406565388,46.575215873827126],[10.087899952105984,46.57629789471718],[10.09000722399625,46.576601811034706],[10.092083681781544,46.57675298908349],[10.097079773666632,46.57901808981469],[10.101094932956787,46.58277726620066],[10.101467110577667,46.58343065101321],[10.101620949236027,46.58542703829699],[10.101248268308954,46.58869742315149],[10.099567751281526,46.59076096163293],[10.098094571711965,46.59667425154691],[10.099912422198068,46.60618267746503],[10.10166676533941,46.61011203088886],[10.102154387282761,46.61077329287544],[10.103474844997832,46.61096754102166],[10.10563365274485,46.61068571623396],[10.10823911728446,46.609535581349],[10.109657737643449,46.608702875218256],[10.111666313704795,46.60798591446006],[10.116822125245374,46.60656779748469],[10.1188576872792,46.60617892124846],[10.120775175653831,46.6059621665527],[10.12840196234964,46.605500214185426],[10.130171718848693,46.60559974092659],[10.131834196140396,46.6060332745374],[10.133201401813574,46.60647420552129],[10.13570680222209,46.607484285027965],[10.137134439016924,46.60940498598757],[10.140480146359755,46.61081608245852],[10.156163901587176,46.614991850003086],[10.158095833667138,46.615062305433916],[10.162468050610288,46.61565241898391],[10.16461016602158,46.61604460486168],[10.170025439692509,46.618212190044794],[10.176827056239876,46.62100873869548],[10.180247881062856,46.6226788771903],[10.183148799711924,46.6240438252755],[10.186019095470229,46.624972539576504],[10.188450270627058,46.62560425363919],[10.190628388986537,46.62608557543819],[10.192534797403463,46.62593972439234],[10.193664387590728,46.62573895455185],[10.194066614558746,46.625095798483244],[10.201217840219842,46.621902629862625],[10.209602425306723,46.620059417798515],[10.219176874217137,46.62175763058533],[10.219775756419436,46.623452132275226],[10.221503322777714,46.626686989482074],[10.222964119671815,46.62829126238158],[10.225033600398612,46.62940305298917],[10.2281403391128,46.63106612866661],[10.236709722775686,46.63437558713304],[10.23906275082654,46.635187065651415],[10.240328290923536,46.63507435903146],[10.24050139970683,46.634145544073725],[10.240180315592813,46.63252914594764],[10.240322345144413,46.629989762793926],[10.241108338302869,46.62729943000414],[10.243419449250236,46.62379605536376],[10.25179212438516,46.616068726790296],[10.256410772645923,46.608490070635455],[10.246392607720791,46.597395365027545],[10.242252721728127,46.592522203658]]]},"properties":{"name":"Livigno","op_id":"1824","minint_elettorale":"1030770370","minint_finloc":"1030770370","prov_name":"Sondrio","prov_istat_code":"014","prov_istat_code_num":14,"prov_acr":"SO","prov_iso_3166_2":"IT-SO","reg_name":"Lombardia","reg_istat_code":"03","reg_istat_code_num":3,"reg_iso_3166_2":"IT-25","opdm_id":"1596","com_catasto_code":"E621","com_istat_code":"014037","com_istat_code_num":14037,"prov_uts_code":"014","prov_tipo_uts":"Provincia"}},
{"type":"Feature","geometry":{"type":"Polygon","coordinates":[[[10.230574171785769,46.23936442956366],[10.235617231239532,46.23718536608092],[10.242770306859068,46.23378750229623],[10.252510747945921,46.228110170021296],[10.255041832353323,46.22650738019178],[10.256561990405663,46.22493365744034],[10.259157964658966,46.222213998781356],[10.262472627629018,46.21804643017416],[10.264375242374838,46.216207410397296],[10.269615456082121,46.21236929677699],[10.270343022647756,46.21187521512503],[10.271397735039633,46.21119747948507],[10.27156693447084,46.2110891523041],[10.27135809701299,46.21091893522479],[10.271133608439042,46.21074142442401],[10.270803785521656,46.21049308887105],[10.270290235206804,46.210147794953656],[10.268249672122733,46.208793448655996],[10.267228022495384,46.20833678849652],[10.259660631817653,46.20507241169097],[10.253399249254716,46.20334123848187],[10.248059073292838,46.202778657668816],[10.24161787477894,46.202265861819996],[10.239552831195125,46.205517250900805],[10.234226725045847,46.21310790605408],[10.233698266223392,46.213824627106526],[10.22223810454004,46.22202085597266],[10.20860628054947,46.23188572252885],[10.201731361417387,46.24369425923064],[10.197758621301988,46.2507693263276],[10.197508365973139,46.25111844931788],[10.196254842212918,46.25253557100205],[10.195389454461804,46.253309622256914],[10.193258637692985,46.25496087871695],[10.190169444475627,46.25669857686351],[10.194911521525828,46.2563926047639],[10.200212169118613,46.256715077065884],[10.207092724359464,46.25570675353212],[10.21364303608034,46.25268539665843],[10.22070679779937,46.24828120364832],[10.224464013466386,46.2433990383241],[10.225556351769098,46.24119135155337],[10.226183080998158,46.24043040845381],[10.227464050853662,46.23948791138464],[10.228540993909716,46.23897365249842],[10.22886323514155,46.23883388574558],[10.22920430563313,46.23882178476933],[10.229666677801974,46.238807129682684],[10.230574171785769,46.23936442956366]]]},"properties":{"name":"Lovero","op_id":"1825","minint_elettorale":"1030770380","minint_finloc":"1030770380","prov_name":"Sondrio","prov_istat_code":"014","prov_istat_code_num":14,"prov_acr":"SO","prov_iso_3166_2":"IT-SO","reg_name":"Lombardia","reg_istat_code":"03","reg_istat_code_num":3,"reg_iso_3166_2":"IT-25","opdm_id":"1597","com_catasto_code":"E705","com_istat_code":"014038","com_istat_code_num":14038,"prov_uts_code":"014","prov_tipo_uts":"Provincia"}},
{"type":"Feature","geometry":{"type":"Polygon","coordinates":[[[9.480224559197865,46.146555073174774],[9.467801721236437,46.14748857563308],[9.467971298537256,46.14799544163943],[9.468466263372344,46.14948398727914],[9.467914773317853,46.15775724652224],[9.464394259052158,46.17187466670089],[9.46367790331328,46.17450553737207],[9.47047719354498,46.172731740622574],[9.471839085820069,46.172357118678384],[9.47200225993665,46.172311451838475],[9.473371244832752,46.17181979381942],[9.47400303891323,46.17147516992772],[9.474445383282543,46.16995810192822],[9.474544213419664,46.16961899229274],[9.475044944491286,46.16759191211867],[9.475155309884244,46.166871442461115],[9.477914939647219,46.157958906428796],[9.47922499795911,46.15669342297523],[9.48160844581919,46.155261388762725],[9.482809117056076,46.15483332857287],[9.485055501105995,46.154585335503654],[9.485412043393966,46.154633311867926],[9.486009482968853,46.15473426925017],[9.492204971379158,46.15585525689348],[9.49689331274,46.15704097680851],[9.498799789183854,46.15018353071551],[9.496794793862582,46.14905463498599],[9.491393724145693,46.1443751044547],[9.492195336614172,46.139823267748035],[9.490352132970457,46.14008041032814],[9.489750008378037,46.14047652077697],[9.488539531284788,46.14381399950093],[9.487915624864284,46.14599113923923],[9.487449328927665,46.1479555049547],[9.483490853921401,46.148404298759914],[9.481802811693676,46.14787141959491],[9.481687807056538,46.14777550394602],[9.480224559197865,46.146555073174774]]]},"properties":{"name":"Mantello","op_id":"1827","minint_elettorale":"1030770390","minint_finloc":"1030770390","prov_name":"Sondrio","prov_istat_code":"014","prov_istat_code_num":14,"prov_acr":"SO","prov_iso_3166_2":"IT-SO","reg_name":"Lombardia","reg_istat_code":"03","reg_istat_code_num":3,"reg_iso_3166_2":"IT-25","opdm_id":"1598","com_catasto_code":"E896","com_istat_code":"014039","com_istat_code_num":14039,"prov_uts_code":"014","prov_tipo_uts":"Provincia"}},
{"type":"Feature","geometry":{"type":"Polygon","coordinates":[[[10.189815369081327,46.280511610804304],[10.189912194359525,46.28198658596974],[10.190159821035758,46.28263199800699],[10.191263918157953,46.28386248942307],[10.192280397362621,46.28464389024389],[10.193198462598689,46.285075311802856],[10.196685250293202,46.28602885781133],[10.19842005806067,46.286406673516495],[10.200546596427174,46.28629435916509],[10.203589090242176,46.28592038339722],[10.205953686844387,46.285418467254466],[10.212656812985319,46.28327757329108],[10.216572071418769,46.28070699720135],[10.217198551899981,46.27968343516386],[10.218055461083122,46.27852231749127],[10.21832888506979,46.278222196258916],[10.21910717594872,46.277368111391866],[10.220529176388562,46.276524959560646],[10.2248340491918,46.274003904893426],[10.226401613689408,46.27329411609072],[10.230302966965244,46.271902190467934],[10.25113502134851,46.26570922010954],[10.254961570934135,46.26588848081328],[10.255169987739736,46.26624984278917],[10.255573774240256,46.266884405197665],[10.255745933312388,46.26698020756164],[10.256034033124553,46.26714050435731],[10.260406673680158,46.26881134934598],[10.261331562535828,46.26896314665895],[10.263581799495334,46.26918137312931],[10.265044383491222,46.2690121926853],[10.266188319149277,46.26853152465536],[10.267505573026641,46.26768892835156],[10.268572947976786,46.26670510131895],[10.271165976044552,46.265479309892775],[10.272234641055716,46.26511642356674],[10.282198636004152,46.2628001050489],[10.284150360962869,46.26247219095163],[10.300571481274252,46.26000939623035],[10.30280007839265,46.259875994741684],[10.303149087007537,46.25986813676652],[10.304433991537485,46.259839270962466],[10.313356938559703,46.259665106642025],[10.314297944539117,46.259858922601744],[10.311738167199737,46.25653369221075],[10.305504228260581,46.25299608130741],[10.300895675461787,46.24958361533153],[10.296780596841892,46.24121538653375],[10.296706840476343,46.240838237811424],[10.296699419139376,46.24052331988295],[10.296621096708567,46.236098425978405],[10.295006836793956,46.23639349790937],[10.293071361504378,46.23682041486479],[10.290942652584468,46.23730346917837],[10.27391324054215,46.24123854940065],[10.266471916026383,46.243103270591845],[10.255201676770179,46.246602564894836],[10.254236178839921,46.24692816391388],[10.253476756263618,46.24718849585396],[10.251228756717081,46.248734138073075],[10.248051669278524,46.25107292579535],[10.24765582286784,46.25134730377086],[10.246935195400727,46.251607168540076],[10.246162071717215,46.25184059732174],[10.244860604135951,46.25223277983191],[10.242521780268321,46.25244549789453],[10.248300100827485,46.25745112399714],[10.249030309667942,46.25818114300596],[10.246235828398582,46.260821783918665],[10.244557443028283,46.26234303902197],[10.24403108847049,46.26261786069434],[10.243659645957772,46.26281174776092],[10.237261922170124,46.26451915870802],[10.233711864971129,46.26476453541295],[10.225142920894527,46.26631467327776],[10.21783228489345,46.26830910619492],[10.214670209742273,46.26924330118977],[10.213124967124562,46.269790714186094],[10.200922766345585,46.27440151768569],[10.19236524049776,46.278982039342154],[10.189815369081327,46.280511610804304]]]},"properties":{"name":"Mazzo di Valtellina","op_id":"1828","minint_elettorale":"1030770400","minint_finloc":"1030770400","prov_name":"Sondrio","prov_istat_code":"014","prov_istat_code_num":14,"prov_acr":"SO","prov_iso_3166_2":"IT-SO","reg_name":"Lombardia","reg_istat_code":"03","reg_istat_code_num":3,"reg_iso_3166_2":"IT-25","opdm_id":"1599","com_catasto_code":"F070","com_istat_code":"014040","com_istat_code_num":14040,"prov_uts_code":"014","prov_tipo_uts":"Provincia"}},
{"type":"Feature","geometry":{"type":"Polygon","coordinates":[[[9.5538650203841,46.19314816238577],[9.553994181954614,46.189241510947625],[9.555503617777122,46.18214219488156],[9.558844584794441,46.17426001071943],[9.561516245826793,46.16691187725525],[9.562381392034396,46.16409068580968],[9.562331986245951,46.16305591254519],[9.561742220263305,46.158558813613176],[9.561546349397993,46.15712876272408],[9.561019281464255,46.15624034395289],[9.555389229403442,46.15015683791353],[9.554736469586537,46.14952071705333],[9.554709133904879,46.14949409503758],[9.553296832541283,46.148681240745404],[9.552651783657993,46.148352100814634],[9.549809103358236,46.14766382690576],[9.549214136510624,46.14762636555809],[9.548611163120256,46.14758841393241],[9.548331774453672,46.14757174611156],[9.546613760844908,46.147993978312876],[9.536442878932718,46.15088613909033],[9.529410897455186,46.15347975528594],[9.529662803281157,46.15466188127113],[9.529695372681243,46.15670474435029],[9.529700193243537,46.15855873300044],[9.5295902793571,46.16060225397114],[9.529125582874162,46.16211640809543],[9.527686688482996,46.16605607686297],[9.525812582732183,46.16920571849273],[9.523251408606669,46.17233147430236],[9.52268749081664,46.172973056639854],[9.52186701259775,46.17388581737893],[9.521108854149304,46.17454623978306],[9.52080231794547,46.174772789098306],[9.518292867318255,46.179580911315654],[9.517226866046018,46.183338798283],[9.5270517907789,46.18638994095559],[9.54208730513609,46.190774625078205],[9.543285426108703,46.191371939518284],[9.544730161547331,46.19200406491566],[9.546263566091891,46.19242875603319],[9.548458247202344,46.192886235425966],[9.552169378408376,46.193354385216544],[9.5538650203841,46.19314816238577]]]},"properties":{"name":"Mello","op_id":"1829","minint_elettorale":"1030770410","minint_finloc":"1030770410","prov_name":"Sondrio","prov_istat_code":"014","prov_istat_code_num":14,"prov_acr":"SO","prov_iso_3166_2":"IT-SO","reg_name":"Lombardia","reg_istat_code":"03","reg_istat_code_num":3,"reg_iso_3166_2":"IT-25","opdm_id":"1600","com_catasto_code":"F115","com_istat_code":"014041","com_istat_code_num":14041,"prov_uts_code":"014","prov_tipo_uts":"Provincia"}},
{"type":"Feature","geometry":{"type":"Polygon","coordinates":[[[9.380147674029393,46.32430887191681],[9.383180736841085,46.32328411313685],[9.384537798492556,46.322298593437196],[9.385589138126232,46.32102610544372],[9.385671066336903,46.32092663913542],[9.391028195958489,46.31108067596146],[9.39220268245057,46.30834969822018],[9.391365682685551,46.30752460630296],[9.389940038297128,46.30609850339565],[9.38677032165369,46.30225735799394],[9.385760417636483,46.30082979468131],[9.384959338414482,46.299527613843075],[9.384360969762026,46.29735334034667],[9.384236909054144,46.294737700405264],[9.383821719285445,46.29478407723419],[9.380792177810482,46.295937019612346],[9.37953009788532,46.29643305773751],[9.378579047706818,46.29680857182889],[9.371259218413195,46.299849931213565],[9.364351815439095,46.30284845735348],[9.361195845334946,46.304622430039],[9.354786186822205,46.30922339508737],[9.354037781941207,46.309972691707806],[9.353498121867409,46.31087435739553],[9.353478841307146,46.31131585563795],[9.354722762052624,46.31146454113418],[9.363570328250942,46.31205323076827],[9.364903957702404,46.31143699925706],[9.366600917486927,46.31090059374416],[9.367977431598115,46.310878164300526],[9.37249974254215,46.3112776605354],[9.373604113922688,46.31146290690214],[9.37443824136035,46.31189216000387],[9.377942058379022,46.31525556441892],[9.378521059682814,46.31634262246926],[9.378749195104538,46.31740383787274],[9.380147674029393,46.32430887191681]]]},"properties":{"name":"Mese","op_id":"1831","minint_elettorale":"1030770430","minint_finloc":"1030770430","prov_name":"Sondrio","prov_istat_code":"014","prov_istat_code_num":14,"prov_acr":"SO","prov_iso_3166_2":"IT-SO","reg_name":"Lombardia","reg_istat_code":"03","reg_istat_code_num":3,"reg_iso_3166_2":"IT-25","opdm_id":"1601","com_catasto_code":"F153","com_istat_code":"014043","com_istat_code_num":14043,"prov_uts_code":"014","prov_tipo_uts":"Provincia"}},
{"type":"Feature","geometry":{"type":"Polygon","coordinates":[[[9.894966278064425,46.237291438535834],[9.895763238263726,46.2448181900559],[9.90098681181829,46.248530121459744],[9.914572842690882,46.25621168910079],[9.933594551243274,46.26477884377189],[9.951982464991193,46.27045914108399],[9.968312900426614,46.277148428040725],[9.972434012511593,46.27825642167047],[9.97347266483402,46.27827456071041],[9.976503415808821,46.27644870822264],[9.976054039220777,46.27599356547825],[9.975097818040824,46.27476873086244],[9.974681325673881,46.27397129168758],[9.974538792161168,46.273252524647006],[9.97452044684618,46.27221767918253],[9.975007852956328,46.27116053227157],[9.975458544113629,46.270229697772145],[9.975939773385475,46.267363626512015],[9.976356170539804,46.26231111397428],[9.973689297178968,46.25386492169277],[9.97135875797568,46.24752180672541],[9.96305787076533,46.24019406668591],[9.961206254991358,46.23814866649648],[9.957216178208318,46.23618417602814],[9.95566534269236,46.23575615791896],[9.951246957424154,46.23438055291198],[9.939053967227203,46.22983684854609],[9.938583650465223,46.22963370212421],[9.938333923268566,46.22943775598754],[9.937674877529593,46.228813160452674],[9.936715596630103,46.22730903532962],[9.933188121389898,46.221172897734164],[9.933011064015112,46.22067035757455],[9.93520223038707,46.21761044162811],[9.94117233386985,46.20961445846772],[9.945802620632927,46.204464220851925],[9.942519522542462,46.19591432774418],[9.935529470005248,46.185720765285026],[9.932608583999334,46.18152362302868],[9.920710446617024,46.1805760630824],[9.916526448544072,46.17829669708702],[9.914117358988477,46.168964882479685],[9.915934966373504,46.16608830199706],[9.910767376058557,46.161422593102714],[9.898012526122347,46.16320647046669],[9.896914312978149,46.16567568278554],[9.89508829949517,46.17135727147595],[9.886073983044646,46.17634080460596],[9.877203749639058,46.18068431616954],[9.876223029438378,46.18093484688073],[9.875466948249805,46.181462635831146],[9.873422178781508,46.185015095066696],[9.873089626376538,46.185977568320034],[9.873398892202054,46.187508467575725],[9.8741664895559,46.18770061565141],[9.875337305858638,46.18798865193482],[9.876519940462536,46.188204590287015],[9.876835830239882,46.18825617270835],[9.877754147697395,46.18840211122902],[9.878883997983264,46.188555446891954],[9.879982132506683,46.18915899834717],[9.881917352744667,46.19024208073942],[9.88232652734504,46.190706931301975],[9.881235167656387,46.193775344788826],[9.879577576306795,46.1979190845338],[9.881311930406786,46.19858070866364],[9.882852654843138,46.19928883026622],[9.884216025580141,46.20025028609794],[9.886003013677044,46.20175745986388],[9.891401476906578,46.20696249055187],[9.901913487172537,46.21799501552997],[9.905265204745913,46.222342518136436],[9.905550933712894,46.22315924063427],[9.904872561838717,46.22448762124964],[9.903611084206648,46.22584754787414],[9.901930264897311,46.22694082249416],[9.900134313058679,46.227552955135074],[9.900049832040516,46.2275810721926],[9.891643968955313,46.22996443660842],[9.894966278064425,46.237291438535834]]]},"properties":{"name":"Montagna in Valtellina","op_id":"1832","minint_elettorale":"1030770440","minint_finloc":"1030770440","prov_name":"Sondrio","prov_istat_code":"014","prov_istat_code_num":14,"prov_acr":"SO","prov_iso_3166_2":"IT-SO","reg_name":"Lombardia","reg_istat_code":"03","reg_istat_code_num":3,"reg_iso_3166_2":"IT-25","opdm_id":"1602","com_catasto_code":"F393","com_istat_code":"014044","com_istat_code_num":14044,"prov_uts_code":"014","prov_tipo_uts":"Provincia"}},
{"type":"Feature","geometry":{"type":"Polygon","coordinates":[[[9.603200716322823,46.11107087645825],[9.598741536772376,46.11021088549519],[9.58903372997671,46.10757085724784],[9.58821340595765,46.10708906046821],[9.587503010887986,46.106813058228205],[9.587275215281402,46.10672492262718],[9.586236103714642,46.10635224861952],[9.585367310746689,46.10617669190742],[9.584267821274372,46.106209320608016],[9.583026102979437,46.10625165908224],[9.581644762378703,46.10655568134435],[9.578909231460047,46.10852255895509],[9.571176794377807,46.11281850183047],[9.565639448570879,46.11673411976293],[9.566032410390779,46.120980266058915],[9.563343583971887,46.13092050266622],[9.558750796232232,46.140690273478455],[9.557561810168687,46.14477295224078],[9.564689529364372,46.14537696749218],[9.57015812225368,46.14579982300773],[9.572576448007302,46.148001767057565],[9.575891503584533,46.15048722007309],[9.583210716161723,46.15318616793353],[9.585125892677521,46.153050379019994],[9.589757585499406,46.15263058135516],[9.594507302768045,46.153559968005275],[9.603158600522384,46.15480156867674],[9.620044370806628,46.15463922661734],[9.620847169123312,46.15462585653019],[9.621803277122277,46.154431636450845],[9.629022008771312,46.151485137556435],[9.630319722441154,46.15058701261583],[9.628701853082573,46.14839084932936],[9.625232635991148,46.146204859417026],[9.615082748634952,46.14450294965603],[9.60821479264918,46.143572376971434],[9.606339216795039,46.14371463596684],[9.603453307704463,46.143910413369326],[9.601485380231237,46.14386628148052],[9.597519027831735,46.14347307976808],[9.596092210237055,46.14323752008321],[9.595430530179168,46.14311496585015],[9.595344046870908,46.14271556811489],[9.595314905568975,46.14258082942413],[9.595307965752179,46.14254865587357],[9.59857841244018,46.12532345494587],[9.601874308708474,46.115379032979895],[9.603200716322823,46.11107087645825]]]},"properties":{"name":"Morbegno","op_id":"1833","minint_elettorale":"1030770450","minint_finloc":"1030770450","prov_name":"Sondrio","prov_istat_code":"014","prov_istat_code_num":14,"prov_acr":"SO","prov_iso_3166_2":"IT-SO","reg_name":"Lombardia","reg_istat_code":"03","reg_istat_code_num":3,"reg_iso_3166_2":"IT-25","opdm_id":"1603","com_catasto_code":"F712","com_istat_code":"014045","com_istat_code_num":14045,"prov_uts_code":"014","prov_tipo_uts":"Provincia"}},
{"type":"Feature","geometry":{"type":"Polygon","coordinates":[[[9.428783035423688,46.19568781237894],[9.429102216379192,46.19639350527653],[9.437092839073626,46.20872018813345],[9.44080750881073,46.214483884641616],[9.44225314692323,46.21529731813776],[9.443912894542601,46.2166163049262],[9.4446117917604,46.21839313880367],[9.44466815304791,46.218950926503354],[9.444509069249385,46.22012153184635],[9.444414863070415,46.220628532792276],[9.444359886078919,46.2209230755023],[9.442495002177315,46.22604227755882],[9.441477974102012,46.22858417860138],[9.441155258418231,46.22927294283598],[9.441082721119491,46.22942272699624],[9.435959659080094,46.23753327858234],[9.432809114664357,46.24922714834141],[9.431629113618463,46.25198105982718],[9.422899195688698,46.256990630121905],[9.4178457716548,46.259457280453354],[9.41837869655361,46.259572357821575],[9.422606512792843,46.26098779424948],[9.424818834371898,46.26182557554556],[9.426639914586444,46.26252966294769],[9.42826819115621,46.26332463742538],[9.429987880847085,46.26420016060107],[9.431977970330959,46.26480015011555],[9.440891314859412,46.26633210387824],[9.442479230586086,46.266447362447444],[9.442539519067896,46.26645173617624],[9.444601883075018,46.266335742037626],[9.44812801741036,46.265997964566125],[9.449488854690875,46.2657856340414],[9.451846834646584,46.26532634722885],[9.454217207959848,46.26489846228067],[9.45699116452317,46.26453641165747],[9.466484311808914,46.26333882684818],[9.466675407744209,46.263651295330675],[9.470525174484552,46.27216739905394],[9.470452074027992,46.272725700715945],[9.469432819941673,46.2734318627102],[9.467997931169954,46.27410373857532],[9.466549762900497,46.27464964981019],[9.46389382447257,46.27520944567325],[9.460344660133158,46.27595728161571],[9.459053135771637,46.27817643458153],[9.466011612171139,46.28273906513088],[9.471233741127943,46.28499377078448],[9.472729076518775,46.28528458775078],[9.477519659205127,46.28536602034667],[9.482557540814835,46.284177039946144],[9.48566317852315,46.28315591485393],[9.486958097052595,46.28279943127692],[9.4877883520648,46.28274188642164],[9.49087885668098,46.28295365567389],[9.502342318465919,46.2846228395979],[9.506130752426296,46.28730607823962],[9.508907125996878,46.28992170462392],[9.51294784652179,46.293044586923116],[9.516627124468608,46.29496299454052],[9.51742281629725,46.29535538191746],[9.51868313461252,46.29544866767012],[9.519995190052414,46.29552371616042],[9.529733320994398,46.297071967552085],[9.545587158630553,46.2998773600899],[9.546550498417165,46.30012475613564],[9.54752933397015,46.3006240675981],[9.548144557940379,46.301116119007766],[9.54937741465594,46.30234316919611],[9.554226150400094,46.30542476630802],[9.560823425133808,46.305536603801244],[9.572702969017651,46.29928133392335],[9.581826869795766,46.29527533920494],[9.582497605323447,46.29485792964751],[9.582895945533602,46.294477830030466],[9.581919355389148,46.29306083835233],[9.580776358336449,46.29178867194986],[9.579594547977434,46.290597698766156],[9.579136005172986,46.290204017470224],[9.57392309452493,46.28581138219604],[9.57095214690347,46.283486298065185],[9.567694882904146,46.28224254534296],[9.56648320691451,46.281807558285614],[9.565543109081519,46.28127221894857],[9.56474321432832,46.280484181657506],[9.56385991797483,46.27915657362924],[9.563288908977052,46.27798040376999],[9.563330954422765,46.27701721371043],[9.563396935565704,46.275855893639765],[9.563982853000098,46.27105609225151],[9.565294694769397,46.26618968020093],[9.560234592578865,46.2574351884434],[9.549396073651836,46.24146347370367],[9.55199128629311,46.235097021364375],[9.55943280352059,46.22587192052322],[9.559847613162919,46.22458290258601],[9.559545353358514,46.22163238651152],[9.559135629704302,46.21959141964028],[9.560352946815637,46.21434747991132],[9.56092680858448,46.2121396487828],[9.560674291449063,46.21152891715878],[9.560463144699005,46.20861396625647],[9.560401503491413,46.20765127302753],[9.561796464929168,46.20334243030069],[9.562835398056109,46.200997327006924],[9.563646505616301,46.200462325428674],[9.563985035899101,46.19934467442528],[9.56424587793197,46.19823638231843],[9.561204612690489,46.19485839644807],[9.558955633377828,46.19417640980408],[9.556254112447402,46.19359559855258],[9.5538650203841,46.19314816238577],[9.552169378408376,46.193354385216544],[9.548458247202344,46.192886235425966],[9.546263566091891,46.19242875603319],[9.544730161547331,46.19200406491566],[9.543285426108703,46.191371939518284],[9.54208730513609,46.190774625078205],[9.5270517907789,46.18638994095559],[9.517226866046018,46.183338798283],[9.515617133049442,46.183013054120416],[9.511758251908336,46.18186942650141],[9.510240766417791,46.18170519845737],[9.50819259314877,46.181597333588506],[9.506262341476498,46.181632901996736],[9.504321852513677,46.18196547630895],[9.49571272511277,46.18277710133484],[9.494891140937836,46.18218666994566],[9.493458030513981,46.18131087526957],[9.492182438415012,46.18065936463536],[9.490764067611968,46.179972474952734],[9.489633524940103,46.17959931883495],[9.487960386903259,46.179399463076294],[9.482570423425571,46.17938634547005],[9.477851758675564,46.17909116373894],[9.47641146490596,46.1788451911311],[9.475268897296194,46.17856194736933],[9.47408628142478,46.17814384274711],[9.472274431312085,46.1773851596569],[9.464580179021908,46.18010893839042],[9.466528917284649,46.18073099004435],[9.468855595882186,46.181603479823636],[9.470495080409444,46.18241573310615],[9.472125747298227,46.183705019815164],[9.473230071068826,46.187066449536026],[9.473944045745204,46.19324648166121],[9.479398137162756,46.19451973467842],[9.483667411629542,46.19514075075826],[9.486993167299282,46.19457763582452],[9.494056730668392,46.19606831393878],[9.502729951273269,46.20063849041235],[9.50793692477513,46.204476468746584],[9.506111973122994,46.207598545160764],[9.509494510293257,46.21311848967304],[9.510102677052167,46.21439377255198],[9.509958226112865,46.215439928520155],[9.509944751199392,46.215537503824564],[9.508086790531415,46.215104775382464],[9.485901229717363,46.208901250752476],[9.475162419632072,46.206795410539314],[9.469174731534903,46.20692813299336],[9.461239941557379,46.20674441937282],[9.455474407067094,46.20554345218897],[9.444982166898656,46.201642791081966],[9.428783035423688,46.19568781237894]]]},"properties":{"name":"Novate Mezzola","op_id":"1834","minint_elettorale":"1030770460","minint_finloc":"1030770460","prov_name":"Sondrio","prov_istat_code":"014","prov_istat_code_num":14,"prov_acr":"SO","prov_iso_3166_2":"IT-SO","reg_name":"Lombardia","reg_istat_code":"03","reg_istat_code_num":3,"reg_iso_3166_2":"IT-25","opdm_id":"1604","com_catasto_code":"F956","com_istat_code":"014046","com_istat_code_num":14046,"prov_uts_code":"014","prov_tipo_uts":"Provincia"}},
{"type":"Feature","geometry":{"type":"Polygon","coordinates":[[[9.556668675124742,46.089525739499344],[9.557346038545912,46.08228634209128],[9.55250959995518,46.07976280182023],[9.547243929633131,46.07826703887081],[9.541429926407313,46.07752972999308],[9.53698931645743,46.07703765182322],[9.533861336888,46.0767192167017],[9.53250964920029,46.076527508800666],[9.531109753123935,46.07619201052525],[9.524856503133524,46.07408786758696],[9.507823879071653,46.06827869538228],[9.504865708657029,46.06717577467499],[9.50300942783484,46.06637393011357],[9.502059672730788,46.06587339068969],[9.492867754960947,46.07083567989313],[9.501489979981937,46.08417412126023],[9.501780945779608,46.084100701187026],[9.502341528389197,46.08396323997575],[9.503750796073637,46.08390303090054],[9.509375850127268,46.0837701058725],[9.525475973282214,46.0855600398141],[9.542693721874755,46.08771192935181],[9.548161417237766,46.088639857853586],[9.553433326368879,46.08937045364394],[9.555207074321713,46.0895328673829],[9.556668675124742,46.089525739499344]]]},"properties":{"name":"Pedesina","op_id":"1835","minint_elettorale":"1030770470","minint_finloc":"1030770470","prov_name":"Sondrio","prov_istat_code":"014","prov_istat_code_num":14,"prov_acr":"SO","prov_iso_3166_2":"IT-SO","reg_name":"Lombardia","reg_istat_code":"03","reg_istat_code_num":3,"reg_iso_3166_2":"IT-25","opdm_id":"1605","com_catasto_code":"G410","com_istat_code":"014047","com_istat_code_num":14047,"prov_uts_code":"014","prov_tipo_uts":"Provincia"}},
{"type":"Feature","geometry":{"type":"Polygon","coordinates":[[[9.414100807833861,46.13686863193834],[9.414993185143281,46.13846741808321],[9.42042574892184,46.146295706584574],[9.421445685635058,46.14855095411076],[9.421553264094843,46.1494564436388],[9.428069813955197,46.149264336533605],[9.428964206666397,46.14725358535091],[9.43037225888228,46.14473852564049],[9.434960276331916,46.142465638132364],[9.436550568805615,46.14046127416018],[9.438237163690822,46.13796660386824],[9.439119700308137,46.13280803558371],[9.439094169203031,46.13249170477033],[9.439034155163194,46.1317588770305],[9.438836163608,46.13021174695918],[9.438400547172431,46.12952690511103],[9.436434188259453,46.127940583061196],[9.425112857678542,46.112617985000135],[9.41891031535844,46.10013971913977],[9.415001832068329,46.09479888956597],[9.41412687319769,46.102279103755684],[9.41333512533436,46.11066313871052],[9.412856562663059,46.11935897521665],[9.413625967006519,46.1270512652629],[9.414032346464921,46.13464587356039],[9.414100807833861,46.13686863193834]]]},"properties":{"name":"Piantedo","op_id":"1836","minint_elettorale":"1030770480","minint_finloc":"1030770480","prov_name":"Sondrio","prov_istat_code":"014","prov_istat_code_num":14,"prov_acr":"SO","prov_iso_3166_2":"IT-SO","reg_name":"Lombardia","reg_istat_code":"03","reg_istat_code_num":3,"reg_iso_3166_2":"IT-25","opdm_id":"1606","com_catasto_code":"G572","com_istat_code":"014048","com_istat_code_num":14048,"prov_uts_code":"014","prov_tipo_uts":"Provincia"}},
{"type":"Feature","geometry":{"type":"Polygon","coordinates":[[[9.848942695023164,46.04991857861258],[9.846682530700923,46.05173538565525],[9.845810083425128,46.05301088467964],[9.84558387829351,46.05428159639022],[9.845724237380292,46.0558555936499],[9.847910729107788,46.063570589372624],[9.850405639836314,46.077853357469756],[9.849934560335232,46.07917990282927],[9.849622663378588,46.08076624486562],[9.8495938445958,46.08226049632897],[9.856354719072643,46.09373926017049],[9.860806151978988,46.099645935657506],[9.861705582682115,46.10060817631007],[9.861858746172766,46.10077202886708],[9.86338917125581,46.10184050147758],[9.866826641498344,46.104055521138136],[9.868470990390579,46.104952046227794],[9.87037379774335,46.105000573760556],[9.8806298582183,46.110403116174474],[9.889140517385574,46.11659231190328],[9.8902409694028,46.11742075664075],[9.891061531940224,46.11854838853838],[9.891292699102946,46.11923958425673],[9.892289418041747,46.119249806229504],[9.896654693081176,46.12027765647262],[9.897205956745804,46.12075033916399],[9.899178333996945,46.1242448950852],[9.902905538911291,46.13124459443749],[9.905170044151731,46.136806906009355],[9.909273119396044,46.14225539749101],[9.913140085747186,46.146688626599826],[9.918560545527182,46.15105522322637],[9.918624461976892,46.151783720802314],[9.918327963434765,46.154198160749175],[9.914160521837584,46.15982961392898],[9.91394798030149,46.15997725163573],[9.912737633614698,46.16073187199756],[9.911735980804561,46.1612528689752],[9.910767376058557,46.161422593102714],[9.915934966373504,46.16608830199706],[9.925022187167396,46.16518439205813],[9.935715794961034,46.16394120285271],[9.93740775273071,46.16510421150168],[9.938084473223611,46.16609181246631],[9.942804099346052,46.16550243266525],[9.95770024369094,46.16338842270053],[9.959580366814095,46.16343526785051],[9.963163747386252,46.16391815723903],[9.96112330301801,46.1598132006379],[9.959697704600641,46.14933109499635],[9.9603802778272,46.14539231903196],[9.960514182920157,46.14415819028075],[9.959839699108317,46.14334483928395],[9.959125926207218,46.14250482869064],[9.958494672791232,46.141943113308464],[9.951611084860193,46.1369429396578],[9.94310583754404,46.13597979189789],[9.941695478026409,46.13626867774149],[9.939850470068501,46.137399880426265],[9.938201670681357,46.13865544422951],[9.935874649155565,46.13961952264414],[9.933864764981017,46.14020297199034],[9.93015820007509,46.14104137403511],[9.929550831500483,46.14082313875426],[9.928612547077783,46.13660975660602],[9.929398978376584,46.13333630801569],[9.93120058609348,46.12194545972278],[9.931520750090186,46.11944081734195],[9.931373455000871,46.112138408200245],[9.935333453346056,46.10406891747487],[9.938712625981225,46.09938363939629],[9.939566104032448,46.09861181379437],[9.941196680576025,46.09862519886253],[9.942764501821735,46.09876528319113],[9.944356019518144,46.098761065489114],[9.948565388429678,46.098294264574875],[9.949350746543717,46.098071753636866],[9.95031503244904,46.09772172752065],[9.957333147233848,46.09503523902972],[9.963086150102681,46.09263772013582],[9.9732577422683,46.086971448248185],[9.985036793456608,46.07291122800087],[9.986339709644634,46.070542093473016],[9.986338169892187,46.0705056007224],[9.985809159761413,46.069079494541384],[9.984661258441848,46.066335323572936],[9.98208729585648,46.06555644240497],[9.980479307763662,46.06529123605557],[9.979723538352815,46.06526850863931],[9.978616466962716,46.06523521511029],[9.974736702674244,46.06518737856352],[9.96768314640626,46.066273344026726],[9.957633869355295,46.06686198873566],[9.946689671992635,46.06654816970142],[9.93602194432035,46.06422396624436],[9.929464405725701,46.0617754264781],[9.924046753059512,46.060199329579014],[9.922306492314235,46.059727359200096],[9.916727321630171,46.05852121769599],[9.914355686168209,46.05817121776748],[9.91194991806697,46.05810043386198],[9.910016650589696,46.057674828409695],[9.908601880392988,46.056543050864626],[9.906989139240597,46.0551608356599],[9.906532158296988,46.054093424073514],[9.906638302603973,46.04952047805627],[9.906969420395141,46.048428822737485],[9.908073484325678,46.04638605425602],[9.900814721589793,46.045912493604476],[9.895163069071339,46.04570489243605],[9.886191430898839,46.04560381419128],[9.883262096612027,46.04589650821204],[9.881833601285207,46.04628553514541],[9.880794788441086,46.04679756395329],[9.880180815343934,46.04801732738326],[9.879036216172523,46.04919617630801],[9.877189225850755,46.050101393696906],[9.874449072132673,46.050932407537594],[9.872320010929926,46.05117368334117],[9.870308760232605,46.05068499986937],[9.86822797152245,46.04988181580468],[9.865907291829116,46.04861237328204],[9.863971619855304,46.0471599809501],[9.86209700610176,46.046301118850515],[9.859714843275182,46.04604906379532],[9.857270878533823,46.04597741621373],[9.85512484606039,46.045948500808514],[9.852039273442447,46.04617854307464],[9.84798188206161,46.04672121856085],[9.848942695023164,46.04991857861258]]]},"properties":{"name":"Piateda","op_id":"1837","minint_elettorale":"1030770490","minint_finloc":"1030770490","prov_name":"Sondrio","prov_istat_code":"014","prov_istat_code_num":14,"prov_acr":"SO","prov_iso_3166_2":"IT-SO","reg_name":"Lombardia","reg_istat_code":"03","reg_istat_code_num":3,"reg_iso_3166_2":"IT-25","opdm_id":"1607","com_catasto_code":"G576","com_istat_code":"014049","com_istat_code_num":14049,"prov_uts_code":"014","prov_tipo_uts":"Provincia"}},
{"type":"Feature","geometry":{"type":"Polygon","coordinates":[[[9.420632041457665,46.38053460101407],[9.421125301373404,46.38137423194939],[9.423391870418353,46.38860160539961],[9.421165222747694,46.39840146757956],[9.419642304017652,46.40336587687412],[9.419233394430984,46.40433033827257],[9.408528531267702,46.41308974496212],[9.40433403411693,46.41409461251436],[9.399741043453172,46.41411975054142],[9.40023866275418,46.414549993885714],[9.400527155210506,46.4148549790532],[9.402732058667718,46.417421122968086],[9.403076469666741,46.41824787789296],[9.40333371978566,46.421369848516456],[9.403078673058126,46.42560956089914],[9.402129343543363,46.43455852320269],[9.400736140452123,46.438050760265355],[9.39938864343798,46.43891943506735],[9.398172950867668,46.44001262383321],[9.395597122956081,46.44373839175214],[9.401054950204927,46.45666076965342],[9.401556760399504,46.45772097274236],[9.402451727239884,46.459004760730494],[9.403477297138364,46.460333070821235],[9.405106842775007,46.46231622978228],[9.409006877156264,46.466712117139835],[9.4102820192147,46.46654557404702],[9.411507237678197,46.466667167947406],[9.412823755811624,46.46691441297009],[9.41388543625087,46.46780153449688],[9.420851561279893,46.47439978059662],[9.424119777073106,46.479359945658025],[9.424132128783274,46.484300653188164],[9.424484644312923,46.487746168012684],[9.424811148628695,46.48951785412606],[9.426085537023306,46.49086303765899],[9.432829131282427,46.49677740314138],[9.440961832848227,46.49871721979627],[9.450274408114261,46.49975188935583],[9.45157544219961,46.50017422897309],[9.453435552269717,46.50210177333518],[9.453552078988258,46.50357722628932],[9.453289384664364,46.504901186977804],[9.460883174387728,46.50742670065499],[9.460476771253864,46.496340942742876],[9.4592599728442,46.48492546094273],[9.458760015417692,46.48463948306707],[9.456864481034913,46.484557071574685],[9.454920372714938,46.48451081754478],[9.45424224885088,46.48443252713761],[9.45016233085012,46.4838996705873],[9.44973174516803,46.48382037891649],[9.449458530561031,46.48337147768221],[9.449520235438492,46.48038337818147],[9.449561680293787,46.47987925483529],[9.449658842962206,46.479518878099704],[9.44978386458124,46.47947339662189],[9.45116504071683,46.479512900838465],[9.454887089582138,46.479840145952686],[9.458081279867796,46.480124424140925],[9.45887483148524,46.4801842394937],[9.461525354003731,46.480209571588716],[9.462013805405613,46.47933464912931],[9.463514260230726,46.470401029893374],[9.463571961767624,46.46952784498492],[9.463116468879248,46.468035759082085],[9.462471569279703,46.46724640383044],[9.460870185299184,46.46577694164372],[9.459641928212832,46.46530490612911],[9.458713018390796,46.46480467453149],[9.457769978305715,46.464169484039225],[9.457371074939745,46.46319012074612],[9.457660078570552,46.458824182966396],[9.457995533526384,46.45379206461024],[9.458490432988068,46.44138866278631],[9.455207511965952,46.43017026952996],[9.453709974457839,46.42223855743357],[9.458495413809645,46.414529273796916],[9.461173076569143,46.41120664898935],[9.464716585967068,46.40407358936366],[9.466864378455625,46.39811606497737],[9.467740546298062,46.38790685482668],[9.465804258311737,46.384935865233174],[9.464376902860371,46.38368170254991],[9.461776154665225,46.37743745745488],[9.461597128101738,46.37625022243951],[9.462770764896739,46.37512045447956],[9.464232537923271,46.374232568773216],[9.465879443734618,46.37381188455369],[9.474131130411738,46.371852034959275],[9.487656187618622,46.366629380925325],[9.476473726707296,46.355561873073135],[9.465972268494575,46.34582546055538],[9.463436873113722,46.344410857296765],[9.45959782030755,46.342113420299654],[9.459067933556575,46.34090957690258],[9.459061282290351,46.340507217208604],[9.459041750181202,46.33932451047725],[9.459129016255488,46.33413699577668],[9.459194539718405,46.33352475055359],[9.461397654025935,46.32628458136429],[9.466372293445778,46.323303532871975],[9.46932647469303,46.31947102464208],[9.469775006078354,46.31875820423427],[9.470210286401969,46.31801843330214],[9.47066912715168,46.31708956575009],[9.471064592720802,46.31625096038876],[9.471315143967539,46.315178942913285],[9.471412090448029,46.314378390891655],[9.47184627948993,46.310577867257955],[9.47466798418288,46.30367219689457],[9.480403259126222,46.29009447508628],[9.482557540814835,46.284177039946144],[9.477519659205127,46.28536602034667],[9.463465546101995,46.29186535000497],[9.445658582371934,46.300045004100426],[9.43850938817426,46.30374474120854],[9.437983751615334,46.30460171070884],[9.435756930701753,46.30698616450933],[9.434597383027628,46.30815154646605],[9.4320327623013,46.31055521652489],[9.42473625745073,46.315685428834975],[9.416984309972781,46.32591072224873],[9.415116621402438,46.334665367078806],[9.410439979238099,46.3521865178612],[9.409014657544702,46.35614252227567],[9.412148329097018,46.35640126086463],[9.414663495821886,46.35726515487018],[9.417413861454408,46.358384607532344],[9.418953633498575,46.35916194374654],[9.42066409914401,46.36015464780344],[9.427271805195186,46.37090281597564],[9.427344127221023,46.37183852888368],[9.425722617564768,46.375561451176644],[9.424988678280142,46.37649114936586],[9.424123941419147,46.37732233501467],[9.420632041457665,46.38053460101407]]]},"properties":{"name":"Piuro","op_id":"1838","minint_elettorale":"1030770500","minint_finloc":"1030770500","prov_name":"Sondrio","prov_istat_code":"014","prov_istat_code_num":14,"prov_acr":"SO","prov_iso_3166_2":"IT-SO","reg_name":"Lombardia","reg_istat_code":"03","reg_istat_code_num":3,"reg_iso_3166_2":"IT-25","opdm_id":"1608","com_catasto_code":"G718","com_istat_code":"014050","com_istat_code_num":14050,"prov_uts_code":"014","prov_tipo_uts":"Provincia"}},
{"type":"Feature","geometry":{"type":"Polygon","coordinates":[[[9.915934966373504,46.16608830199706],[9.914117358988477,46.168964882479685],[9.916526448544072,46.17829669708702],[9.920710446617024,46.1805760630824],[9.932608583999334,46.18152362302868],[9.934518048738465,46.177984493506365],[9.938169433834142,46.17304061205372],[9.938084473223611,46.16609181246631],[9.93740775273071,46.16510421150168],[9.935715794961034,46.16394120285271],[9.925022187167396,46.16518439205813],[9.915934966373504,46.16608830199706]]]},"properties":{"name":"Poggiridenti","op_id":"1839","minint_elettorale":"1030770510","minint_finloc":"1030770510","prov_name":"Sondrio","prov_istat_code":"014","prov_istat_code_num":14,"prov_acr":"SO","prov_iso_3166_2":"IT-SO","reg_name":"Lombardia","reg_istat_code":"03","reg_istat_code_num":3,"reg_iso_3166_2":"IT-25","opdm_id":"1609","com_catasto_code":"G431","com_istat_code":"014051","com_istat_code_num":14051,"prov_uts_code":"014","prov_tipo_uts":"Provincia"}},
{"type":"Feature","geometry":{"type":"Polygon","coordinates":[[[9.978590866417726,46.16114637792659],[9.981041678547852,46.15608000627709],[9.983016002211956,46.152039999467256],[9.985191797453115,46.15059926001316],[9.987493712042589,46.148977361688026],[9.990635681531698,46.14582715075777],[9.991588755331067,46.14337986192822],[9.992391452991537,46.14121286164454],[9.99310151439583,46.1367786464172],[9.995047674489525,46.13054262529479],[9.997602069641909,46.13006135841913],[10.00436525496117,46.12896709006052],[10.011817634135888,46.123816284070124],[10.019458404668079,46.11842930820855],[10.022634546643108,46.11381984354664],[10.026894037473244,46.1076525337215],[10.030653292689202,46.102461603761604],[10.032571860167227,46.10196727605314],[10.040668636269299,46.100453815930855],[10.047947817858773,46.09405117154183],[10.05309973198829,46.08878370769654],[10.055654832955454,46.0855000266565],[10.054298616023079,46.085172592845296],[10.044487732661864,46.08482166249348],[10.042435117501043,46.08502940913016],[10.040068795896318,46.085752984608945],[10.03859561218158,46.08651340944094],[10.032691509845035,46.08758391795166],[10.024795850922843,46.08729498506535],[10.023095007504116,46.086950219897396],[10.018537783954109,46.086018910928736],[10.017364582084811,46.08552534472549],[10.016450247005498,46.08503845936726],[10.013453487995998,46.08313903358287],[10.012056740810614,46.08172938746087],[10.011259409281164,46.07985539822602],[10.011271445108367,46.07909926818949],[10.011369150060574,46.07665935151789],[10.011379206293846,46.0736711996455],[10.011367205367476,46.07301428098111],[10.011114159563526,46.07261152266236],[10.010272913309716,46.072573950749735],[10.004574018249137,46.07278618698758],[10.00209743837534,46.073131935062065],[9.991474572426085,46.07279258336138],[9.986339709644634,46.070542093473016],[9.985036793456608,46.07291122800087],[9.9732577422683,46.086971448248185],[9.963086150102681,46.09263772013582],[9.957333147233848,46.09503523902972],[9.95031503244904,46.09772172752065],[9.949350746543717,46.098071753636866],[9.948565388429678,46.098294264574875],[9.944356019518144,46.098761065489114],[9.942764501821735,46.09876528319113],[9.941196680576025,46.09862519886253],[9.939566104032448,46.09861181379437],[9.938712625981225,46.09938363939629],[9.935333453346056,46.10406891747487],[9.931373455000871,46.112138408200245],[9.931520750090186,46.11944081734195],[9.93120058609348,46.12194545972278],[9.929398978376584,46.13333630801569],[9.928612547077783,46.13660975660602],[9.929550831500483,46.14082313875426],[9.93015820007509,46.14104137403511],[9.933864764981017,46.14020297199034],[9.935874649155565,46.13961952264414],[9.938201670681357,46.13865544422951],[9.939850470068501,46.137399880426265],[9.941695478026409,46.13626867774149],[9.94310583754404,46.13597979189789],[9.951611084860193,46.1369429396578],[9.958494672791232,46.141943113308464],[9.959125926207218,46.14250482869064],[9.959839699108317,46.14334483928395],[9.960514182920157,46.14415819028075],[9.9603802778272,46.14539231903196],[9.959697704600641,46.14933109499635],[9.96112330301801,46.1598132006379],[9.963163747386252,46.16391815723903],[9.962660609827047,46.16551544994084],[9.96244873198867,46.16747924288488],[9.962459091101957,46.168073148876324],[9.963486674575696,46.172024523900646],[9.964191222021482,46.184168653354746],[9.96685021526659,46.19541414636762],[9.965697590655882,46.20655691256881],[9.964239584787803,46.20990821538575],[9.961006309796709,46.21852142426357],[9.960478907286612,46.22322383273866],[9.961315491920386,46.224350807048516],[9.962356272803325,46.22677204569564],[9.96340877108731,46.22985917500899],[9.962888494402915,46.23051155182581],[9.959827559259745,46.234209283223365],[9.958565874686862,46.23548885145371],[9.957216178208318,46.23618417602814],[9.961206254991358,46.23814866649648],[9.966301559783956,46.235819715196875],[9.972300432432382,46.23253786263704],[9.973527052525764,46.23223041245112],[9.978372030095345,46.23119905103001],[9.982981132587721,46.23149252104399],[9.990255448637678,46.23070973177876],[9.997367148626005,46.22668793151754],[10.011021350376266,46.2174690183747],[10.012135548122549,46.216354808287576],[10.006585490029057,46.20531315990243],[10.003083229142751,46.19877394163521],[10.00118646918849,46.19638756468394],[9.999959254844208,46.19375229422134],[9.997759955861433,46.18823649098065],[9.997002746520103,46.18289725575922],[9.990774690194774,46.17448238182259],[9.981408695201395,46.168695147244556],[9.973572291421881,46.16361387648708],[9.973404036238888,46.16288629833436],[9.973471487722671,46.16206771123968],[9.973489380156142,46.161850570005186],[9.973770846517052,46.16100556232602],[9.973809862800486,46.16091206138138],[9.974116354688334,46.16034761602982],[9.974173391207039,46.160242731001546],[9.974312997969186,46.16017535046236],[9.974610019244276,46.16003199670126],[9.975647133467689,46.16015089265404],[9.975842974153812,46.160174482490476],[9.978590866417726,46.16114637792659]]]},"properties":{"name":"Ponte in Valtellina","op_id":"1840","minint_elettorale":"1030770520","minint_finloc":"1030770520","prov_name":"Sondrio","prov_istat_code":"014","prov_istat_code_num":14,"prov_acr":"SO","prov_iso_3166_2":"IT-SO","reg_name":"Lombardia","reg_istat_code":"03","reg_istat_code_num":3,"reg_iso_3166_2":"IT-25","opdm_id":"1610","com_catasto_code":"G829","com_istat_code":"014052","com_istat_code_num":14052,"prov_uts_code":"014","prov_tipo_uts":"Provincia"}},
{"type":"Feature","geometry":{"type":"Polygon","coordinates":[[[9.765523681455628,46.15731700608354],[9.765768893631256,46.157411111486915],[9.765891307486752,46.15746594273842],[9.766210017250708,46.15782997791875],[9.766488748634591,46.158245778087206],[9.766778948493055,46.1586813053936],[9.767078229065321,46.15971429191441],[9.768869653661836,46.167442344831954],[9.767371630421026,46.17337429488133],[9.76642247902231,46.17499166262608],[9.766225448761917,46.17573098529254],[9.765826839157583,46.177300409559464],[9.765481714575017,46.17908400097818],[9.765495162416352,46.18191892695853],[9.766877014079459,46.18718366160829],[9.767778424568752,46.19049861995776],[9.771289713999604,46.20250788558061],[9.773422919876307,46.20747949817611],[9.773163842017658,46.21136027169277],[9.772229862910525,46.21409359267381],[9.76919654054076,46.2206210123596],[9.770887481405804,46.22100558049553],[9.776802778649548,46.22211753373701],[9.778076785208688,46.22235187591808],[9.779697335894722,46.22233184013118],[9.781897060502454,46.22201080893657],[9.784067667335655,46.221464936169944],[9.785963113970178,46.220722937843654],[9.79069381133656,46.2187823134367],[9.790467447366805,46.21836986110782],[9.78950347188543,46.21443453861395],[9.788766964949263,46.196493668650355],[9.788990706978348,46.18313623862474],[9.786045205124339,46.17283354681324],[9.784704497813019,46.161439881962714],[9.786325074361804,46.15697038211989],[9.784566444700966,46.15631940504469],[9.781589766938673,46.15646578715465],[9.775810301247427,46.155308139418956],[9.774823090083787,46.15509884752523],[9.77324565985496,46.15528052433971],[9.771338053808458,46.15566158358676],[9.771035648960105,46.15572280593175],[9.768442083601151,46.156293931649394],[9.766674729601423,46.15679179880405],[9.765523681455628,46.15731700608354]]]},"properties":{"name":"Postalesio","op_id":"1841","minint_elettorale":"1030770530","minint_finloc":"1030770530","prov_name":"Sondrio","prov_istat_code":"014","prov_istat_code_num":14,"prov_acr":"SO","prov_iso_3166_2":"IT-SO","reg_name":"Lombardia","reg_istat_code":"03","reg_istat_code_num":3,"reg_iso_3166_2":"IT-25","opdm_id":"1611","com_catasto_code":"G937","com_istat_code":"014053","com_istat_code_num":14053,"prov_uts_code":"014","prov_tipo_uts":"Provincia"}},
{"type":"Feature","geometry":{"type":"Polygon","coordinates":[[[9.39220268245057,46.30834969822018],[9.393633293677091,46.308632803050024],[9.394465603138604,46.30887995997474],[9.395496251382575,46.30944534238141],[9.396073891760256,46.310319626376305],[9.39609758250761,46.31036399643482],[9.396113687310832,46.310395213368714],[9.39614189567173,46.310476022612214],[9.396928606368448,46.31274693286532],[9.397454223104752,46.31441537990816],[9.398007175955074,46.31545145671293],[9.398047285144099,46.31552659998181],[9.398084735899905,46.315596757571484],[9.400772914975764,46.3158404997084],[9.408775752609602,46.31404263675119],[9.411475807480572,46.31048702944523],[9.415442233734714,46.307862753649765],[9.418585883476176,46.30638431784092],[9.42394874029367,46.30474458695039],[9.42638631997839,46.30425854946657],[9.431961462249458,46.30324764243359],[9.432704736420527,46.30364081757154],[9.43850938817426,46.30374474120854],[9.445658582371934,46.300045004100426],[9.463465546101995,46.29186535000497],[9.477519659205127,46.28536602034667],[9.472729076518775,46.28528458775078],[9.471233741127943,46.28499377078448],[9.466011612171139,46.28273906513088],[9.459053135771637,46.27817643458153],[9.460344660133158,46.27595728161571],[9.46389382447257,46.27520944567325],[9.466549762900497,46.27464964981019],[9.467997931169954,46.27410373857532],[9.469432819941673,46.2734318627102],[9.470452074027992,46.272725700715945],[9.470525174484552,46.27216739905394],[9.466675407744209,46.263651295330675],[9.466484311808914,46.26333882684818],[9.45699116452317,46.26453641165747],[9.454217207959848,46.26489846228067],[9.451846834646584,46.26532634722885],[9.449488854690875,46.2657856340414],[9.44812801741036,46.265997964566125],[9.444601883075018,46.266335742037626],[9.442539519067896,46.26645173617624],[9.442479230586086,46.266447362447444],[9.440891314859412,46.26633210387824],[9.431977970330959,46.26480015011555],[9.429987880847085,46.26420016060107],[9.42826819115621,46.26332463742538],[9.426639914586444,46.26252966294769],[9.424818834371898,46.26182557554556],[9.422606512792843,46.26098779424948],[9.41837869655361,46.259572357821575],[9.4178457716548,46.259457280453354],[9.417703023679938,46.259516032600324],[9.416695464689363,46.25992952434022],[9.415627567973479,46.26026873309859],[9.415491652704912,46.26031190393472],[9.413075036839304,46.260968647394094],[9.412487306172237,46.26099777183965],[9.412161435894161,46.26082779965517],[9.411457819221042,46.26043432843305],[9.410558430870482,46.25986172456113],[9.405701349980012,46.258298667191106],[9.400095156776862,46.26194014027199],[9.395470374626624,46.265040463146164],[9.39087460984408,46.26853876367664],[9.39081640533821,46.26864877347557],[9.390070539404586,46.27006032489822],[9.389929003457423,46.27067796319738],[9.390512104924941,46.273824849005365],[9.390509822199148,46.27622033361528],[9.390207587911675,46.277144761360056],[9.385553453207272,46.287781811720954],[9.38362432220218,46.29165406871696],[9.383591184127898,46.29202573322609],[9.383657927002863,46.29390804417579],[9.383766510260577,46.294105841120334],[9.384236909054144,46.294737700405264],[9.384360969762026,46.29735334034667],[9.384959338414482,46.299527613843075],[9.385760417636483,46.30082979468131],[9.38677032165369,46.30225735799394],[9.389940038297128,46.30609850339565],[9.391365682685551,46.30752460630296],[9.39220268245057,46.30834969822018]]]},"properties":{"name":"Prata Camportaccio","op_id":"1842","minint_elettorale":"1030770540","minint_finloc":"1030770540","prov_name":"Sondrio","prov_istat_code":"014","prov_istat_code_num":14,"prov_acr":"SO","prov_iso_3166_2":"IT-SO","reg_name":"Lombardia","reg_istat_code":"03","reg_istat_code_num":3,"reg_iso_3166_2":"IT-25","opdm_id":"1612","com_catasto_code":"G993","com_istat_code":"014054","com_istat_code_num":14054,"prov_uts_code":"014","prov_tipo_uts":"Provincia"}},
{"type":"Feature","geometry":{"type":"Polygon","coordinates":[[[9.557322907687873,46.105668841361634],[9.55778030150936,46.10483856993613],[9.55819390418652,46.1035135383272],[9.558798498676758,46.10060353706617],[9.558507639169521,46.09870593568966],[9.557970967076276,46.09552249891436],[9.556960418562863,46.090235348081656],[9.556668675124742,46.089525739499344],[9.555207074321713,46.0895328673829],[9.553433326368879,46.08937045364394],[9.548161417237766,46.088639857853586],[9.542693721874755,46.08771192935181],[9.525475973282214,46.0855600398141],[9.509375850127268,46.0837701058725],[9.503750796073637,46.08390303090054],[9.502341528389197,46.08396323997575],[9.501780945779608,46.084100701187026],[9.501489979981937,46.08417412126023],[9.503720829022644,46.09195845716875],[9.507727147793513,46.09156257747612],[9.509162457833561,46.091502204129924],[9.510923056043325,46.09164733618567],[9.512919417987735,46.09210640881892],[9.514153553424395,46.09266787828978],[9.515246347801698,46.09332895412286],[9.522521625087053,46.09798498822835],[9.533220390231651,46.10061771664155],[9.55314266855197,46.10557220217626],[9.553842961147595,46.1057308110036],[9.557322907687873,46.105668841361634]]]},"properties":{"name":"Rasura","op_id":"1843","minint_elettorale":"1030770550","minint_finloc":"1030770550","prov_name":"Sondrio","prov_istat_code":"014","prov_istat_code_num":14,"prov_acr":"SO","prov_iso_3166_2":"IT-SO","reg_name":"Lombardia","reg_istat_code":"03","reg_istat_code_num":3,"reg_iso_3166_2":"IT-25","opdm_id":"1613","com_catasto_code":"H192","com_istat_code":"014055","com_istat_code_num":14055,"prov_uts_code":"014","prov_tipo_uts":"Provincia"}},
{"type":"Feature","geometry":{"type":"Polygon","coordinates":[[[9.469148226933244,46.08644448215558],[9.473392255196751,46.08811908135595],[9.479418118007983,46.09238703317977],[9.487280747683885,46.09945489640705],[9.48783022442317,46.10014556882737],[9.487227567717026,46.10076014553745],[9.485545555598172,46.102225313931655],[9.483604158509445,46.10362857154519],[9.480388603454498,46.10582915563085],[9.477837034276,46.10702786468858],[9.478091719951749,46.1110408744442],[9.481826931629792,46.11349122060471],[9.48251858943191,46.11415431514376],[9.481984509259807,46.11969163338171],[9.481104869826932,46.12572516166561],[9.480407942437676,46.13042614345261],[9.478338982552021,46.135168864630316],[9.477723817988206,46.13738545205818],[9.47785228142871,46.13866639257867],[9.477856213409261,46.138705455636945],[9.477860432904173,46.13874737233635],[9.477865532246186,46.13879790568829],[9.478267496264206,46.14036223920709],[9.479373623134945,46.143993638375804],[9.480224559197865,46.146555073174774],[9.481687807056538,46.14777550394602],[9.481802811693676,46.14787141959491],[9.483490853921401,46.148404298759914],[9.487449328927665,46.1479555049547],[9.487915624864284,46.14599113923923],[9.488539531284788,46.14381399950093],[9.489750008378037,46.14047652077697],[9.490816224523568,46.139211164551],[9.491500434172979,46.13753421785735],[9.492529350048013,46.12951963675003],[9.496022397818267,46.1249685007138],[9.499652648829002,46.119912625309915],[9.49890270964989,46.11278804456683],[9.499689928429262,46.102533394799615],[9.502681287823133,46.098551220842275],[9.503615323214811,46.093147001210845],[9.503720829022644,46.09195845716875],[9.501489979981937,46.08417412126023],[9.492867754960947,46.07083567989313],[9.48868940039885,46.07144939584402],[9.480760608291824,46.071213024398546],[9.475285085310988,46.07205493019666],[9.456680166555712,46.07735320726957],[9.459136929474454,46.07864607916348],[9.464624751707644,46.08070294161665],[9.46798098143013,46.08300228496441],[9.469148226933244,46.08644448215558]]]},"properties":{"name":"Rogolo","op_id":"1844","minint_elettorale":"1030770560","minint_finloc":"1030770560","prov_name":"Sondrio","prov_istat_code":"014","prov_istat_code_num":14,"prov_acr":"SO","prov_iso_3166_2":"IT-SO","reg_name":"Lombardia","reg_istat_code":"03","reg_istat_code_num":3,"reg_iso_3166_2":"IT-25","opdm_id":"1614","com_catasto_code":"H493","com_istat_code":"014056","com_istat_code_num":14056,"prov_uts_code":"014","prov_tipo_uts":"Provincia"}},
{"type":"Feature","geometry":{"type":"Polygon","coordinates":[[[9.33567441029184,46.23312875299775],[9.334267907997438,46.234302871492844],[9.333428088347656,46.23482731277179],[9.332093513448779,46.23503820477608],[9.330601845605479,46.23500651183418],[9.329017862450545,46.23472308461698],[9.317115659054133,46.234936723545495],[9.309715040609154,46.237314772968595],[9.310092940163834,46.239581948782345],[9.30981587491226,46.24465413547166],[9.310022302190104,46.248055531233305],[9.312121500416266,46.2517847793879],[9.314362597366355,46.25347961377027],[9.326307224529458,46.25755010762476],[9.33575828431667,46.260699693926],[9.34089163661975,46.26212448297251],[9.347488209096907,46.26507458501138],[9.348830303360064,46.265943479854684],[9.349468959175846,46.26638252704868],[9.349668154802586,46.267092925974595],[9.349612030787908,46.2683440768313],[9.349554538032427,46.269505229616854],[9.348667989660708,46.27091191760892],[9.348102337997798,46.271633638590885],[9.347082759488869,46.274588686680666],[9.347050296275624,46.27561476670516],[9.34719661111502,46.27617232623953],[9.352038344557188,46.27827252416949],[9.356136267335062,46.277836825749574],[9.363920080231726,46.275526380464086],[9.369670017665266,46.269892014071104],[9.370015051265927,46.26921591070967],[9.375543231069768,46.267397917867186],[9.378352363814624,46.266515674851945],[9.385244176548946,46.266798585562086],[9.386490911030684,46.26693835972688],[9.386578903709704,46.26699472041048],[9.386924819861164,46.267216297682374],[9.38703596147563,46.267287510554254],[9.387077530778743,46.26731437232029],[9.388256413933087,46.26836806486956],[9.388331519230714,46.26843530656795],[9.3898123192848,46.270464225853246],[9.389929003457423,46.27067796319738],[9.390070539404586,46.27006032489822],[9.39081640533821,46.26864877347557],[9.39087460984408,46.26853876367664],[9.395470374626624,46.265040463146164],[9.400095156776862,46.26194014027199],[9.405701349980012,46.258298667191106],[9.410558430870482,46.25986172456113],[9.411457819221042,46.26043432843305],[9.412161435894161,46.26082779965517],[9.412487306172237,46.26099777183965],[9.413075036839304,46.260968647394094],[9.415491652704912,46.26031190393472],[9.415627567973479,46.26026873309859],[9.416695464689363,46.25992952434022],[9.417703023679938,46.259516032600324],[9.4178457716548,46.259457280453354],[9.422899195688698,46.256990630121905],[9.431629113618463,46.25198105982718],[9.432809114664357,46.24922714834141],[9.435959659080094,46.23753327858234],[9.441082721119491,46.22942272699624],[9.441155258418231,46.22927294283598],[9.441477974102012,46.22858417860138],[9.442495002177315,46.22604227755882],[9.444359886078919,46.2209230755023],[9.444414863070415,46.220628532792276],[9.444509069249385,46.22012153184635],[9.44466815304791,46.218950926503354],[9.4446117917604,46.21839313880367],[9.443912894542601,46.2166163049262],[9.44225314692323,46.21529731813776],[9.44080750881073,46.214483884641616],[9.435483792082456,46.21672724901984],[9.424410989032955,46.22170085793646],[9.419482243173851,46.21979306565984],[9.413562989445472,46.21543165813968],[9.400209337318936,46.21187921353527],[9.398483291364133,46.2116242477026],[9.390467816795681,46.21109389783582],[9.384082319586424,46.21190752967946],[9.38065006119252,46.2123690064575],[9.373822808796366,46.21308453752429],[9.35807179355697,46.219155916732696],[9.35479153886848,46.22118212994687],[9.354729909519206,46.22167730866322],[9.3542807824819,46.2224077013666],[9.348412033212476,46.22935569039623],[9.347884147511861,46.229960276416826],[9.338770281864198,46.23252563602049],[9.33567441029184,46.23312875299775]]]},"properties":{"name":"Samolaco","op_id":"1845","minint_elettorale":"1030770570","minint_finloc":"1030770570","prov_name":"Sondrio","prov_istat_code":"014","prov_istat_code_num":14,"prov_acr":"SO","prov_iso_3166_2":"IT-SO","reg_name":"Lombardia","reg_istat_code":"03","reg_istat_code_num":3,"reg_iso_3166_2":"IT-25","opdm_id":"1615","com_catasto_code":"H752","com_istat_code":"014057","com_istat_code_num":14057,"prov_uts_code":"014","prov_tipo_uts":"Provincia"}},
{"type":"Feature","geometry":{"type":"Polygon","coordinates":[[[9.284340824233773,46.386057487496146],[9.285708825937313,46.38660305387213],[9.28774060729287,46.387245931819464],[9.289875164741156,46.387636538508566],[9.291956967705007,46.38788323614573],[9.299016904292683,46.38772098942179],[9.300457679577974,46.387204232558474],[9.304899027352185,46.38384460891815],[9.308248693989997,46.38055073875568],[9.309230262978247,46.37943212516429],[9.310225977066604,46.37844845633079],[9.31114613560147,46.37790597306581],[9.312927445156735,46.37795511643642],[9.314956906251622,46.378120550165036],[9.324713158711633,46.37917321227794],[9.333460331849997,46.38074998331634],[9.340157936441303,46.38307017185711],[9.341278693954374,46.38343590142434],[9.344598161735673,46.38409192623111],[9.346198915575544,46.3842760869385],[9.359018154085472,46.38398464380087],[9.360200209011225,46.38389992088296],[9.363540714098697,46.38168442645688],[9.36581717721037,46.37985023096792],[9.375356539905837,46.380239864098456],[9.390685726741626,46.38121229679182],[9.393412170482156,46.3805999852079],[9.400047094795749,46.37933500638458],[9.40150215151113,46.379149905551245],[9.406087401166404,46.37858473694105],[9.413515198918356,46.379071100516555],[9.419737135010886,46.37999340768017],[9.420440144795455,46.38020680397047],[9.420632041457665,46.38053460101407],[9.424123941419147,46.37732233501467],[9.424988678280142,46.37649114936586],[9.425722617564768,46.375561451176644],[9.427344127221023,46.37183852888368],[9.427271805195186,46.37090281597564],[9.42066409914401,46.36015464780344],[9.418953633498575,46.35916194374654],[9.417413861454408,46.358384607532344],[9.414663495821886,46.35726515487018],[9.412148329097018,46.35640126086463],[9.409014657544702,46.35614252227567],[9.402131434332249,46.35326903319199],[9.396572173820358,46.350066556314815],[9.39514826608776,46.349054510782594],[9.394465921706677,46.34814790096994],[9.393594659191562,46.34626095223769],[9.393104330898494,46.34493968340441],[9.39258636244471,46.34326751534237],[9.392534212439426,46.33961380045444],[9.391771454548566,46.33466673445931],[9.389992143294762,46.32939895227638],[9.389498135185686,46.329051155470246],[9.387822572415716,46.32928932898497],[9.38629149259325,46.32956451382234],[9.38330845744621,46.33017754024732],[9.37778039404594,46.330816121402584],[9.37724622649716,46.33078268121784],[9.37614947829557,46.32999431010172],[9.375156405438748,46.329160598102696],[9.374761780699705,46.32845985295952],[9.374817470742475,46.32710071427757],[9.37548768727157,46.326441522830216],[9.377442467060252,46.325445111154316],[9.380147674029393,46.32430887191681],[9.378749195104538,46.31740383787274],[9.378521059682814,46.31634262246926],[9.377942058379022,46.31525556441892],[9.37443824136035,46.31189216000387],[9.373604113922688,46.31146290690214],[9.37249974254215,46.3112776605354],[9.367977431598115,46.310878164300526],[9.366600917486927,46.31090059374416],[9.364903957702404,46.31143699925706],[9.363570328250942,46.31205323076827],[9.354722762052624,46.31146454113418],[9.353478841307146,46.31131585563795],[9.351118571279924,46.31233959527413],[9.341728769551976,46.3163009528962],[9.327465674263548,46.32202154453582],[9.323370503900712,46.32352716813189],[9.319816715127184,46.32420314934342],[9.318736178161592,46.3238011710067],[9.317669212473868,46.3234981582624],[9.315159408033194,46.32289312056925],[9.313950366770916,46.322725439690394],[9.312602344263174,46.32262140033975],[9.310833232346535,46.322670955945036],[9.307473944681666,46.3234450211558],[9.305619367521759,46.32391798915597],[9.30411543217953,46.32438098075703],[9.30233968822345,46.32495268037738],[9.300901999383651,46.32565845628658],[9.300050097599218,46.326587671529154],[9.295738346906122,46.32901083593162],[9.293903831142755,46.33077951689244],[9.293414269943543,46.331554768196746],[9.291810383165652,46.33496077490297],[9.291688805991397,46.3366080321245],[9.292424926413277,46.33819911136296],[9.293925489668357,46.339446227450416],[9.295527716297464,46.34025658533464],[9.298186318369542,46.341833629403155],[9.298906571732552,46.34284872461806],[9.299197475955555,46.343846930715515],[9.296961227349605,46.35084556376302],[9.29231120198094,46.35617637905936],[9.290155379208436,46.35652386501661],[9.284143832390795,46.357564927996286],[9.282354437162775,46.35833433739522],[9.281473293943936,46.358876477725104],[9.276678010440584,46.36941783806845],[9.276493878695234,46.374233131437414],[9.278151723182827,46.378242963698995],[9.28091112097933,46.38146710690185],[9.284340824233773,46.386057487496146]]]},"properties":{"name":"San Giacomo Filippo","op_id":"1846","minint_elettorale":"1030770580","minint_finloc":"1030770580","prov_name":"Sondrio","prov_istat_code":"014","prov_istat_code_num":14,"prov_acr":"SO","prov_iso_3166_2":"IT-SO","reg_name":"Lombardia","reg_istat_code":"03","reg_istat_code_num":3,"reg_iso_3166_2":"IT-25","opdm_id":"1616","com_catasto_code":"H868","com_istat_code":"014058","com_istat_code_num":14058,"prov_uts_code":"014","prov_tipo_uts":"Provincia"}},
{"type":"Feature","geometry":{"type":"Polygon","coordinates":[[[10.190169444475627,46.25669857686351],[10.193258637692985,46.25496087871695],[10.195389454461804,46.253309622256914],[10.196254842212918,46.25253557100205],[10.197508365973139,46.25111844931788],[10.197758621301988,46.2507693263276],[10.201731361417387,46.24369425923064],[10.20860628054947,46.23188572252885],[10.22223810454004,46.22202085597266],[10.233698266223392,46.213824627106526],[10.234226725045847,46.21310790605408],[10.239552831195125,46.205517250900805],[10.24161787477894,46.202265861819996],[10.240108259206323,46.201974193937374],[10.22965977461287,46.19959406351492],[10.229018026491506,46.199294955296494],[10.228739284762247,46.19900095637073],[10.228483639946035,46.19858070512902],[10.228371160214111,46.19818589990983],[10.228355978225261,46.19634104648738],[10.22844534697415,46.192209067662056],[10.226555689815859,46.19066827091339],[10.223813649700785,46.19489577516779],[10.212697196612949,46.210359352926446],[10.20215636507412,46.22277373127528],[10.194512786555942,46.22666989691203],[10.193742903028104,46.227046948359245],[10.193170754679256,46.22757487073264],[10.191193915291866,46.23030454623838],[10.190331722075303,46.23153297982915],[10.188948876832983,46.2338379008244],[10.188437447095612,46.2347792120514],[10.186755088487411,46.238558692360805],[10.18498548123024,46.24608363122311],[10.184431817625482,46.24873469067284],[10.184283371693363,46.25087822239592],[10.184000929617868,46.252222145016844],[10.183546364590171,46.25400884907772],[10.182491786923935,46.25745774542294],[10.190169444475627,46.25669857686351]]]},"properties":{"name":"Sernio","op_id":"1847","minint_elettorale":"1030770590","minint_finloc":"1030770590","prov_name":"Sondrio","prov_istat_code":"014","prov_istat_code_num":14,"prov_acr":"SO","prov_iso_3166_2":"IT-SO","reg_name":"Lombardia","reg_istat_code":"03","reg_istat_code_num":3,"reg_iso_3166_2":"IT-25","opdm_id":"1617","com_catasto_code":"I636","com_istat_code":"014059","com_istat_code_num":14059,"prov_uts_code":"014","prov_tipo_uts":"Provincia"}},
{"type":"Feature","geometry":{"type":"Polygon","coordinates":[[[10.345076174789666,46.289889352249105],[10.34438335868587,46.29053428918089],[10.342854908334504,46.29174024158224],[10.335601306990805,46.296172182587135],[10.329259336942506,46.300313049870645],[10.32293690253374,46.304909289966055],[10.319856760265504,46.307182028659106],[10.31399086699958,46.31223554495405],[10.306573359222524,46.31872835187142],[10.30542914816573,46.31972472516544],[10.304334508690099,46.31944605470095],[10.302335664904664,46.318047699406875],[10.300413084355055,46.31639561226808],[10.300100555009692,46.315814179157094],[10.299867023507076,46.31472784980383],[10.299207120520974,46.31373636725364],[10.298500712371672,46.31297045367679],[10.297212301922428,46.31340812111721],[10.295557044641864,46.314263878168475],[10.289888692282977,46.3179009152481],[10.279086965725808,46.32593309506753],[10.27388666017099,46.332480042903256],[10.272117977275608,46.34109010036443],[10.271220884447725,46.3416310584603],[10.270470457795117,46.34233239422947],[10.269082509109536,46.34468776446151],[10.268584929468664,46.34568327000209],[10.267480608040621,46.34907046423245],[10.265211543524652,46.35612895786262],[10.264832666245509,46.357735134930664],[10.264655896155084,46.35908705950167],[10.264898014471722,46.360038363624845],[10.265752085877308,46.360433891794365],[10.267348214490662,46.36087521239584],[10.268968470828554,46.36123521884415],[10.269518310296789,46.36127548239274],[10.270570130996354,46.36135246455617],[10.273119450582627,46.3614140889133],[10.275601500894261,46.361377429904934],[10.283627159577733,46.36103560901495],[10.285021006226561,46.36060595931114],[10.29057398000625,46.35794247150164],[10.296527667691745,46.36018805908775],[10.296295842515576,46.36082967562156],[10.296065095446378,46.36206527407618],[10.296493942556463,46.36484135570232],[10.296740657692448,46.36592753439503],[10.297227081501632,46.36670499101703],[10.302168569764563,46.36843078541995],[10.309918942963003,46.3701332295405],[10.310832515580989,46.36973575054016],[10.312048945052975,46.36949680394443],[10.313501880633666,46.36936311705486],[10.316408189196478,46.36911369064253],[10.31815118871147,46.369147614737294],[10.319964653967027,46.36944168873735],[10.324580910097508,46.370549271290905],[10.327663716067969,46.37335745485887],[10.328398508061404,46.37356491961888],[10.329723508662319,46.373513520809176],[10.33573831435976,46.371697439499506],[10.342224974501221,46.36952448926859],[10.346957281676978,46.36898290995843],[10.354546156994573,46.36935225460549],[10.369551813109888,46.368399422159996],[10.372249816705557,46.36815108934843],[10.375702321705107,46.36792060119751],[10.389994086051129,46.36857573476876],[10.39452436528406,46.3703385342236],[10.404339511153204,46.377904233419954],[10.411454696357925,46.38051655183925],[10.416607291343377,46.384151753517166],[10.419573146702984,46.38781579511404],[10.422715421617085,46.38849482076578],[10.431595377729879,46.38986893817723],[10.433064607883898,46.389850531670206],[10.43443737447364,46.38962633142475],[10.442614355375806,46.386022515922896],[10.449530253660363,46.3814891381401],[10.450947729344904,46.38050817973541],[10.45499686211273,46.37922375698216],[10.456548173453802,46.378880013310116],[10.458232549097238,46.378651537342904],[10.46292091879049,46.3789156338444],[10.464890283612847,46.37913342048731],[10.466651448635808,46.37934483078558],[10.468844733166861,46.37966766804948],[10.470045264269368,46.37982322894442],[10.471331181078625,46.379284702757516],[10.472337797852216,46.37851577110977],[10.47461489919835,46.374706482374854],[10.474961315210583,46.37356804370712],[10.475429736682228,46.36971907314414],[10.475450608886732,46.36518288121105],[10.474990877598684,46.36066190074518],[10.473430050698893,46.35984919118989],[10.472835477834407,46.35930369877496],[10.471352155253664,46.357436480813305],[10.47103023643151,46.356941991067856],[10.471031483717875,46.354653278740976],[10.469199851521687,46.354607540981036],[10.464314086307024,46.35368923314008],[10.459381935642904,46.35199734237662],[10.452786774177541,46.348355387934646],[10.444093915343219,46.34299360446209],[10.432763810333691,46.33708824844471],[10.427199517114575,46.3364738756633],[10.419708740291233,46.33371418609556],[10.408558778317643,46.32503221686409],[10.398447450141656,46.31619245936286],[10.386396262446096,46.30445937193577],[10.371423735933929,46.29355205994234],[10.35760935527793,46.291448966444705],[10.356527987709754,46.29182181561747],[10.35576311874053,46.291866886408606],[10.354995559066438,46.29180397325679],[10.35426583439732,46.291695633783775],[10.346900816036753,46.29048664731814],[10.345076174789666,46.289889352249105]]]},"properties":{"name":"Sondalo","op_id":"1848","minint_elettorale":"1030770600","minint_finloc":"1030770600","prov_name":"Sondrio","prov_istat_code":"014","prov_istat_code_num":14,"prov_acr":"SO","prov_iso_3166_2":"IT-SO","reg_name":"Lombardia","reg_istat_code":"03","reg_istat_code_num":3,"reg_iso_3166_2":"IT-25","opdm_id":"1618","com_catasto_code":"I828","com_istat_code":"014060","com_istat_code_num":14060,"prov_uts_code":"014","prov_tipo_uts":"Provincia"}},
{"type":"Feature","geometry":{"type":"Polygon","coordinates":[[[9.898012526122347,46.16320647046669],[9.897411358549736,46.162878190539814],[9.896457745234537,46.16238166506977],[9.895872058245653,46.1622062497299],[9.891031600728876,46.16082221796146],[9.872713060454041,46.15892039205677],[9.859099661060247,46.15880788393801],[9.851972650732712,46.161119879176425],[9.845225228180338,46.16200697448324],[9.844661637098937,46.16205890861561],[9.843931797220053,46.16212452547217],[9.840679008436451,46.161977874514186],[9.838497319406281,46.16160684490387],[9.83528418582919,46.16068535429248],[9.828985492266051,46.15973066036742],[9.828587371222577,46.16187914478157],[9.828066458678586,46.176594176109575],[9.827681263232773,46.18747053998732],[9.827350754791622,46.19394394000449],[9.824342134101098,46.19901467844705],[9.825302596771108,46.19997073120635],[9.826275658859766,46.20089969709426],[9.826981643955765,46.201412089417246],[9.831653220449438,46.20338070463242],[9.832991293807444,46.20357795373967],[9.851638768008591,46.20325161895362],[9.862948217334742,46.202842805327194],[9.86473590810523,46.202775308509906],[9.867900427116233,46.20206731443301],[9.869520762943266,46.20125400131698],[9.86994190149925,46.20083679584626],[9.871071044338425,46.20585910504439],[9.868654050175483,46.21149352032194],[9.87051522879608,46.20841935483679],[9.873561177132018,46.199396154822566],[9.874455154080419,46.198552380558645],[9.878228520706214,46.19784845430856],[9.879577576306795,46.1979190845338],[9.881235167656387,46.193775344788826],[9.88232652734504,46.190706931301975],[9.881917352744667,46.19024208073942],[9.879982132506683,46.18915899834717],[9.878883997983264,46.188555446891954],[9.877754147697395,46.18840211122902],[9.876835830239882,46.18825617270835],[9.876519940462536,46.188204590287015],[9.875337305858638,46.18798865193482],[9.8741664895559,46.18770061565141],[9.873398892202054,46.187508467575725],[9.873089626376538,46.185977568320034],[9.873422178781508,46.185015095066696],[9.875466948249805,46.181462635831146],[9.876223029438378,46.18093484688073],[9.877203749639058,46.18068431616954],[9.886073983044646,46.17634080460596],[9.89508829949517,46.17135727147595],[9.896914312978149,46.16567568278554],[9.898012526122347,46.16320647046669]]]},"properties":{"name":"Sondrio","op_id":"1849","minint_elettorale":"1030770610","minint_finloc":"1030770610","prov_name":"Sondrio","prov_istat_code":"014","prov_istat_code_num":14,"prov_acr":"SO","prov_iso_3166_2":"IT-SO","reg_name":"Lombardia","reg_istat_code":"03","reg_istat_code_num":3,"reg_iso_3166_2":"IT-25","opdm_id":"1619","com_catasto_code":"I829","com_istat_code":"014061","com_istat_code_num":14061,"prov_uts_code":"014","prov_tipo_uts":"Provincia"}},
{"type":"Feature","geometry":{"type":"Polygon","coordinates":[[[9.891643968955313,46.22996443660842],[9.900049832040516,46.2275810721926],[9.900134313058679,46.227552955135074],[9.901930264897311,46.22694082249416],[9.903611084206648,46.22584754787414],[9.904872561838717,46.22448762124964],[9.905550933712894,46.22315924063427],[9.905265204745913,46.222342518136436],[9.901913487172537,46.21799501552997],[9.891401476906578,46.20696249055187],[9.886003013677044,46.20175745986388],[9.884216025580141,46.20025028609794],[9.882852654843138,46.19928883026622],[9.881311930406786,46.19858070866364],[9.879577576306795,46.1979190845338],[9.878228520706214,46.19784845430856],[9.874455154080419,46.198552380558645],[9.873561177132018,46.199396154822566],[9.87051522879608,46.20841935483679],[9.868654050175483,46.21149352032194],[9.865453494866726,46.214731243352574],[9.86428416128197,46.21612566321425],[9.863019959698475,46.218187206768874],[9.861718314127302,46.220348015527115],[9.859255512490575,46.22455154410885],[9.858679177933949,46.22584285635576],[9.858901923841145,46.226822189725716],[9.859277754034114,46.22763835078096],[9.860274004689547,46.228323861956476],[9.862011509960647,46.2291387724261],[9.86756629661088,46.231067731389615],[9.869519638993372,46.2307558964824],[9.8711118805684,46.2297537784839],[9.872946279480546,46.22848879297577],[9.87518941578746,46.22765263802765],[9.878404800393382,46.227618915661864],[9.880933924772226,46.227644464443884],[9.88372250156364,46.22767692853891],[9.88862279211701,46.22838595135832],[9.891643968955313,46.22996443660842]]]},"properties":{"name":"Spriana","op_id":"1850","minint_elettorale":"1030770620","minint_finloc":"1030770620","prov_name":"Sondrio","prov_istat_code":"014","prov_istat_code_num":14,"prov_acr":"SO","prov_iso_3166_2":"IT-SO","reg_name":"Lombardia","reg_istat_code":"03","reg_istat_code_num":3,"reg_iso_3166_2":"IT-25","opdm_id":"1620","com_catasto_code":"I928","com_istat_code":"014062","com_istat_code_num":14062,"prov_uts_code":"014","prov_tipo_uts":"Provincia"}},
{"type":"Feature","geometry":{"type":"Polygon","coordinates":[[[9.644071278355801,46.08941760915743],[9.642088481779105,46.090211781651725],[9.641174918133137,46.090630918458466],[9.637020937485513,46.09273318876411],[9.633681588692424,46.094830786571976],[9.632695023066773,46.09566426793389],[9.631539708066173,46.09645366129596],[9.629636548687126,46.0974631915347],[9.62590927698728,46.09938273561828],[9.61988649834864,46.10224159649959],[9.61670328923291,46.10336583936432],[9.612126328885902,46.10482155844113],[9.610408648871823,46.10510973510682],[9.60737874002446,46.107267907661466],[9.60534002561684,46.1089707498787],[9.604455474919215,46.10973144874674],[9.603712274295932,46.11040136979702],[9.603200716322823,46.11107087645825],[9.601874308708474,46.115379032979895],[9.59857841244018,46.12532345494587],[9.595307965752179,46.14254865587357],[9.595314905568975,46.14258082942413],[9.595344046870908,46.14271556811489],[9.595430530179168,46.14311496585015],[9.596092210237055,46.14323752008321],[9.597519027831735,46.14347307976808],[9.601485380231237,46.14386628148052],[9.603453307704463,46.143910413369326],[9.606339216795039,46.14371463596684],[9.60821479264918,46.143572376971434],[9.615082748634952,46.14450294965603],[9.625232635991148,46.146204859417026],[9.628701853082573,46.14839084932936],[9.630319722441154,46.15058701261583],[9.635651973226647,46.15370744920695],[9.646374816582254,46.154871390594536],[9.647767120094326,46.15314459370556],[9.646514471185041,46.15012766789843],[9.644356150636154,46.13606373645466],[9.642702446150341,46.12856698062504],[9.6426597383975,46.128234205722805],[9.643902733860775,46.12604019290656],[9.6444122610506,46.12533531206722],[9.64489755978405,46.124774577262606],[9.645588288202129,46.124068667651706],[9.646201875554112,46.12344982104715],[9.647968852407558,46.12178705526605],[9.649854812238118,46.12037232941698],[9.650447376097162,46.120134961592996],[9.655078268761608,46.11883049767261],[9.662023184736872,46.116252400799446],[9.662793908556845,46.11577094528598],[9.65692746671356,46.108901727081374],[9.653475316201153,46.105852469185926],[9.649766240294285,46.09742248550985],[9.649792685064137,46.096369315710746],[9.649566109272069,46.09580358919473],[9.647498295828301,46.09266526857025],[9.645740812512384,46.09060517025819],[9.644071278355801,46.08941760915743]]]},"properties":{"name":"Talamona","op_id":"1851","minint_elettorale":"1030770630","minint_finloc":"1030770630","prov_name":"Sondrio","prov_istat_code":"014","prov_istat_code_num":14,"prov_acr":"SO","prov_iso_3166_2":"IT-SO","reg_name":"Lombardia","reg_istat_code":"03","reg_istat_code_num":3,"reg_iso_3166_2":"IT-25","opdm_id":"1621","com_catasto_code":"L035","com_istat_code":"014063","com_istat_code_num":14063,"prov_uts_code":"014","prov_tipo_uts":"Provincia"}},
{"type":"Feature","geometry":{"type":"Polygon","coordinates":[[[9.643458523200845,46.05997208460092],[9.644274261140009,46.06352289621375],[9.646811334711595,46.07262580129029],[9.64719295913155,46.07429768821618],[9.647549470672967,46.07603269758622],[9.647710166264204,46.07760681530472],[9.647761998113554,46.07872254523004],[9.647399711610568,46.07981361878446],[9.646274939770533,46.08095401594009],[9.645602249716902,46.08204686145243],[9.645185626044043,46.082922225026245],[9.644984375332307,46.08340936627925],[9.643352030041068,46.08763065012403],[9.64333078078043,46.08802676978266],[9.64354347053537,46.088520591168376],[9.643795834601367,46.08908616705099],[9.644071278355801,46.08941760915743],[9.645740812512384,46.09060517025819],[9.647498295828301,46.09266526857025],[9.649566109272069,46.09580358919473],[9.649792685064137,46.096369315710746],[9.649766240294285,46.09742248550985],[9.653475316201153,46.105852469185926],[9.65692746671356,46.108901727081374],[9.662793908556845,46.11577094528598],[9.662023184736872,46.116252400799446],[9.655078268761608,46.11883049767261],[9.650447376097162,46.120134961592996],[9.649854812238118,46.12037232941698],[9.647968852407558,46.12178705526605],[9.646201875554112,46.12344982104715],[9.645588288202129,46.124068667651706],[9.64489755978405,46.124774577262606],[9.6444122610506,46.12533531206722],[9.643902733860775,46.12604019290656],[9.6426597383975,46.128234205722805],[9.642702446150341,46.12856698062504],[9.644356150636154,46.13606373645466],[9.646514471185041,46.15012766789843],[9.647767120094326,46.15314459370556],[9.648103540952288,46.15312464694263],[9.649214428764173,46.15288434798692],[9.650179263387995,46.15233885757048],[9.65325345005535,46.150575310385285],[9.653982147211115,46.149779152106966],[9.654320138446735,46.14660919457897],[9.661573589368281,46.13706336083973],[9.669374022120115,46.13304384266514],[9.674394770933278,46.12786232603683],[9.681034787444787,46.12362890890307],[9.694454734881793,46.11624896317601],[9.71272686962133,46.107109360109],[9.720529084430938,46.10410840118214],[9.722326735065538,46.104043064533535],[9.725304984962131,46.10126118541392],[9.72839951884263,46.0965254355234],[9.73972236817209,46.087074547995044],[9.74187651155996,46.08566555156309],[9.743706857173906,46.08423161986877],[9.745443818688504,46.08259128900328],[9.74587490032494,46.08194946397991],[9.745993312521472,46.08113866209841],[9.746070737929024,46.08016614381623],[9.746140118726105,46.07283953878353],[9.744619078569992,46.068394366509516],[9.74455862660023,46.06678371204234],[9.745293060927905,46.06370987331778],[9.745481648153158,46.063312622474925],[9.745870187400946,46.062761714483685],[9.74508783270905,46.062874138453616],[9.744464979599352,46.06270720012355],[9.743098985729889,46.06207707379788],[9.741105019179562,46.06089300033369],[9.738677557700086,46.05918966932234],[9.737591081435538,46.05817966546861],[9.728181159537247,46.06053553123356],[9.72405053667681,46.0627483519202],[9.722918738826895,46.06320552528811],[9.721606539383144,46.063708838678444],[9.720690859603858,46.06388561327222],[9.719669037626984,46.06385605443396],[9.718876558917056,46.063564039082436],[9.716655249313838,46.063757982611875],[9.715815732267501,46.063826245425965],[9.714096836474518,46.06388201089255],[9.709715074103533,46.06398129956611],[9.70890831893462,46.06358129154798],[9.708393181385212,46.062729479767945],[9.70866253514662,46.06154877993355],[9.70893369341323,46.06051206249868],[9.708054776136295,46.059518492118805],[9.705891288983116,46.05815484322867],[9.704380560748765,46.05728215276007],[9.703017525377735,46.0568405175283],[9.701980838101823,46.05664439133981],[9.692914333240942,46.05527319414885],[9.688566595208696,46.054939452643424],[9.68480468442158,46.057023116687745],[9.683389732053945,46.057598587045455],[9.68170394364321,46.05822967969026],[9.669593914572971,46.06065932893474],[9.648087761796122,46.06015328259502],[9.643458523200845,46.05997208460092]]]},"properties":{"name":"Tartano","op_id":"1852","minint_elettorale":"1030770640","minint_finloc":"1030770640","prov_name":"Sondrio","prov_istat_code":"014","prov_istat_code_num":14,"prov_acr":"SO","prov_iso_3166_2":"IT-SO","reg_name":"Lombardia","reg_istat_code":"03","reg_istat_code_num":3,"reg_iso_3166_2":"IT-25","opdm_id":"1622","com_catasto_code":"L056","com_istat_code":"014064","com_istat_code_num":14064,"prov_uts_code":"014","prov_tipo_uts":"Provincia"}},
{"type":"Feature","geometry":{"type":"Polygon","coordinates":[[[10.121568505987264,46.16097953803202],[10.115274272797173,46.16100512182678],[10.111272487335158,46.15973908189502],[10.109496014132326,46.15899133052636],[10.107962475977866,46.157440187110474],[10.106534321676783,46.154034001099795],[10.107527809004472,46.15255738225155],[10.111762732891371,46.15128324476214],[10.115999487171269,46.15010795014491],[10.118686956621884,46.147001704153936],[10.123957355736112,46.14090381733097],[10.125312115483018,46.138766445054166],[10.125508155394737,46.137585495876586],[10.125161332843932,46.12882276355824],[10.124720629808852,46.12752209442838],[10.126895590077945,46.123729606738415],[10.128004813363948,46.12226962747484],[10.134760166115537,46.11529063466029],[10.143097656789816,46.106684394952595],[10.148483691498678,46.105595384544095],[10.157336410277164,46.10211301713038],[10.155236552743093,46.09933519285395],[10.153874002411687,46.097278926255775],[10.15905925541967,46.09283434824555],[10.172942293384786,46.09295372861346],[10.174798666040413,46.093202958636454],[10.17702060311783,46.09250676920514],[10.178035233210435,46.09216329640603],[10.178533877299705,46.0918881573399],[10.178849533901138,46.09152489829738],[10.17904784566905,46.0911178377502],[10.179294787839918,46.09056627970521],[10.179428030120281,46.090141898294355],[10.179439904297757,46.08948475318315],[10.179380120421756,46.08910735776675],[10.17912345619965,46.08859699500268],[10.178598969961552,46.08644236316921],[10.180676838528132,46.08380185091309],[10.184983331008786,46.08100918916417],[10.182932014281365,46.0803854983304],[10.181848616612008,46.07991969361121],[10.17542013982442,46.07075176849489],[10.170434117762177,46.059381631252364],[10.169558413386193,46.05704937318904],[10.162731473583298,46.05704813005199],[10.146657094029788,46.056175521984336],[10.134688098331063,46.060057081327564],[10.121652940092638,46.05925873540288],[10.107512345180641,46.05229546549971],[10.106089407529803,46.05159821180915],[10.104748900857489,46.051143176543604],[10.103722360493203,46.05087408253114],[10.10260876416724,46.05077683707795],[10.095774661622679,46.05554970956141],[10.094771801562208,46.05713436298897],[10.0925352553888,46.06237590392238],[10.092690691763185,46.06828757604334],[10.09709991069947,46.07415848622485],[10.10039465896839,46.07726788408492],[10.102930107510144,46.08054651883688],[10.103318728364236,46.081226776278356],[10.10398735407948,46.082975363317665],[10.104133528168083,46.08511600165389],[10.103244594869947,46.08788766131277],[10.101908530065428,46.08899856860802],[10.100775059266647,46.08989150083567],[10.095926233846875,46.09129713945244],[10.085101057057804,46.090743407360044],[10.073627714878974,46.08810671850075],[10.068800535983996,46.08932197838868],[10.065516085540446,46.08937965044709],[10.060416844987447,46.089238070719595],[10.059493947567724,46.089003617438124],[10.05895440957287,46.088522610015126],[10.055654832955454,46.0855000266565],[10.05309973198829,46.08878370769654],[10.047947817858773,46.09405117154183],[10.040668636269299,46.100453815930855],[10.038888075395477,46.10209003684478],[10.0316250536314,46.11224502277916],[10.030251730530344,46.126738652894446],[10.030086499054725,46.129596886530756],[10.03007983465878,46.13070926705207],[10.030184498657812,46.133543401874334],[10.030248841365436,46.13491084505422],[10.032798164283813,46.139702891937254],[10.033732632264785,46.14120647528712],[10.034633811421582,46.142314336156566],[10.035600392085017,46.14276460154437],[10.036799784675365,46.14458074835516],[10.03697253253661,46.14550619266073],[10.036951408785097,46.147828400990264],[10.036482732627451,46.14907466948618],[10.034041465072281,46.15424481185394],[10.030146590772704,46.158582007248754],[10.024235245256143,46.15758224173591],[10.016873310490073,46.15653535315873],[10.00996609044958,46.157061042122926],[10.006269563912575,46.15750391062715],[10.00735401287654,46.16510840993986],[10.00802797880538,46.1679235780494],[10.008657831560502,46.17049205139499],[10.008784157050144,46.17089209847518],[10.008932808443225,46.17136259483902],[10.009204870726629,46.17207119424054],[10.009812881045324,46.17273183211919],[10.010922580879376,46.173199028230975],[10.012078714162033,46.173368787485046],[10.012370725901947,46.17336086813919],[10.013581711973764,46.17339132732497],[10.014763749193776,46.1735608486199],[10.0155658021811,46.17420172463777],[10.018447545850183,46.17731712084111],[10.027365774724345,46.18729933906255],[10.03015103714354,46.196283164773746],[10.032108214915247,46.20390652102617],[10.035633385080901,46.21008464534268],[10.041032797527826,46.21660561438049],[10.047125447329748,46.22064496418926],[10.048622961654052,46.22302522035364],[10.049657157179304,46.22558074008961],[10.0493040299158,46.22746496427819],[10.051676895770823,46.22745217256278],[10.052810636831332,46.227063732932855],[10.05868009619293,46.22478651896644],[10.059754921664396,46.2240385617713],[10.061052528622202,46.22273953055414],[10.064229689482676,46.22007300530996],[10.06760918185366,46.217827477770875],[10.06938901388557,46.21734285337234],[10.070837209663871,46.21714029415182],[10.074530932452854,46.21241662204684],[10.074520989705935,46.20812865967178],[10.071538802168376,46.1992147571324],[10.076531592810262,46.19139182524091],[10.08171850604903,46.18891284425592],[10.092860364332028,46.18263579750134],[10.100514347111247,46.177510406786695],[10.10587706192371,46.17357962703778],[10.109075657326159,46.1722344901824],[10.121568505987264,46.16097953803202]]]},"properties":{"name":"Teglio","op_id":"1853","minint_elettorale":"1030770650","minint_finloc":"1030770650","prov_name":"Sondrio","prov_istat_code":"014","prov_istat_code_num":14,"prov_acr":"SO","prov_iso_3166_2":"IT-SO","reg_name":"Lombardia","reg_istat_code":"03","reg_istat_code_num":3,"reg_iso_3166_2":"IT-25","opdm_id":"1623","com_catasto_code":"L084","com_istat_code":"014065","com_istat_code_num":14065,"prov_uts_code":"014","prov_tipo_uts":"Provincia"}},
{"type":"Feature","geometry":{"type":"Polygon","coordinates":[[[10.182491786923935,46.25745774542294],[10.183546364590171,46.25400884907772],[10.184000929617868,46.252222145016844],[10.184283371693363,46.25087822239592],[10.184431817625482,46.24873469067284],[10.18498548123024,46.24608363122311],[10.186755088487411,46.238558692360805],[10.188437447095612,46.2347792120514],[10.188948876832983,46.2338379008244],[10.190331722075303,46.23153297982915],[10.191193915291866,46.23030454623838],[10.193170754679256,46.22757487073264],[10.193742903028104,46.227046948359245],[10.194512786555942,46.22666989691203],[10.20215636507412,46.22277373127528],[10.212697196612949,46.210359352926446],[10.223813649700785,46.19489577516779],[10.226555689815859,46.19066827091339],[10.226635210953816,46.18773748623394],[10.226535916160818,46.187351550656906],[10.226336163158633,46.18711068500808],[10.225706725942791,46.186775446695734],[10.225027853399565,46.18654871021159],[10.224284620044058,46.186340684532205],[10.220902767419593,46.185764837267456],[10.21977152405963,46.18558793090904],[10.218848546040052,46.18545376640833],[10.217809164298334,46.18532984743469],[10.217486633611166,46.18531513992108],[10.211157124059568,46.18452753029847],[10.203615130513112,46.18331117819678],[10.201986234091756,46.182999821224676],[10.199200892957993,46.18231356033516],[10.192661273218679,46.18068998736351],[10.19178891426496,46.180492075173255],[10.191008379783282,46.18034720579041],[10.18709340033953,46.179649927827576],[10.186600542008714,46.17964189524407],[10.186017297984842,46.18021912508522],[10.184311654396895,46.18164082406461],[10.182146484039642,46.18339124991289],[10.181318326107778,46.18404781221654],[10.180451513035877,46.184110773523265],[10.179763756236547,46.18406386794954],[10.176646358123222,46.18370900081994],[10.170831023199494,46.18321971618035],[10.164501197946072,46.18351837511286],[10.162694008365127,46.18384276372913],[10.158784964638219,46.184656480086964],[10.156046311218102,46.185674219209325],[10.149817548815028,46.19083115692368],[10.14708082685344,46.200056757245235],[10.146913140136489,46.20196640966628],[10.149153065538304,46.20744293404512],[10.151750059457045,46.21386070330661],[10.151802428264821,46.214040183554935],[10.151973645365866,46.214632449101025],[10.151790767014496,46.21642532548031],[10.15117856580962,46.21752952142081],[10.143157799496088,46.22400899996],[10.141728016114701,46.22509429951006],[10.140591136642566,46.225924656161915],[10.139374670408198,46.2260447809012],[10.136460579273516,46.22621778007185],[10.134724953794466,46.22631603055458],[10.139531931429797,46.2280051830266],[10.142328135345005,46.229021279634146],[10.145676306676517,46.23038275945725],[10.145755866860966,46.23047577322811],[10.14644723556547,46.23128404039173],[10.14719187694819,46.2327885634899],[10.148542197435996,46.23534901049049],[10.150941741701711,46.23969885319515],[10.154858541459419,46.242152391856244],[10.160362737066603,46.245552924161096],[10.163503129071554,46.24733861866302],[10.166041732198197,46.24898674035313],[10.173753694508484,46.254136804507695],[10.17453053503014,46.25466882516215],[10.175087828690096,46.255248090381606],[10.175422497728464,46.25573064368185],[10.175790411018738,46.25655485838145],[10.176338356070792,46.25790822402463],[10.182491786923935,46.25745774542294]]]},"properties":{"name":"Tirano","op_id":"1854","minint_elettorale":"1030770660","minint_finloc":"1030770660","prov_name":"Sondrio","prov_istat_code":"014","prov_istat_code_num":14,"prov_acr":"SO","prov_iso_3166_2":"IT-SO","reg_name":"Lombardia","reg_istat_code":"03","reg_istat_code_num":3,"reg_iso_3166_2":"IT-25","opdm_id":"1624","com_catasto_code":"L175","com_istat_code":"014066","com_istat_code_num":14066,"prov_uts_code":"014","prov_tipo_uts":"Provincia"}},
{"type":"Feature","geometry":{"type":"Polygon","coordinates":[[[9.76919654054076,46.2206210123596],[9.759806424926163,46.22888279764595],[9.757878496249072,46.230137591370614],[9.749039966979,46.23533480031434],[9.7458229625011,46.23720982246679],[9.741581440643717,46.237786426334075],[9.736766782473246,46.23776355163301],[9.736065028657814,46.23772754768328],[9.738093035526507,46.24013091161688],[9.738386551010759,46.24049802148255],[9.738515185873466,46.24065918870925],[9.738953567228894,46.24143034653013],[9.73896891223054,46.24257324376503],[9.738950056287884,46.24406734075443],[9.738747819660789,46.24542764605977],[9.744320425756486,46.25444541736448],[9.74899888329963,46.26168677999972],[9.751201945373648,46.26807125135381],[9.756977544330262,46.2644692205961],[9.76648001305549,46.260896083463294],[9.774589863154384,46.26119227911806],[9.775444258487365,46.26196947076266],[9.780047961484438,46.263666133281795],[9.780325332104395,46.262179264374886],[9.7773669615877,46.25490049575548],[9.776507733136162,46.25285435703622],[9.776833952533025,46.252069138996376],[9.778146813598184,46.24932424463289],[9.783198926713588,46.248812747724195],[9.785245735849745,46.24860970682032],[9.791577067192868,46.248656046986696],[9.792603487430544,46.24876592184525],[9.796609508738841,46.24948508437445],[9.797691359437035,46.249837532326396],[9.80499051247638,46.2508483837352],[9.809048337808589,46.246688776150506],[9.8153626149669,46.24034395995572],[9.815939442507249,46.23988085425327],[9.817511527728708,46.24005862327747],[9.818643484601651,46.24029351062473],[9.819582363374883,46.24062878643151],[9.820316302522329,46.24113651896529],[9.82058627630765,46.241845572558475],[9.820277324979868,46.24287378070782],[9.820808195706524,46.24367997749404],[9.82204038290502,46.24540810544192],[9.822235842355289,46.245604977820975],[9.822883281987671,46.246257040083805],[9.823981969951774,46.24686111989363],[9.837093631494456,46.25330430383519],[9.847654909900937,46.256763502180156],[9.848173970350059,46.25345661559632],[9.848619084362557,46.252877307035824],[9.852280126048607,46.25224711960884],[9.855838330092729,46.25163552978244],[9.857584531062686,46.25135245447302],[9.868342719887687,46.244111794302206],[9.871869420318001,46.2415559685667],[9.87463956330065,46.24038281581774],[9.885366711406588,46.23879717302695],[9.894966278064425,46.237291438535834],[9.891643968955313,46.22996443660842],[9.88862279211701,46.22838595135832],[9.88372250156364,46.22767692853891],[9.880933924772226,46.227644464443884],[9.878404800393382,46.227618915661864],[9.87518941578746,46.22765263802765],[9.872946279480546,46.22848879297577],[9.8711118805684,46.2297537784839],[9.869519638993372,46.2307558964824],[9.86756629661088,46.231067731389615],[9.862011509960647,46.2291387724261],[9.860274004689547,46.228323861956476],[9.859277754034114,46.22763835078096],[9.858901923841145,46.226822189725716],[9.858679177933949,46.22584285635576],[9.859255512490575,46.22455154410885],[9.861718314127302,46.220348015527115],[9.863019959698475,46.218187206768874],[9.86428416128197,46.21612566321425],[9.865453494866726,46.214731243352574],[9.868654050175483,46.21149352032194],[9.871071044338425,46.20585910504439],[9.86994190149925,46.20083679584626],[9.869520762943266,46.20125400131698],[9.867900427116233,46.20206731443301],[9.86473590810523,46.202775308509906],[9.862948217334742,46.202842805327194],[9.851638768008591,46.20325161895362],[9.832991293807444,46.20357795373967],[9.831653220449438,46.20338070463242],[9.826981643955765,46.201412089417246],[9.826275658859766,46.20089969709426],[9.825302596771108,46.19997073120635],[9.824342134101098,46.19901467844705],[9.823409602613216,46.199057408535076],[9.822386604077359,46.19911875950689],[9.821042961929942,46.199407423488424],[9.818051404836838,46.200445875220844],[9.817317197505707,46.20075713540387],[9.81747112716813,46.201521017643586],[9.81771159270338,46.20287830714964],[9.817784528135743,46.20429977593505],[9.817695534917327,46.206163425249144],[9.817520049802846,46.20831567434043],[9.816944991551951,46.2086216065846],[9.816645465889042,46.20878092990056],[9.803719948810562,46.21314753575005],[9.798379341860088,46.21485264011967],[9.79069381133656,46.2187823134367],[9.785963113970178,46.220722937843654],[9.784067667335655,46.221464936169944],[9.781897060502454,46.22201080893657],[9.779697335894722,46.22233184013118],[9.778076785208688,46.22235187591808],[9.776802778649548,46.22211753373701],[9.770887481405804,46.22100558049553],[9.76919654054076,46.2206210123596]]]},"properties":{"name":"Torre di Santa Maria","op_id":"1855","minint_elettorale":"1030770670","minint_finloc":"1030770670","prov_name":"Sondrio","prov_istat_code":"014","prov_istat_code_num":14,"prov_acr":"SO","prov_iso_3166_2":"IT-SO","reg_name":"Lombardia","reg_istat_code":"03","reg_istat_code_num":3,"reg_iso_3166_2":"IT-25","opdm_id":"1625","com_catasto_code":"L244","com_istat_code":"014067","com_istat_code_num":14067,"prov_uts_code":"014","prov_tipo_uts":"Provincia"}},
{"type":"Feature","geometry":{"type":"Polygon","coordinates":[[[10.27156693447084,46.2110891523041],[10.271397735039633,46.21119747948507],[10.270343022647756,46.21187521512503],[10.269615456082121,46.21236929677699],[10.264375242374838,46.216207410397296],[10.262472627629018,46.21804643017416],[10.259157964658966,46.222213998781356],[10.256561990405663,46.22493365744034],[10.255041832353323,46.22650738019178],[10.252510747945921,46.228110170021296],[10.242770306859068,46.23378750229623],[10.235617231239532,46.23718536608092],[10.230574171785769,46.23936442956366],[10.242521780268321,46.25244549789453],[10.244860604135951,46.25223277983191],[10.246162071717215,46.25184059732174],[10.246935195400727,46.251607168540076],[10.24765582286784,46.25134730377086],[10.248051669278524,46.25107292579535],[10.251228756717081,46.248734138073075],[10.253476756263618,46.24718849585396],[10.254236178839921,46.24692816391388],[10.255201676770179,46.246602564894836],[10.266471916026383,46.243103270591845],[10.27391324054215,46.24123854940065],[10.290942652584468,46.23730346917837],[10.293071361504378,46.23682041486479],[10.295006836793956,46.23639349790937],[10.296621096708567,46.236098425978405],[10.296655209370122,46.230938810358914],[10.294683362345602,46.22374315868518],[10.287858143880072,46.22132726413667],[10.285873511451644,46.220737608161954],[10.285272182469651,46.22052836624507],[10.284206665742284,46.21987433712465],[10.28102053246119,46.21779508361728],[10.280638150196026,46.21752036269898],[10.280123008879187,46.217112130436725],[10.279752543658905,46.21679227980363],[10.27883831072861,46.21594750361314],[10.281895818420988,46.21337840742869],[10.27156693447084,46.2110891523041]]]},"properties":{"name":"Tovo di Sant'Agata","op_id":"1856","minint_elettorale":"1030770680","minint_finloc":"1030770680","prov_name":"Sondrio","prov_istat_code":"014","prov_istat_code_num":14,"prov_acr":"SO","prov_iso_3166_2":"IT-SO","reg_name":"Lombardia","reg_istat_code":"03","reg_istat_code_num":3,"reg_iso_3166_2":"IT-25","opdm_id":"1626","com_catasto_code":"L316","com_istat_code":"014068","com_istat_code_num":14068,"prov_uts_code":"014","prov_tipo_uts":"Provincia"}},
{"type":"Feature","geometry":{"type":"Polygon","coordinates":[[[9.50489509482877,46.14124677729844],[9.508252629771047,46.14452583482093],[9.51480824348283,46.15463075412261],[9.516440543557172,46.15607239332885],[9.51911898537001,46.15857128385746],[9.51947355561638,46.159091670369776],[9.5191577447786,46.161316124840695],[9.516839704580164,46.175213488397155],[9.515617133049442,46.183013054120416],[9.517226866046018,46.183338798283],[9.518292867318255,46.179580911315654],[9.52080231794547,46.174772789098306],[9.521108854149304,46.17454623978306],[9.52186701259775,46.17388581737893],[9.52268749081664,46.172973056639854],[9.523251408606669,46.17233147430236],[9.525812582732183,46.16920571849273],[9.527686688482996,46.16605607686297],[9.529125582874162,46.16211640809543],[9.5295902793571,46.16060225397114],[9.529700193243537,46.15855873300044],[9.529695372681243,46.15670474435029],[9.529662803281157,46.15466188127113],[9.529410897455186,46.15347975528594],[9.536442878932718,46.15088613909033],[9.546613760844908,46.147993978312876],[9.548331774453672,46.14757174611156],[9.548611163120256,46.14758841393241],[9.549214136510624,46.14762636555809],[9.549809103358236,46.14766382690576],[9.552651783657993,46.148352100814634],[9.564689529364372,46.14537696749218],[9.557561810168687,46.14477295224078],[9.550034802901656,46.14306341520898],[9.537296208801745,46.13935527943506],[9.536885831228457,46.13923744007724],[9.536596782287367,46.139156695343495],[9.53191471979073,46.13837928578275],[9.53137980567372,46.13837094918352],[9.530127607598208,46.13835144863568],[9.528154487891474,46.13844172125806],[9.527720548956845,46.13846158618926],[9.527394343871123,46.13850688546877],[9.527258230089666,46.13852579536862],[9.525263949718447,46.13880589623335],[9.519954703420332,46.14007218321876],[9.5121005681959,46.14105048533508],[9.50489509482877,46.14124677729844]]]},"properties":{"name":"Traona","op_id":"1857","minint_elettorale":"1030770690","minint_finloc":"1030770690","prov_name":"Sondrio","prov_istat_code":"014","prov_istat_code_num":14,"prov_acr":"SO","prov_iso_3166_2":"IT-SO","reg_name":"Lombardia","reg_istat_code":"03","reg_istat_code_num":3,"reg_iso_3166_2":"IT-25","opdm_id":"1627","com_catasto_code":"L330","com_istat_code":"014069","com_istat_code_num":14069,"prov_uts_code":"014","prov_tipo_uts":"Provincia"}},
{"type":"Feature","geometry":{"type":"Polygon","coordinates":[[[9.932608583999334,46.18152362302868],[9.935529470005248,46.185720765285026],[9.942519522542462,46.19591432774418],[9.945802620632927,46.204464220851925],[9.94117233386985,46.20961445846772],[9.93520223038707,46.21761044162811],[9.933011064015112,46.22067035757455],[9.933188121389898,46.221172897734164],[9.936715596630103,46.22730903532962],[9.937674877529593,46.228813160452674],[9.938333923268566,46.22943775598754],[9.938583650465223,46.22963370212421],[9.939053967227203,46.22983684854609],[9.951246957424154,46.23438055291198],[9.95566534269236,46.23575615791896],[9.957216178208318,46.23618417602814],[9.958565874686862,46.23548885145371],[9.959827559259745,46.234209283223365],[9.962888494402915,46.23051155182581],[9.96340877108731,46.22985917500899],[9.962356272803325,46.22677204569564],[9.961315491920386,46.224350807048516],[9.960478907286612,46.22322383273866],[9.961006309796709,46.21852142426357],[9.964239584787803,46.20990821538575],[9.965697590655882,46.20655691256881],[9.96685021526659,46.19541414636762],[9.964191222021482,46.184168653354746],[9.963486674575696,46.172024523900646],[9.962459091101957,46.168073148876324],[9.96244873198867,46.16747924288488],[9.962660609827047,46.16551544994084],[9.963163747386252,46.16391815723903],[9.959580366814095,46.16343526785051],[9.95770024369094,46.16338842270053],[9.942804099346052,46.16550243266525],[9.938084473223611,46.16609181246631],[9.938169433834142,46.17304061205372],[9.934518048738465,46.177984493506365],[9.932608583999334,46.18152362302868]]]},"properties":{"name":"Tresivio","op_id":"1858","minint_elettorale":"1030770700","minint_finloc":"1030770700","prov_name":"Sondrio","prov_istat_code":"014","prov_istat_code_num":14,"prov_acr":"SO","prov_iso_3166_2":"IT-SO","reg_name":"Lombardia","reg_istat_code":"03","reg_istat_code_num":3,"reg_iso_3166_2":"IT-25","opdm_id":"1628","com_catasto_code":"L392","com_istat_code":"014070","com_istat_code_num":14070,"prov_uts_code":"014","prov_tipo_uts":"Provincia"}},
{"type":"Feature","geometry":{"type":"Polygon","coordinates":[[[10.433522009268493,46.54122855762841],[10.428369760406406,46.53971810156253],[10.427181865010988,46.54017391342581],[10.426104414886522,46.540367333720894],[10.423921672502875,46.54018754940636],[10.418865147862114,46.5393324315367],[10.418139335843017,46.53900841024379],[10.417445748970595,46.53841407053975],[10.413118060716828,46.53296888108881],[10.408634249738583,46.52619296566251],[10.408138711098118,46.523967730471576],[10.407800828353254,46.521991976176395],[10.407643993593965,46.520967954367556],[10.407306789503837,46.520027138001474],[10.405733259002405,46.51714862879371],[10.40520689866641,46.5164531279349],[10.404446902802048,46.51579648906006],[10.40285102955636,46.51505218777061],[10.39424714787154,46.512528433184265],[10.390312455943937,46.51158637895931],[10.386163711006178,46.51093476900132],[10.384676797024541,46.51089877920349],[10.383611445589736,46.51103766856021],[10.3817166549785,46.51136657179002],[10.37851780144669,46.511675155913125],[10.375526038740977,46.51192717444356],[10.37419773438262,46.51197913991137],[10.372732338726436,46.5117627545194],[10.367877472638215,46.509976001283874],[10.356678247897365,46.505690665336466],[10.35477154129136,46.50239240780323],[10.359815483363466,46.49403489823528],[10.36456813204578,46.48919948840375],[10.36803046864483,46.48230038252482],[10.36539672214685,46.478056956279104],[10.36207641053833,46.475513639957946],[10.358932898935846,46.47377812407293],[10.358860735105475,46.47403093870851],[10.358525513410289,46.47520490774108],[10.357459573083819,46.47642332297097],[10.35292694909786,46.47742219358439],[10.347772975932015,46.477087075913964],[10.332021572409271,46.47434675540283],[10.312898902000178,46.471233497942976],[10.308685093276905,46.470417831183966],[10.300738864323517,46.468780567203744],[10.299177972005934,46.468321327424086],[10.294608359277456,46.466798215522005],[10.291204167831074,46.46549572924329],[10.289861829678708,46.46490789816748],[10.289554904962099,46.46459638735321],[10.290705118288642,46.463116463141056],[10.292021743152942,46.46151764501625],[10.294706199630529,46.45660947200175],[10.29515760829228,46.45532640575435],[10.29499267257711,46.450567440072405],[10.29489283702262,46.44910162007992],[10.294024384534533,46.447617516026135],[10.293744909933443,46.44626171593874],[10.29564781880405,46.44305429152556],[10.298296178120944,46.43890238894259],[10.299561882574052,46.43738506077901],[10.300768671043587,46.43612937712077],[10.302308756253122,46.434626903829304],[10.30498527602564,46.42951155153629],[10.303452748874152,46.42419219438725],[10.299742233253296,46.42252447381775],[10.297922675071982,46.42207716793374],[10.29574911141929,46.421516842474176],[10.29418980584238,46.42106650885351],[10.292362683957831,46.42029519412775],[10.290982206679407,46.419698808691514],[10.289456719948353,46.4190230356584],[10.287749458738137,46.417845308298205],[10.286530238462543,46.41687355775498],[10.28089385276424,46.40849059580688],[10.28021401874468,46.40723825257575],[10.280207542800664,46.40529437530786],[10.282063367505627,46.40228568834963],[10.281648576542558,46.40179533053753],[10.280783033577924,46.40149904689775],[10.275867521925024,46.399871041503644],[10.271931931917047,46.40068886328871],[10.27032719150481,46.40104870033368],[10.267852643140637,46.40204813160827],[10.263590418397976,46.40454325250561],[10.260858825033235,46.40625634746934],[10.258370282387238,46.40779573091857],[10.256958094283736,46.4086212347603],[10.25137780257201,46.41041938490914],[10.249296875962184,46.411027135920534],[10.234741829908852,46.41526210271355],[10.23290102890207,46.41556995656188],[10.227598046721807,46.416418991740585],[10.226207658947917,46.416505903775246],[10.225449795287894,46.41578504649613],[10.2254920497611,46.41476762137172],[10.225949095263699,46.41073985725643],[10.226511067014032,46.40968985554236],[10.228227428691302,46.398520762805305],[10.22731818391428,46.38980525921612],[10.227182589184396,46.388978734190395],[10.226354021543166,46.38798863132152],[10.220055579764011,46.38487009717164],[10.218822394608328,46.38438827080426],[10.213825303988749,46.384243438074854],[10.212701106050456,46.38457034378209],[10.211768893589976,46.3853451981382],[10.211183705691298,46.38652139854541],[10.21063625494807,46.38764316839799],[10.209730955571198,46.38849871912445],[10.208493407753448,46.38899778883213],[10.20700462199532,46.389310520049996],[10.205106747495634,46.38935754136457],[10.203675254086109,46.38928261768412],[10.20096294395454,46.38892415075576],[10.200346088042483,46.38866963768204],[10.19949006071078,46.387553635732615],[10.198896478022982,46.386578899940325],[10.19874615808154,46.38565350015067],[10.198612017442299,46.38487191687657],[10.198035608311185,46.38408599170935],[10.197097527945367,46.383411824287904],[10.195983931656123,46.38303648941532],[10.19148116262456,46.38225551856558],[10.189680116799396,46.38195927692142],[10.188252109928161,46.382073122183996],[10.181282821371784,46.38328831177636],[10.164493951290181,46.385701468244854],[10.158930875302538,46.38581199357837],[10.16165788105692,46.38749872139423],[10.163320513368364,46.38984875282854],[10.163941051273639,46.390895410790485],[10.163617865142172,46.392212661996936],[10.162270224581833,46.39984015079689],[10.162328128286493,46.4025664956007],[10.162407480408518,46.40446462579485],[10.16319338683441,46.405365599421536],[10.165647384429667,46.4069695612545],[10.164508362178182,46.410302068259895],[10.161380112952905,46.414941738340715],[10.160591873055202,46.4158137135314],[10.158270764385547,46.41619723276971],[10.156886052555617,46.4159412670626],[10.155311210527806,46.41530921512904],[10.152960117187481,46.414270964051525],[10.148319160970349,46.41687808127182],[10.146084723922305,46.42396526860587],[10.143052907950146,46.42768548287756],[10.135398840659679,46.42880570789507],[10.130673283299265,46.431867417767826],[10.132138400390684,46.43536280246941],[10.132916295708855,46.436507056283475],[10.13390769479255,46.43723520249903],[10.143802107688378,46.443004441931706],[10.144735863819205,46.44345409297262],[10.147575393945678,46.44356062465687],[10.14883704048748,46.443502965453135],[10.152905076489143,46.44448798532582],[10.159977191184211,46.446531386102016],[10.160654613284878,46.447163489753684],[10.161114761029141,46.44859876409513],[10.16100009681718,46.44932888622869],[10.160090944135211,46.45004910083699],[10.159628952178178,46.45042316940883],[10.159438106187368,46.45057770020891],[10.159975650870063,46.45136422355825],[10.16105093389669,46.45233426211573],[10.164046116329981,46.45483271449358],[10.165739954017525,46.45613842138639],[10.17895162051677,46.45964783965571],[10.193053992475171,46.46450537892412],[10.204165138344724,46.46583785666943],[10.204965784311804,46.46611741213046],[10.20640062455728,46.46680425815369],[10.207375958503995,46.46732495120239],[10.208378731215115,46.46790832500627],[10.20898265004508,46.4687119217452],[10.20631065523323,46.47039605808429],[10.2035901688886,46.47228766172591],[10.203192477915946,46.473155811073944],[10.203340042629826,46.47453120090383],[10.203477268059993,46.47528036008319],[10.203488119943763,46.47533959255407],[10.209257421198725,46.485232312917425],[10.211799599569517,46.48764435432254],[10.2137779216961,46.491061235485994],[10.214296213007712,46.492684697959355],[10.21581537217925,46.50223509837272],[10.21641275181865,46.50953630488381],[10.214315179491553,46.52086214525992],[10.213389985333842,46.53606770609666],[10.213177310432712,46.53881482397652],[10.20680263437514,46.54011518911952],[10.202407965623758,46.54035948016782],[10.199843275747213,46.54182633829591],[10.198636007651968,46.54263995289472],[10.195858084676209,46.54576485386188],[10.19668610856207,46.5467191598323],[10.19856825497173,46.54826534981167],[10.200751303283386,46.54980836981883],[10.202251174766145,46.55106010582977],[10.202821732577164,46.55164027663213],[10.202922717584217,46.551742962633426],[10.204194110984233,46.55304800953651],[10.204853094355673,46.55394101730885],[10.205728544910784,46.55514672721387],[10.20651395218934,46.556443376660326],[10.206180326355963,46.55728384724337],[10.204963953652076,46.559501547447596],[10.203652207795386,46.56131975154299],[10.201302196637615,46.563355848033304],[10.19957340930467,46.56431894714704],[10.198553341246765,46.564842611672226],[10.197260955717745,46.565036124320926],[10.19380181935752,46.56645819565167],[10.193158715060628,46.56732885660415],[10.193762271080805,46.57216429158324],[10.194252233727827,46.57319411104365],[10.19558189324653,46.57424215492865],[10.197284553845334,46.57548428381795],[10.202925235621484,46.57867390153046],[10.211705712318851,46.583589437301406],[10.223414179140581,46.59013340024699],[10.225770420005286,46.59143560445332],[10.232290810020666,46.59214399207825],[10.240243913376093,46.59248550320347],[10.242252721728127,46.592522203658],[10.242051606309877,46.59225442354402],[10.241601800735603,46.59145835645242],[10.241846177550329,46.58954781057451],[10.244002845240823,46.578401021392615],[10.246619378117238,46.57525872039009],[10.247621584157576,46.57457283334026],[10.251842205182593,46.572537834250454],[10.253522275462283,46.57182646698194],[10.254646775209402,46.57192214338202],[10.25986182863207,46.57509563638122],[10.271052793393055,46.576465726455744],[10.282302965254804,46.571534429495955],[10.289168280699503,46.56773147153127],[10.294297770441554,46.56010944075879],[10.295423607327937,46.55427400406188],[10.294867262868891,46.55282239087377],[10.295130602195083,46.55128049147457],[10.29574885664021,46.550400522003706],[10.299859218639046,46.54936393098816],[10.311291089090233,46.546866557488485],[10.312414698830986,46.54694366859567],[10.319264838557865,46.54918674749141],[10.325112818096335,46.55146801353337],[10.332583851264577,46.54748892214029],[10.334914149474335,46.54517585242119],[10.337062590070627,46.54343183682401],[10.33822617930253,46.54301326070707],[10.339596811935674,46.54306021255947],[10.341143858064411,46.5433840522345],[10.342169974465081,46.54374100486523],[10.343046771827927,46.54438766963587],[10.347972214198416,46.548406530479014],[10.350017937154872,46.55200021655485],[10.350489917498361,46.55314658560052],[10.351224520266792,46.55436184157774],[10.35220697226076,46.55557416177675],[10.353173844788655,46.55563473703549],[10.363373984427827,46.55556758685578],[10.36629216616086,46.55488480086444],[10.37691969980122,46.55160751874769],[10.385550625470751,46.54885741109142],[10.386976989821253,46.54801216245295],[10.388958306900859,46.54693516724415],[10.393791146913774,46.54515745251375],[10.396130486230552,46.54431896563661],[10.397555543824836,46.54394158321197],[10.399107536620965,46.54444457550712],[10.400477937015244,46.54498578607789],[10.401836953824173,46.545590098200826],[10.405777716044922,46.54767463108962],[10.409549936350285,46.549284106371324],[10.412551093549693,46.5503270296089],[10.41406313835788,46.55078532302916],[10.415647818750143,46.55102670388606],[10.417357769893297,46.551068523327054],[10.419340142715068,46.55105295168147],[10.420930865291076,46.550025239766455],[10.429293322938571,46.54409131302999],[10.433522009268493,46.54122855762841]]]},"properties":{"name":"Valdidentro","op_id":"1860","minint_elettorale":"1030770710","minint_finloc":"1030770710","prov_name":"Sondrio","prov_istat_code":"014","prov_istat_code_num":14,"prov_acr":"SO","prov_iso_3166_2":"IT-SO","reg_name":"Lombardia","reg_istat_code":"03","reg_istat_code_num":3,"reg_iso_3166_2":"IT-25","opdm_id":"1629","com_catasto_code":"L557","com_istat_code":"014071","com_istat_code_num":14071,"prov_uts_code":"014","prov_tipo_uts":"Provincia"}},
{"type":"Feature","geometry":{"type":"Polygon","coordinates":[[[10.358932898935846,46.47377812407293],[10.358473635702902,46.46841075695355],[10.357934237748495,46.464529297789326],[10.357788993073877,46.46143757944005],[10.358020052114046,46.458030508395396],[10.358489190544196,46.45123913681111],[10.36024659161999,46.44860834446685],[10.36098097982414,46.44786807333857],[10.361165290393245,46.44768229342696],[10.36180206191298,46.44728485119422],[10.362518380532201,46.447294307913914],[10.36692156519809,46.448429769658475],[10.368558224116951,46.45035413286071],[10.368837545307,46.4516287461983],[10.369177923850273,46.45274063555601],[10.370319742229572,46.45517488327238],[10.371252774788275,46.45654964495116],[10.372204418377313,46.457627190031694],[10.373851160532555,46.45941634345317],[10.374517859055024,46.45951633943725],[10.376491741055426,46.4577466227495],[10.382904138266658,46.4574442629397],[10.3883093473414,46.45901673227033],[10.393329464910606,46.451098951939215],[10.394030324133992,46.449479470303565],[10.39521350043149,46.44839406532667],[10.396869463686224,46.44696089743721],[10.40040658183426,46.44425373293836],[10.402087395937249,46.444305128724],[10.403654492817365,46.44449287977297],[10.40841397611469,46.441752427818706],[10.41200057626445,46.43545337963033],[10.410478603924615,46.434701969656146],[10.409618324807147,46.43393482703235],[10.408351109345935,46.43224048405729],[10.4082605367672,46.43125162674557],[10.410562812433824,46.42765936159798],[10.412567414632989,46.42464670931597],[10.413068999075003,46.42340753745091],[10.413343567754632,46.4224501679379],[10.412296711419224,46.42064861698781],[10.405399003112512,46.41363834818664],[10.396607106249675,46.402046376094866],[10.40811734623287,46.394858379845715],[10.419573146702984,46.38781579511404],[10.416607291343377,46.384151753517166],[10.411454696357925,46.38051655183925],[10.404339511153204,46.377904233419954],[10.39452436528406,46.3703385342236],[10.389994086051129,46.36857573476876],[10.375702321705107,46.36792060119751],[10.372249816705557,46.36815108934843],[10.369551813109888,46.368399422159996],[10.354546156994573,46.36935225460549],[10.346957281676978,46.36898290995843],[10.342224974501221,46.36952448926859],[10.33573831435976,46.371697439499506],[10.329723508662319,46.373513520809176],[10.328398508061404,46.37356491961888],[10.327663716067969,46.37335745485887],[10.324580910097508,46.370549271290905],[10.319964653967027,46.36944168873735],[10.31815118871147,46.369147614737294],[10.316408189196478,46.36911369064253],[10.313501880633666,46.36936311705486],[10.312048945052975,46.36949680394443],[10.310832515580989,46.36973575054016],[10.309918942963003,46.3701332295405],[10.3096880521811,46.373015844331384],[10.311515884668635,46.379879732511185],[10.309648291764628,46.38338406030588],[10.301764241180173,46.387658996402415],[10.296460382350366,46.38941119984089],[10.290228655269814,46.39378358945033],[10.290420746918286,46.39531138536004],[10.290061068187432,46.39660690377682],[10.289006718367201,46.397680763074625],[10.284438371267402,46.402043060183274],[10.283585259436277,46.40227763286262],[10.282063367505627,46.40228568834963],[10.280207542800664,46.40529437530786],[10.28021401874468,46.40723825257575],[10.28089385276424,46.40849059580688],[10.286530238462543,46.41687355775498],[10.287749458738137,46.417845308298205],[10.289456719948353,46.4190230356584],[10.290982206679407,46.419698808691514],[10.292362683957831,46.42029519412775],[10.29418980584238,46.42106650885351],[10.29574911141929,46.421516842474176],[10.297922675071982,46.42207716793374],[10.299742233253296,46.42252447381775],[10.303452748874152,46.42419219438725],[10.30498527602564,46.42951155153629],[10.302308756253122,46.434626903829304],[10.300768671043587,46.43612937712077],[10.299561882574052,46.43738506077901],[10.298296178120944,46.43890238894259],[10.29564781880405,46.44305429152556],[10.293744909933443,46.44626171593874],[10.294024384534533,46.447617516026135],[10.29489283702262,46.44910162007992],[10.29499267257711,46.450567440072405],[10.29515760829228,46.45532640575435],[10.294706199630529,46.45660947200175],[10.292021743152942,46.46151764501625],[10.290705118288642,46.463116463141056],[10.289554904962099,46.46459638735321],[10.289861829678708,46.46490789816748],[10.291204167831074,46.46549572924329],[10.294608359277456,46.466798215522005],[10.299177972005934,46.468321327424086],[10.300738864323517,46.468780567203744],[10.308685093276905,46.470417831183966],[10.312898902000178,46.471233497942976],[10.332021572409271,46.47434675540283],[10.347772975932015,46.477087075913964],[10.35292694909786,46.47742219358439],[10.357459573083819,46.47642332297097],[10.358525513410289,46.47520490774108],[10.358860735105475,46.47403093870851],[10.358932898935846,46.47377812407293]]]},"properties":{"name":"Valdisotto","op_id":"1861","minint_elettorale":"1030770720","minint_finloc":"1030770720","prov_name":"Sondrio","prov_istat_code":"014","prov_istat_code_num":14,"prov_acr":"SO","prov_iso_3166_2":"IT-SO","reg_name":"Lombardia","reg_istat_code":"03","reg_istat_code_num":3,"reg_iso_3166_2":"IT-25","opdm_id":"1630","com_catasto_code":"L563","com_istat_code":"014072","com_istat_code_num":14072,"prov_uts_code":"014","prov_tipo_uts":"Provincia"}},
{"type":"Feature","geometry":{"type":"Polygon","coordinates":[[[10.403654492817365,46.44449287977297],[10.399748304479504,46.44803266623685],[10.398654036853303,46.449027029625285],[10.396663932693597,46.4587800589973],[10.39501541564142,46.45898917736226],[10.393035955408935,46.45949928940988],[10.392667593533051,46.459863776974395],[10.392428540259893,46.460703655702204],[10.39239560089719,46.46503284213086],[10.392472903457639,46.466525962127676],[10.39499040226605,46.469222176154496],[10.399600767868073,46.469201837267796],[10.402372483497805,46.4716337877364],[10.407592392579796,46.48009225876962],[10.416080307873269,46.49190301393478],[10.426277240817729,46.491677227918885],[10.436751133649219,46.492068157127186],[10.443721919660481,46.492538334579336],[10.45166632687723,46.49482267670982],[10.464982331988615,46.49523777958049],[10.467584555880444,46.495087430377104],[10.46980995994382,46.49497784297339],[10.470071594089683,46.49496908911623],[10.471997241159395,46.49490471800435],[10.47612158666748,46.49552622960549],[10.48232126561809,46.49417036690998],[10.496995003573184,46.497364039690844],[10.530539819682076,46.49376956670839],[10.542878117689787,46.492134478122374],[10.555013091916399,46.489032320594795],[10.562273632562029,46.481780833746924],[10.576129487143456,46.4742667839019],[10.583570910232133,46.471775506952845],[10.59208968922148,46.47089578972415],[10.600492387199486,46.46866429089285],[10.601334213610281,46.46765012563197],[10.619249675672565,46.45046423409703],[10.621398341258969,46.448402148471],[10.62183400234232,46.44796363770563],[10.619376600721427,46.44614454793575],[10.618905395166225,46.4457699873967],[10.618366669173234,46.445329647855324],[10.617328807233498,46.44442778072594],[10.617302389614826,46.44440407448254],[10.616760687574654,46.44389578387595],[10.616622713577963,46.44363657438981],[10.6165663705379,46.442990775382604],[10.616593057176157,46.44251756553722],[10.61662424620834,46.442032063034056],[10.619218474519434,46.43687806556347],[10.616462598988136,46.429967967919445],[10.616822526092989,46.42685465419009],[10.617945697116753,46.41739653714396],[10.619225938274763,46.41439905485659],[10.623408485641749,46.41124205731845],[10.628225596267702,46.40767575476889],[10.629425762596519,46.405548499176945],[10.630984331495778,46.402286979355964],[10.628920126150122,46.400808395218036],[10.618511318506133,46.39315912236112],[10.610809149436927,46.38726351127879],[10.60858372994036,46.38376642364303],[10.605985142405313,46.3792292670345],[10.598055279720734,46.37738586228819],[10.59254760276575,46.377210608766205],[10.570477966237249,46.37693134746423],[10.57021193848683,46.377064615406276],[10.570098453193658,46.37710004242788],[10.570017896402081,46.37712495435509],[10.567371862299222,46.377893986777906],[10.56704359933294,46.37792851385598],[10.566690202947926,46.37777200054287],[10.561266218354094,46.37422995918329],[10.550691434601273,46.36704979165172],[10.541980575191571,46.36089903876591],[10.542319489727568,46.36061039442067],[10.543606937401814,46.359301544759354],[10.543934448823268,46.35886588537653],[10.54325009042657,46.35666939128439],[10.543201445546387,46.356557559586165],[10.542942283405177,46.35637088541226],[10.542808705403582,46.35628039022051],[10.54152773787934,46.355523488284135],[10.541260254084015,46.35536762665179],[10.541118623717411,46.35528669786135],[10.54101646075035,46.35523390259499],[10.54096899434888,46.35521176626803],[10.54031046013952,46.35490465211863],[10.53998645020162,46.354753544134255],[10.539890531002445,46.354711899270036],[10.539645863496501,46.354613046197194],[10.539238006409642,46.35445167943425],[10.539197961845764,46.35443851887729],[10.53875873724064,46.35432230597819],[10.537700784813651,46.35412549757539],[10.53659880849542,46.35411187434239],[10.535939692032292,46.35412165296696],[10.534540273835587,46.35417093174209],[10.534334851905975,46.35420039705392],[10.534254323523713,46.35428537875113],[10.534176968391236,46.35446562888844],[10.53405622952091,46.35487683776376],[10.533979530790878,46.35510483617502],[10.533799847507334,46.35541116742973],[10.533511983572964,46.355743445533484],[10.533046587439642,46.35625761263426],[10.53282562310486,46.35637842590913],[10.53021183274355,46.35674229970087],[10.52847454802398,46.35680515714393],[10.520869457925144,46.35617445757386],[10.520395133157026,46.35613402087307],[10.519872597285373,46.35597556990444],[10.519496375754327,46.355762122817076],[10.519473381644536,46.35573933011393],[10.519255480272049,46.3553395296093],[10.519241273394357,46.35531341431163],[10.516030899863265,46.34646882753955],[10.515782360314136,46.344666566515706],[10.515714830514044,46.343217878670906],[10.514564784336706,46.33916576490993],[10.514052955037346,46.337570565716966],[10.513715634475389,46.33664804456384],[10.51339480663871,46.33585130153746],[10.512686056309688,46.33512269168272],[10.51184362931539,46.334728834655806],[10.509838957375122,46.3345933312026],[10.499069050746964,46.334645060205474],[10.498060613460936,46.33482928896194],[10.495869010781515,46.33641495557588],[10.495463666980188,46.33679825745849],[10.49177049672535,46.342417513461925],[10.486821564184327,46.34655197253282],[10.478273310219329,46.35126862301661],[10.471031483717875,46.354653278740976],[10.47103023643151,46.356941991067856],[10.471352155253664,46.357436480813305],[10.472835477834407,46.35930369877496],[10.473430050698893,46.35984919118989],[10.474990877598684,46.36066190074518],[10.475450608886732,46.36518288121105],[10.475429736682228,46.36971907314414],[10.474961315210583,46.37356804370712],[10.47461489919835,46.374706482374854],[10.472337797852216,46.37851577110977],[10.471331181078625,46.379284702757516],[10.470045264269368,46.37982322894442],[10.468844733166861,46.37966766804948],[10.466651448635808,46.37934483078558],[10.464890283612847,46.37913342048731],[10.46292091879049,46.3789156338444],[10.458232549097238,46.378651537342904],[10.456548173453802,46.378880013310116],[10.45499686211273,46.37922375698216],[10.450947729344904,46.38050817973541],[10.449530253660363,46.3814891381401],[10.442614355375806,46.386022515922896],[10.43443737447364,46.38962633142475],[10.433064607883898,46.389850531670206],[10.431595377729879,46.38986893817723],[10.422715421617085,46.38849482076578],[10.419573146702984,46.38781579511404],[10.40811734623287,46.394858379845715],[10.396607106249675,46.402046376094866],[10.405399003112512,46.41363834818664],[10.412296711419224,46.42064861698781],[10.413343567754632,46.4224501679379],[10.413068999075003,46.42340753745091],[10.412567414632989,46.42464670931597],[10.410562812433824,46.42765936159798],[10.4082605367672,46.43125162674557],[10.408351109345935,46.43224048405729],[10.409618324807147,46.43393482703235],[10.410478603924615,46.434701969656146],[10.41200057626445,46.43545337963033],[10.40841397611469,46.441752427818706],[10.403654492817365,46.44449287977297]]]},"properties":{"name":"Valfurva","op_id":"1862","minint_elettorale":"1030770730","minint_finloc":"1030770730","prov_name":"Sondrio","prov_istat_code":"014","prov_istat_code_num":14,"prov_acr":"SO","prov_iso_3166_2":"IT-SO","reg_name":"Lombardia","reg_istat_code":"03","reg_istat_code_num":3,"reg_iso_3166_2":"IT-25","opdm_id":"1631","com_catasto_code":"L576","com_istat_code":"014073","com_istat_code_num":14073,"prov_uts_code":"014","prov_tipo_uts":"Provincia"}},
{"type":"Feature","geometry":{"type":"Polygon","coordinates":[[[9.671761615772054,46.209355092225124],[9.665038962890875,46.208728378992284],[9.656158769662891,46.207609689250184],[9.652302291921862,46.20706477377365],[9.651249597273614,46.2068367637042],[9.63952699831985,46.20312295596947],[9.63670097743192,46.20421873315626],[9.635525244982807,46.20454927153195],[9.635111783230956,46.20441368684213],[9.6347966290472,46.2043103374693],[9.634754724214295,46.204280044704284],[9.633894761755213,46.20365836471713],[9.631246792658423,46.201072027793295],[9.625924676238505,46.195809287934345],[9.625753947357317,46.195612226755955],[9.625241303641872,46.19039513689624],[9.62527295828248,46.19006769349444],[9.625394661831976,46.18906229097124],[9.62543375526348,46.188749200560366],[9.625478936955977,46.18839584740371],[9.62058088128901,46.18853042404271],[9.619273952055467,46.1886995099032],[9.615535288897043,46.189268699541195],[9.614293434050566,46.18946438090912],[9.613143778068983,46.1897945507748],[9.612554605731592,46.19041870205399],[9.603770802067016,46.19773743941077],[9.585053552591827,46.20732068577642],[9.579500796574736,46.20934697194112],[9.570711027918879,46.21179417990384],[9.566564706554882,46.212003805291374],[9.56092680858448,46.2121396487828],[9.560352946815637,46.21434747991132],[9.559135629704302,46.21959141964028],[9.559545353358514,46.22163238651152],[9.559847613162919,46.22458290258601],[9.55943280352059,46.22587192052322],[9.55199128629311,46.235097021364375],[9.549396073651836,46.24146347370367],[9.560234592578865,46.2574351884434],[9.565294694769397,46.26618968020093],[9.563982853000098,46.27105609225151],[9.563396935565704,46.275855893639765],[9.563330954422765,46.27701721371043],[9.563288908977052,46.27798040376999],[9.56385991797483,46.27915657362924],[9.56474321432832,46.280484181657506],[9.565543109081519,46.28127221894857],[9.56648320691451,46.281807558285614],[9.567694882904146,46.28224254534296],[9.57095214690347,46.283486298065185],[9.57392309452493,46.28581138219604],[9.579136005172986,46.290204017470224],[9.579594547977434,46.290597698766156],[9.580776358336449,46.29178867194986],[9.581919355389148,46.29306083835233],[9.582895945533602,46.294477830030466],[9.58590014856825,46.29495740099174],[9.588731209074243,46.29501485242968],[9.590341355210276,46.2950335526906],[9.603402165665033,46.29489337665152],[9.609863716886974,46.29450809940672],[9.610726936667263,46.29398150649898],[9.612708710394294,46.2923959170133],[9.620925596938472,46.28782467602637],[9.631944630725226,46.28646831474569],[9.63339590443519,46.28630730085825],[9.635082447207678,46.28621693788254],[9.638576633043533,46.28633246901014],[9.63981242779725,46.28655055540868],[9.641934187127246,46.28704265857694],[9.647008084512743,46.289012015939676],[9.658497195538676,46.29529582330491],[9.672176478962305,46.301012111295634],[9.681131193473774,46.298583165006924],[9.681169510392179,46.29748494341326],[9.68199149991786,46.29676006556],[9.687179611636093,46.29430803796264],[9.703981314042654,46.290911874522735],[9.71123094951854,46.29238798973683],[9.714497775083034,46.29306963702717],[9.717307919193834,46.29152206336501],[9.72626253508868,46.283581665386286],[9.729326336230873,46.27883722643931],[9.729954054438434,46.278212235721675],[9.735308065659686,46.27389848212739],[9.737118138834195,46.27247384776945],[9.738032995709862,46.27198193789089],[9.739315914287067,46.27183865439],[9.742232145367366,46.27161277047882],[9.747439741232185,46.27001286191598],[9.749245351128518,46.26924504563095],[9.739405526190973,46.26125419086311],[9.727923991112027,46.25257546686703],[9.723413332805906,46.24431967283079],[9.714568906250499,46.2384983376123],[9.714101666596802,46.23847427239119],[9.70942100114272,46.235578424685706],[9.708244122534538,46.23482976650323],[9.70631862695116,46.23334769554664],[9.704182038444698,46.23157888126727],[9.700839311726403,46.22877344657145],[9.698240825598,46.22634135148825],[9.696284019363492,46.224391303571274],[9.68986314712475,46.222144250515576],[9.6808126388494,46.22110050066474],[9.667885598381227,46.22005176254319],[9.66695048818064,46.21992222596656],[9.666060384116374,46.21922541812926],[9.66198871922247,46.21595508225427],[9.662345657964506,46.215449012334595],[9.663598548888265,46.213983762440385],[9.665123956823457,46.21254389710962],[9.66685842205793,46.21124680129714],[9.667771484296091,46.21063847091822],[9.668633117299573,46.21006643053269],[9.669588311741665,46.209727848309065],[9.671761615772054,46.209355092225124]]]},"properties":{"name":"Val Masino","op_id":"1859","minint_elettorale":"1030770740","minint_finloc":"1030770740","prov_name":"Sondrio","prov_istat_code":"014","prov_istat_code_num":14,"prov_acr":"SO","prov_iso_3166_2":"IT-SO","reg_name":"Lombardia","reg_istat_code":"03","reg_istat_code_num":3,"reg_iso_3166_2":"IT-25","opdm_id":"1632","com_catasto_code":"L638","com_istat_code":"014074","com_istat_code_num":14074,"prov_uts_code":"014","prov_tipo_uts":"Provincia"}},
{"type":"Feature","geometry":{"type":"Polygon","coordinates":[[[9.424869517014466,46.18992881208002],[9.428783035423688,46.19568781237894],[9.444982166898656,46.201642791081966],[9.455474407067094,46.20554345218897],[9.461239941557379,46.20674441937282],[9.469174731534903,46.20692813299336],[9.475162419632072,46.206795410539314],[9.485901229717363,46.208901250752476],[9.508086790531415,46.215104775382464],[9.509944751199392,46.215537503824564],[9.509958226112865,46.215439928520155],[9.510102677052167,46.21439377255198],[9.509494510293257,46.21311848967304],[9.506111973122994,46.207598545160764],[9.50793692477513,46.204476468746584],[9.502729951273269,46.20063849041235],[9.494056730668392,46.19606831393878],[9.486993167299282,46.19457763582452],[9.483667411629542,46.19514075075826],[9.479398137162756,46.19451973467842],[9.473944045745204,46.19324648166121],[9.473230071068826,46.187066449536026],[9.472125747298227,46.183705019815164],[9.470495080409444,46.18241573310615],[9.468855595882186,46.181603479823636],[9.466528917284649,46.18073099004435],[9.464580179021908,46.18010893839042],[9.451972259038318,46.182728966642635],[9.444555427009577,46.18567856046988],[9.444030126680337,46.18591851955069],[9.443998512716945,46.18593296053734],[9.430766762371023,46.18880930300067],[9.426782048630661,46.18966120044493],[9.42544886052287,46.189864185394086],[9.424869517014466,46.18992881208002]]]},"properties":{"name":"Verceia","op_id":"1863","minint_elettorale":"1030770750","minint_finloc":"1030770750","prov_name":"Sondrio","prov_istat_code":"014","prov_istat_code_num":14,"prov_acr":"SO","prov_iso_3166_2":"IT-SO","reg_name":"Lombardia","reg_istat_code":"03","reg_istat_code_num":3,"reg_iso_3166_2":"IT-25","opdm_id":"1633","com_catasto_code":"L749","com_istat_code":"014075","com_istat_code_num":14075,"prov_uts_code":"014","prov_tipo_uts":"Provincia"}},
{"type":"Feature","geometry":{"type":"Polygon","coordinates":[[[10.163480575088332,46.27448273421679],[10.165398923211844,46.27558818151961],[10.16620040023543,46.27604801140529],[10.167338343736768,46.27645938973582],[10.169993063068144,46.277395241161514],[10.171254029582132,46.2768783469866],[10.172660423444338,46.27648592903289],[10.17442329574651,46.27637783002731],[10.17644820231674,46.276384011958015],[10.178383045764383,46.27642708454705],[10.18014240069157,46.276759933954565],[10.182243998124685,46.277314214531735],[10.187148336684754,46.27902737288028],[10.18902292545309,46.27988087816393],[10.189815369081327,46.280511610804304],[10.19236524049776,46.278982039342154],[10.200922766345585,46.27440151768569],[10.213124967124562,46.269790714186094],[10.214670209742273,46.26924330118977],[10.21783228489345,46.26830910619492],[10.225142920894527,46.26631467327776],[10.233711864971129,46.26476453541295],[10.237261922170124,46.26451915870802],[10.243659645957772,46.26281174776092],[10.24403108847049,46.26261786069434],[10.244557443028283,46.26234303902197],[10.246235828398582,46.260821783918665],[10.249030309667942,46.25818114300596],[10.248300100827485,46.25745112399714],[10.242521780268321,46.25244549789453],[10.230574171785769,46.23936442956366],[10.229666677801974,46.238807129682684],[10.22920430563313,46.23882178476933],[10.22886323514155,46.23883388574558],[10.228540993909716,46.23897365249842],[10.227464050853662,46.23948791138464],[10.226183080998158,46.24043040845381],[10.225556351769098,46.24119135155337],[10.224464013466386,46.2433990383241],[10.22070679779937,46.24828120364832],[10.21364303608034,46.25268539665843],[10.207092724359464,46.25570675353212],[10.200212169118613,46.256715077065884],[10.194911521525828,46.2563926047639],[10.190169444475627,46.25669857686351],[10.182491786923935,46.25745774542294],[10.176338356070792,46.25790822402463],[10.173766747393774,46.263865654455515],[10.173008765182285,46.26543942573914],[10.172299295389363,46.266247696490055],[10.169495899893883,46.2686703796772],[10.16760564142411,46.27010270662568],[10.166670125686483,46.27066125027105],[10.165549096952002,46.271041673318166],[10.163480575088332,46.27448273421679]]]},"properties":{"name":"Vervio","op_id":"1864","minint_elettorale":"1030770760","minint_finloc":"1030770760","prov_name":"Sondrio","prov_istat_code":"014","prov_istat_code_num":14,"prov_acr":"SO","prov_iso_3166_2":"IT-SO","reg_name":"Lombardia","reg_istat_code":"03","reg_istat_code_num":3,"reg_iso_3166_2":"IT-25","opdm_id":"1634","com_catasto_code":"L799","com_istat_code":"014076","com_istat_code_num":14076,"prov_uts_code":"014","prov_tipo_uts":"Provincia"}},
{"type":"Feature","geometry":{"type":"Polygon","coordinates":[[[9.54937741465594,46.30234316919611],[9.548144557940379,46.301116119007766],[9.54752933397015,46.3006240675981],[9.546550498417165,46.30012475613564],[9.545587158630553,46.2998773600899],[9.529733320994398,46.297071967552085],[9.519995190052414,46.29552371616042],[9.51868313461252,46.29544866767012],[9.51742281629725,46.29535538191746],[9.516627124468608,46.29496299454052],[9.51294784652179,46.293044586923116],[9.508907125996878,46.28992170462392],[9.506130752426296,46.28730607823962],[9.502342318465919,46.2846228395979],[9.49087885668098,46.28295365567389],[9.4877883520648,46.28274188642164],[9.486958097052595,46.28279943127692],[9.48566317852315,46.28315591485393],[9.482557540814835,46.284177039946144],[9.480403259126222,46.29009447508628],[9.47466798418288,46.30367219689457],[9.47184627948993,46.310577867257955],[9.471412090448029,46.314378390891655],[9.471315143967539,46.315178942913285],[9.471064592720802,46.31625096038876],[9.47066912715168,46.31708956575009],[9.470210286401969,46.31801843330214],[9.469775006078354,46.31875820423427],[9.46932647469303,46.31947102464208],[9.466372293445778,46.323303532871975],[9.461397654025935,46.32628458136429],[9.459194539718405,46.33352475055359],[9.459129016255488,46.33413699577668],[9.459041750181202,46.33932451047725],[9.459061282290351,46.340507217208604],[9.459067933556575,46.34090957690258],[9.45959782030755,46.342113420299654],[9.463436873113722,46.344410857296765],[9.465972268494575,46.34582546055538],[9.476473726707296,46.355561873073135],[9.487656187618622,46.366629380925325],[9.493650218044996,46.36535277006179],[9.494556880549919,46.36497987398166],[9.496042562388958,46.36403745425801],[9.497345246599522,46.36290233640831],[9.498723297890267,46.3614833814655],[9.508300368176192,46.34998455043799],[9.51148518586542,46.33890963626276],[9.513680719950669,46.33469691143624],[9.51772089483651,46.32921576088096],[9.521188359583897,46.325060117292715],[9.528747792826957,46.31710108901793],[9.53419229722948,46.312152889164906],[9.536639768115387,46.31017048135967],[9.539475725782898,46.30801514190037],[9.542157272635638,46.30610350427941],[9.544260799944784,46.30485153281687],[9.54644404874921,46.30370713275538],[9.54937741465594,46.30234316919611]]]},"properties":{"name":"Villa di Chiavenna","op_id":"1865","minint_elettorale":"1030770770","minint_finloc":"1030770770","prov_name":"Sondrio","prov_istat_code":"014","prov_istat_code_num":14,"prov_acr":"SO","prov_iso_3166_2":"IT-SO","reg_name":"Lombardia","reg_istat_code":"03","reg_istat_code_num":3,"reg_iso_3166_2":"IT-25","opdm_id":"1635","com_catasto_code":"L907","com_istat_code":"014077","com_istat_code_num":14077,"prov_uts_code":"014","prov_tipo_uts":"Provincia"}},
{"type":"Feature","geometry":{"type":"Polygon","coordinates":[[[10.15938583738084,46.15954963242505],[10.152246023691712,46.1582083668573],[10.1375904270089,46.155331157726394],[10.135483955456628,46.15492008986982],[10.133356967244497,46.1547702049964],[10.131814107969515,46.15468649385421],[10.130440874582556,46.154664084665605],[10.12819125347034,46.154848312741215],[10.127494609959742,46.15498118912401],[10.127072472273499,46.15523734001832],[10.126167288723734,46.15593927579124],[10.123515437886326,46.157999403560595],[10.122811896135362,46.159068325038966],[10.121568505987264,46.16097953803202],[10.109075657326159,46.1722344901824],[10.110547352087382,46.173339787588795],[10.110706734863655,46.1734518071849],[10.111386411655323,46.173751192703506],[10.112261314984126,46.17409368612108],[10.113018188343402,46.174365325602146],[10.116296518719505,46.17533496611241],[10.120200459323312,46.17642490160668],[10.123040968749327,46.17987419087048],[10.125712385904121,46.183798952179544],[10.125701126476866,46.18387395308848],[10.125632538773775,46.18433073134436],[10.12267131662202,46.19034506774082],[10.121747777468382,46.19766212792582],[10.12144893942717,46.202885016771724],[10.12099147822701,46.20524749817157],[10.116883946514633,46.21044466436569],[10.115855226348348,46.211498719408745],[10.114900966370518,46.21239004006449],[10.113328675069717,46.21349436542203],[10.109898472931686,46.216335711979944],[10.108894541950313,46.21734447019023],[10.103713219487991,46.22535058321718],[10.10298758779526,46.22667158526504],[10.102344921032797,46.228252796499895],[10.107526427977898,46.22668170571595],[10.113600355320493,46.225650703549796],[10.124009775269858,46.22421681647658],[10.13076003142453,46.225203342464106],[10.132647118901103,46.22553566073947],[10.134724953794466,46.22631603055458],[10.136460579273516,46.22621778007185],[10.139374670408198,46.2260447809012],[10.140591136642566,46.225924656161915],[10.141728016114701,46.22509429951006],[10.143157799496088,46.22400899996],[10.15117856580962,46.21752952142081],[10.151790767014496,46.21642532548031],[10.151973645365866,46.214632449101025],[10.151802428264821,46.214040183554935],[10.151750059457045,46.21386070330661],[10.149153065538304,46.20744293404512],[10.146913140136489,46.20196640966628],[10.14708082685344,46.200056757245235],[10.149817548815028,46.19083115692368],[10.156046311218102,46.185674219209325],[10.158784964638219,46.184656480086964],[10.162694008365127,46.18384276372913],[10.164501197946072,46.18351837511286],[10.170831023199494,46.18321971618035],[10.176646358123222,46.18370900081994],[10.179763756236547,46.18406386794954],[10.180451513035877,46.184110773523265],[10.181318326107778,46.18404781221654],[10.182146484039642,46.18339124991289],[10.184311654396895,46.18164082406461],[10.186017297984842,46.18021912508522],[10.186600542008714,46.17964189524407],[10.183217991443053,46.17897913173568],[10.182684018797241,46.178849662192135],[10.180300233926804,46.17825328635619],[10.179905101209938,46.17795137373289],[10.179598887801946,46.17756753277038],[10.179219485954738,46.176788430882],[10.178687784016464,46.17555190092421],[10.178264331440872,46.174530259489366],[10.177659445043432,46.172898483081475],[10.177587779928372,46.172575219759594],[10.175942069123069,46.167084113797465],[10.174581244372144,46.165226077177856],[10.171594906768751,46.16306071565746],[10.164828716534524,46.16159985139565],[10.163449047003379,46.16128090801662],[10.162523002486086,46.16097532288227],[10.161987925400878,46.1607827656057],[10.161348290744185,46.16054625661129],[10.16095603867774,46.160370232757806],[10.15938583738084,46.15954963242505]]]},"properties":{"name":"Villa di Tirano","op_id":"1866","minint_elettorale":"1030770780","minint_finloc":"1030770780","prov_name":"Sondrio","prov_istat_code":"014","prov_istat_code_num":14,"prov_acr":"SO","prov_iso_3166_2":"IT-SO","reg_name":"Lombardia","reg_istat_code":"03","reg_istat_code_num":3,"reg_iso_3166_2":"IT-25","opdm_id":"1636","com_catasto_code":"L908","com_istat_code":"014078","com_istat_code_num":14078,"prov_uts_code":"014","prov_tipo_uts":"Provincia"}}
]}