{"type":"FeatureCollection","bbox":[8.802511793397978,40.5259021320937,9.779104152542677,41.31332055224587], "features": [
{"type":"Feature","geometry":{"type":"Polygon","coordinates":[[[8.991690063960064,40.9157214084146],[8.989549579250056,40.91543099539147],[8.98589545810003,40.91493654670396],[8.985852054091215,40.914932792102654],[8.985829374798804,40.916702013577755],[8.985885642988407,40.9177296915965],[8.986001359907881,40.91901536093134],[8.986002993042366,40.91905380793494],[8.98593268719063,40.9198916890606],[8.985053239577011,40.922684149179936],[8.980764153401376,40.93078190206442],[8.98042052371755,40.931341004048406],[8.972709957620209,40.93160009175865],[8.96788743639821,40.93168893217973],[8.967471655519876,40.931787907448424],[8.967383470057325,40.93183557182074],[8.966806304684178,40.9321480489628],[8.961483089515799,40.93527226438785],[8.961269030757403,40.93568657272455],[8.961256915078044,40.9360919412229],[8.96143466287728,40.93683968749368],[8.961861729009549,40.93783974684377],[8.96230094981604,40.938380387827856],[8.962490792624655,40.93849102795604],[8.96296597125669,40.93876795813995],[8.963071834590918,40.938784953885325],[8.96380933019103,40.9389033500393],[8.965043304781963,40.93906950029976],[8.967279632334996,40.93965761074975],[8.971149789962972,40.94113046319595],[8.971589254991901,40.94132875469706],[8.974962245158506,40.943617634037615],[8.975175991025202,40.943878919939856],[8.975330293176349,40.94425730007524],[8.975424857544773,40.94554549818965],[8.975090022617152,40.94896302685318],[8.971893232711802,40.952877407807925],[8.96940863693962,40.955669332757346],[8.961706902503186,40.959090162137244],[8.945595233503699,40.95711988944751],[8.943713375612152,40.96230772825366],[8.947385772390493,40.96182301810925],[8.958628453270574,40.96031421777707],[8.961444964248084,40.95997288126259],[8.962419439751594,40.95986510428599],[8.965009911664186,40.959946994250586],[8.973745758800739,40.96043557082836],[8.975502473727955,40.961000344614895],[8.981406221431905,40.96843654902691],[8.981643813631784,40.968796911424306],[8.982869461262844,40.97362921216828],[8.982973552450021,40.97403989976402],[8.983258842908084,40.97530109066713],[8.983462628454811,40.97620194148391],[8.983519689163057,40.97645417958685],[8.983556034184746,40.976652365043705],[8.983638634181366,40.977102786959584],[8.985657129401057,40.985922088953124],[8.986310616066596,40.98757066735212],[8.987879397140867,40.989994045101795],[8.993585162596185,40.99738121125867],[8.999048630138047,41.0007954828707],[9.010377845400802,41.00753376857379],[9.03308310673324,41.02102305167057],[9.035296112241864,41.02234659145835],[9.044006529069149,41.028018717319235],[9.044268382903825,41.02825282830445],[9.044221048126868,41.02862217973366],[9.044126125597158,41.02898254115484],[9.04143021548344,41.035955826922375],[9.037558515928133,41.03912772040828],[9.035532845477045,41.04232652880429],[9.035250134108788,41.04638160972403],[9.03571554656886,41.050154509471035],[9.036479660491183,41.0547844266028],[9.038504367715511,41.05766635361823],[9.046902529238494,41.065369650633656],[9.049830748697719,41.06558850842158],[9.054434387388424,41.06246682918185],[9.056869666863012,41.06063141976778],[9.057673072729411,41.05689839777104],[9.05774677998148,41.05654131564674],[9.05847350979447,41.052421243360115],[9.058480923052212,41.05237921024359],[9.058500156715528,41.05226501399178],[9.059273895249364,41.047577492727896],[9.059356709073075,41.04704597291763],[9.059360171812308,41.04690184139805],[9.059368178820352,41.04656853786436],[9.059348564394773,41.046451442715444],[9.059273124396896,41.04600107594233],[9.059196472381899,41.045562007749986],[9.058977718825778,41.04510041799265],[9.057072227287833,41.041096988633875],[9.054945507122298,41.036634791729476],[9.054428604816415,41.035573205651694],[9.053665027708607,41.027384055838425],[9.060304321945212,41.01627374224333],[9.06656147622142,41.00576679330187],[9.067984408690283,41.00184741156093],[9.064901777258436,40.99883145212554],[9.064426235327456,40.998894775661],[9.064021779699445,40.99869682151327],[9.06266406127451,40.99631940961787],[9.062556526989098,40.9957609613621],[9.062746451052972,40.99543656311291],[9.063198054192005,40.99522912856842],[9.063840039163495,40.99518373359988],[9.064268848788458,40.995204229610174],[9.051789763090087,40.97766096361314],[9.048602937977579,40.96981507372643],[9.054121852064021,40.96508826802144],[9.069253627665926,40.95344557317095],[9.069989775693823,40.95294066772243],[9.070904195600225,40.95248969611659],[9.07430084419237,40.95111829906574],[9.074868542256688,40.950917795013495],[9.076842496637589,40.95026084956374],[9.08495141561094,40.94553483696961],[9.086221447180533,40.944624060782246],[9.086553756012687,40.94436257220093],[9.088912632421751,40.94040615116973],[9.089268013869285,40.93965819047555],[9.089397983268224,40.93913561009825],[9.089526953296371,40.937874353189976],[9.089335722938017,40.9370097075875],[9.083806122552843,40.92620874559714],[9.07051773853856,40.91492542947204],[9.067679875384746,40.91329662697879],[9.06657484636806,40.912621647494056],[9.066218274780942,40.91228854559505],[9.065849538426887,40.91165817489622],[9.065230249719427,40.909811824620085],[9.062084467960076,40.91073240668087],[9.051258059639055,40.91454824086548],[9.046058134434222,40.91644218200623],[9.045096504387615,40.91684040228206],[9.043909291576625,40.91733202191755],[9.04363029296804,40.91744755203309],[9.043708583038061,40.91809161617084],[9.039513032432389,40.92148995189992],[9.020189903024022,40.9195149083401],[9.00773668614816,40.91809964069882],[9.00480335685912,40.917361119404816],[9.003739009614117,40.91722603419425],[8.994697426337089,40.91608191894463],[8.991690063960064,40.9157214084146]]]},"properties":{"name":"Aggius","op_id":"8124","minint_elettorale":"4200730010","minint_finloc":"5200730010","prov_name":"Gallura Nord-Est Sardegna","prov_istat_code":"113","prov_istat_code_num":113,"prov_acr":"OT","reg_name":"Sardegna","reg_istat_code":"20","reg_istat_code_num":20,"opdm_id":"7578","com_catasto_code":"A069","com_istat_code":"113001","com_istat_code_num":113001}},
{"type":"Feature","geometry":{"type":"MultiPolygon","coordinates":[[[[9.119310325495388,41.158203346663775],[9.119444691218872,41.15835634231182],[9.119599840877537,41.15846878027549],[9.119754776433014,41.158463296483376],[9.119993138224185,41.158454859265944],[9.120168473741037,41.15836361743678],[9.12041991860838,41.157904557280915],[9.120411619921068,41.157678145650046],[9.12004856276023,41.15745806306293],[9.119819823575034,41.15739871697554],[9.119551764540661,41.15739303671175],[9.119073739380642,41.157546013687714],[9.119121969026287,41.157852232750365],[9.119157846061354,41.15791939073584],[9.119177280128937,41.15795576650847],[9.119260199214702,41.158110617192435],[9.119310325495388,41.158203346663775]]],[[[9.119310325495388,41.158203346663775],[9.118836386495099,41.158111956001285],[9.11882609086324,41.158185831226945],[9.118801105943874,41.15837502385035],[9.118908424050954,41.15840193708158],[9.11904257617887,41.158437829571376],[9.11915884260312,41.158469647178364],[9.119206542169362,41.15848269994362],[9.119242201094176,41.15842861510786],[9.119310325495388,41.158203346663775]]],[[[9.064268848788458,40.995204229610174],[9.063840039163495,40.99518373359988],[9.063198054192005,40.99522912856842],[9.062746451052972,40.99543656311291],[9.062556526989098,40.9957609613621],[9.06266406127451,40.99631940961787],[9.064021779699445,40.99869682151327],[9.064426235327456,40.998894775661],[9.064901777258436,40.99883145212554],[9.067984408690283,41.00184741156093],[9.06656147622142,41.00576679330187],[9.060304321945212,41.01627374224333],[9.053665027708607,41.027384055838425],[9.054428604816415,41.035573205651694],[9.054945507122298,41.036634791729476],[9.057072227287833,41.041096988633875],[9.058977718825778,41.04510041799265],[9.059196472381899,41.045562007749986],[9.059273124396896,41.04600107594233],[9.059348564394773,41.046451442715444],[9.059368178820352,41.04656853786436],[9.059360171812308,41.04690184139805],[9.059356709073075,41.04704597291763],[9.059273895249364,41.047577492727896],[9.058500156715528,41.05226501399178],[9.058480923052212,41.05237921024359],[9.05847350979447,41.052421243360115],[9.05774677998148,41.05654131564674],[9.057673072729411,41.05689839777104],[9.056869666863012,41.06063141976778],[9.057418949541628,41.06273002822084],[9.05557997466609,41.069586068161705],[9.0550813414786,41.07112668579601],[9.054867407276818,41.07151413460184],[9.047126821330426,41.083246039793835],[9.046432461512099,41.08411559684967],[9.043641074690655,41.08703078806195],[9.041320351758845,41.08853598572016],[9.025225523761549,41.094855259369496],[9.012521296915683,41.09988381468281],[9.000599698134069,41.10461650302499],[8.996678403152954,41.10487946186553],[8.997185197773307,41.1059198268174],[8.999165131716692,41.108719944929405],[9.008308787896015,41.12078269710229],[9.011882558649344,41.12379110237128],[9.015439009299836,41.12528715995322],[9.017553549361523,41.12598832331886],[9.021841289651856,41.126954592584035],[9.03073148495146,41.13057962590603],[9.039645949857704,41.13541417833213],[9.040792163034277,41.136539772355206],[9.041469973038549,41.137116039397846],[9.042268430026175,41.13734995601362],[9.046330495356083,41.13808254242959],[9.047034945013566,41.13803219938556],[9.050835417533637,41.13741855833054],[9.051836527573613,41.13685223447976],[9.05216909121675,41.13641735620234],[9.057244389298857,41.12887600462403],[9.057381125998235,41.1287137928431],[9.058023947229593,41.12813696100546],[9.058250206673664,41.12802875127579],[9.060072558338291,41.12759543232456],[9.060312272830613,41.127550267788216],[9.060454132424487,41.127524056611456],[9.060513277276216,41.12751593183756],[9.063844385440982,41.12736595264272],[9.064301549166505,41.12735819829364],[9.064599375584399,41.1273531457185],[9.07971119939321,41.12846179548066],[9.091945705368426,41.13015405978029],[9.104220511847311,41.13338919718359],[9.107724243932221,41.13394737606165],[9.108391825282533,41.13417256669697],[9.108603039373959,41.13424381313577],[9.10937531970417,41.13450431346262],[9.110179175272782,41.13493142597295],[9.110776868495522,41.13544827913799],[9.110936193987502,41.135587268268964],[9.120802206292776,41.14469890413459],[9.121769215571721,41.145661735731665],[9.122042386915275,41.145946997790055],[9.12225879793851,41.14620169311711],[9.12286798004374,41.14696897211526],[9.123008923786225,41.14746200639095],[9.12310496708583,41.14784023638819],[9.123121026041318,41.148461766993265],[9.123085982137972,41.14884013877416],[9.122330353182456,41.149408871220366],[9.120386730622135,41.14964469631891],[9.119014724498566,41.15127655838191],[9.118978690657858,41.15134865869808],[9.118884103388755,41.15153792253163],[9.118813263952656,41.1519073208566],[9.1189308072591,41.15265147996044],[9.118939778373456,41.152699888681894],[9.11902393945644,41.1531533507796],[9.119052629832147,41.153289791372494],[9.119464227473824,41.15405053455526],[9.120220363959728,41.15495054099738],[9.1205830885845,41.1551843678873],[9.123195197367048,41.15625354684079],[9.124518333848116,41.15635135709025],[9.12457644513211,41.15635565232465],[9.12549461840217,41.15580967580132],[9.12596337010789,41.15552991911571],[9.126303240321601,41.1548563247132],[9.131282871316309,41.15375842522625],[9.139482575815016,41.15380396223688],[9.149071856418983,41.15515183251182],[9.159092919304202,41.16086903441555],[9.16774394705076,41.16810799705122],[9.168028787216365,41.168406346520804],[9.168090591068449,41.168477941768316],[9.168437657116382,41.16901115243408],[9.170737069125762,41.17310185661527],[9.171036919021478,41.17372183060655],[9.17110587907197,41.17395593336964],[9.171141498755944,41.17425314044748],[9.17119546577964,41.174703454645844],[9.171247032526837,41.17514326456782],[9.171157839233508,41.17605469444784],[9.171113754963084,41.17650515420572],[9.171060245429196,41.17703669951491],[9.189793712864043,41.16744547385807],[9.189860339949192,41.16740764228037],[9.19519503246012,41.16437826334],[9.203781626310294,41.159299319079025],[9.222164317540182,41.14984216372676],[9.224512862557106,41.14886726546409],[9.228854194736842,41.14644459702674],[9.232853398757687,41.145085393289065],[9.233613402401913,41.14448663121961],[9.234564252138979,41.1436496598457],[9.233860337115775,41.14340787761073],[9.232858399351164,41.1431306609487],[9.229805886930501,41.142560283001146],[9.22503810274695,41.14215533084415],[9.220143941869242,41.143137645083264],[9.213423847206947,41.14385121052297],[9.204910934808247,41.13795178751736],[9.20195349791128,41.13471701528659],[9.200756587589808,41.13517997381827],[9.2003275821139,41.135345906086734],[9.19998197544631,41.13531948339833],[9.191482651132828,41.133892651560565],[9.190505046551026,41.13367808159436],[9.19048992551646,41.13359928730025],[9.190424973772778,41.13324618108835],[9.19037190457183,41.13295766523369],[9.188625554039998,41.11807937653742],[9.189566490996587,41.10977555227804],[9.188785840999115,41.107503736982466],[9.186257563439241,41.107552585958054],[9.184712957979594,41.107582402165036],[9.178330273374973,41.107916746503676],[9.173449003726947,41.108281500434174],[9.168079128304818,41.109148236654356],[9.164675097511207,41.110035935134654],[9.160613320788892,41.1098615095393],[9.15271255067782,41.10797156548009],[9.151421500336959,41.1058834141049],[9.151158111316594,41.10528022382123],[9.150547512109984,41.10386676695539],[9.150399712157524,41.10172305466502],[9.15089888331746,41.101290017971984],[9.151719699942378,41.10091060355684],[9.152517023605832,41.10067534270388],[9.154885565696496,41.10014971824543],[9.157569243179502,41.09696625246891],[9.153975171899667,41.09275535873874],[9.15110307477725,41.09166018205099],[9.14528038848957,41.08613674222125],[9.15151188364711,41.07784132234163],[9.151916462547822,41.077768724773925],[9.153772730402949,41.077423957025424],[9.154212890741137,41.077297256125235],[9.154713144049348,41.07712108499196],[9.155830518541519,41.076727573279605],[9.15643711344522,41.07651055843734],[9.15813783532425,41.0758596572665],[9.159362284738753,41.07517335901502],[9.160384215859056,41.074433281022436],[9.162023802168255,41.07316085257613],[9.162069241304405,41.072881538771426],[9.159336700326142,41.06950732960944],[9.151503036523682,41.06064274651663],[9.130126411986922,41.03890752930608],[9.116069336754816,41.033597080233115],[9.11037380968564,41.030280073089486],[9.108384908662439,41.02851664431081],[9.107264664425298,41.02723853876827],[9.106883129725377,41.02668939783462],[9.10447995575303,41.02468893682128],[9.103087739536932,41.02357954339219],[9.100830098304694,41.02179326651126],[9.099322539352217,41.02189482682835],[9.098490414538176,41.022210826161974],[9.094692346818299,41.01956561662713],[9.087830337386828,41.009131563354885],[9.082588351282855,41.003648514142824],[9.0789789974197,41.000781944332466],[9.067087762556513,40.99598962349879],[9.064268848788458,40.995204229610174]]]]},"properties":{"name":"Aglientu","op_id":"8125","minint_elettorale":"4200730011","minint_finloc":"5200730011","prov_name":"Gallura Nord-Est Sardegna","prov_istat_code":"113","prov_istat_code_num":113,"prov_acr":"OT","reg_name":"Sardegna","reg_istat_code":"20","reg_istat_code_num":20,"opdm_id":"7639","com_catasto_code":"H848","com_istat_code":"113002","com_istat_code_num":113002}},
{"type":"Feature","geometry":{"type":"Polygon","coordinates":[[[9.400149524484545,40.74376867673535],[9.39897662069535,40.741736807618665],[9.398891776560342,40.74141279356656],[9.398922841331302,40.74066497680502],[9.399000919378238,40.74024809190436],[9.399011816966038,40.74019397282347],[9.399563894817671,40.738933119038066],[9.399844684145666,40.73835559977489],[9.400223346295627,40.738300235705395],[9.406614329730974,40.73755721447421],[9.411220424458675,40.73739675920735],[9.420835812125867,40.734765297911295],[9.423190857046642,40.73151595070882],[9.423536688137013,40.729794047674744],[9.424657737681637,40.716132942204084],[9.425031228863729,40.711564217209826],[9.425241645130901,40.70877078064624],[9.425291626589148,40.7080545243888],[9.425076844387123,40.70384368746935],[9.424941134056132,40.69931286166256],[9.424620876040239,40.68050404772356],[9.424710108064843,40.680389576559065],[9.424796941773538,40.680278183412675],[9.426585913856469,40.67986666790646],[9.426783904027353,40.679821122421295],[9.427706070365897,40.67960898284745],[9.427821805404573,40.679582358549],[9.434379968482915,40.6781615332244],[9.443642914194328,40.676045317078845],[9.444895151103225,40.67574321319666],[9.450927412259096,40.673647824662034],[9.452367294238078,40.67311068301661],[9.456259891448207,40.67135669828455],[9.456695684387315,40.67106669934918],[9.459763215112018,40.667433050692566],[9.46132083992836,40.664734186298915],[9.460684516744072,40.6609791480462],[9.463001657920968,40.65733939060425],[9.46501847926188,40.65583849967203],[9.464754040490053,40.65417032603546],[9.464644960235196,40.65379240081077],[9.464312209513011,40.65356852266595],[9.463637877282677,40.65355321469249],[9.45402173196344,40.65361845145492],[9.447210477290263,40.65391529177718],[9.436072192668947,40.65820097570901],[9.422235307460136,40.658747867605655],[9.421300802443502,40.65875128189707],[9.420874442764472,40.65867175808479],[9.420554319787634,40.65855581177297],[9.420138661113734,40.65829607422207],[9.418401143743454,40.65662677027127],[9.41752202766848,40.65412554177558],[9.416784467589398,40.64775006033533],[9.416490096191076,40.64415665622175],[9.416556426544986,40.63960702652226],[9.411514944321539,40.63324694095533],[9.405710196259383,40.62760099887446],[9.397422200111338,40.623711012276196],[9.39514186302833,40.61996219660811],[9.395552989957904,40.619510352799146],[9.395502459534748,40.61896099340575],[9.395337508457374,40.61864378072944],[9.394978621517357,40.61834118313367],[9.394137453933068,40.61803776012307],[9.388676096844957,40.616092398034745],[9.388249733744253,40.61595870174812],[9.38781201939305,40.61590611947666],[9.38739800007036,40.61586246577939],[9.386972160709119,40.61581884929985],[9.386534603990981,40.61579328808307],[9.384607313954216,40.61573666134511],[9.384077006511871,40.61584145802506],[9.383190363620153,40.616029651256596],[9.383080131304105,40.61606477561918],[9.382647541546284,40.61620261651788],[9.382341359036172,40.61641083132645],[9.378705632220395,40.615278663959415],[9.379117723389585,40.61079996620501],[9.379822480954987,40.61000488100079],[9.382035730459558,40.6084120408532],[9.386204783028097,40.605731586814265],[9.389339674076279,40.602099541510434],[9.394034951014767,40.59455231330237],[9.392913245439827,40.59472731941094],[9.392759888461047,40.594740689373644],[9.389794828424273,40.594999140345706],[9.38395911382437,40.59543309004653],[9.377426304489886,40.59591406814489],[9.367030159087326,40.59665025510595],[9.364395410629264,40.59679372876864],[9.354243358391415,40.601284650342315],[9.343838907556664,40.60753213853872],[9.338256548093494,40.611602563083665],[9.326445542228214,40.61611386425511],[9.32007837173188,40.61713165681191],[9.313959818890574,40.61826553650408],[9.305825057809127,40.62063864613687],[9.301186988113653,40.62247960994956],[9.292705832766194,40.62697879490139],[9.289722718923223,40.62890517693875],[9.28950055188012,40.6294822929066],[9.28994911245093,40.63203964692513],[9.28939273195259,40.63463555584049],[9.28675884547447,40.64089414192838],[9.284356049736134,40.643197305933235],[9.279618842987475,40.644470092902935],[9.27389471123117,40.64715605628592],[9.261926502004972,40.65677245732433],[9.252337259244822,40.66549264152098],[9.250611960085047,40.66744583453942],[9.250533002167822,40.66753007190812],[9.249243460707236,40.66889018521485],[9.24902822404402,40.66907420099613],[9.24783243178041,40.670095212313335],[9.241706496758027,40.67532038226592],[9.231251632759225,40.68361174626487],[9.225794184544297,40.687875589603465],[9.225515466949425,40.68809138414498],[9.230837506490698,40.69391846549708],[9.23206424396634,40.698059978592156],[9.232130918004975,40.69828506026852],[9.232190309484018,40.69851015654428],[9.234209828978084,40.70616340771651],[9.234446822818773,40.70706378819451],[9.2425670521275,40.713596272101654],[9.242626115701167,40.71349902634608],[9.242884809016168,40.713073104365954],[9.24308536679452,40.71287899747108],[9.243108962992256,40.712856426089175],[9.244653952066328,40.71164150485693],[9.245473215427488,40.71188750161697],[9.246374689726304,40.712354028815064],[9.246559326004682,40.712451683250414],[9.248118615349055,40.71332322352842],[9.248429440705468,40.713519945023116],[9.248700102322406,40.71369132522344],[9.24892455386196,40.71387345178938],[9.249519489543102,40.714356193525205],[9.249891929391111,40.71469356268764],[9.251242102912203,40.715928962297035],[9.269246696399094,40.7327074035437],[9.269389435086246,40.73286281191902],[9.269948496611354,40.733471492672976],[9.271151243501684,40.73498575380792],[9.273533166642753,40.73799774144654],[9.273757879035092,40.73828210494981],[9.274132504964085,40.738835947637234],[9.276761473713018,40.7400135945347],[9.286735138220019,40.74027752214208],[9.289019003282512,40.739567442087086],[9.293807291141762,40.73789048406887],[9.298298897094813,40.738545596747],[9.30144657699395,40.736186197608085],[9.311266275313123,40.73525926489372],[9.323280514218109,40.734370426220735],[9.331127919976057,40.735870627740184],[9.336586473509742,40.735647641721606],[9.336810126273326,40.735376732216714],[9.337531083098892,40.73508635274225],[9.342232561567082,40.735050705155516],[9.345376230976076,40.736072103364315],[9.350348593224156,40.73799395708704],[9.357946265101171,40.74132182632158],[9.3631401552717,40.742458695093866],[9.365762478168618,40.741409275615],[9.370461587999218,40.74062470969216],[9.372627685450569,40.740383514740884],[9.379010738148793,40.74232659391592],[9.385752352946307,40.744763590153966],[9.395877217828378,40.74436896527927],[9.400149524484545,40.74376867673535]]]},"properties":{"name":"Alà dei Sardi","op_id":"8126","minint_elettorale":"4200730020","minint_finloc":"5200730020","prov_name":"Gallura Nord-Est Sardegna","prov_istat_code":"113","prov_istat_code_num":113,"prov_acr":"OT","reg_name":"Sardegna","reg_istat_code":"20","reg_istat_code_num":20,"opdm_id":"7579","com_catasto_code":"A115","com_istat_code":"113003","com_istat_code_num":113003}},
{"type":"Feature","geometry":{"type":"Polygon","coordinates":[[[9.525825088552661,41.054788649919324],[9.522564082546284,41.05474042636928],[9.506417672471827,41.05500168117681],[9.492873139792584,41.05513798737407],[9.48026966242936,41.05349709656113],[9.471422877168829,41.052296779052],[9.467710118796623,41.05279111874346],[9.461087473586566,41.054633468975],[9.456941384718434,41.055666350276205],[9.455941358695522,41.055915236249135],[9.454874388596611,41.056180520334486],[9.445321819320881,41.0584518249768],[9.444474728173436,41.05852715922933],[9.444247634363611,41.05853208943862],[9.440669638630455,41.05860482910943],[9.42922215156548,41.058478713618484],[9.423769292187016,41.05841599064996],[9.423328801127042,41.058390586160975],[9.42074537450152,41.05718748291038],[9.413155488466915,41.053437205609114],[9.403717012405234,41.04876829312455],[9.402631038725014,41.048249625100354],[9.399959841355514,41.04728605512829],[9.399735405097282,41.04720524352698],[9.398255714357422,41.04668275985727],[9.398041575394872,41.04660858979326],[9.386118476870642,41.042685096345245],[9.367595276304456,41.03660408107924],[9.363245177920206,41.035201676645876],[9.361911745283594,41.035016701955385],[9.353889824413848,41.03433784364884],[9.35257564425682,41.03352402301588],[9.350367265240196,41.027377475354974],[9.349998078833144,41.0262493314983],[9.347997479930672,41.02009709413366],[9.336857646396705,41.014022683448815],[9.336072047105569,41.013889854602766],[9.32477673000277,41.01446272215566],[9.324615753539586,41.01447207931613],[9.319236334320909,41.014811500344145],[9.289469734159296,41.01785377442446],[9.289357673039364,41.01786550160771],[9.28855809022661,41.01794917528957],[9.285677425477472,41.01825058645647],[9.279010186902266,41.01944698077208],[9.27861811323315,41.01954701839821],[9.280231853421224,41.02145282858422],[9.280679821410123,41.02474814166174],[9.288087242373178,41.03357639638166],[9.290069372694004,41.03548080357997],[9.293034033292171,41.03847333820672],[9.295070855404218,41.0416750220249],[9.294669867169686,41.045135153126786],[9.292979482602238,41.04763470132617],[9.292466881487842,41.04741980954668],[9.291907443959628,41.047376187138674],[9.29150360527231,41.04753935506859],[9.290947341615428,41.04821636639856],[9.290498078653512,41.0488750899201],[9.290392731164482,41.049271710238116],[9.289998675937378,41.05205839071249],[9.290413130116995,41.05391081688282],[9.290522131764746,41.05434292917663],[9.292847175402548,41.05804836801017],[9.296537525214617,41.06094853528459],[9.296776438853838,41.06114609724782],[9.296933300972746,41.06162312025497],[9.296894814692232,41.06178073279485],[9.296839669978771,41.06197467565883],[9.289159430904892,41.06925469184254],[9.288815437347251,41.06952579613402],[9.287251146345197,41.07110611417533],[9.286329047377707,41.07256771218524],[9.284997679193483,41.0757418420892],[9.286370603589043,41.08214314862813],[9.289354129921891,41.09325656085108],[9.289636751644908,41.09393548762111],[9.291374024178399,41.09636326855304],[9.2944720666914,41.09949017628008],[9.296285726459795,41.09988965383856],[9.299668485672324,41.10046765749709],[9.300722087371893,41.10237138067154],[9.303846531649342,41.11299583140929],[9.304508204941666,41.11536411942325],[9.306088394635388,41.124880414188304],[9.308622614472098,41.13840358696103],[9.311488517143117,41.14224226100653],[9.31619529215082,41.142238445897306],[9.322775966020762,41.140436625060204],[9.325427764991938,41.13934821251144],[9.326957909236507,41.13615056703019],[9.327125299014606,41.1356681671139],[9.32720736598886,41.13300158338527],[9.327204383394411,41.131710699674336],[9.329228038851163,41.12728478738092],[9.32940504142913,41.12718842257731],[9.3297270343907,41.127013122413],[9.336790656027206,41.12683955371995],[9.33724962198988,41.126900140291674],[9.337387780283144,41.12712606133121],[9.337653469154871,41.12782790291401],[9.337763320038555,41.12834103425501],[9.338547491508878,41.13196769451051],[9.341570625141282,41.13583165171308],[9.35119235527433,41.14186683006734],[9.35488417066354,41.14405344871693],[9.358652682407548,41.14459956827031],[9.363433246863723,41.14498163288291],[9.364433793358849,41.14503558341518],[9.364565636146622,41.14504111151021],[9.36622124045616,41.14490074021033],[9.369571615200247,41.144570793537056],[9.371033811760984,41.14403512732309],[9.374411150971618,41.14390162985026],[9.380266249142768,41.14413459773238],[9.381018263596554,41.144357310680064],[9.384263179844396,41.145331969596555],[9.389056331269098,41.147470001015115],[9.392048475676953,41.149640508522005],[9.396226841100816,41.152836491294366],[9.398979027088744,41.154664602708415],[9.404024470958886,41.15769981626841],[9.404302088622408,41.15783483717595],[9.404765923949345,41.15789196714028],[9.405123250680537,41.15792525738431],[9.405184083351067,41.15783624203644],[9.40525523288913,41.157722475215905],[9.405299525019771,41.15764170353061],[9.40556454856245,41.157072198085],[9.412491233896422,41.155851089493005],[9.426246469333165,41.155382142323695],[9.429612348928746,41.15495566003809],[9.431632035470104,41.15200879581144],[9.432003499385283,41.147447255690714],[9.432143098422587,41.14087095850381],[9.435703988105853,41.13675894237622],[9.443482787812291,41.13518890351241],[9.440033425517537,41.127599440173086],[9.440404207401377,41.1230940545149],[9.44177194662997,41.109576890669366],[9.441022052995232,41.104577183186684],[9.450133651723773,41.10439112948297],[9.457484982542846,41.11518157105967],[9.461660209106729,41.12119123129963],[9.466650349406018,41.12630114620791],[9.470549171426276,41.128217487753254],[9.471919921150986,41.131865805707164],[9.467921884074759,41.134471867002475],[9.465654598442535,41.13515442087305],[9.464835564538268,41.13545499038012],[9.46442062687394,41.13574942077408],[9.46377260091693,41.13678343853134],[9.463751174720358,41.13696368266977],[9.463705109453887,41.13735120870217],[9.464436730691027,41.13991655667344],[9.464918907681646,41.14091449008171],[9.465750775146157,41.14207314973294],[9.4666628041932,41.142979256926274],[9.46757576181803,41.143173728483475],[9.477706775475863,41.141240500373584],[9.482408077365019,41.1433637493854],[9.49176582256004,41.14384663898624],[9.49636637393518,41.143966529024745],[9.507619247800084,41.14177811450828],[9.512103168510484,41.141074707753326],[9.51888948760754,41.14262972867643],[9.518900483525783,41.143590991980545],[9.516233304095895,41.1475149339855],[9.515760882171167,41.148057523127164],[9.515006377146776,41.14889581125614],[9.514901324478735,41.14899112745555],[9.514048024028439,41.14936231538129],[9.512043862912979,41.15146419837125],[9.51578746899785,41.15601136447819],[9.521682178210861,41.15670995143385],[9.52440607806884,41.15664609240757],[9.526736962505574,41.155574474649235],[9.530775158406406,41.15235814159473],[9.528929199078101,41.14806987236573],[9.530619395621551,41.14486429870489],[9.532641999337239,41.1435690643741],[9.533404963689105,41.14304084728993],[9.537191853335354,41.13982544637908],[9.536310832886707,41.13845134331129],[9.529590363601141,41.136933076795536],[9.526440725303186,41.13601603398214],[9.526123013369402,41.13570764806749],[9.525966826088059,41.13529926411183],[9.526000812908368,41.13427980511779],[9.526624780030748,41.13373535337391],[9.52718126599573,41.13367160609959],[9.534415978860427,41.13473988697112],[9.537062088961777,41.135786007980826],[9.538310226918455,41.13652333453748],[9.538978869726952,41.13669586260389],[9.545641542985775,41.13398464458727],[9.545791577374656,41.13368667343122],[9.545893061138372,41.13276343010193],[9.545963209578318,41.13211398025322],[9.54600344224088,41.131577819480235],[9.545104699485927,41.12987057238226],[9.543813820824136,41.12791844170387],[9.540630185581357,41.12467607526121],[9.538994158093171,41.121277126852384],[9.53969496499182,41.1172151414589],[9.540252640984285,41.11500233058225],[9.540415207908897,41.11444407717376],[9.540651790515911,41.11424479288672],[9.540722974837347,41.11421067879508],[9.540841616002682,41.114153821874766],[9.544689099569355,41.112748473951456],[9.544767141728219,41.11272975565005],[9.54527157513659,41.112610599469235],[9.545914195777872,41.11254450021745],[9.54606892414981,41.11253144039149],[9.546592618973836,41.11248723643708],[9.546664162026007,41.112496822915716],[9.547176884334094,41.11256553418332],[9.548013434007187,41.112903859578246],[9.548229688492562,41.1131280290603],[9.548261824219084,41.113172916162405],[9.548422499923884,41.11339734974464],[9.54846776748396,41.11354126052318],[9.548306621100805,41.11378524187519],[9.548562434935146,41.11446862787862],[9.548876306502242,41.114971576604354],[9.548954700703126,41.11508830621868],[9.549051145040556,41.115227169794494],[9.551113166306,41.116946318966704],[9.55505760572329,41.119156119436255],[9.557214531973932,41.1196156723745],[9.561101511996828,41.119704901816995],[9.5644104108252,41.11801326368969],[9.565455818372348,41.11714337713734],[9.566099500977487,41.11652767686163],[9.566883601534693,41.11577703862528],[9.568830480191332,41.109839347210425],[9.567384770290053,41.10238789887545],[9.565922620011333,41.09575622739203],[9.562980402272274,41.08690392967406],[9.561584439162182,41.08411663720181],[9.552597651856342,41.0786426959813],[9.549182472309257,41.0788141710069],[9.544587117793522,41.08166247860443],[9.541775263983787,41.08347733096008],[9.542836852506733,41.084887967905],[9.544208845944679,41.0870063740051],[9.544417402411115,41.08742388460235],[9.544629279688179,41.08821108186223],[9.544570787089867,41.088411403570326],[9.544278036553102,41.088926779478996],[9.543685736371165,41.089342390098146],[9.542707735059222,41.08976163820802],[9.541250214073521,41.089103601334834],[9.539358353957272,41.08772692447883],[9.539014133829166,41.087309664673654],[9.535212344672784,41.082486592065926],[9.52984623899632,41.07393028130424],[9.529758612206397,41.073781187160925],[9.52950832622424,41.073355322573455],[9.529318119629155,41.07299097321373],[9.529194008652464,41.0727532302142],[9.529071682813557,41.072342800434456],[9.528998291167847,41.07209654499381],[9.528929469299722,41.071826620525705],[9.528814767863835,41.07137674688391],[9.528654189957281,41.07074692297171],[9.528648865228298,41.070476707847504],[9.5286399907885,41.07002634747636],[9.528634134344886,41.06972911052744],[9.528680732886155,41.06957576034541],[9.52893565448023,41.06873684562096],[9.529285391517924,41.067950946001886],[9.530531147281398,41.06671048707553],[9.533889036287196,41.06504774210064],[9.536281644045449,41.06510097795127],[9.537908892404449,41.06546841358429],[9.538808228008731,41.06556082284248],[9.539503387739284,41.06560711393233],[9.539729445030726,41.06559680407218],[9.539943598608371,41.065587035981075],[9.540644685458773,41.065448628561136],[9.540964882908522,41.065282058191606],[9.54118838973761,41.06498666789057],[9.539804203181008,41.06186737934538],[9.527817424068676,41.05690543616219],[9.525825088552661,41.054788649919324]]]},"properties":{"name":"Arzachena","op_id":"8127","minint_elettorale":"4200730060","minint_finloc":"5200730060","prov_name":"Gallura Nord-Est Sardegna","prov_istat_code":"113","prov_istat_code_num":113,"prov_acr":"OT","reg_name":"Sardegna","reg_istat_code":"20","reg_istat_code_num":20,"opdm_id":"7583","com_catasto_code":"A453","com_istat_code":"113004","com_istat_code_num":113004}},
{"type":"Feature","geometry":{"type":"Polygon","coordinates":[[[8.874263222589109,40.932471622040225],[8.871931637841216,40.93426171043982],[8.866541229926478,40.93732069494412],[8.862466437598348,40.93904320319181],[8.861883919309262,40.939249696734],[8.853472810401009,40.94187272785751],[8.84544296301155,40.9442914775129],[8.832670416321003,40.948011533240944],[8.830776546675015,40.946694101051236],[8.825939425206288,40.94280434261023],[8.819679022102333,40.93829960188361],[8.816619104876764,40.93652014944733],[8.814590894627296,40.93541789760303],[8.812692753123239,40.93455003707069],[8.811103063106499,40.93383579079814],[8.804115542130834,40.93083338694439],[8.803569775355763,40.93062526852922],[8.803237517935878,40.93051660198359],[8.802584138809086,40.9305497160466],[8.802511793397978,40.930911724736234],[8.802565000335893,40.930992894508066],[8.802677335113527,40.93116424794201],[8.80789365683362,40.934605202776204],[8.812873034530973,40.93801310922386],[8.81897351552813,40.94228358632766],[8.824417238014059,40.946807126447275],[8.835220390249598,40.95606911127079],[8.8362399578789,40.95700742007864],[8.837223929308959,40.95793666118261],[8.840139701243329,40.960996499457146],[8.84413463410605,40.9651347755978],[8.849268495710133,40.970375374915584],[8.853657610450123,40.97476090037136],[8.859800355386675,40.98076611600185],[8.86603949390856,40.98735852270949],[8.870690903292651,40.98572434376342],[8.876929255339356,40.980785674084146],[8.88915859357897,40.97501481542615],[8.902915262752542,40.97174823231378],[8.932041575127434,40.964427380951456],[8.932794997703077,40.96419714899246],[8.934811365486214,40.96357319858714],[8.935657500730388,40.96111442762712],[8.935777154344576,40.96026772044808],[8.935742421903742,40.95932183755997],[8.935208797947391,40.95818650085773],[8.93420105056747,40.95587982192444],[8.933513446302463,40.954311993474725],[8.932042985538011,40.95146453117288],[8.92913297430358,40.95055294493597],[8.918552634715613,40.9456634836659],[8.903359123984202,40.937819129484396],[8.897103084412844,40.93368335769201],[8.890159993365003,40.933230859152594],[8.881769786424503,40.93272278629322],[8.874263222589109,40.932471622040225]]]},"properties":{"name":"Badesi","op_id":"8128","minint_elettorale":"4200730061","minint_finloc":"5200730061","prov_name":"Gallura Nord-Est Sardegna","prov_istat_code":"113","prov_istat_code_num":113,"prov_acr":"OT","reg_name":"Sardegna","reg_istat_code":"20","reg_istat_code_num":20,"opdm_id":"7658","com_catasto_code":"M214","com_istat_code":"113005","com_istat_code_num":113005}},
{"type":"Feature","geometry":{"type":"Polygon","coordinates":[[[9.298298897094813,40.738545596747],[9.293807291141762,40.73789048406887],[9.289019003282512,40.739567442087086],[9.286735138220019,40.74027752214208],[9.276761473713018,40.7400135945347],[9.274132504964085,40.738835947637234],[9.273757879035092,40.73828210494981],[9.273533166642753,40.73799774144654],[9.271151243501684,40.73498575380792],[9.269948496611354,40.733471492672976],[9.269389435086246,40.73286281191902],[9.269246696399094,40.7327074035437],[9.251242102912203,40.715928962297035],[9.249891929391111,40.71469356268764],[9.249519489543102,40.714356193525205],[9.24892455386196,40.71387345178938],[9.248700102322406,40.71369132522344],[9.248429440705468,40.713519945023116],[9.248118615349055,40.71332322352842],[9.246559326004682,40.712451683250414],[9.246374689726304,40.712354028815064],[9.245473215427488,40.71188750161697],[9.244653952066328,40.71164150485693],[9.243108962992256,40.712856426089175],[9.24308536679452,40.71287899747108],[9.242884809016168,40.713073104365954],[9.242626115701167,40.71349902634608],[9.2425670521275,40.713596272101654],[9.234446822818773,40.70706378819451],[9.234209828978084,40.70616340771651],[9.232190309484018,40.69851015654428],[9.232130918004975,40.69828506026852],[9.23206424396634,40.698059978592156],[9.230837506490698,40.69391846549708],[9.22901430379173,40.69284873950701],[9.225583904517928,40.69083888691282],[9.224583817831096,40.69194893798441],[9.224353769792486,40.69228552639228],[9.215609631366211,40.70824523808626],[9.212910595574778,40.713816934911755],[9.210306275311714,40.71767739215683],[9.206622689134905,40.72106226939835],[9.205937747438632,40.72164905223003],[9.204437084855362,40.72266068306685],[9.193521399779128,40.7313637797732],[9.192911508422673,40.73340974818452],[9.193983363965161,40.73547992453555],[9.201379246896783,40.749187304058786],[9.190362598178398,40.75322381453666],[9.177671631748407,40.75629547281095],[9.17278255987188,40.7577016928423],[9.16887774361014,40.759026450510646],[9.168401482539737,40.759376975095336],[9.166735961061532,40.760593320547265],[9.165564871137653,40.76132469834293],[9.16290289627685,40.762859937824665],[9.162133615366539,40.763203345403],[9.160902384433372,40.763601443530845],[9.159937329127398,40.763835881694504],[9.159706424560108,40.76389137825536],[9.158783454316374,40.76402832317032],[9.158356213621987,40.76409142629613],[9.157183420967817,40.76416509838798],[9.156216107519741,40.763950207091455],[9.15594455765458,40.76385260666831],[9.155385702855153,40.76363985923455],[9.155320951260682,40.76361380883164],[9.155263188348295,40.76359055877421],[9.15517934470957,40.76354666270495],[9.154586511172806,40.76323171841001],[9.154226113637787,40.76300923940136],[9.153945806630121,40.7628361988842],[9.153598681857662,40.76249892153979],[9.153498658723143,40.76240093467578],[9.153447076244877,40.762350401926625],[9.15310243546152,40.76189142428106],[9.152684962052236,40.760666816504504],[9.152718443071304,40.75976591840291],[9.152528302384923,40.75762135434514],[9.152511725924816,40.75744198681359],[9.152140917621722,40.75588399831686],[9.151665597763545,40.75524501657939],[9.151096025903742,40.75483137080742],[9.15041992392531,40.75445389465741],[9.149234558795818,40.754131125850805],[9.147393644212073,40.75400286742673],[9.14680568139311,40.7539630780096],[9.14590890556408,40.75411581676985],[9.14573990626866,40.75414460023423],[9.144846517736594,40.754491907239746],[9.14480454401098,40.75450925826061],[9.144745810244615,40.75453501911322],[9.143562754647615,40.75534546623429],[9.142463677641505,40.75659000741789],[9.141779434256241,40.75794213239834],[9.14136096792225,40.758808929310604],[9.141334472743972,40.75886380889791],[9.140952818677968,40.75920987304914],[9.14065953184064,40.75947161935374],[9.140361444485755,40.75968042352647],[9.140000888708816,40.75992844963766],[9.139769718386344,40.76001805561439],[9.138988452585783,40.76030576573435],[9.13858586127144,40.760413451433784],[9.138277997003176,40.76049579816144],[9.137994106542829,40.76051155888975],[9.137448766760516,40.760541831761564],[9.137401351205886,40.76052963651092],[9.136263391376895,40.76023694642711],[9.13046022148688,40.75751744214362],[9.127320814803612,40.75521203496285],[9.12342853589358,40.75451821579561],[9.116634656035018,40.754898368053034],[9.104400333537711,40.756900972819594],[9.103807556388444,40.756622242150236],[9.101958738383201,40.75615544566837],[9.101354459614155,40.75609291848312],[9.101010945471655,40.75612024549713],[9.096052394968456,40.75975492327029],[9.094596762842237,40.76088106707603],[9.093570915322827,40.76436933420658],[9.093489264948776,40.76528827096938],[9.094428115458038,40.76728740128796],[9.094677501563643,40.76768357273778],[9.095056944178465,40.76788144825234],[9.095602235442975,40.768052160342165],[9.098381812963167,40.772761283557685],[9.095331665361009,40.777709521290376],[9.090014798015677,40.78728533161058],[9.088554055618147,40.79624541012738],[9.088735150287127,40.79871359613815],[9.091430138572095,40.80080960991142],[9.102159495698071,40.80988200811179],[9.102884481423532,40.811016431117686],[9.104422741693332,40.81400585801157],[9.105581160457012,40.81625691832858],[9.106178936940333,40.81741846034248],[9.108080441695815,40.821093901495736],[9.11062797936693,40.826017346447614],[9.114170453098337,40.83279152246289],[9.11437593119121,40.83318440565956],[9.11844567988752,40.833600203249354],[9.12301936369307,40.83406727477268],[9.12418180756115,40.83411564818095],[9.125765972278275,40.83418151295847],[9.1271483964574,40.83428841130532],[9.132216123212268,40.83471525411095],[9.132395023410572,40.834732600196375],[9.133557804346298,40.83494746200894],[9.133925447335931,40.83514522178355],[9.13400564588032,40.83518881354613],[9.136812937637687,40.83685651193912],[9.138723661692737,40.83803125518733],[9.141217875025145,40.83960470177114],[9.14149103529434,40.83976651892827],[9.141942121248247,40.83992811665597],[9.147177032435609,40.84144018118566],[9.163846834115962,40.84624556369933],[9.176467121140279,40.85006897886341],[9.186486087972957,40.85387277667958],[9.186830111227998,40.85385972708493],[9.187423253791366,40.85383722568678],[9.188016395941832,40.8538147212396],[9.19454093469839,40.853566972883854],[9.194920543212328,40.853552547331866],[9.197115838630445,40.85357661082795],[9.202003627829818,40.85363044519782],[9.203901953708135,40.853654130770735],[9.209027464448265,40.85372603333027],[9.209964916982678,40.85378583160572],[9.211744893982903,40.85389935293521],[9.211911025620035,40.85390994810597],[9.21411822195715,40.854055284858546],[9.22146574797201,40.85309427068168],[9.234783799554519,40.85019023848361],[9.234866812091138,40.85018141417167],[9.23538860856935,40.85012594672281],[9.252746614819127,40.850593691275826],[9.262110694188085,40.85154570028253],[9.26449048054227,40.85043190919027],[9.268078049249445,40.848580729327125],[9.27330327385674,40.845709312613934],[9.278182112739158,40.84494094520976],[9.2846393046436,40.84587107530912],[9.287751347553595,40.84680022772853],[9.292396928099913,40.848439573863466],[9.29744854359091,40.84797374714245],[9.300175796567371,40.84769643085641],[9.301169136571648,40.847000195802565],[9.303154154418035,40.845256376855026],[9.30718360352436,40.84185855988048],[9.310944622077466,40.83694791332787],[9.315146047834125,40.82747767866979],[9.311860919604824,40.824931008946564],[9.30467116087644,40.82163232310254],[9.30051053729455,40.81937311143497],[9.29939732503541,40.812695352719906],[9.298258134136221,40.808783957181255],[9.28674724129872,40.80097684825164],[9.28598704684406,40.795242409032866],[9.290887425319088,40.78534578620216],[9.291708952522233,40.77893630157754],[9.293623220167717,40.77380475858267],[9.297294399318293,40.76563686881665],[9.302652435278949,40.75278516416802],[9.303129067680835,40.7511449834017],[9.303099322068972,40.74981179787085],[9.30213912722411,40.747039682909666],[9.298298897094813,40.738545596747]]]},"properties":{"name":"Berchidda","op_id":"8129","minint_elettorale":"4200730090","minint_finloc":"5200730090","prov_name":"Gallura Nord-Est Sardegna","prov_istat_code":"113","prov_istat_code_num":113,"prov_acr":"OT","reg_name":"Sardegna","reg_istat_code":"20","reg_istat_code_num":20,"opdm_id":"7586","com_catasto_code":"A789","com_istat_code":"113006","com_istat_code_num":113006}},
{"type":"Feature","geometry":{"type":"Polygon","coordinates":[[[9.00072912263887,40.83131329572179],[8.9981256582623,40.83439423432107],[8.997525362364762,40.835177450656985],[8.997332163434113,40.83545399100143],[8.99725802790723,40.835566625203114],[8.997201405300814,40.835668996400834],[8.996957927650117,40.83611438020644],[8.996625247039221,40.83675433987973],[8.996364263728193,40.83748401459348],[8.99629305644542,40.838213694878114],[8.996352325391914,40.83888932827575],[8.996542096431696,40.83913256158764],[8.996838624579846,40.839330755097336],[8.998380610072608,40.83994335989584],[8.998926243447798,40.8401415521404],[9.003338840840625,40.841150451471],[9.003801459272859,40.84124952962203],[9.004596211877383,40.84133958467401],[9.005414681849352,40.841321532186555],[9.005829842332682,40.84125845343949],[9.006565261159261,40.84107824597196],[9.00715835384286,40.84106920220705],[9.007549797456583,40.84109620181775],[9.007929385989675,40.841168244256934],[9.00826153297714,40.841294338880026],[9.008522519641716,40.84148349633544],[9.008688616094537,40.84170869432879],[9.009590475871665,40.844140894997224],[9.00961426464089,40.84458230598463],[9.009483841777882,40.84503273729508],[9.009469019075949,40.845072150621355],[9.009270394361579,40.845600284479396],[9.008902703308467,40.84598767541346],[9.008588368293717,40.846199396729624],[9.00848754381307,40.846266966891825],[9.008274334246543,40.84633855115173],[9.008203381723854,40.84636234941623],[9.008167453902965,40.846372964855654],[9.00157155240164,40.8466095879463],[8.99867702174548,40.84645644871194],[8.998143199364993,40.84633032353722],[8.997799187434568,40.846051056402324],[8.997680569733799,40.845780801460776],[8.997621267415857,40.845456497635816],[8.99761016611162,40.845329033699606],[8.99760549547881,40.84513925462107],[8.997618753825726,40.84505540394573],[8.992876451525866,40.84324023249854],[8.986666467382564,40.84943695577596],[8.980144451400818,40.85603067967379],[8.978368803616119,40.85869218361373],[8.978219085755722,40.85890063914079],[8.978150276961838,40.8589962671475],[8.97766354746684,40.859660608174494],[8.97747562058065,40.85983976519369],[8.977426171404577,40.85988690309775],[8.977313965125353,40.85999385472915],[8.977199806135353,40.86010226973791],[8.976953141023953,40.86025339435923],[8.976832811252661,40.86032703061494],[8.974304910793055,40.86171382190019],[8.973000936857455,40.86232721967728],[8.97296384957282,40.8623441018435],[8.972406062587647,40.86258719623321],[8.971907639888478,40.86274021874799],[8.971432999566298,40.86276712754216],[8.970638008065167,40.862739902560826],[8.970359186072539,40.86269028475418],[8.96973628769761,40.86257751823562],[8.969313643468492,40.86242201253903],[8.96851433423021,40.86212677204203],[8.967980525779392,40.861829348781704],[8.959708401170207,40.86485357280752],[8.950083966773175,40.866228092375714],[8.937717924793017,40.85813367359446],[8.927329351769052,40.85077561911226],[8.916968192223848,40.854182809503605],[8.905339017978191,40.855777346981526],[8.89740731402221,40.86750849090978],[8.896332440659789,40.871921631860495],[8.897457683766588,40.87331893545803],[8.899662157248114,40.875239655328606],[8.902437191157924,40.87664734046195],[8.903188407474735,40.878304385754205],[8.90016200316213,40.882212558595846],[8.895739629346146,40.886694803837706],[8.895228354575103,40.887243849295196],[8.895093877590677,40.88787052704553],[8.895072819917816,40.888018425124514],[8.895096528699408,40.888103991475994],[8.895320731084079,40.888883451620465],[8.895604416260738,40.88964941823358],[8.895672523613598,40.88974406726276],[8.896137449668172,40.89037957342413],[8.896469125530697,40.8908302857457],[8.897288463211432,40.89066570230583],[8.897803300509361,40.890571690261204],[8.900135984794648,40.89018664497377],[8.900636839376396,40.89010427765649],[8.900850558618844,40.8900713520706],[8.902631550818787,40.889796958878335],[8.90290463461954,40.88975488379973],[8.903225379336552,40.8897245418916],[8.905112848606509,40.88954952999152],[8.906193167147002,40.889476726707834],[8.907225996594423,40.88940711543981],[8.925822804217992,40.88534159635138],[8.934172562610968,40.88882208361219],[8.945861062274167,40.89351249373416],[8.953587947625303,40.895335544289516],[8.961950492414312,40.8975315304428],[8.969873377650915,40.900439673941555],[8.975761343922917,40.90255801342891],[8.976224339930425,40.90268191033186],[8.976425002106302,40.90273560640545],[8.977007875665587,40.90289157645779],[8.978107658947225,40.903061646384586],[8.978349441823642,40.90309903180804],[8.983406495408413,40.906351874189255],[8.9881803335126,40.91083860065464],[8.989143456339734,40.91193770845446],[8.989389807002102,40.91222599764305],[8.990195545847437,40.913368499469875],[8.990752141365705,40.91417190866355],[8.991206266393926,40.91485207185396],[8.991522376966326,40.91533854402207],[8.991615874879994,40.915491691375095],[8.991690063960064,40.9157214084146],[8.994697426337089,40.91608191894463],[9.003739009614117,40.91722603419425],[9.00480335685912,40.917361119404816],[9.00773668614816,40.91809964069882],[9.020189903024022,40.9195149083401],[9.039513032432389,40.92148995189992],[9.043708583038061,40.91809161617084],[9.04363029296804,40.91744755203309],[9.043909291576625,40.91733202191755],[9.045096504387615,40.91684040228206],[9.046058134434222,40.91644218200623],[9.051258059639055,40.91454824086548],[9.062084467960076,40.91073240668087],[9.065230249719427,40.909811824620085],[9.065318389682773,40.896357153893334],[9.065323137603343,40.8956056487437],[9.065298535072927,40.89473185392714],[9.06505661531478,40.894154275401476],[9.064632210766678,40.89315138487559],[9.064532826865596,40.8929165373317],[9.064251452224244,40.89225515307037],[9.061218479111924,40.88624112310437],[9.059637496240613,40.883330361912975],[9.059409152299974,40.88277020997077],[9.059340109935532,40.8826008385268],[9.0593075364407,40.88228655591636],[9.059302805581003,40.882051454720056],[9.059283328361637,40.880894398401715],[9.059215894097722,40.876403152114214],[9.059178741266434,40.87372642123703],[9.059164891180348,40.87243949649075],[9.059159910129171,40.87189657935607],[9.059138335927267,40.86926856414548],[9.053230629893456,40.86581185963972],[9.047201946526819,40.86335463742884],[9.034898741933828,40.85513527866366],[9.034004662945419,40.854531840602526],[9.033360303219322,40.85409638917809],[9.023387576362781,40.8473549262779],[9.018703678834653,40.84395591428833],[9.01344264892556,40.84013744621625],[9.012045083954826,40.839122976119434],[9.011122109540835,40.83847761215944],[9.005295512572452,40.83440306894768],[9.003605173108324,40.833233747125945],[9.00072912263887,40.83131329572179]]]},"properties":{"name":"Bortigiadas","op_id":"8130","minint_elettorale":"4200730140","minint_finloc":"5200730140","prov_name":"Gallura Nord-Est Sardegna","prov_istat_code":"113","prov_istat_code_num":113,"prov_acr":"OT","reg_name":"Sardegna","reg_istat_code":"20","reg_istat_code_num":20,"opdm_id":"7591","com_catasto_code":"B063","com_istat_code":"113007","com_istat_code_num":113007}},
{"type":"Feature","geometry":{"type":"Polygon","coordinates":[[[9.189422598049857,40.536851197337434],[9.18829993541439,40.53710744977836],[9.187671752995218,40.53726223035053],[9.187247190536203,40.5374521054288],[9.187035296138253,40.53768667966783],[9.186835408722171,40.53799330483594],[9.186659236128149,40.5383359271537],[9.186632940464756,40.53843394201123],[9.186530695048013,40.53882261466232],[9.185563482164302,40.543490773166745],[9.185453217895262,40.54632874608427],[9.188371011882065,40.55925856656009],[9.190675411066488,40.56379743058073],[9.191122229372972,40.569205635680234],[9.190645029748454,40.57390539467504],[9.191370386269664,40.58280956589833],[9.192008707398676,40.59218567776476],[9.191805397095974,40.592327218761945],[9.190436025408625,40.5933364535125],[9.190275097538644,40.593455129474634],[9.18997473001728,40.594356358364465],[9.18996002620976,40.59440244308023],[9.18984262376506,40.59514949542131],[9.188882249040708,40.602448189630906],[9.188883466254694,40.60288060902515],[9.18900257526489,40.603204731105514],[9.190478644904125,40.606877889272475],[9.191477874048593,40.60909239595157],[9.193382658769192,40.6137647734608],[9.193430240222154,40.6138998254248],[9.193775995894084,40.614881201686664],[9.193860465697675,40.61547563757334],[9.194793561726202,40.62332970465247],[9.194856526540493,40.624653885082125],[9.194802120357522,40.62627555145426],[9.189479422197943,40.630140443051275],[9.1838548632312,40.634416898388025],[9.181292656177426,40.636900833723615],[9.176937739020564,40.64916845907939],[9.176797421654374,40.649781266641725],[9.176764976119255,40.65001026186915],[9.176553572052956,40.65150230316388],[9.175614340323643,40.65869268032932],[9.175383202284717,40.66077404119333],[9.175303058040368,40.66179214504067],[9.179487684267928,40.66501082698868],[9.191996058410849,40.67445882716372],[9.192201491430108,40.67457944394534],[9.192244955233075,40.67460496271727],[9.192424464373124,40.674710356947415],[9.19283135199046,40.67494726294634],[9.195409440050238,40.67640798196492],[9.201960836372026,40.68002720051252],[9.219795480887013,40.686922282131164],[9.220790520371786,40.68720865986157],[9.225515466949425,40.68809138414498],[9.225794184544297,40.687875589603465],[9.231251632759225,40.68361174626487],[9.241706496758027,40.67532038226592],[9.24783243178041,40.670095212313335],[9.24902822404402,40.66907420099613],[9.249243460707236,40.66889018521485],[9.250533002167822,40.66753007190812],[9.250611960085047,40.66744583453942],[9.252337259244822,40.66549264152098],[9.261926502004972,40.65677245732433],[9.27389471123117,40.64715605628592],[9.279618842987475,40.644470092902935],[9.284356049736134,40.643197305933235],[9.28675884547447,40.64089414192838],[9.28939273195259,40.63463555584049],[9.28994911245093,40.63203964692513],[9.28950055188012,40.6294822929066],[9.289722718923223,40.62890517693875],[9.292705832766194,40.62697879490139],[9.301186988113653,40.62247960994956],[9.305825057809127,40.62063864613687],[9.313959818890574,40.61826553650408],[9.32007837173188,40.61713165681191],[9.326445542228214,40.61611386425511],[9.338256548093494,40.611602563083665],[9.343838907556664,40.60753213853872],[9.354243358391415,40.601284650342315],[9.364395410629264,40.59679372876864],[9.367030159087326,40.59665025510595],[9.377426304489886,40.59591406814489],[9.38395911382437,40.59543309004653],[9.389794828424273,40.594999140345706],[9.392759888461047,40.594740689373644],[9.392913245439827,40.59472731941094],[9.394034951014767,40.59455231330237],[9.394021850152564,40.593848439537496],[9.393703670925746,40.59247239843471],[9.393660488377725,40.5923686033632],[9.39353610347144,40.59211263818038],[9.393310463765419,40.591924222749945],[9.386464464723845,40.58719970948797],[9.380034475990165,40.584824705805545],[9.377234485375364,40.58346724940865],[9.375289967458562,40.58161507004136],[9.37418082173625,40.57977186497753],[9.374111306212821,40.57789825982022],[9.373541070811623,40.57521548274342],[9.372352554989812,40.57181399018663],[9.372184768787603,40.57138209740167],[9.370951899900785,40.57062031325222],[9.37015834545533,40.570253498074656],[9.369894319191403,40.57015033529986],[9.369152007245297,40.56986032999432],[9.36801563237738,40.56944955055625],[9.366159092336272,40.56912212738572],[9.36393669814147,40.568858885157745],[9.363322254323494,40.56883379343438],[9.350234915449308,40.564255856077075],[9.336130217505591,40.552773322243425],[9.335548639944069,40.552314531961926],[9.33502771953992,40.55206379583321],[9.328140943428178,40.54940793497036],[9.325871012363564,40.548918873329995],[9.322561886088653,40.54844168726397],[9.322207373471933,40.54839763183518],[9.321415939579628,40.54836380144014],[9.320412788361288,40.54851072963814],[9.319445361194209,40.54872061192782],[9.313000011109692,40.546819366584124],[9.303893303656206,40.540222346636334],[9.303273437786046,40.53999856982709],[9.301735513922191,40.539371975840254],[9.300658863390552,40.538906321077135],[9.299191397131748,40.53818041132802],[9.298422031613635,40.53776799316321],[9.297510422179995,40.537229811854964],[9.296088154873237,40.536026275466924],[9.293250858084205,40.53336170372693],[9.292410316375793,40.532479768305144],[9.286421637769719,40.5259021320937],[9.281801348299334,40.527737780979194],[9.268066143061656,40.53257219984274],[9.267421419189438,40.53276405570221],[9.267026405918827,40.53282453824822],[9.26694550247035,40.53283605124248],[9.264465848739572,40.532805717434336],[9.25399884407302,40.534414773605526],[9.240991762236405,40.5381581197817],[9.231353993370398,40.538897433489105],[9.215842955441687,40.54003278958854],[9.210160619969852,40.53927027070248],[9.20673409415327,40.53859003682301],[9.206024904600742,40.53840277678346],[9.205871374651359,40.53835734711663],[9.204984851169208,40.53806163051334],[9.204248014105074,40.537589170687625],[9.203377422935649,40.53714193246271],[9.20161116131999,40.536479617354225],[9.200905842816624,40.536330072882365],[9.20070505159045,40.536311277799776],[9.199960945425795,40.53624162328778],[9.195603376394956,40.536086921850774],[9.190916613333771,40.536428090420756],[9.189783615714004,40.53662815216645],[9.189422598049857,40.536851197337434]]]},"properties":{"name":"Buddusò","op_id":"8131","minint_elettorale":"4200730170","minint_finloc":"5200730170","prov_name":"Gallura Nord-Est Sardegna","prov_istat_code":"113","prov_istat_code_num":113,"prov_acr":"OT","reg_name":"Sardegna","reg_istat_code":"20","reg_istat_code_num":20,"opdm_id":"7594","com_catasto_code":"B246","com_istat_code":"113008","com_istat_code_num":113008}},
{"type":"Feature","geometry":{"type":"MultiPolygon","coordinates":[[[[9.766874961278658,40.68518796289752],[9.767022303994379,40.685182068978655],[9.767069453498433,40.68507008949747],[9.767108540692739,40.68494606860638],[9.767090593493295,40.68490120065997],[9.76701880568512,40.684809222259005],[9.76692009796268,40.68478454489443],[9.76661499789802,40.68493709520606],[9.766607181193653,40.684991081658524],[9.766733512645168,40.68516438815836],[9.766874961278658,40.68518796289752]]],[[[9.718319242531425,40.73614888581362],[9.717720017762895,40.73610188732868],[9.717355782511504,40.736172385123986],[9.717203039133869,40.73632512835475],[9.71728528569398,40.73639562531875],[9.71830749239577,40.73681860737048],[9.718424988154819,40.73686560515448],[9.718601229973626,40.7368303566144],[9.71870697627016,40.73646612231598],[9.718742223918705,40.73631337914237],[9.718319242531425,40.73614888581362]]],[[[9.74922371742588,40.65800034339464],[9.747121470039806,40.65890056648425],[9.74240139885872,40.66085871958959],[9.739921729701345,40.661884371548744],[9.73649474176907,40.66915701923153],[9.732441100265362,40.67212861363477],[9.724271721453846,40.67352695946817],[9.706683423769114,40.67641862527752],[9.702158726423962,40.67895163181025],[9.700175888424623,40.679771352356134],[9.698558885235292,40.67968515138619],[9.691801223002944,40.679095105650184],[9.69163606481965,40.67893567106452],[9.691381728436854,40.67843142488555],[9.691254752771032,40.67808960450425],[9.691135290436728,40.6768891070392],[9.689016013559307,40.67476364436613],[9.684905792175366,40.671934043441375],[9.681107252175012,40.67015042871439],[9.680714063737174,40.67002662627273],[9.677694890051285,40.66915369159291],[9.67537920386639,40.66754780896011],[9.67478128861228,40.66486815189798],[9.669472712649004,40.671164541787626],[9.666136283084642,40.675221478481426],[9.663214863939125,40.67894511879686],[9.656687511317976,40.687132058648345],[9.653102452754654,40.691055821320894],[9.652261054600897,40.69135298490311],[9.63698601814406,40.69552354674818],[9.6318423638167,40.696918638664236],[9.624246226303464,40.69896497654905],[9.623711160466325,40.69906766891394],[9.621233328094668,40.69868991071175],[9.619088392116057,40.69836285915489],[9.607240375973056,40.69708351229839],[9.603829035849031,40.69680412140886],[9.603167133899845,40.69690668468274],[9.600762295582998,40.69799126115545],[9.591473229354529,40.702240083644035],[9.590481243722328,40.702715911581414],[9.598954447180843,40.70654388555499],[9.602523793174147,40.70815525352258],[9.616594717177682,40.709283399316476],[9.62012620367942,40.70868617153936],[9.624769099695158,40.7097682593214],[9.643877771274166,40.71734363396482],[9.648519851587332,40.720146678634244],[9.65076157758781,40.7234956147843],[9.647041563363096,40.72559669603814],[9.64735203425386,40.728290851261434],[9.670395527120858,40.740949575234886],[9.679940312151794,40.742647179584694],[9.687111137169117,40.74264873065098],[9.688094523582055,40.74273911664206],[9.690809445985314,40.74351479027351],[9.693302572134762,40.744250392150875],[9.696040014915617,40.74512469822191],[9.697448067070217,40.74559006421891],[9.698069291995928,40.74580554566688],[9.698900083064416,40.74631629519594],[9.700250193639759,40.74707600543053],[9.706041966119137,40.74897057228818],[9.707826757052475,40.749541640454346],[9.709760099867157,40.75010588485672],[9.712037182055234,40.750747583974615],[9.715293734042621,40.75165912968796],[9.715341877286246,40.7515758213587],[9.717739850637626,40.75054881217841],[9.71810591700662,40.74979996528701],[9.718449514851573,40.74852755354438],[9.715543556636666,40.743741919009196],[9.712079626035116,40.73962842377275],[9.712430425536787,40.73620242267489],[9.715278335068609,40.72985320584391],[9.714497337115944,40.72538179300743],[9.713559833827503,40.718565952409094],[9.715407241880387,40.70992466740781],[9.715772523494012,40.70893562210179],[9.717615661474975,40.70556340511937],[9.718912128955488,40.70379629414227],[9.720367180744503,40.7023654480228],[9.721111593579367,40.70169341188859],[9.72272563958385,40.700348542105004],[9.72344126953448,40.69991502416613],[9.730402147230944,40.69680156470917],[9.737859537326718,40.694520841166074],[9.739035356119215,40.693819662820296],[9.742248621659433,40.69136819183573],[9.745641426469241,40.68761536396997],[9.746015280245748,40.68718053806166],[9.746115636013261,40.68702674490895],[9.750410575253383,40.677837212636334],[9.750204520588209,40.66922636550816],[9.748828508944872,40.660442923883494],[9.74922371742588,40.65800034339464]]]]},"properties":{"name":"Budoni","op_id":"8132","minint_elettorale":"4200730175","minint_finloc":"5200530131","prov_name":"Gallura Nord-Est Sardegna","prov_istat_code":"113","prov_istat_code_num":113,"prov_acr":"OT","reg_name":"Sardegna","reg_istat_code":"20","reg_istat_code_num":20,"opdm_id":"7668","com_catasto_code":"B248","com_istat_code":"113009","com_istat_code_num":113009}},
{"type":"Feature","geometry":{"type":"Polygon","coordinates":[[[9.301169136571648,40.847000195802565],[9.300175796567371,40.84769643085641],[9.29744854359091,40.84797374714245],[9.292396928099913,40.848439573863466],[9.287751347553595,40.84680022772853],[9.2846393046436,40.84587107530912],[9.278182112739158,40.84494094520976],[9.27330327385674,40.845709312613934],[9.268078049249445,40.848580729327125],[9.26449048054227,40.85043190919027],[9.262110694188085,40.85154570028253],[9.252746614819127,40.850593691275826],[9.23538860856935,40.85012594672281],[9.234866812091138,40.85018141417167],[9.234783799554519,40.85019023848361],[9.22146574797201,40.85309427068168],[9.21411822195715,40.854055284858546],[9.211911025620035,40.85390994810597],[9.211744893982903,40.85389935293521],[9.209964916982678,40.85378583160572],[9.209027464448265,40.85372603333027],[9.203901953708135,40.853654130770735],[9.202003627829818,40.85363044519782],[9.197115838630445,40.85357661082795],[9.194920543212328,40.853552547331866],[9.19454093469839,40.853566972883854],[9.188016395941832,40.8538147212396],[9.187423253791366,40.85383722568678],[9.186830111227998,40.85385972708493],[9.186486087972957,40.85387277667958],[9.187884709946337,40.863418700504766],[9.188216077673427,40.86567995636325],[9.18924852492858,40.87290367125942],[9.189329985333604,40.87347938079416],[9.189164634113906,40.87375891071515],[9.184544606880628,40.88104514699072],[9.183039713467448,40.88341427864814],[9.182359188341884,40.88447555509545],[9.180191047245414,40.887841117915386],[9.180093043106764,40.887990155652446],[9.176175497431194,40.89391313481595],[9.175275571274002,40.89409467214324],[9.170265867320397,40.895563356896595],[9.167554137600796,40.89635823132007],[9.167183496713452,40.89646686903755],[9.162874242720179,40.90138257108792],[9.16165715831279,40.903762478651615],[9.161456324732868,40.90417714297133],[9.160552484663171,40.90927912983714],[9.1604460702911,40.91111495140498],[9.162260523367175,40.91744975121721],[9.162701283533218,40.92103443066689],[9.16621864491009,40.92473632352861],[9.172742680821392,40.924080046327646],[9.179759928811716,40.92664618120701],[9.18173248155959,40.92750159389444],[9.183823449536755,40.92924076738141],[9.18938456124595,40.93445461309842],[9.195327636175122,40.93957235163441],[9.203492993285181,40.941175710541195],[9.20706077209963,40.942173280630236],[9.208163591252537,40.942684765670386],[9.210255196885196,40.94551856839006],[9.210451468997057,40.94605067473623],[9.210606282584955,40.947580816304615],[9.210598430856804,40.94791750550979],[9.210595826692584,40.948028995333786],[9.214574912594676,40.957180900349805],[9.218801352430798,40.964744250221784],[9.224261154330746,40.96975133311866],[9.225823618988539,40.97137876849793],[9.228473943414288,40.974805671930035],[9.228498802832133,40.975120909346856],[9.226881628877477,40.97838507101124],[9.231471139750127,40.98147340992909],[9.240067172075864,40.98499003404519],[9.247767321608976,40.98508019964864],[9.248337551020189,40.98497988193635],[9.249648861610474,40.98524217242292],[9.249717552878664,40.98525615489092],[9.25020159906118,40.9854110588918],[9.252883593853385,40.98628519387751],[9.253933888261972,40.98673329394311],[9.255479426930618,40.98739648404153],[9.262434361325022,40.990506698083294],[9.264695915725968,40.992178104895245],[9.266198849876439,40.993898650323736],[9.266864062645164,40.99228014562061],[9.266814995689492,40.988956243854965],[9.261160463710219,40.98703243611448],[9.259566840485492,40.98383813129105],[9.260513758744702,40.97978231239245],[9.264391179078961,40.974422617637025],[9.259667904011806,40.97359060148787],[9.256386290159293,40.96898528952938],[9.270444998611751,40.96376087747949],[9.270680271633754,40.95735548221029],[9.273497526959956,40.954736448573506],[9.283092998052853,40.94793008988446],[9.288840092383357,40.941645151347856],[9.296943521549007,40.93460809001569],[9.299996916416449,40.93159142994246],[9.300273494002841,40.92671723916244],[9.300207696555656,40.923830518150204],[9.313818732183602,40.923176954596215],[9.31746274272602,40.922743591079154],[9.316945823303731,40.92143881337937],[9.316670955179298,40.92107923840735],[9.315655712108633,40.91986590441597],[9.315381671049751,40.9196774807596],[9.312898584570098,40.91945903809096],[9.309940489583663,40.919241819578524],[9.309346381523543,40.91918185808152],[9.308122635740927,40.91905751666414],[9.307069110044706,40.91893404956394],[9.304605543235715,40.91863444796833],[9.298623759243467,40.914163984922716],[9.298493881767582,40.91406663004609],[9.298447774342392,40.91403192037122],[9.298404837406958,40.913999550051486],[9.298027997122867,40.91371511097489],[9.29745538917628,40.913131050623655],[9.29743151518023,40.913103288986164],[9.297138475442978,40.912762527633355],[9.296512388698357,40.912034467417584],[9.296141228136175,40.91135079115628],[9.295654766458956,40.91006293013728],[9.295588475422063,40.909883857066205],[9.293322540717748,40.8988094306407],[9.298354451895024,40.89387798243966],[9.30733987891625,40.883653249575865],[9.309475631879192,40.88066949346523],[9.309371496425145,40.87614758492993],[9.309350059468942,40.87566227085228],[9.309318573493155,40.87497664191541],[9.309255168238511,40.874103002720965],[9.309208321847668,40.87391845665498],[9.309113034268218,40.87354618064223],[9.308965110686614,40.872977735863955],[9.308383296188671,40.87219556662992],[9.31131217258205,40.86656246123146],[9.313049445059152,40.85912087341208],[9.312772842848016,40.85777036743448],[9.307315259699257,40.851091657208684],[9.301169136571648,40.847000195802565]]]},"properties":{"name":"Calangianus","op_id":"8133","minint_elettorale":"4200730210","minint_finloc":"5200730210","prov_name":"Gallura Nord-Est Sardegna","prov_istat_code":"113","prov_istat_code_num":113,"prov_acr":"OT","reg_name":"Sardegna","reg_istat_code":"20","reg_istat_code_num":20,"opdm_id":"7598","com_catasto_code":"B378","com_istat_code":"113010","com_istat_code_num":113010}},
{"type":"Feature","geometry":{"type":"MultiPolygon","coordinates":[[[[9.589165661697654,40.95818942673011],[9.588296659105268,40.95769334306171],[9.587873192656847,40.9578027569225],[9.587668191373599,40.95815506652248],[9.587665496777069,40.95826993437806],[9.587664570725794,40.95833299585543],[9.58774218559028,40.958983224590135],[9.588325392431855,40.95915900768276],[9.589294581641107,40.95923450063355],[9.58938086218337,40.95917645644115],[9.58943616807093,40.959121174825796],[9.58979878156638,40.95867479371263],[9.589165661697654,40.95818942673011]]],[[[9.6437917062224,40.982846152404214],[9.645024889774032,40.981920431231195],[9.645493411543931,40.98149886233179],[9.646058358667467,40.980751701515054],[9.646498411414122,40.98004749664857],[9.646507453514914,40.979783207825854],[9.646287028646288,40.97906998080497],[9.646100988239024,40.97888206150985],[9.645640541586568,40.97862001294795],[9.644923802619006,40.97825469167056],[9.644542146360985,40.97812170415315],[9.642945800798483,40.97775227773327],[9.642726023491637,40.97792935939819],[9.642698126961108,40.97795183722695],[9.640459882037005,40.97982897596199],[9.640286127897864,40.98028034706536],[9.640181870737335,40.98078538020054],[9.639948480041062,40.982546876895285],[9.640811316856116,40.98297986457612],[9.641944952410837,40.98297355740704],[9.643051526236576,40.98292158162353],[9.6437917062224,40.982846152404214]]],[[[9.580184210438444,40.95476223019649],[9.559488311323049,40.96699879765149],[9.550752666131071,40.969361204983336],[9.546076104912805,40.96657727064783],[9.52963370960858,40.96893605671868],[9.518101179793863,40.96816570705787],[9.506057803853523,40.96603922359529],[9.496435212192956,40.966203432755854],[9.490896733516246,40.966456094365356],[9.490887263016113,40.96740628461749],[9.49089056861458,40.96750850779573],[9.491063911437205,40.96816693512421],[9.491420316342808,40.969414428926406],[9.491490952932999,40.969660472544525],[9.491778583018478,40.970049029791745],[9.491906918030542,40.970181549292306],[9.492153691972701,40.97043046301408],[9.492865841453344,40.97112462408694],[9.499329977113522,40.976887365937486],[9.499778375250083,40.97726932832002],[9.499843816595124,40.97732150670939],[9.499895561282864,40.977362004932985],[9.500380962119477,40.97755018618248],[9.500717168214146,40.97767859440697],[9.500976349688344,40.9777537356467],[9.501306900078061,40.97784886151177],[9.501565380253005,40.97792225687698],[9.503954787930523,40.978596740833304],[9.506763106090197,40.97936293615884],[9.507667151681233,40.97949649433392],[9.507761607504271,40.979507010722806],[9.508716646498444,40.979546403727845],[9.510189287872494,40.97960991052189],[9.511522904257125,40.9796804860531],[9.511999325298376,40.979804485321374],[9.517089996296024,40.9817365319145],[9.519347058974695,40.98261301854113],[9.520694682858851,40.983307604698894],[9.521026445586296,40.98348440438327],[9.521216148535693,40.983589012287155],[9.521421540650099,40.98370730175118],[9.526066741177141,40.98648824784219],[9.525782759001412,40.98834920178198],[9.528193871696375,40.993838165085776],[9.531557435487889,40.99814660224831],[9.536619318787295,41.00023288410812],[9.540680464712809,40.99857259335193],[9.546476888793974,40.997860642273864],[9.547474924510102,40.99777483378206],[9.547901521255852,40.99778068908358],[9.550698720012093,40.9982511479228],[9.552606162170733,40.999469772612166],[9.554712659499904,41.00094261473357],[9.556928138520234,41.00263784187297],[9.557573690540298,41.00340041047645],[9.562736880566693,41.006148688667814],[9.569582358485377,41.007936952902945],[9.574195316311894,41.00302717163257],[9.574461907984391,41.002746592756836],[9.574523338996196,41.00273463181961],[9.5746459030069,41.00271076898493],[9.575612868315385,41.00263725798885],[9.575670104937037,41.002633609407],[9.575827298808493,41.002624884454875],[9.575897939218596,41.002621979536265],[9.575942692138979,41.002629856085335],[9.576076855919382,41.00266605790575],[9.576160287480477,41.00268857121312],[9.576800895048835,41.00287414806617],[9.576868771822134,41.00289451187334],[9.578193662809433,41.00405662879183],[9.578385721208612,41.00426285131804],[9.578531400128321,41.004604427908966],[9.578540702756634,41.00702755964462],[9.580141925353118,41.01392871554528],[9.580335391016533,41.01369853640472],[9.581548118611352,41.01230918253458],[9.581726548515197,41.012126318335824],[9.58190233962435,41.012019135679495],[9.58438093236158,41.010562751823954],[9.584636454630276,41.010545989970936],[9.585064819024595,41.01057398298569],[9.585148111418054,41.01057942629074],[9.58567593466765,41.010647742452846],[9.585993690934249,41.01071926017381],[9.586363847211352,41.01088853090942],[9.5867609996812,41.01133741218079],[9.59286617140526,41.018478893381236],[9.594203229438325,41.021748156843806],[9.606558872271085,41.018467352252124],[9.608639530087485,41.0175291149742],[9.611735329378277,41.01405362550491],[9.622740259930659,41.00502264462007],[9.623357492140395,41.004695017417085],[9.630911601586357,41.002131652176814],[9.63105385139821,41.00208583361088],[9.634487662165045,41.00150848150345],[9.638641522325608,41.00100811255785],[9.642055655173285,41.00117248664557],[9.64408224826692,41.001878648770365],[9.64483779106156,41.00236986953377],[9.645172818659427,41.00258418874429],[9.646833306397237,41.003370365850905],[9.647881979040566,41.003652626486016],[9.650217073970166,41.004060194784586],[9.650408480587238,41.00408311082903],[9.650521818905649,41.00409450704327],[9.650597992786013,41.004101884490346],[9.65537902516586,41.0043406125908],[9.658517323439348,41.002008775855536],[9.65930069657636,41.00035790027173],[9.660464479306166,40.999038988522024],[9.661800604052761,40.99829440396772],[9.664129196441467,40.99766846123884],[9.66456571535813,40.996441971864826],[9.664719907932442,40.995665260472805],[9.66458721109516,40.99517877779204],[9.66436587562799,40.99444895756789],[9.66400137700799,40.99409982408518],[9.662193681535793,40.99361333776483],[9.653659292656364,40.98651097306352],[9.64665720876429,40.985352513350925],[9.638931228933076,40.98750105764973],[9.630069045951279,40.99107007654928],[9.623397087081155,40.99412056284234],[9.622249574480877,40.99583816415019],[9.621107275884459,40.99833802723488],[9.62120628188925,41.00035201766534],[9.617636126454617,41.00280709334027],[9.61285441052028,41.00358217567886],[9.611924578615337,41.00339644256002],[9.611198799461635,41.00316195165314],[9.609520341987956,41.00196721441442],[9.603618567796186,40.9971431916875],[9.5978447350398,40.99087598864528],[9.59408772244619,40.98969232649536],[9.593968074312125,40.98993841433055],[9.593539694619407,40.990225502868064],[9.593219129380257,40.99039685277032],[9.593104731492705,40.990441684215654],[9.592847046583353,40.99054097285331],[9.592011903769016,40.99052161924321],[9.591422459881588,40.99045269199203],[9.589143069646658,40.989960923261044],[9.588877613263067,40.98985530829374],[9.586664779927613,40.988394709678246],[9.584835116486476,40.986385331031414],[9.583396118332702,40.9826665456131],[9.582921292187422,40.979197437521115],[9.58356919006336,40.975835508740936],[9.585830522861466,40.97348954538931],[9.591340639508951,40.96896634733676],[9.592837631263134,40.96891361900085],[9.593501364262215,40.96871202410811],[9.593879554214656,40.968475864672385],[9.593864873171038,40.96789210223835],[9.593434365854291,40.96616871572892],[9.593180095826032,40.96586494545253],[9.590103263849258,40.96285615980709],[9.587344825644989,40.96029390195837],[9.581962143992572,40.95661884065911],[9.580184210438444,40.95476223019649]]]]},"properties":{"name":"Golfo Aranci","op_id":"8134","minint_elettorale":"4200730301","minint_finloc":"5200730301","prov_name":"Gallura Nord-Est Sardegna","prov_istat_code":"113","prov_istat_code_num":113,"prov_acr":"OT","reg_name":"Sardegna","reg_istat_code":"20","reg_istat_code_num":20,"opdm_id":"7660","com_catasto_code":"M274","com_istat_code":"113011","com_istat_code_num":113011}},
{"type":"Feature","geometry":{"type":"MultiPolygon","coordinates":[[[[9.582107763744633,41.06926983383427],[9.582202763188823,41.06924458171864],[9.58479596035812,41.06822593253717],[9.584859653333329,41.06819408195289],[9.584794962747367,41.06811333766275],[9.5842400993796,41.067787360414684],[9.58399518481632,41.06768388398976],[9.583238775156364,41.06744675088985],[9.583188220898371,41.067450274877785],[9.582994926345966,41.06746374895108],[9.580797820671656,41.06731382619852],[9.580624689053264,41.06727416236459],[9.580571062420962,41.06726655049668],[9.580212517363524,41.067437256750146],[9.580129339181804,41.067622339142],[9.580057219156817,41.06788055636278],[9.580036248610382,41.0680337981833],[9.580135139718438,41.06828214644684],[9.58056304085056,41.068722509131426],[9.580991154515065,41.06901761494195],[9.582107763744633,41.06926983383427]]],[[[9.576966774246943,41.068700036096466],[9.57716438049294,41.06866864429762],[9.577271942305108,41.068648886795856],[9.577580301715747,41.0685922437862],[9.578289650733145,41.06821372893624],[9.5785300804596,41.068064886177005],[9.578918038543616,41.06759577753502],[9.5789950419633,41.06738482793585],[9.57907139176315,41.06709956678776],[9.579605354150711,41.06308391821801],[9.578750938445882,41.06237076061792],[9.576267274072658,41.06117622128602],[9.57573306414269,41.061024843383336],[9.575216953638282,41.061001309014046],[9.57487953761591,41.06103339502369],[9.574386050838918,41.06108089529257],[9.5731057596476,41.06123727305892],[9.57070912996653,41.06183331775653],[9.569243316637106,41.06402275773879],[9.569184839101208,41.064142402707716],[9.569245773135393,41.06430762422745],[9.56958521985207,41.06468090538741],[9.569884046374634,41.06482918542404],[9.57007280175411,41.064807494496016],[9.570160490572842,41.06479741661986],[9.570516500547619,41.064676298515515],[9.57209977026493,41.064713488575805],[9.57341055175142,41.065066167894635],[9.57404873774137,41.06557306820406],[9.574689149028071,41.06633443096327],[9.574809998708442,41.06654439008957],[9.574832467078936,41.06690347215955],[9.574781306030127,41.06710302912866],[9.574539882814422,41.067474687280104],[9.576966774246943,41.068700036096466]]],[[[9.586619359429626,41.070830109513466],[9.586869710386063,41.0708738750795],[9.58729955520437,41.07085704700976],[9.587449753166917,41.07084839935038],[9.587648377246413,41.07076406292665],[9.588477369492326,41.06945705111851],[9.58771105113583,41.06877973163225],[9.585503349763169,41.06897338257737],[9.585144520120005,41.0691114513306],[9.584596659400933,41.069409243453975],[9.584390524844565,41.069551658894575],[9.584252477190555,41.069757797731214],[9.584163457437002,41.07005438646065],[9.584144641338249,41.07028193366215],[9.584204621893978,41.070334551964656],[9.585003053983016,41.07077622930217],[9.585841759456784,41.071060391224975],[9.586619359429626,41.070830109513466]]],[[[9.587262087128398,41.074337699974286],[9.587150326000783,41.0743191282806],[9.587004744028626,41.074345767256034],[9.586773676236358,41.074464047964035],[9.58667056455824,41.07458167681774],[9.586594005733675,41.0746732731482],[9.586586179312492,41.07479717286461],[9.586716436675076,41.074887715377244],[9.587156988389587,41.07506788271383],[9.587302802371594,41.07506713962394],[9.587421386229305,41.07501623688568],[9.587594815337408,41.074941791060816],[9.58768013122807,41.07483100819191],[9.587740321798687,41.07473949553385],[9.587705053763727,41.07469463513448],[9.587653031960722,41.07462846693313],[9.587415545436246,41.0743601135318],[9.587262087128398,41.074337699974286]]],[[[9.601395858239178,41.07888026532075],[9.601239322702249,41.07884842803351],[9.601152124999084,41.07886545238444],[9.601112638922432,41.078989838806635],[9.601365196860417,41.07943441568421],[9.601592941308068,41.079442234921196],[9.601856193684089,41.07942734813419],[9.602040303136107,41.079382473025106],[9.602053518688106,41.07919999194755],[9.601982455544976,41.07910787130872],[9.601780836116811,41.07899648511487],[9.601667359536215,41.07895428947346],[9.601395858239178,41.07888026532075]]],[[[9.609724256021133,41.08223700574521],[9.60998889607541,41.081244728763245],[9.609931408422941,41.07953351764112],[9.608968839150064,41.07367693202388],[9.608382447359565,41.07276798655655],[9.607238945788641,41.071550902587845],[9.606608749289236,41.07129974601405],[9.603199419154553,41.07172300301534],[9.597596182455705,41.07469781064158],[9.597537249121201,41.07476245898922],[9.59734866287102,41.074969333853694],[9.596763036696393,41.07602630232253],[9.596794139507697,41.07617477229652],[9.596837553337638,41.07636821965204],[9.596911580656949,41.07665609114013],[9.597176066190125,41.0769429765705],[9.597427507371428,41.07710381720522],[9.597953200168048,41.07715063381981],[9.599214346406793,41.07723866611502],[9.599641809846466,41.07711933867491],[9.602873211138176,41.079012169082006],[9.60301211948951,41.07911953787915],[9.603208907784252,41.079271642850635],[9.606373101323776,41.08127732548348],[9.608659993584538,41.08237099609781],[9.609098823290243,41.08251393095672],[9.609517127176016,41.082482442859856],[9.609632361173245,41.08243791995127],[9.609724256021133,41.08223700574521]]],[[[9.618818415671294,41.08615905178206],[9.61881841503497,41.08611634380792],[9.61878282497444,41.08603092711462],[9.618740116944572,41.085973983384655],[9.618654700705072,41.085924157395084],[9.618462514519516,41.08583162268576],[9.618369979611378,41.085852976525686],[9.61828456339017,41.085917038807494],[9.618099494923724,41.08610210725146],[9.61821338282615,41.086201760155944],[9.618697408623811,41.08634412031795],[9.61879706111005,41.086301412287774],[9.618818415547691,41.08623023234512],[9.618818415671294,41.08615905178206]]],[[[9.579237477935866,41.091952429307575],[9.579176323448555,41.091937423973576],[9.579038328647366,41.09198540970739],[9.578762565706532,41.09210727672939],[9.578644210953044,41.092188538992026],[9.578564320534216,41.0922433919234],[9.578530117031416,41.092585866133305],[9.578662052596753,41.09263867797285],[9.57890698138601,41.092621130483955],[9.579319403221492,41.09246817489486],[9.579555273463736,41.092210261647466],[9.579477619034018,41.09201135043282],[9.579237477935866,41.091952429307575]]],[[[9.58103724971757,41.09351353461446],[9.580819775861311,41.09349428466097],[9.580550082256842,41.09362963738191],[9.580233325574524,41.093829407783794],[9.580212283853474,41.094313691638526],[9.58028372234908,41.09448223058427],[9.58035607363174,41.094585458488716],[9.58054626428601,41.0945484682423],[9.580688906836771,41.09452072535375],[9.581092068859773,41.094329526008515],[9.581226574272083,41.09422300415412],[9.581326936728964,41.09412678754043],[9.581345593672005,41.094094040208766],[9.581469110477174,41.09387722517078],[9.58124113911726,41.09368020060897],[9.58103724971757,41.09351353461446]]],[[[9.56978225335604,41.117641142293536],[9.56982286099341,41.11751595644259],[9.569914844848915,41.11582538900089],[9.569909144069843,41.115770844057224],[9.569896386301545,41.11568810926606],[9.569657581885167,41.11562060522775],[9.569403051540114,41.115628619489385],[9.569173929693166,41.115647767659816],[9.568796468879555,41.11573070291154],[9.568669659128869,41.11578592277955],[9.56847803333893,41.11592481874725],[9.56835575274997,41.116075179095795],[9.568282272092448,41.116187014625446],[9.568217676902487,41.116293176285396],[9.56807693197312,41.117065174564985],[9.568068804513942,41.11715867168447],[9.56816942776085,41.11743179151306],[9.56826131709943,41.11755519732309],[9.568649975540264,41.11773343768196],[9.569348904859933,41.11791002038544],[9.56948061746584,41.1178847217219],[9.569734142757873,41.1177596092373],[9.56978225335604,41.117641142293536]]],[[[9.57107810510343,41.11821235913547],[9.571017989241101,41.11797619910981],[9.570825517387455,41.117586433927904],[9.570559727023118,41.11732652053582],[9.57052702911831,41.117333288027766],[9.570470552101225,41.117344978123214],[9.569995140439463,41.11746556024454],[9.569911423955196,41.11749776001235],[9.569873563417604,41.11757200471379],[9.56970267372656,41.11790839494311],[9.569671134571617,41.11801147622902],[9.569678764622749,41.11807065614463],[9.569739089985783,41.11833158781593],[9.56983891370788,41.1185112521536],[9.570394909123564,41.119098519680456],[9.570542290845959,41.11909559554397],[9.570773039458848,41.11909101691992],[9.570944727076265,41.11897193721061],[9.570985097583627,41.1189176900877],[9.571033035530377,41.118853270550694],[9.571106563220823,41.11874706308203],[9.571134419613362,41.11869700630227],[9.57115494534819,41.118660122212646],[9.571203052832832,41.11854165471233],[9.571179475832,41.118452318643634],[9.57107810510343,41.11821235913547]]],[[[9.566169561326452,41.123121131467244],[9.566770279516307,41.12302134274264],[9.566878355779874,41.12298606899124],[9.566866189276478,41.12274612908604],[9.566603217608256,41.12264157980216],[9.565561726641759,41.122392223555345],[9.564559579921978,41.12238925692505],[9.56450330846483,41.12242556461733],[9.564023748273382,41.12293674491384],[9.564183371376375,41.123318916227106],[9.564220962968145,41.12336151915806],[9.564307672190372,41.12345359566533],[9.564560546337509,41.12354451833075],[9.564709561996583,41.12355729995914],[9.564822610941897,41.123543233781376],[9.566169561326452,41.123121131467244]]],[[[9.570909607815219,41.12814892565772],[9.571320257483638,41.12810747995606],[9.571635071011835,41.12783342966783],[9.571805507227362,41.12684734344507],[9.571804666608761,41.12675051274567],[9.571683943762824,41.126601355135854],[9.571120886353999,41.1260670507007],[9.571024904075786,41.12598870756883],[9.570920534166895,41.12597346088489],[9.570733254815316,41.12601379876178],[9.569213163228904,41.12639289598739],[9.56914528969779,41.12646529426743],[9.569096746397602,41.12659865310485],[9.569235683354371,41.12693100699161],[9.569488779180467,41.127486558203245],[9.569845877277375,41.12792809388327],[9.570094445310414,41.128080899586166],[9.570909607815219,41.12814892565772]]],[[[9.568863359481673,41.12796087444391],[9.568411934586862,41.12690129531172],[9.566640823880583,41.1249361618082],[9.566405623175896,41.12477175079856],[9.565043700911131,41.124320207988454],[9.564692640435027,41.12436193286589],[9.564189863183891,41.124424605588004],[9.5639258688453,41.12454863103208],[9.563794868734416,41.12472717898816],[9.563736543048423,41.12480853536583],[9.56363447246114,41.1249509096322],[9.563533260129548,41.12513043663704],[9.56350378877681,41.12526006965267],[9.563490208105478,41.12531981396722],[9.563521606196232,41.12550882622306],[9.56361041421555,41.12561986466365],[9.565021118140479,41.1268954558265],[9.566621982757011,41.1279389341676],[9.567907525875887,41.12833041074294],[9.568504519009654,41.12848397891274],[9.568863359481673,41.12796087444391]]],[[[9.567816935377392,41.132159217560535],[9.567950548517716,41.131087856921134],[9.567751434070475,41.13078020452283],[9.567206044027577,41.130049873524726],[9.567009185722615,41.130017062707815],[9.566525343844319,41.13020770799386],[9.566445703180047,41.13029795416386],[9.56640155121081,41.130358974179245],[9.566294537733429,41.13055654791449],[9.566265448263788,41.130639889456525],[9.566094172903714,41.13115543243334],[9.566086873467585,41.131345760834556],[9.566123901251517,41.13149533462378],[9.566288585973965,41.13194266912507],[9.566460830617203,41.132056673033304],[9.566884200021716,41.132278661952554],[9.567327216351796,41.13244684612476],[9.567487766922747,41.132499761767654],[9.567541144470868,41.13247247489784],[9.567613591762761,41.13241131505353],[9.567816935377392,41.132159217560535]]],[[[9.501397595750689,41.1539452979982],[9.501546299842003,41.15390974480988],[9.501864443271945,41.15382278450503],[9.50299122461662,41.153730908791196],[9.503632517819206,41.15378916979395],[9.503781220322,41.15375361372839],[9.5039399539735,41.1536662187704],[9.503961445884865,41.15355465225307],[9.503982334085062,41.153364268798654],[9.50395953157941,41.153304691787],[9.50368126693158,41.152762057389666],[9.503373273159761,41.15261702629617],[9.502527968064392,41.15253401649339],[9.502376021787533,41.15253467927576],[9.502288130602402,41.15253506256139],[9.501751850135221,41.152537399779796],[9.5005464159917,41.152896203637695],[9.50021735173349,41.15311382214597],[9.500093595011544,41.15329564273667],[9.500116984473893,41.15343291155506],[9.500164021038099,41.15354530582252],[9.500392603903014,41.15363101459744],[9.501158918148192,41.15390354890653],[9.501194718935322,41.153909811305574],[9.501397595750689,41.1539452979982]]],[[[9.518319630364703,41.16426922299072],[9.518664300435306,41.16414156133495],[9.51876965876835,41.16408704017501],[9.518961077978219,41.16398709064208],[9.51911914937423,41.16381522853471],[9.519175493248273,41.16375191906095],[9.519280128697076,41.16363434516449],[9.519043576311473,41.16349016025699],[9.518665963287937,41.16359657756181],[9.518410727403667,41.163728340711934],[9.517888334402612,41.163992240494785],[9.517627026802701,41.16411019572212],[9.517617992546532,41.16422621254201],[9.517688253659747,41.16431710118358],[9.517978887947352,41.164328181375346],[9.518121833930746,41.16431627854467],[9.518200719950277,41.16430578974669],[9.518319630364703,41.16426922299072]]],[[[9.525575266436947,41.16597486026705],[9.527447223017187,41.16426269149717],[9.527933843638156,41.163569249422956],[9.527597153848495,41.162521235673076],[9.527541654875485,41.162497317985085],[9.527473059874977,41.162467756419886],[9.527011998751297,41.162384292415936],[9.526193032742166,41.16226080043617],[9.524101684267652,41.16195280833569],[9.523047723071729,41.16187990661827],[9.52239212348388,41.161876125850014],[9.522243434698652,41.16196999618585],[9.520416389970878,41.16328391590462],[9.516764566441863,41.16603724709178],[9.516664035893823,41.16613791038618],[9.51659349050816,41.166262084924654],[9.516667326006067,41.16655676070327],[9.516710330161576,41.1666567800934],[9.518103466575447,41.167091906858154],[9.518452551849887,41.16714438365836],[9.525575266436947,41.16597486026705]]],[[[9.459549752234382,41.173915443163196],[9.459383270181942,41.173871776573804],[9.459096085653758,41.17393259824881],[9.459017524126535,41.1739925888809],[9.458930002397487,41.17447711010389],[9.459010287049198,41.174663702848456],[9.459284967545507,41.17473241928831],[9.459402070164437,41.17464299900221],[9.45953074776824,41.174503990623194],[9.459645222079804,41.174038502338625],[9.45960572196751,41.17393056574184],[9.459549752234382,41.173915443163196]]],[[[9.461789405981008,41.17525612043291],[9.46185601814824,41.17500363324796],[9.461933138253771,41.17367798511148],[9.461942320188575,41.17325013298708],[9.46192897055536,41.173084689272315],[9.461878680185757,41.17292610549981],[9.461803035164827,41.172764267006784],[9.461537458071321,41.17271803988569],[9.46113330014083,41.17267236795837],[9.460969448389672,41.17268203176824],[9.4607197631931,41.17271147241772],[9.459760860079376,41.17288728703309],[9.45940562202094,41.17346408140355],[9.459918484985371,41.17436282104975],[9.460004296319472,41.17530717735964],[9.459904854141106,41.17536499909408],[9.459942841788841,41.17546956362783],[9.460082958519031,41.17568744527903],[9.460196552498749,41.17573540815928],[9.460918389822625,41.17602752948097],[9.461145098633514,41.17605477087486],[9.46125822919034,41.17603630202366],[9.461409021802114,41.17586342329987],[9.461517263148071,41.17570760384174],[9.461594913613716,41.17559582051086],[9.461770373667813,41.17532825923464],[9.461789405981008,41.17525612043291]]],[[[9.488240314917396,41.184406989224925],[9.488130969282937,41.18371895591122],[9.48809897959234,41.18363864907604],[9.487993876201454,41.18353437843172],[9.487898391172617,41.183521271104475],[9.487607634579874,41.183504486626745],[9.487540752121713,41.183529541511064],[9.487503626061612,41.183547714477776],[9.487337313263861,41.18363061457467],[9.487229851362887,41.18381122647079],[9.487216332770416,41.18399819592185],[9.487264558458532,41.18407005515519],[9.48824155404622,41.18457381488802],[9.488240314917396,41.184406989224925]]],[[[9.48620583312193,41.183597113980156],[9.486606792462608,41.183400625531284],[9.487219343381156,41.18239366221679],[9.487115960356716,41.18131428441439],[9.48673575209096,41.180558106682774],[9.485940677344265,41.18079341589595],[9.484148580226265,41.18191463366773],[9.483951990519248,41.182338753291425],[9.483924519109527,41.18245371866799],[9.483732551439351,41.18350619033738],[9.483968650109366,41.18417290420524],[9.484416278568485,41.184668705585196],[9.484665892793938,41.18476482372096],[9.484728670438555,41.18478899707323],[9.484880409257668,41.184750074749836],[9.48620583312193,41.183597113980156]]],[[[9.39708339211209,41.19711096200256],[9.397180593294072,41.19697994920451],[9.397468492710445,41.19633377131965],[9.397466678058086,41.19612329353557],[9.397363858519803,41.19599723323852],[9.397306586991453,41.195927134057044],[9.397119660466787,41.19584936497125],[9.396058040639375,41.19577768043175],[9.39598822102982,41.19579441038463],[9.395888075800176,41.195831184437104],[9.395641073616716,41.19622666135013],[9.395596288042034,41.196365802624385],[9.395562795117835,41.196497657334156],[9.395549312857513,41.196659093714906],[9.395574681307417,41.196986291569445],[9.395758840464334,41.19711897401135],[9.396238378441094,41.197286897970386],[9.396356097534465,41.19727861097903],[9.39708339211209,41.19711096200256]]],[[[9.442772419588692,41.202037913293445],[9.443073328521818,41.20176341258794],[9.443185725386328,41.201646735133444],[9.443270770275243,41.20143585027342],[9.443307402095925,41.201341127358255],[9.443226429095693,41.2012716278966],[9.442885198039008,41.201296586367285],[9.442785534585617,41.20132962318783],[9.442699418413262,41.20138174870569],[9.442588431275544,41.201456175986124],[9.441865914027138,41.202149562566326],[9.441824261195329,41.20226224618291],[9.441811542794575,41.20235984407381],[9.441837672086708,41.202482886129964],[9.441912810585851,41.20257155069856],[9.44201335519791,41.20266912469202],[9.44225426847957,41.20257924691886],[9.442391074690269,41.20252692703293],[9.442468678985431,41.20248947137049],[9.442772419588692,41.202037913293445]]],[[[9.419231814339648,41.20761530482529],[9.419267581734541,41.207612772211036],[9.419547294800193,41.20752054872687],[9.41976759148869,41.20738845788186],[9.420102592795043,41.20715708583425],[9.42015411095192,41.20708581579242],[9.420351386415064,41.20679710669449],[9.420980671831913,41.204723025395886],[9.422171675911907,41.193464319887916],[9.420158602950211,41.1901965223797],[9.41903116021661,41.18870534577499],[9.418767742136966,41.18853515717082],[9.41742870481087,41.188026013222924],[9.416938816558654,41.187900838323756],[9.41106570190742,41.18711349612204],[9.405168056809888,41.190302904482586],[9.40239350192229,41.19020678982337],[9.399859227120738,41.19015819096096],[9.397604737077796,41.190281973063584],[9.39696114047439,41.19033711373395],[9.396853820049053,41.19036727545227],[9.396765217168836,41.19047515860642],[9.39675257022637,41.19060243801897],[9.396769051144036,41.19111019860299],[9.39697651861415,41.192882902221854],[9.398224559228172,41.19786443030069],[9.39918091815844,41.1984849119228],[9.406237308264712,41.20099368823357],[9.409836889585755,41.20445795329644],[9.412077987366972,41.207430786693045],[9.415444433783247,41.20780115444021],[9.419231814339648,41.20761530482529]]],[[[9.44680818230871,41.20862054814811],[9.446947707939346,41.20830923772544],[9.446941511083512,41.20805591707006],[9.446610987182998,41.20790631833709],[9.446104566606657,41.207981470187136],[9.44601527780994,41.208006586793104],[9.445979739653712,41.20804275593056],[9.445915683171771,41.20827045104952],[9.445920515343484,41.20832335360909],[9.44680818230871,41.20862054814811]]],[[[9.41780367762238,41.215058540954786],[9.418041904338757,41.21505767729935],[9.41832084816055,41.21464005306561],[9.418889308861129,41.21366852177664],[9.418905917001224,41.21355698985055],[9.418949947458335,41.2125119245492],[9.418858914572516,41.21133110716266],[9.418378854180053,41.21087232728979],[9.418058329575079,41.21064595326053],[9.417928396347895,41.21055418602026],[9.417459224408363,41.21022282328705],[9.417222579299889,41.21005568577538],[9.417173377397171,41.21005586402187],[9.417228308170436,41.21010633433108],[9.417716588848904,41.21055495449751],[9.416763455390853,41.212892556337295],[9.416041943169878,41.214164139362026],[9.417401806239798,41.21502959762245],[9.41780367762238,41.215058540954786]]],[[[9.518671661801903,41.21535674263249],[9.518516361681453,41.21535138783131],[9.518425322914949,41.21536745336313],[9.518344994409544,41.21541029509641],[9.518248601696126,41.21546384644196],[9.518125431674894,41.21556024062843],[9.518109366100902,41.21561914769447],[9.518109365679923,41.21567805454158],[9.51821646936584,41.21590297337386],[9.518259311942305,41.21597259051433],[9.518323573414609,41.21602614301509],[9.518393191963074,41.21602614311074],[9.518580623761446,41.215897618322245],[9.518628820410378,41.21586013128531],[9.51869547853618,41.21580660096322],[9.518689031985822,41.21553463702599],[9.518671661801903,41.21535674263249]]],[[[9.517913576722911,41.21639090770039],[9.517648976076527,41.21618981083727],[9.516902035137768,41.21582369372796],[9.516857118376711,41.21580241701587],[9.516795652804111,41.21579532445339],[9.51674837166547,41.21579768860656],[9.516630168295446,41.215811873069],[9.516561609619885,41.21584497010653],[9.516507236295613,41.215963173614945],[9.516478867115543,41.216043551802336],[9.5165001444414,41.21615229913728],[9.516559246280302,41.21628468635317],[9.516765161179746,41.216363227947745],[9.517643684273859,41.21658142029838],[9.517844780529918,41.216528500332785],[9.517945329134188,41.21649674765372],[9.517913576722911,41.21639090770039]]],[[[9.519414101971,41.217776767288406],[9.519342582963878,41.217704904565416],[9.518916336073977,41.21754506137964],[9.518836414681973,41.217545062082735],[9.518720972114954,41.21757170221347],[9.518490087550926,41.21767826444897],[9.51819704295947,41.21788250781855],[9.518205922901,41.21807787150004],[9.518352291874233,41.2182896538134],[9.518519246951255,41.218280933828225],[9.518773146952984,41.218191846674635],[9.519249766750915,41.217964672576656],[9.519361127429462,41.2178844932669],[9.519414101971,41.217776767288406]]],[[[9.51943854798078,41.21833705143102],[9.519432806504122,41.218210733264385],[9.51938687312803,41.21811886583521],[9.519317971389018,41.2180958985044],[9.519226103779637,41.21807293199649],[9.519157202766069,41.218101639885084],[9.519030885457084,41.21817054102564],[9.51877250708143,41.218314084244554],[9.518663413165887,41.21837724415445],[9.518554320257637,41.218451886258784],[9.518462452581312,41.21853801227876],[9.518491160725107,41.21865284746989],[9.518893083473456,41.21887103392286],[9.519260554900873,41.21897438465677],[9.519340938791384,41.21899160997753],[9.519472999023474,41.21884232450245],[9.519507449685635,41.21875045660011],[9.519536158427314,41.218658589369745],[9.51943854798078,41.21833705143102]]],[[[9.449402550275243,41.2223518461074],[9.449703199372665,41.22226509778506],[9.44993660153588,41.222158344679265],[9.450156158059032,41.22198971713178],[9.450270119486024,41.22186316252782],[9.450223758754682,41.22170987158218],[9.450055111209599,41.22143780542587],[9.449995161300109,41.221341231396266],[9.449884977112658,41.221274856062436],[9.449748369096216,41.22128307248163],[9.448008834863728,41.221573598928565],[9.447878183264722,41.22162139929475],[9.44781836360118,41.22170157484914],[9.447783370569574,41.22175125412698],[9.4473259470858,41.2224668989643],[9.447258512042076,41.22260452976592],[9.44723916718697,41.2226440133572],[9.447207363813801,41.22279163956598],[9.44721432615863,41.2229379892352],[9.447308345258243,41.22294775789475],[9.449402550275243,41.2223518461074]]],[[[9.455622418312622,41.226423130024735],[9.45575500805141,41.22640233767433],[9.455849952812533,41.22611483856169],[9.455995851920735,41.225610201613534],[9.4560223140539,41.22537889690894],[9.455861758871668,41.22495166255368],[9.455700198533506,41.224952302021286],[9.455506655725092,41.225000358982435],[9.455013112797435,41.22522975659031],[9.455030116175903,41.22639169265375],[9.455357097972469,41.226444447171346],[9.455622418312622,41.226423130024735]]],[[[9.338063461774187,41.228236108654905],[9.33788818896486,41.22808574232995],[9.337566752944007,41.22793467922104],[9.337433890163677,41.22791029701374],[9.33732090784659,41.2279815640372],[9.337313942604057,41.228077292058664],[9.337451411697218,41.22870743498475],[9.337721196957473,41.229196442797615],[9.337786605358696,41.229232282380615],[9.337842046996766,41.229262520355725],[9.337942129682498,41.229292628202074],[9.33811971221227,41.22922736381837],[9.338240243997436,41.228968598688425],[9.338063461774187,41.228236108654905]]],[[[9.455476798428784,41.228178532419115],[9.455305053492012,41.22814543221398],[9.455166296403956,41.22816624842285],[9.455043325610966,41.22825568598628],[9.454657778085155,41.228576985542816],[9.454574167184207,41.22869329071359],[9.454633537667256,41.228953155969975],[9.454724863051513,41.229218523999],[9.45482555048641,41.22932802110945],[9.454987775174322,41.22927828839585],[9.455229267343775,41.22904538382129],[9.45557613008546,41.228307626314646],[9.455476798428784,41.228178532419115]]],[[[9.35768770837661,41.245419028149136],[9.357686529491446,41.245202845669475],[9.357671255268768,41.24513758724188],[9.357562759703583,41.24493862774517],[9.357483368747966,41.2448791973727],[9.357376162444519,41.244916687471175],[9.357082867563859,41.245025690493826],[9.35689092786429,41.245118614952254],[9.356848051277003,41.24518968361343],[9.356848755723997,41.24531916810255],[9.356877726356416,41.245434163262814],[9.357243561364847,41.24549584760768],[9.357544881813281,41.2454904084152],[9.35768770837661,41.245419028149136]]],[[[9.471145615919252,41.245181812771335],[9.470951998692613,41.2429408018195],[9.473383261615586,41.240828648402946],[9.474867208818717,41.240509518026435],[9.476804395070904,41.240091659408805],[9.478875461240248,41.239353436519714],[9.482041386695245,41.23658723089363],[9.481605924363343,41.23212908591867],[9.48128570147609,41.227920419022915],[9.481385163664653,41.22521374418126],[9.48196145848109,41.22448652732686],[9.485396366437959,41.22150539152294],[9.485502346344598,41.21728409422823],[9.485293070951379,41.217820517631466],[9.48471895766726,41.218399433793046],[9.484064571242515,41.21840218731841],[9.48133030615049,41.217732366502325],[9.479684033519206,41.216101012108325],[9.47891731731771,41.21402118711009],[9.47883511675238,41.21379066915719],[9.478345885244941,41.2068105324927],[9.478396862605072,41.20377919333342],[9.47890268579105,41.2013821391507],[9.478932465659756,41.20117258387476],[9.478882426451598,41.20064808645511],[9.478842106227528,41.20048526999182],[9.478070775266746,41.19932956257427],[9.477140680619453,41.19852947145779],[9.476084801489296,41.197648823554374],[9.474255592757704,41.196193725654474],[9.472524265859251,41.19499311551648],[9.469004523180033,41.19265315643059],[9.465174341027641,41.18968770365007],[9.463835107752505,41.18456571226651],[9.463813776526234,41.18447651717346],[9.463807935016163,41.184450645658835],[9.463798960569694,41.18438784892411],[9.463856335517338,41.184255663689086],[9.464002840517102,41.18392943848865],[9.464041049865966,41.18385550795612],[9.46407727397885,41.183806927365275],[9.464257935248387,41.18358993373998],[9.46430204767433,41.18354186625766],[9.46435541604827,41.18350795250415],[9.464438225683944,41.18345866781211],[9.464535863762217,41.18340237635163],[9.464572151670122,41.18338264858624],[9.464626770495194,41.18335682507259],[9.464753882963581,41.18331638374502],[9.46504817048355,41.18323184474245],[9.466901474669164,41.18312300847476],[9.4673652418968,41.1831579887586],[9.467411469881288,41.18316147548749],[9.468249720805762,41.18387869800478],[9.468522765229135,41.18454754545905],[9.468532537154504,41.184687127393936],[9.468552634519659,41.18497417001813],[9.468570841551475,41.18501926069739],[9.468618451844254,41.185137169673496],[9.468716497496679,41.185379982412236],[9.469769647311956,41.18592051325392],[9.471562425646862,41.18650673038198],[9.47261992030739,41.18662140724842],[9.47756751565928,41.18710915640604],[9.47971742300006,41.18719142571982],[9.479913981966092,41.18716583600512],[9.480039066376543,41.1871495508874],[9.480277403759901,41.18688589399527],[9.480505931518104,41.18658404167834],[9.480917724729032,41.18603003930265],[9.480948149396696,41.18598712470958],[9.481077051632969,41.18580530407371],[9.48136546902489,41.1848909297729],[9.481513304025952,41.184183195624875],[9.481672149609219,41.183012187954304],[9.481401278731267,41.182454158969726],[9.481049413314315,41.18202888299541],[9.48039942120107,41.18139203878408],[9.48021045641888,41.18123068529496],[9.479673938970768,41.18123292100375],[9.479350833935364,41.18127480180622],[9.479191003692272,41.18139758536295],[9.475585746962025,41.18060018437618],[9.47345564443322,41.179512255714556],[9.470748683877511,41.17698441560282],[9.471112312411352,41.1748625531532],[9.470842882434832,41.169285216187525],[9.469996358313995,41.1688476100101],[9.469054392144294,41.16923331503901],[9.46925617473404,41.17433191135543],[9.469448201705548,41.17680716272474],[9.455513086474271,41.186329240802394],[9.455764317000227,41.18666378877495],[9.455974980470295,41.18695120527839],[9.456057365602918,41.18713891824324],[9.45609770356619,41.187667968520515],[9.456082150715243,41.187787383967404],[9.455769892536503,41.18940214934652],[9.453533779062738,41.19216962591875],[9.449196518954317,41.19179816124042],[9.447456705743184,41.19088275713927],[9.444490637561449,41.18672586548078],[9.443950407690542,41.18530245896455],[9.444687597888857,41.18523779820892],[9.444751773510614,41.18500773784962],[9.444552033595246,41.184123487839024],[9.444358455230608,41.183929440521034],[9.4420810667051,41.181712140357135],[9.441983702767589,41.1816393255994],[9.441790472258129,41.18149481517886],[9.441645501012744,41.18143456772171],[9.440235668617314,41.18119562717774],[9.437870140642216,41.180951299631836],[9.43647638747022,41.18122592492348],[9.435893388277124,41.18257695153169],[9.435873971044964,41.1826636073185],[9.43584565293474,41.18311298074515],[9.435749773389352,41.18740818963021],[9.440729156707045,41.19569523614014],[9.44804621052863,41.2005323519235],[9.449358660750818,41.19995905236149],[9.45124400810723,41.19952337620391],[9.453657701028714,41.19932360458871],[9.453863369170659,41.19931491233955],[9.454198785939505,41.1993135899863],[9.45439571193079,41.19933420600064],[9.454958648560357,41.199465974946285],[9.456356325975369,41.2000121735745],[9.456457568585392,41.20020769298131],[9.456456472815717,41.200487528217735],[9.456424817390554,41.20064357568437],[9.454933065645593,41.20454349600292],[9.452745293763003,41.20429162777973],[9.449307509389726,41.20650299801924],[9.446997499479814,41.21545917191935],[9.451052836133908,41.221402349898575],[9.45559350067444,41.22307516405819],[9.458586090724047,41.22812790833646],[9.459176068475765,41.232087850953974],[9.460714554037557,41.24259939162638],[9.469102401915158,41.24526334372023],[9.471145615919252,41.245181812771335]]],[[[9.356756074670297,41.24665598217466],[9.357256503126584,41.246502424344094],[9.35729926357871,41.24640996231243],[9.357290638808657,41.24632681528325],[9.357240051563725,41.246220983421836],[9.356779532231842,41.24575738568567],[9.356728871425636,41.24576880243976],[9.356664865676434,41.245880847347394],[9.356603134470125,41.24623984743956],[9.356611885346558,41.24647740003808],[9.356625960857286,41.246596709279345],[9.356756074670297,41.24665598217466]]],[[[9.397998550482171,41.250104766889095],[9.39807111447949,41.25001556473562],[9.398189765508494,41.249817735517375],[9.398252690607892,41.24969741394],[9.398126468140454,41.24954922234887],[9.398030528664304,41.249442686181865],[9.397711295628122,41.249234260222856],[9.397566371232099,41.24919985542161],[9.397297443521172,41.24913660297064],[9.397193010890692,41.24913696327333],[9.39712803006511,41.24924640722695],[9.397089098674423,41.24946948322235],[9.397089575890785,41.249548299092],[9.397117030138515,41.24964728951248],[9.397349360018195,41.250072104692],[9.397894732313766,41.25025544276514],[9.397998550482171,41.250104766889095]]],[[[9.32440291061804,41.25229145473349],[9.32493315705645,41.25146124597858],[9.325098781721758,41.25116352200937],[9.325337044201857,41.25048726745259],[9.325387467796892,41.250036737206706],[9.325393539043796,41.24982954091139],[9.32536436064626,41.24936121989925],[9.32530100902319,41.249221778455265],[9.325243713441392,41.2491003355244],[9.323307642188537,41.24858333853351],[9.32224200956241,41.24861451942395],[9.32139615315381,41.25033619528843],[9.321612942991585,41.2510381950531],[9.323455766342557,41.251996862991774],[9.32440291061804,41.25229145473349]]],[[[9.3405054237667,41.25301061782393],[9.340524211580433,41.25289346148541],[9.342819176866962,41.25151747308409],[9.346271166084218,41.25143620669915],[9.349974106789782,41.25197223159785],[9.354890568411232,41.247908196377345],[9.357518198501957,41.24415283816197],[9.359908733873352,41.241555658155164],[9.35857110088264,41.23725524228585],[9.358518088397,41.23712592050593],[9.358450265505722,41.23696159258097],[9.358412610578865,41.23688256507495],[9.3582649734106,41.23662253568264],[9.358144633068859,41.23642785417461],[9.356418117311453,41.23497732891956],[9.350772886232061,41.23115535600683],[9.349219911346239,41.23032767028786],[9.347672307348304,41.22951607582055],[9.346994832552356,41.22926128458261],[9.345603737352722,41.22896832408197],[9.340702105313735,41.22940742276507],[9.335047408838717,41.23339081938405],[9.333121342333534,41.235649480027725],[9.333606404929204,41.24831975715594],[9.336969403643627,41.252435516839064],[9.339159328819505,41.25352803301205],[9.339505807224876,41.25359186818899],[9.340208756788778,41.25334478236044],[9.3405054237667,41.25301061782393]]],[[[9.400515489022899,41.25353136847577],[9.400521249942656,41.25300889980757],[9.400421603152516,41.25296776091369],[9.40036768238675,41.25294811141763],[9.398748690872633,41.25250836628947],[9.398604548010416,41.25250288510805],[9.39837679616355,41.2525096536373],[9.398267581001749,41.25264064387021],[9.398184749518624,41.252759157013124],[9.398063519853006,41.25296112422763],[9.398003561072263,41.2531426128478],[9.397951528161771,41.25366524133837],[9.397998716350644,41.25381933611616],[9.399743440058957,41.25415446004918],[9.400130891446826,41.25407654871958],[9.400315129191394,41.253949799842275],[9.400515489022899,41.25353136847577]]],[[[9.413956000038818,41.25421926565091],[9.413963298334126,41.25406599675813],[9.413766238454704,41.25394192261149],[9.413656760941144,41.253912728032574],[9.413364820128056,41.25416817597944],[9.413350223415707,41.254277654349195],[9.41335022384086,41.25441632596478],[9.413459701523324,41.254584191543266],[9.413525387360847,41.254569594496495],[9.413956000038818,41.25421926565091]]],[[[9.421131730737073,41.26833294600065],[9.421303347162793,41.26833231812155],[9.421861501033435,41.26810282948288],[9.422015546118995,41.268015565883914],[9.423404454850411,41.26692728721422],[9.430764919029928,41.260395280093185],[9.428872801183896,41.25876798770405],[9.431331632321335,41.25150252361192],[9.435640759175028,41.246834925499236],[9.437077336404736,41.24077739594003],[9.435118730021221,41.237182836015606],[9.43273828073306,41.2329176209096],[9.431316815505733,41.231098880715045],[9.43054930504371,41.23005572531486],[9.432667336341334,41.22577697325487],[9.435125037283676,41.22881321370105],[9.437127802150355,41.232611943422164],[9.438934269607067,41.23538706806421],[9.44171336430112,41.23675237737207],[9.44384224030461,41.235476347645104],[9.446088832716312,41.23375619008648],[9.444525538148783,41.2297729195103],[9.441056884988564,41.228737351914944],[9.441373832806741,41.22885273862715],[9.441588478192664,41.22904459888076],[9.44160946153739,41.229194817890594],[9.441620076789318,41.22927170776935],[9.441347669041576,41.229397808971555],[9.440701917180384,41.229627728448925],[9.438073099335986,41.230394412873835],[9.437907773772091,41.23042882112653],[9.437063056729144,41.23012464050424],[9.436896749361953,41.23001154850051],[9.436156270980549,41.229029277581034],[9.436124317093054,41.22895268509751],[9.436012389284341,41.22867342977528],[9.43599886223802,41.228631925099734],[9.437048599889952,41.22549019332904],[9.438467163480192,41.2221808931276],[9.43982409564275,41.21639202212756],[9.439562355481812,41.21585069490978],[9.439044822996902,41.2152022913944],[9.436828485892912,41.21455015147733],[9.430364104738773,41.21415397073491],[9.418974366928177,41.21488316873174],[9.415303579979822,41.216177796187566],[9.407619241302694,41.212903443258654],[9.399031864728247,41.210268784360956],[9.386999929518042,41.20987972378311],[9.382867000437145,41.21016721049289],[9.383215891360322,41.21220963823223],[9.381342505574212,41.21570187924118],[9.374603962287352,41.22536909770081],[9.374381462089126,41.2253191529904],[9.374184394300519,41.22580621434008],[9.374015839040966,41.22684787760216],[9.37402030335594,41.22763191958989],[9.375279651375942,41.230067837416144],[9.377437958362151,41.23399380466283],[9.377548205853746,41.23412827897911],[9.378022150409144,41.23442426217838],[9.378247243967914,41.2345609601909],[9.37878105581182,41.234628946884044],[9.380607963805842,41.23473234644094],[9.381040049644138,41.23475548451484],[9.381909633209148,41.23449700787735],[9.389891259830922,41.23578088898102],[9.397814859721981,41.241465837580755],[9.398560047692794,41.241708567263345],[9.398762505751305,41.24177557906236],[9.399163544910037,41.241981056132644],[9.39923836518056,41.24201939168308],[9.400544598062572,41.24290774906944],[9.402274898583066,41.245314670504236],[9.40229679065783,41.25204563672093],[9.40032546637677,41.258330903270384],[9.40473755304679,41.257585851161316],[9.40451385765602,41.25615440689037],[9.404523460011998,41.25577604792718],[9.404731159077787,41.255099737764795],[9.40486886677886,41.25492923211208],[9.408364553974502,41.25130703328047],[9.410804671248393,41.250209057788105],[9.41154434207305,41.24994434025292],[9.411744508587592,41.24998599829109],[9.412120987086972,41.25006746923277],[9.412342312910223,41.250149998221154],[9.412662338408747,41.250269330322354],[9.413131291080854,41.25058292036292],[9.41332916067475,41.25073083736057],[9.41347445769374,41.25102089155912],[9.415278994078474,41.25494845318939],[9.416024923890438,41.256814865721765],[9.415778973927903,41.25962316195638],[9.41490498869108,41.26610812808322],[9.414701697741283,41.268177258717],[9.417223682541756,41.26921920235682],[9.417449975491003,41.26925050472461],[9.421131730737073,41.26833294600065]]],[[[9.402822325522042,41.27618221819289],[9.403003662277595,41.27605528102115],[9.403067131171833,41.2759555454153],[9.403284736725983,41.27554753544668],[9.403275669822943,41.275429665308266],[9.403194068037783,41.27526646175645],[9.403048996793936,41.27515765854232],[9.402940194364135,41.275193926386315],[9.402804191049283,41.275284595392336],[9.402722589642268,41.27539339846962],[9.402323646326726,41.27602808059335],[9.402323645477901,41.27619128439503],[9.402378047353954,41.27625475312522],[9.402523117654521,41.276309154701096],[9.402822325522042,41.27618221819289]]],[[[9.40343556142968,41.27652460930238],[9.403553441340216,41.276519692268664],[9.40367280108211,41.276486356698],[9.403740872837895,41.27641769853151],[9.40375045742109,41.2763082276454],[9.403598578986552,41.27609391931558],[9.403534027909506,41.276033344003054],[9.403416121141932,41.27603375722218],[9.403319233015994,41.27605436418587],[9.4032075983149,41.276346379277534],[9.40343556142968,41.27652460930238]]],[[[9.363763795314343,41.28363413719891],[9.364233364610886,41.28361013307694],[9.364255640625341,41.283589514070975],[9.364322467385506,41.28352765613021],[9.364314258767275,41.28339369242247],[9.364094205040022,41.28328066638243],[9.363984951756532,41.28322921717848],[9.363676014866908,41.28310383251876],[9.363354472342952,41.28312762037404],[9.363320685341396,41.28322568561761],[9.363293298642553,41.283401422675105],[9.363328204859323,41.28350490097746],[9.363493029857635,41.283618102872225],[9.363538448692008,41.28363484902558],[9.363617177831161,41.2836638756388],[9.363720147006877,41.283659046478135],[9.363763795314343,41.28363413719891]]],[[[9.364768536166425,41.28324640371716],[9.364707044224483,41.28319390398022],[9.364604374230048,41.28325255360538],[9.364570557706234,41.2833449894488],[9.36456490658164,41.283402431881896],[9.364730711463341,41.28369127861863],[9.36485032890347,41.28372746572764],[9.36488172881712,41.28373696488959],[9.364990838154045,41.28376251635446],[9.365196426236025,41.283689802205316],[9.365204905225157,41.28363910750211],[9.365222428264099,41.283534337485264],[9.365015171746622,41.28330755040914],[9.36484775883638,41.28326604453221],[9.364768536166425,41.28324640371716]]],[[[9.365702538829561,41.285432015805846],[9.365627891494665,41.28535005703405],[9.365538272655467,41.28534020879142],[9.365373986216758,41.285324966727636],[9.365048433524752,41.285300665159646],[9.36462008493168,41.28531271936685],[9.36446355058419,41.285349246113626],[9.36438216477867,41.28547786262708],[9.364396062871709,41.28556114048306],[9.364484653968853,41.28565431471367],[9.364677903570215,41.285777558602234],[9.364951417858173,41.28583861934575],[9.36517845572119,41.2858637967104],[9.365431842818365,41.285795435311925],[9.365677129621172,41.28561337602964],[9.365751363768766,41.28554107897091],[9.365764451317563,41.28547910899146],[9.365702538829561,41.285432015805846]]],[[[9.402190490760022,41.28651629807427],[9.402749815469038,41.28522736774366],[9.402840211713357,41.28172193188786],[9.401756880563015,41.28104676153427],[9.400591264210412,41.28053738501232],[9.399835895944586,41.28178773470233],[9.399744686181213,41.28396325320347],[9.399908630128646,41.28465515028676],[9.40075998785377,41.286201513124276],[9.40106902699078,41.286451526416414],[9.40114687603628,41.286488412185534],[9.401308512068436,41.28655653211445],[9.401441463077397,41.2865718321554],[9.402064127017605,41.28660118632603],[9.402190490760022,41.28651629807427]]],[[[9.337185971452758,41.286127164037254],[9.336949308879737,41.285970221894594],[9.336826492811047,41.285890638239714],[9.336660834401902,41.28589787863528],[9.336441606159836,41.285937928528426],[9.336365135971107,41.28604280335708],[9.336356351186906,41.28619602326499],[9.336813264036556,41.286801580420295],[9.33693607601715,41.28688003901688],[9.337110623916848,41.28685926054065],[9.337207484250191,41.28682632370228],[9.337324598937128,41.28668748705366],[9.337389120881584,41.28644296404319],[9.337348830503705,41.2863491112652],[9.337185971452758,41.286127164037254]]],[[[9.366727889437314,41.28723599468899],[9.366936845978115,41.286697119417816],[9.366983137894715,41.28643349652601],[9.366761996321863,41.286129065004516],[9.366514743644826,41.285959832668844],[9.366469098262586,41.28594421439075],[9.366351721451222,41.285904053030244],[9.366048610074772,41.28588925363097],[9.365993386166958,41.285890532662684],[9.365823234332757,41.28589447391309],[9.365461337157583,41.28604537656309],[9.365397313718049,41.28607505050078],[9.365358603040013,41.286092993426266],[9.36526367036132,41.286201386965324],[9.365256665005067,41.28628360415589],[9.365637278532649,41.28707845086742],[9.36588127090927,41.28719815361176],[9.36600088975742,41.287233330622385],[9.366108546707506,41.28726498928497],[9.36645820488371,41.287326930217475],[9.366596888605617,41.287280731930295],[9.366727889437314,41.28723599468899]]],[[[9.400580854662303,41.28742155311449],[9.400948507857077,41.287003667943225],[9.400947763443838,41.28688206667727],[9.400908414272097,41.28679437805619],[9.400802621034472,41.28671958928368],[9.400609157008414,41.28667944581644],[9.400443511256832,41.28668790391763],[9.400068792009034,41.28692678462883],[9.39981539566426,41.28718618586319],[9.400370251974472,41.287402018289505],[9.400513660736543,41.28741840899728],[9.400580854662303,41.28742155311449]]],[[[9.399418262070606,41.28711400886113],[9.399268183925852,41.28709282887358],[9.399174264849117,41.28711342203037],[9.399140795964719,41.2872554093935],[9.399163853025136,41.287364547633786],[9.399330104786792,41.287455173724204],[9.399440832579552,41.28749811690116],[9.399479737393085,41.28751320501744],[9.399591391547013,41.287463274836284],[9.399634523772281,41.287437227805235],[9.399678750213397,41.28734587160369],[9.399684157843533,41.28725352419429],[9.399616653787264,41.28719971198152],[9.399505730516196,41.28712465788633],[9.399418262070606,41.28711400886113]]],[[[9.362186767530245,41.288003264507324],[9.362289751063178,41.28799956254842],[9.362371765863262,41.287983540828755],[9.36254616500124,41.28793682694213],[9.362640692375056,41.287717304560054],[9.362548075450901,41.28747292468011],[9.36250529614858,41.28738545978731],[9.362306844366982,41.287311545270036],[9.362193306678515,41.28729613985033],[9.36198478803283,41.28738124259514],[9.361904993231136,41.28742090244325],[9.3617899203017,41.287505711031336],[9.361785889788642,41.28758679267673],[9.3618280981833,41.2879312042953],[9.36189198823123,41.28798505005154],[9.362146637830275,41.28803491702619],[9.362186767530245,41.288003264507324]]],[[[9.354165052512274,41.288971029143255],[9.355788690671202,41.288869189152],[9.356302204561821,41.2885917409026],[9.357445119483167,41.287117691120926],[9.358342584798901,41.285536301627175],[9.35788219580646,41.27921545084387],[9.356756967223031,41.27787979728252],[9.354372138412385,41.2770295535657],[9.34922145146302,41.27592932658274],[9.348939519559892,41.27595846588065],[9.348521323477145,41.276184925435636],[9.347752350578668,41.27668717914971],[9.347712382104692,41.276749228380936],[9.341497599948687,41.2802186488025],[9.336772254747983,41.28114824001867],[9.336096934082676,41.28131347771259],[9.335665745891623,41.281641265848215],[9.335063783349906,41.2830178203971],[9.335146893814509,41.283507372608675],[9.335770546004968,41.283740881631005],[9.339268837827746,41.28477664474385],[9.345402612153086,41.28792010823395],[9.354165052512274,41.288971029143255]]],[[[9.334062925452022,41.29486810365907],[9.334083240732358,41.294753196709046],[9.334097301211216,41.29459689474432],[9.334046077424151,41.294492081409196],[9.333943920224282,41.29436739607245],[9.333879667785697,41.29435632274737],[9.333475084750452,41.29435749546218],[9.333439393109524,41.294384622120674],[9.333411250925575,41.29442861644778],[9.33347695202173,41.294598670947764],[9.333607247539744,41.294804119769545],[9.333890020417924,41.29492265182626],[9.333997482762312,41.29491671024129],[9.334062925452022,41.29486810365907]]],[[[9.338253424733306,41.294823213726524],[9.338130440431065,41.294714356888136],[9.337790903572193,41.294591047560765],[9.337738816810196,41.29462317792304],[9.337638098070023,41.29477885626826],[9.337638574158909,41.29487118347068],[9.337854398332823,41.2950282391302],[9.338050172519564,41.2950715222533],[9.338296745516173,41.29511696265709],[9.338336179699795,41.295034088010176],[9.338253424733306,41.294823213726524]]],[[[9.336117044254511,41.29454009982873],[9.336080826515012,41.29446476560783],[9.335877002763153,41.29431223041536],[9.335754502556389,41.29429682419212],[9.335569480566942,41.29428762269361],[9.335372227465243,41.29428104896368],[9.335293160857699,41.294292538977636],[9.33514879126239,41.29437965814118],[9.335098198562576,41.29441245854281],[9.33507782754705,41.294516106143284],[9.335095038107196,41.2945900313483],[9.335420094639,41.29505571618733],[9.33563676966423,41.295211447582965],[9.335766603530022,41.295200935239876],[9.336117044254511,41.29454009982873]]],[[[9.335211310072134,41.295218317117666],[9.335275505923141,41.29521813016707],[9.335254299013934,41.295158516448396],[9.3351229610599,41.29487515635283],[9.334980081793427,41.29463123861267],[9.334782009334663,41.294474179968944],[9.33470274095109,41.29444626212812],[9.33459367599721,41.29443081560633],[9.334269987017066,41.294485801606726],[9.33416136574551,41.29455705304785],[9.334148090933661,41.294596724810404],[9.334127505921838,41.294943355291466],[9.334128060063458,41.29505194758881],[9.334229865537168,41.29510744879678],[9.334778384412095,41.29522520679267],[9.335211310072134,41.295218317117666]]],[[[9.332569239799422,41.295018803684705],[9.332482512652293,41.294992030934],[9.33233175448859,41.29499809610349],[9.332258708497214,41.29501970037792],[9.33218022307895,41.29514603456807],[9.332382483850806,41.29528619603849],[9.332527688273519,41.29536234171671],[9.332642840544974,41.29540029199213],[9.332715771207761,41.29535616841898],[9.332779636499984,41.2952906784863],[9.332786660636545,41.295203958529505],[9.33269940561982,41.29507359917405],[9.332569239799422,41.295018803684705]]],[[[9.405863360891225,41.29601777434545],[9.406945422961948,41.29427997570512],[9.406693198343811,41.29381246776305],[9.40664522112215,41.29377977338046],[9.406556763258514,41.29371949519832],[9.406357740680228,41.29364475801384],[9.406096134064972,41.293589383643564],[9.40433534082078,41.29397052651204],[9.404149423846714,41.29408377532715],[9.403891053701214,41.294553081407265],[9.40366989010495,41.29513485234505],[9.403578813096532,41.296213841149715],[9.403591964462212,41.29640971259398],[9.40387971091516,41.29658660456171],[9.405096071141909,41.296517025337664],[9.405863360891225,41.29601777434545]]],[[[9.39925074783431,41.29867902158577],[9.399765046426575,41.298547751316406],[9.399979316584744,41.29842878129744],[9.400104292733229,41.29835679488747],[9.400150413618919,41.2983302283799],[9.400250053237755,41.29826570181646],[9.400334561691336,41.298168575623],[9.400774350033691,41.29757366477619],[9.400873257131607,41.297389789416435],[9.400972100416514,41.297195779576],[9.402227855092546,41.294544267179866],[9.402036470176938,41.29376802372954],[9.401489521475527,41.29295023366506],[9.401248317487182,41.29271281963878],[9.400671465209033,41.29264010773956],[9.400415850268342,41.29266234910427],[9.398231610682908,41.2931338223182],[9.39696483940348,41.29399054959852],[9.396737468174168,41.2941636048356],[9.39663809846552,41.294272039347995],[9.396497725532214,41.29451256771922],[9.396298449377129,41.2948879834576],[9.396385244010949,41.29516804898217],[9.396501823613221,41.2951893183402],[9.399722372902572,41.29620465294623],[9.399269360860586,41.296834635099415],[9.399002374142048,41.29761247334045],[9.39906199736231,41.298086295546796],[9.399121559695047,41.2985499841837],[9.39925074783431,41.29867902158577]]],[[[9.40108489959121,41.30196044515034],[9.401134961142748,41.30184542297145],[9.401225022306651,41.30119205356202],[9.401212652466116,41.30114142815153],[9.401203580949064,41.30110430375118],[9.40071773676326,41.30100838457854],[9.400375032026417,41.3011240771038],[9.400049089245345,41.30129523044897],[9.399969702283036,41.30149817860411],[9.400226340160135,41.301957803561066],[9.400322201357747,41.30200701278143],[9.400452333915357,41.30204484303376],[9.40083493545457,41.302051352649606],[9.40108489959121,41.30196044515034]]],[[[9.379609609417306,41.30817874936125],[9.379943858123138,41.308137112710455],[9.380039332875784,41.308121034010775],[9.380570995737967,41.3078749446131],[9.380747078243221,41.307597376420034],[9.384817749394044,41.29948369440427],[9.384839583099035,41.29938111510355],[9.384534310269121,41.298253967599486],[9.384368392203958,41.2980462194207],[9.383664766313313,41.29738762783936],[9.378555701498474,41.293630221280935],[9.370167716314056,41.29048577068418],[9.367201045854467,41.288291077260034],[9.364971597602587,41.28923903221803],[9.361408207551582,41.29275426643049],[9.362834923946467,41.29751259153265],[9.367046167478511,41.29980971085525],[9.374281713987774,41.303749787910725],[9.376093457191095,41.30488335250859],[9.377822456427728,41.30512314951913],[9.378000142879754,41.30512256617582],[9.378046508460502,41.305135987668315],[9.378188599123757,41.30517711955063],[9.378293941290698,41.305318644328985],[9.378802560183976,41.30625376881069],[9.378502685771144,41.30681548207555],[9.37796887094127,41.30707665698107],[9.377865740930503,41.3071891409225],[9.378659322653549,41.307821573682205],[9.378808628788988,41.30797308608578],[9.379075077661591,41.30818839265779],[9.379306666201943,41.30821127506026],[9.379400739360927,41.308210965035734],[9.379609609417306,41.30817874936125]]],[[[9.341833526946393,41.308546384927716],[9.343105412452505,41.3076241533509],[9.346434918452609,41.30556193226298],[9.348582107135627,41.30443399569366],[9.353556664600088,41.30281095437028],[9.358865649937751,41.29681567991473],[9.359426126619162,41.295507120989534],[9.359457252257064,41.295252126927686],[9.359453364315845,41.29454390987692],[9.359205252267243,41.2942204069941],[9.358525434443813,41.29385095906808],[9.357739941762512,41.29348556745281],[9.355244308367748,41.293088722356075],[9.354875314758603,41.29304369659387],[9.354336319813557,41.293034097198216],[9.34441816423113,41.296871071867436],[9.342715855543418,41.2976722070856],[9.340976674012545,41.30018497598048],[9.333673935204484,41.301737591586736],[9.334442231390613,41.30453137728132],[9.335049010049856,41.3063883121285],[9.33780260168462,41.30843176020127],[9.340454425553318,41.30889097972306],[9.34165561763609,41.3087919550015],[9.341833526946393,41.308546384927716]]],[[[9.369711153280184,41.30930681482868],[9.369565197956156,41.308576246783545],[9.36810732560706,41.308763323744344],[9.367964499445824,41.30885723469703],[9.36778315176899,41.3090053149369],[9.367738873840182,41.30909778473061],[9.367739291404195,41.30917209626717],[9.368047948041434,41.30962261862733],[9.36823646097372,41.309686195796594],[9.368894329266647,41.30983159004834],[9.368985279831609,41.309806527287165],[9.369711153280184,41.30930681482868]]],[[[9.37629837840713,41.312736304833415],[9.376537007910677,41.31268253745436],[9.37744311723825,41.31236092434872],[9.37930023542837,41.311577791039674],[9.379974464037318,41.3110937757074],[9.380358735728006,41.30842640399419],[9.38022005786117,41.3083850374555],[9.379735831113615,41.3083145740493],[9.376705456862505,41.30796084752566],[9.376120008607128,41.30794474648897],[9.375726002943296,41.30798206323864],[9.371292662775064,41.30860583229487],[9.371007013021936,41.30871910943668],[9.370763433570675,41.308821005119675],[9.370291916870475,41.309061879884815],[9.370243976226298,41.309122272383846],[9.37018122927347,41.30924646378297],[9.37013473220604,41.309474057564564],[9.370139696005413,41.309559614127565],[9.371180833179475,41.31119452942208],[9.374112860866434,41.31234815090772],[9.375887665759432,41.31272969834244],[9.376131337868394,41.312773940082565],[9.37629837840713,41.312736304833415]]],[[[9.36972795079519,41.313097005853464],[9.369887116033546,41.31295631270659],[9.370014671006084,41.312801647284665],[9.370014339934295,41.31274309814375],[9.369994652650254,41.31269474581128],[9.369930387780043,41.31268594463747],[9.36973484545528,41.312666305519514],[9.369545050488203,41.312677048686766],[9.36926333004761,41.312770281053105],[9.369129660359024,41.31284727453672],[9.369135721797884,41.31307019535933],[9.36914219372577,41.313142235491455],[9.369251447488521,41.31331077898136],[9.369363505623864,41.31332055224587],[9.369472303702695,41.3132819211553],[9.369567662600222,41.31324333220987],[9.36972795079519,41.313097005853464]]]]},"properties":{"name":"La Maddalena","op_id":"8135","minint_elettorale":"4200730350","minint_finloc":"5200730350","prov_name":"Gallura Nord-Est Sardegna","prov_istat_code":"113","prov_istat_code_num":113,"prov_acr":"OT","reg_name":"Sardegna","reg_istat_code":"20","reg_istat_code_num":20,"opdm_id":"7612","com_catasto_code":"E425","com_istat_code":"113012","com_istat_code_num":113012}},
{"type":"Feature","geometry":{"type":"Polygon","coordinates":[[[9.664284042268806,40.85581294646596],[9.662874647782507,40.85223454987605],[9.662408412327995,40.8510640465469],[9.656722030655468,40.84514175344646],[9.653411671784559,40.84173831144538],[9.652623081693612,40.84092632594283],[9.652173125100967,40.84042964020772],[9.652014336972233,40.840231238564186],[9.649760489665852,40.83626427862787],[9.648418368608667,40.833442855056774],[9.646472858170117,40.82929367310241],[9.641749554548067,40.81870539195753],[9.641726451729882,40.8186869180339],[9.62961236676887,40.81441478261118],[9.614738830322395,40.80835441943205],[9.594227693486028,40.79828404230257],[9.593908762477373,40.798105142614325],[9.592531949867404,40.797324620082236],[9.591811097937141,40.796487100821885],[9.58839775372284,40.792438242499344],[9.58364548808152,40.78618918179698],[9.578287109606185,40.792539448051365],[9.574991943329414,40.79257662749918],[9.57252705318726,40.792562827725625],[9.572443396711973,40.79256227346029],[9.544986389458128,40.79220204627604],[9.531722780737859,40.79194945193742],[9.522607729473968,40.78988136430597],[9.52069364165942,40.786613187791744],[9.520185165563323,40.78677403911843],[9.517033726562,40.78837986438742],[9.513466407352997,40.79249542459456],[9.512533349433598,40.793597892114576],[9.512541491260643,40.793735187966774],[9.510977180114509,40.79533142659383],[9.510794185036533,40.79551814896574],[9.506790790193325,40.79904909128178],[9.503327446935769,40.8019379407212],[9.503189794735531,40.8020454467495],[9.499350024853118,40.80589427633529],[9.479001447731646,40.82538972870708],[9.470949011701045,40.83002774754805],[9.47044057424149,40.83019095086507],[9.460451043324491,40.831399938622646],[9.446779917108508,40.831777360821675],[9.438426140449671,40.831248497641035],[9.43794890252993,40.831542113357706],[9.437010092946531,40.83215456535438],[9.434004437847808,40.83411990745262],[9.431345177956093,40.835883374004474],[9.43051695256501,40.83706812607698],[9.43038526007375,40.8372305868044],[9.43009192737363,40.83759244872162],[9.429799145739114,40.8379536249804],[9.429104518288302,40.838757956999125],[9.428255505091684,40.83953583350287],[9.42329639769008,40.8422182040727],[9.420076784289913,40.84351044380372],[9.414852625855566,40.845405840969626],[9.402189150878394,40.84988642069505],[9.403648268239479,40.84990546154764],[9.40370877589338,40.8498871491478],[9.421497464767516,40.850596203739215],[9.42484687539958,40.850868315937895],[9.444999539860087,40.852345046949885],[9.456269834084178,40.85314971379295],[9.463481552298427,40.8536481141165],[9.47872049179007,40.85458407833604],[9.485263390940027,40.854943724327825],[9.495515322744142,40.85555195193653],[9.517188070947734,40.85718811740365],[9.533243089434137,40.85893469812579],[9.538729560073413,40.85961991823349],[9.548630135720236,40.86231047703675],[9.548724712876375,40.86272433582882],[9.55325517057243,40.86412188522653],[9.567378228769437,40.86836985798655],[9.568652020235804,40.8686464817134],[9.584430695762599,40.87072053770179],[9.587969673777742,40.87118097934852],[9.589162645553694,40.87128929915902],[9.59449806665205,40.87191716023237],[9.596883698251055,40.872261844834036],[9.621066140923794,40.88010927454643],[9.63102750608429,40.883632998756745],[9.633069485241812,40.88441905034071],[9.634396955873187,40.88440488562071],[9.63587244280681,40.883904594168584],[9.63643589559928,40.88301749513414],[9.638158679796552,40.878534384021364],[9.640160230439234,40.8739392026213],[9.640221949715773,40.87385778576087],[9.6403955741278,40.87373070582788],[9.640715026189952,40.87362983982387],[9.642556982103331,40.87309089818904],[9.644209486028885,40.874186905481594],[9.648037476033183,40.87699406197987],[9.647662842150014,40.877862405354485],[9.646825382222229,40.87805483435426],[9.645802582954326,40.87845692938102],[9.645623900643317,40.87907161878271],[9.646074439881707,40.88001046074293],[9.647599144142509,40.880728202134534],[9.647797221244469,40.88080591188826],[9.64794862838943,40.88081406974448],[9.648456960565793,40.88075828887132],[9.653307041078858,40.879879735524504],[9.654240458805573,40.879595088686294],[9.657779602292127,40.87569727203764],[9.656647851366001,40.873244084622726],[9.653772090903331,40.86817974742275],[9.65290543650832,40.86285399719313],[9.658468413498808,40.85641184044174],[9.664284042268806,40.85581294646596]]]},"properties":{"name":"Loiri Porto San Paolo","op_id":"8136","minint_elettorale":"4200730351","minint_finloc":"5200730351","prov_name":"Gallura Nord-Est Sardegna","prov_istat_code":"113","prov_istat_code_num":113,"prov_acr":"OT","reg_name":"Sardegna","reg_istat_code":"20","reg_istat_code_num":20,"opdm_id":"7661","com_catasto_code":"M275","com_istat_code":"113013","com_istat_code_num":113013}},
{"type":"Feature","geometry":{"type":"Polygon","coordinates":[[[9.107264664425298,41.02723853876827],[9.108384908662439,41.02851664431081],[9.11037380968564,41.030280073089486],[9.116069336754816,41.033597080233115],[9.130126411986922,41.03890752930608],[9.151503036523682,41.06064274651663],[9.159336700326142,41.06950732960944],[9.162069241304405,41.072881538771426],[9.162023802168255,41.07316085257613],[9.160384215859056,41.074433281022436],[9.159362284738753,41.07517335901502],[9.15813783532425,41.0758596572665],[9.15643711344522,41.07651055843734],[9.155830518541519,41.076727573279605],[9.154713144049348,41.07712108499196],[9.154212890741137,41.077297256125235],[9.153772730402949,41.077423957025424],[9.151916462547822,41.077768724773925],[9.15151188364711,41.07784132234163],[9.14528038848957,41.08613674222125],[9.15110307477725,41.09166018205099],[9.153975171899667,41.09275535873874],[9.157569243179502,41.09696625246891],[9.154885565696496,41.10014971824543],[9.152517023605832,41.10067534270388],[9.151719699942378,41.10091060355684],[9.15089888331746,41.101290017971984],[9.150399712157524,41.10172305466502],[9.150547512109984,41.10386676695539],[9.151158111316594,41.10528022382123],[9.151421500336959,41.1058834141049],[9.15271255067782,41.10797156548009],[9.160613320788892,41.1098615095393],[9.164675097511207,41.110035935134654],[9.168079128304818,41.109148236654356],[9.173449003726947,41.108281500434174],[9.178330273374973,41.107916746503676],[9.184712957979594,41.107582402165036],[9.186257563439241,41.107552585958054],[9.188785840999115,41.107503736982466],[9.189566490996587,41.10977555227804],[9.188625554039998,41.11807937653742],[9.19037190457183,41.13295766523369],[9.190424973772778,41.13324618108835],[9.19048992551646,41.13359928730025],[9.190505046551026,41.13367808159436],[9.191482651132828,41.133892651560565],[9.19998197544631,41.13531948339833],[9.2003275821139,41.135345906086734],[9.200756587589808,41.13517997381827],[9.20195349791128,41.13471701528659],[9.203198135001964,41.134349252367045],[9.20586197039728,41.13344447933396],[9.207026597303187,41.13249655714366],[9.210792182320345,41.128994640746],[9.210956518658472,41.12822866377403],[9.210455611381974,41.1280584282497],[9.21004972635514,41.12779793792668],[9.209927724249692,41.12689736439732],[9.209998311902527,41.12661798855906],[9.21004022243022,41.126584696839124],[9.210259738379612,41.126410328788296],[9.212541948857561,41.12482974680107],[9.212957989737395,41.12454973212338],[9.213302844878891,41.12435992630659],[9.213356958716204,41.12433563682571],[9.214587708968804,41.123835078675576],[9.215777752665794,41.123463529136636],[9.217146737536204,41.12317270158832],[9.219956834597946,41.12279804394719],[9.22218392722329,41.1226406346852],[9.223339299084948,41.12260236945514],[9.232179784112319,41.12302628160813],[9.23266885990405,41.12321446278106],[9.233170424928147,41.123564759426216],[9.233433267474572,41.1237804208938],[9.233498400296966,41.12384668172217],[9.233636512981315,41.12398718918956],[9.23391302828531,41.12469825736217],[9.233831110969035,41.12511279046985],[9.233477463559739,41.12616743933223],[9.23777127349188,41.12428500027873],[9.237821254669516,41.11833062977431],[9.241163092400928,41.11362151792307],[9.243548847958923,41.11137351254759],[9.256729850387785,41.11040806425972],[9.265774789222059,41.111675695142544],[9.2745095046272,41.1127289652233],[9.28499404405015,41.10931620688681],[9.290728949213353,41.10669706897774],[9.296419908638528,41.10293579614749],[9.298790624100201,41.10120859409289],[9.299668485672324,41.10046765749709],[9.296285726459795,41.09988965383856],[9.2944720666914,41.09949017628008],[9.291374024178399,41.09636326855304],[9.289636751644908,41.09393548762111],[9.289354129921891,41.09325656085108],[9.286370603589043,41.08214314862813],[9.284997679193483,41.0757418420892],[9.286329047377707,41.07256771218524],[9.287251146345197,41.07110611417533],[9.288815437347251,41.06952579613402],[9.289159430904892,41.06925469184254],[9.296839669978771,41.06197467565883],[9.296894814692232,41.06178073279485],[9.296933300972746,41.06162312025497],[9.296776438853838,41.06114609724782],[9.296537525214617,41.06094853528459],[9.292847175402548,41.05804836801017],[9.290522131764746,41.05434292917663],[9.290413130116995,41.05391081688282],[9.289998675937378,41.05205839071249],[9.290392731164482,41.049271710238116],[9.290498078653512,41.0488750899201],[9.290947341615428,41.04821636639856],[9.29150360527231,41.04753935506859],[9.291907443959628,41.047376187138674],[9.292466881487842,41.04741980954668],[9.292979482602238,41.04763470132617],[9.294669867169686,41.045135153126786],[9.295070855404218,41.0416750220249],[9.293034033292171,41.03847333820672],[9.290069372694004,41.03548080357997],[9.288087242373178,41.03357639638166],[9.280679821410123,41.02474814166174],[9.280231853421224,41.02145282858422],[9.27861811323315,41.01954701839821],[9.276039179598298,41.02003065496311],[9.26183639564951,41.02265813316707],[9.260459978221743,41.02290771759611],[9.259673164839052,41.02305037648172],[9.259268969156986,41.023105335525514],[9.253904172443534,41.02300017263858],[9.251217240101493,41.02292611342901],[9.247278295475745,41.022816399579796],[9.243888838326034,41.022668794849636],[9.233329971401854,41.02457679201614],[9.229059154398648,41.025845869118235],[9.226668548399934,41.02592603880381],[9.213032922256733,41.02606465013632],[9.180163228884492,41.015914503379],[9.17956309631865,41.015711887663166],[9.176687290628788,41.01473981755159],[9.175538090359035,41.01426698932643],[9.174854505992112,41.01398572539597],[9.17369893258066,41.013510244516695],[9.168972475468788,41.01153547825136],[9.168662907577604,41.01139180108237],[9.168244424952443,41.01106693499722],[9.16727446319739,41.01031284641662],[9.166796896723143,41.009935902249936],[9.1643807554035,41.00800184376453],[9.164337475115165,41.00796594375535],[9.155577206644578,41.00078958945071],[9.15446208746582,41.001330179537305],[9.15358483010777,41.00175613487063],[9.15296709514992,41.002096061221394],[9.151779735606786,41.00274942396776],[9.14907531830762,41.00469294010638],[9.147541528072784,41.00579968419193],[9.144493772592876,41.008099448442955],[9.144122445911545,41.008380341969655],[9.142645012056056,41.013258772376105],[9.141996509945372,41.0151751245243],[9.140301755742998,41.01569706639398],[9.139880928708786,41.01582629797853],[9.139405470147334,41.015952988034705],[9.131828376539742,41.01537637457146],[9.131323892631697,41.01531035903344],[9.129532420409225,41.01507270014401],[9.126034307005687,41.014248579199005],[9.124248777242896,41.013396595704855],[9.118830388109096,41.01600306119066],[9.115143379993713,41.02527563012017],[9.109177199298152,41.025669328751974],[9.107264664425298,41.02723853876827]]]},"properties":{"name":"Luogosanto","op_id":"8137","minint_elettorale":"4200730360","minint_finloc":"5200730360","prov_name":"Gallura Nord-Est Sardegna","prov_istat_code":"113","prov_istat_code_num":113,"prov_acr":"OT","reg_name":"Sardegna","reg_istat_code":"20","reg_istat_code_num":20,"opdm_id":"7613","com_catasto_code":"E747","com_istat_code":"113014","com_istat_code_num":113014}},
{"type":"Feature","geometry":{"type":"Polygon","coordinates":[[[9.27861811323315,41.01954701839821],[9.279010186902266,41.01944698077208],[9.279579078822447,41.01728837554405],[9.279900472354022,41.016484709310404],[9.282524202993544,41.01513253732561],[9.286257354985734,41.006925920463175],[9.280100054485887,41.00437822940241],[9.278169394871231,41.00367136615169],[9.26920927332588,40.99888668456773],[9.266198849876439,40.993898650323736],[9.264695915725968,40.992178104895245],[9.262434361325022,40.990506698083294],[9.255479426930618,40.98739648404153],[9.253933888261972,40.98673329394311],[9.252883593853385,40.98628519387751],[9.25020159906118,40.9854110588918],[9.249717552878664,40.98525615489092],[9.249648861610474,40.98524217242292],[9.248337551020189,40.98497988193635],[9.247767321608976,40.98508019964864],[9.240067172075864,40.98499003404519],[9.231471139750127,40.98147340992909],[9.226881628877477,40.97838507101124],[9.228498802832133,40.975120909346856],[9.228473943414288,40.974805671930035],[9.225823618988539,40.97137876849793],[9.224261154330746,40.96975133311866],[9.218801352430798,40.964744250221784],[9.214574912594676,40.957180900349805],[9.210595826692584,40.948028995333786],[9.210598430856804,40.94791750550979],[9.210606282584955,40.947580816304615],[9.210451468997057,40.94605067473623],[9.210255196885196,40.94551856839006],[9.208163591252537,40.942684765670386],[9.20706077209963,40.942173280630236],[9.203492993285181,40.941175710541195],[9.195327636175122,40.93957235163441],[9.18938456124595,40.93445461309842],[9.183823449536755,40.92924076738141],[9.18173248155959,40.92750159389444],[9.179759928811716,40.92664618120701],[9.172742680821392,40.924080046327646],[9.16621864491009,40.92473632352861],[9.162701283533218,40.92103443066689],[9.161773778753105,40.92238247405246],[9.161536242561723,40.92725628844916],[9.161477864817222,40.92767075060237],[9.161205804226556,40.928130553348296],[9.16082669037402,40.9285274472503],[9.158587347300656,40.93082765937642],[9.158353709057653,40.93094719505938],[9.158267032342604,40.9309902478153],[9.156165606572266,40.931400257501345],[9.153256357450289,40.931771728092095],[9.139305088360262,40.934946318531544],[9.135642575154657,40.93945077208448],[9.135453425682142,40.944513682929625],[9.134156801510539,40.94955981852671],[9.129705467970243,40.952737250273614],[9.127035201489342,40.95948595621987],[9.119937516444164,40.964105770539476],[9.118334793363822,40.9649992403586],[9.118002587062731,40.965305860039976],[9.117848655381653,40.96562130585324],[9.117801967633733,40.96609878933029],[9.117814701037188,40.9665762120438],[9.1178634726596,40.96726979498846],[9.119599787894389,40.97451060975945],[9.120862943414943,40.97630192563862],[9.122088255558415,40.983318022106374],[9.123544992598674,40.986793631372876],[9.127863031987834,40.994355795952],[9.132250935946077,41.00110222090341],[9.138803510576972,41.00449534680727],[9.144122445911545,41.008380341969655],[9.144493772592876,41.008099448442955],[9.147541528072784,41.00579968419193],[9.14907531830762,41.00469294010638],[9.151779735606786,41.00274942396776],[9.15296709514992,41.002096061221394],[9.15358483010777,41.00175613487063],[9.15446208746582,41.001330179537305],[9.155577206644578,41.00078958945071],[9.164337475115165,41.00796594375535],[9.1643807554035,41.00800184376453],[9.166796896723143,41.009935902249936],[9.16727446319739,41.01031284641662],[9.168244424952443,41.01106693499722],[9.168662907577604,41.01139180108237],[9.168972475468788,41.01153547825136],[9.17369893258066,41.013510244516695],[9.174854505992112,41.01398572539597],[9.175538090359035,41.01426698932643],[9.176687290628788,41.01473981755159],[9.17956309631865,41.015711887663166],[9.180163228884492,41.015914503379],[9.213032922256733,41.02606465013632],[9.226668548399934,41.02592603880381],[9.229059154398648,41.025845869118235],[9.233329971401854,41.02457679201614],[9.243888838326034,41.022668794849636],[9.247278295475745,41.022816399579796],[9.251217240101493,41.02292611342901],[9.253904172443534,41.02300017263858],[9.259268969156986,41.023105335525514],[9.259673164839052,41.02305037648172],[9.260459978221743,41.02290771759611],[9.26183639564951,41.02265813316707],[9.276039179598298,41.02003065496311],[9.27861811323315,41.01954701839821]]]},"properties":{"name":"Luras","op_id":"8138","minint_elettorale":"4200730370","minint_finloc":"5200730370","prov_name":"Gallura Nord-Est Sardegna","prov_istat_code":"113","prov_istat_code_num":113,"prov_acr":"OT","reg_name":"Sardegna","reg_istat_code":"20","reg_istat_code_num":20,"opdm_id":"7614","com_catasto_code":"E752","com_istat_code":"113015","com_istat_code_num":113015}},
{"type":"Feature","geometry":{"type":"Polygon","coordinates":[[[9.400149524484545,40.74376867673535],[9.395877217828378,40.74436896527927],[9.385752352946307,40.744763590153966],[9.379010738148793,40.74232659391592],[9.372627685450569,40.740383514740884],[9.370461587999218,40.74062470969216],[9.365762478168618,40.741409275615],[9.3631401552717,40.742458695093866],[9.357946265101171,40.74132182632158],[9.350348593224156,40.73799395708704],[9.345376230976076,40.736072103364315],[9.342232561567082,40.735050705155516],[9.337531083098892,40.73508635274225],[9.336810126273326,40.735376732216714],[9.336586473509742,40.735647641721606],[9.331127919976057,40.735870627740184],[9.323280514218109,40.734370426220735],[9.311266275313123,40.73525926489372],[9.30144657699395,40.736186197608085],[9.298298897094813,40.738545596747],[9.30213912722411,40.747039682909666],[9.303099322068972,40.74981179787085],[9.303129067680835,40.7511449834017],[9.302652435278949,40.75278516416802],[9.297294399318293,40.76563686881665],[9.293623220167717,40.77380475858267],[9.291708952522233,40.77893630157754],[9.290887425319088,40.78534578620216],[9.28598704684406,40.795242409032866],[9.28674724129872,40.80097684825164],[9.298258134136221,40.808783957181255],[9.29939732503541,40.812695352719906],[9.30051053729455,40.81937311143497],[9.30467116087644,40.82163232310254],[9.311860919604824,40.824931008946564],[9.315146047834125,40.82747767866979],[9.310944622077466,40.83694791332787],[9.30718360352436,40.84185855988048],[9.303154154418035,40.845256376855026],[9.301169136571648,40.847000195802565],[9.307315259699257,40.851091657208684],[9.30933287029309,40.85166692606854],[9.310977929579824,40.85196204312715],[9.314332659884407,40.852302413779235],[9.321648595666069,40.85169087362107],[9.32401430146264,40.85138169889718],[9.326492226676438,40.85098507791291],[9.331149796873405,40.85001691312715],[9.339579181403398,40.848938425941625],[9.351696056087585,40.849793950813414],[9.353513229152702,40.85018476549565],[9.353881853046737,40.850345785538025],[9.35880514966394,40.85473567244177],[9.359898623814422,40.85729064288907],[9.361952705546694,40.85974349970017],[9.376573260799324,40.85622276386127],[9.39666353488524,40.85155116387046],[9.402434788505868,40.85038029952869],[9.403648268239479,40.84990546154764],[9.402189150878394,40.84988642069505],[9.414852625855566,40.845405840969626],[9.420076784289913,40.84351044380372],[9.42329639769008,40.8422182040727],[9.428255505091684,40.83953583350287],[9.429104518288302,40.838757956999125],[9.429799145739114,40.8379536249804],[9.43009192737363,40.83759244872162],[9.43038526007375,40.8372305868044],[9.43051695256501,40.83706812607698],[9.431345177956093,40.835883374004474],[9.429217171176688,40.82988135113722],[9.426169282282089,40.824718312971655],[9.420294486249897,40.81796004169531],[9.420103289752507,40.81772651912295],[9.419967698625715,40.81725623630117],[9.42015673959571,40.81553119041693],[9.420768843587688,40.811069788559934],[9.420702255278476,40.802403915200294],[9.415825620157609,40.78842245369225],[9.411659420692336,40.77401481899676],[9.410460321712087,40.771721924347055],[9.408781503178721,40.76847581647876],[9.40854044734854,40.767810041436356],[9.408506987362262,40.76761809989433],[9.407987485517387,40.76457794571841],[9.406904211709165,40.7579154729058],[9.406539834517085,40.7551610735893],[9.40633257557878,40.75362018957811],[9.406322931606022,40.75355716519344],[9.406140327791102,40.75308959717357],[9.404695951688165,40.75078848878942],[9.400149524484545,40.74376867673535]]]},"properties":{"name":"Monti","op_id":"8139","minint_elettorale":"4200730410","minint_finloc":"5200730410","prov_name":"Gallura Nord-Est Sardegna","prov_istat_code":"113","prov_istat_code_num":113,"prov_acr":"OT","reg_name":"Sardegna","reg_istat_code":"20","reg_istat_code_num":20,"opdm_id":"7618","com_catasto_code":"F667","com_istat_code":"113016","com_istat_code_num":113016}},
{"type":"Feature","geometry":{"type":"MultiPolygon","coordinates":[[[[9.423190857046642,40.73151595070882],[9.420835812125867,40.734765297911295],[9.411220424458675,40.73739675920735],[9.406614329730974,40.73755721447421],[9.400223346295627,40.738300235705395],[9.399844684145666,40.73835559977489],[9.399563894817671,40.738933119038066],[9.399011816966038,40.74019397282347],[9.399000919378238,40.74024809190436],[9.398922841331302,40.74066497680502],[9.398891776560342,40.74141279356656],[9.39897662069535,40.741736807618665],[9.400149524484545,40.74376867673535],[9.404695951688165,40.75078848878942],[9.406140327791102,40.75308959717357],[9.406322931606022,40.75355716519344],[9.40633257557878,40.75362018957811],[9.406539834517085,40.7551610735893],[9.406904211709165,40.7579154729058],[9.407987485517387,40.76457794571841],[9.408506987362262,40.76761809989433],[9.40854044734854,40.767810041436356],[9.408781503178721,40.76847581647876],[9.410460321712087,40.771721924347055],[9.411659420692336,40.77401481899676],[9.415825620157609,40.78842245369225],[9.420702255278476,40.802403915200294],[9.420768843587688,40.811069788559934],[9.42015673959571,40.81553119041693],[9.419967698625715,40.81725623630117],[9.420103289752507,40.81772651912295],[9.420294486249897,40.81796004169531],[9.426169282282089,40.824718312971655],[9.429217171176688,40.82988135113722],[9.431345177956093,40.835883374004474],[9.434004437847808,40.83411990745262],[9.437010092946531,40.83215456535438],[9.43794890252993,40.831542113357706],[9.438426140449671,40.831248497641035],[9.446779917108508,40.831777360821675],[9.460451043324491,40.831399938622646],[9.47044057424149,40.83019095086507],[9.470949011701045,40.83002774754805],[9.479001447731646,40.82538972870708],[9.499350024853118,40.80589427633529],[9.503189794735531,40.8020454467495],[9.50021340267424,40.79813748132218],[9.495270326196625,40.7893383814366],[9.4951322200819,40.78909583417523],[9.487299220118022,40.781805303112215],[9.479030658498663,40.77201483047888],[9.479559574473143,40.76267543242334],[9.477376363263025,40.753808479164576],[9.45579958281668,40.73815382565571],[9.451969699108714,40.73771733246243],[9.446263396014892,40.73805033123089],[9.436822503111232,40.73706148135459],[9.430705353106346,40.73642033499588],[9.428629666306273,40.73329870620224],[9.423190857046642,40.73151595070882]]],[[[9.708158680364907,40.875478525444265],[9.708226544611787,40.87544320145718],[9.70829980113202,40.87535717333701],[9.707699620354424,40.874998274723964],[9.707477001868497,40.874942212314956],[9.707293544615107,40.874896012182155],[9.707232558453526,40.87488065399313],[9.70722751311907,40.874943742375635],[9.707212919902537,40.875126249740156],[9.707382992404856,40.8756341740963],[9.707697441929152,40.87590812264602],[9.70789770060975,40.87590689372363],[9.707936269175368,40.87590665700095],[9.708094584532953,40.875867399754654],[9.708158680364907,40.875478525444265]]],[[[9.778186487088703,40.87548672012133],[9.778418426091584,40.87538606444731],[9.77848850526781,40.875352969655],[9.778776136956262,40.875167451973866],[9.779104152542677,40.874796525524175],[9.779053618789776,40.874503702086244],[9.778626519857776,40.87342688096684],[9.77843470363596,40.87313501085791],[9.777887642160584,40.87307434810974],[9.777551063662216,40.87329112906885],[9.777401528792748,40.8733922419715],[9.77724637135846,40.87361934414876],[9.77697465955667,40.87435985134513],[9.776958873378375,40.874495081516024],[9.776931511236487,40.874729480222655],[9.776914627140345,40.875254617438706],[9.777465142771867,40.87558166701767],[9.778093133242525,40.87562247374064],[9.778186487088703,40.87548672012133]]],[[[9.729635793015321,40.87635696062227],[9.735207623579825,40.87553448130962],[9.739130262227636,40.87342850222412],[9.740667569325174,40.87213946768947],[9.741899918609217,40.8697150806158],[9.741142779128625,40.864470380060936],[9.740966130281752,40.864058260892875],[9.739910991405827,40.86254150976241],[9.739077629120391,40.86168205763914],[9.736987148136688,40.85995683563262],[9.735739314070594,40.859451330164134],[9.732798760128789,40.85914800294293],[9.732635729475186,40.859158191036485],[9.732197027726306,40.859185605460425],[9.731117153763089,40.859575307410935],[9.729592850901513,40.8602831007975],[9.713566070158564,40.86609236075008],[9.710975673794769,40.86771408202721],[9.710347481627888,40.868878893879725],[9.710363850795313,40.86971656266319],[9.71056437970043,40.87029748797396],[9.71074569533328,40.87060715680488],[9.714421527252538,40.87517303186053],[9.715327370548879,40.875938749547494],[9.716793825456564,40.8762296209313],[9.718449889582471,40.87605446557284],[9.728039028091704,40.876851244735875],[9.729635793015321,40.87635696062227]]],[[[9.671412908503882,40.87876830600342],[9.671546769889579,40.87875311334004],[9.671657829485824,40.8787326492047],[9.673221579248848,40.87800850075028],[9.673421894959548,40.87785362744873],[9.673356956123788,40.87778759530148],[9.673133965511198,40.87756084988915],[9.672045232969316,40.87699179546888],[9.671794730796258,40.87686601286949],[9.67165360389121,40.876923349514556],[9.67122178725301,40.87712946264199],[9.670235851382529,40.877726804562],[9.670201997132391,40.87780425771867],[9.670151614715424,40.87792029323398],[9.670084563148903,40.878075188459434],[9.670932167383649,40.87856571518711],[9.671412908503882,40.87876830600342]]],[[[9.64089467694157,40.88641158630061],[9.640992946267115,40.8864470726304],[9.641156941679666,40.886220954492096],[9.641193423295746,40.886157694232125],[9.641387084582558,40.885777143974444],[9.64128494751232,40.885033403503215],[9.639559210173864,40.884396643175215],[9.639305632949254,40.88456470240381],[9.639139038154191,40.884736782352775],[9.63911692285958,40.884804043149124],[9.639044573065902,40.88503457915813],[9.639111218185828,40.885330356271886],[9.639459778175729,40.88593535644196],[9.639512441880083,40.886011634399374],[9.640096994932803,40.88647006525887],[9.640352651261896,40.88651726858772],[9.640452238153294,40.886535655647265],[9.640702596114906,40.8864948536652],[9.64089467694157,40.88641158630061]]],[[[9.651070601896237,40.89009639650243],[9.65518670059921,40.88874324159381],[9.655211383704872,40.88868836046297],[9.65535222063893,40.888375214505835],[9.654828174188896,40.88774536137269],[9.654451196313435,40.88758422605109],[9.653595580209048,40.88733459538866],[9.653185291347018,40.88725584479494],[9.649056736422873,40.88672176762451],[9.648201327432117,40.88679413998242],[9.648071317062408,40.88685149427444],[9.64787039386977,40.88694013185308],[9.646973890409694,40.88797323214902],[9.646869454831924,40.888219293168106],[9.646785239789093,40.88856095330024],[9.646890107180955,40.88869774129383],[9.650356204278673,40.8901781231257],[9.651070601896237,40.89009639650243]]],[[[9.668495782421596,40.8935651024284],[9.668323710932466,40.89351205069267],[9.667725237429055,40.8935639360407],[9.667626545492903,40.89359716254678],[9.667536055481886,40.89374744871715],[9.667548820146148,40.89383633106273],[9.667620857275756,40.8939169880259],[9.667949922926564,40.89417632203031],[9.668458179700698,40.89395717945957],[9.668569214642552,40.893784252684846],[9.668582862584035,40.89366594030931],[9.668561576268974,40.893641290835916],[9.668495782421596,40.8935651024284]]],[[[9.674832129277773,40.89649979424117],[9.674584994805686,40.896421292206995],[9.674437820703256,40.89654151219552],[9.674441327974133,40.89675205914614],[9.67457232408328,40.89692695325115],[9.674882300410067,40.897056044883435],[9.675231164775026,40.89692309768645],[9.675203824436698,40.89675547978217],[9.675193181586002,40.896690231841596],[9.674832129277773,40.89649979424117]]],[[[9.584030534144905,40.9054381434284],[9.58429888921463,40.90525909138647],[9.584079895027953,40.90499671006751],[9.582265114133888,40.904134220256466],[9.582206519956229,40.90415083195161],[9.581943495658907,40.90423843040444],[9.581776267700466,40.90443235130242],[9.581752609545894,40.90446449883506],[9.581607353732592,40.904663514551196],[9.581642770207571,40.90480972025345],[9.581987045235703,40.90537730474098],[9.582364638199678,40.905405125142785],[9.583239260755567,40.90560339144334],[9.583489381167622,40.905692208507645],[9.5839281288381,40.905628055602826],[9.584030534144905,40.9054381434284]]],[[[9.50870269977183,40.918188310069915],[9.508831481178722,40.918140698674314],[9.509188146495529,40.917945629331825],[9.509218651390267,40.91782632181141],[9.509219851497292,40.91768156547313],[9.508886589551013,40.917583946017984],[9.508268741974867,40.917541630172096],[9.508033309479227,40.917812914419706],[9.508130449344558,40.918091742444894],[9.508440169331948,40.91821649282306],[9.50870269977183,40.918188310069915]]],[[[9.647946572666047,40.9178604868565],[9.64738486623959,40.91734341766815],[9.647217423036214,40.91722162057562],[9.647176517152872,40.917200337466014],[9.646998138141306,40.917111374470096],[9.646611111317533,40.91714343657958],[9.646375693765501,40.91721508137821],[9.64634851241219,40.917639745604106],[9.646346061478537,40.91767804455527],[9.647308452385742,40.9181838620145],[9.647599210637255,40.918164213852556],[9.648014567556272,40.91798284176055],[9.647946572666047,40.9178604868565]]],[[[9.512544196239991,40.91818698262517],[9.512456549520254,40.91802648903752],[9.51111942023822,40.916781109526234],[9.510701600564987,40.91658632527567],[9.510237159291389,40.91645729121855],[9.510064033433567,40.916416346780814],[9.509340066576602,40.91624674639326],[9.50881904714849,40.91621236187435],[9.508000238122687,40.91628803833426],[9.507755180789548,40.916486122329054],[9.50766188066603,40.916611664052404],[9.507766049627286,40.916721465447395],[9.507849539464042,40.91677064355077],[9.508099192963085,40.91689836188886],[9.511278999266676,40.91798511497544],[9.512544196239991,40.91818698262517]]],[[[9.56614147387823,40.92012437939763],[9.565818603105235,40.92006578952239],[9.565740931204612,40.9201414782028],[9.566237849116687,40.920447974418316],[9.56654904463835,40.920611041086275],[9.566680780474371,40.92062932112887],[9.56680643183322,40.920624890375066],[9.566854109176733,40.92061512163397],[9.56695433020798,40.92057649410011],[9.567026419921547,40.92054324043282],[9.56712612697855,40.920494525079754],[9.567081440307733,40.920395653538314],[9.56614147387823,40.92012437939763]]],[[[9.638228776240885,40.920256817528355],[9.638039963901258,40.920227460329286],[9.637874259574753,40.92059433586926],[9.638114485553585,40.92072137301774],[9.638306124511185,40.92058147493047],[9.638400468939471,40.92051260141436],[9.638411130897609,40.9203864273226],[9.638303512158085,40.92030993649209],[9.638228776240885,40.920256817528355]]],[[[9.63288029735603,40.91989046874293],[9.632753844746574,40.919810125943236],[9.632464507552209,40.91978311191414],[9.631771212976666,40.92025184074236],[9.631998901783371,40.92046679102864],[9.632250344126568,40.920681609719836],[9.632607376709323,40.92076072527863],[9.633111742880903,40.920100357888884],[9.633051149307844,40.920013470529284],[9.63288029735603,40.91989046874293]]],[[[9.641548349232744,40.92013029854259],[9.641388516635212,40.920027593297114],[9.641270430554963,40.920097257991245],[9.641066733851867,40.92021742873057],[9.640952011384483,40.920481556916634],[9.640979671153154,40.92073250724216],[9.641142734838951,40.92086221992118],[9.641265869013491,40.92095626993093],[9.6414866158961,40.920961649716716],[9.641699349475239,40.92037868601649],[9.641651426016205,40.92019728625526],[9.641548349232744,40.92013029854259]]],[[[9.513002648932039,40.92186006080229],[9.513044131922902,40.92153572663297],[9.512839902887992,40.921131447574496],[9.511493855032183,40.920164976872144],[9.510580078344208,40.92057623901752],[9.510563198263597,40.92090797187202],[9.511492531858979,40.921623656272104],[9.51234912516938,40.92197705560965],[9.512748353604836,40.92213468767905],[9.512872639044645,40.92207084980494],[9.513002648932039,40.92186006080229]]],[[[9.641961728990328,40.9215828237768],[9.642240664288261,40.92141349316084],[9.642286737339994,40.92126572684929],[9.642302019726937,40.92115754325472],[9.642173661780287,40.92108619278899],[9.642021716584313,40.92103186313209],[9.641920885134944,40.92104368482661],[9.641387090648346,40.921108587001484],[9.641047239137661,40.921272624044555],[9.641088407034097,40.92138499779409],[9.641961728990328,40.9215828237768]]],[[[9.633165936772699,40.9220458342858],[9.633615240712047,40.92199269478576],[9.633774786640334,40.9219107443809],[9.633916518711462,40.921828891684434],[9.634112626346809,40.92168931201446],[9.634157200218814,40.92138278708526],[9.633669026994951,40.920862994767276],[9.633239299153352,40.92071108941401],[9.633152300883598,40.920849956887736],[9.632939975303051,40.92139060157811],[9.632919856905426,40.921615917276576],[9.632999831062493,40.92176749126739],[9.633064996436476,40.92189099651658],[9.633165936772699,40.9220458342858]]],[[[9.635308055924463,40.92328056336393],[9.635160349048704,40.92320368153509],[9.635041785399553,40.92322460316756],[9.634901827210717,40.92333685040778],[9.634949538280548,40.92351337339031],[9.635090707031287,40.923682626354974],[9.635256401389011,40.923777425731544],[9.635358021110543,40.92375434516882],[9.635371064492642,40.92362815829545],[9.63535843507915,40.92342554340032],[9.635308055924463,40.92328056336393]]],[[[9.735498386251072,40.924163501837626],[9.735248447824072,40.923863321146364],[9.735691937626683,40.920117996973396],[9.736821468193797,40.92058443564273],[9.736876622168893,40.920604914802325],[9.737128539720887,40.9206984535219],[9.737399837704565,40.92079918696412],[9.737472736156617,40.920813479898634],[9.737761357123768,40.92087006574078],[9.739195733452117,40.92036880835703],[9.739816223924976,40.919781199531165],[9.740990722007837,40.91680201757308],[9.742745224292115,40.91230223837081],[9.742215429121792,40.91163285798592],[9.742072833083316,40.91149077031631],[9.741631867171362,40.91108035634266],[9.741519943085933,40.91102632382801],[9.740520092503282,40.91054363027597],[9.737878457500884,40.90977459786591],[9.735510726023815,40.90974243112785],[9.732604529564997,40.90925759749894],[9.725664146767077,40.90688390172541],[9.720581725819505,40.90505332383642],[9.716744720339115,40.90322041639795],[9.710599600898144,40.89952791535146],[9.708373419968455,40.89790774342637],[9.705736645972234,40.895914433672345],[9.704537201455175,40.89485830996569],[9.704450323284508,40.89477889195995],[9.703955986937537,40.894326292825916],[9.698558040970294,40.89061970865476],[9.69736644577542,40.88985425344569],[9.696781813899335,40.88950027941653],[9.694451952974822,40.888529387720666],[9.692782277534587,40.88784678957953],[9.691820350614005,40.8882309104083],[9.687874478129526,40.89061503391447],[9.686246874069932,40.89160091440706],[9.685945249886704,40.891882815111884],[9.685551314567261,40.892388493412824],[9.673994588861023,40.889862236208344],[9.67362737243871,40.89037672538062],[9.673540615329141,40.89177125872211],[9.6736442420307,40.892039962565214],[9.676916065924601,40.893592556586995],[9.678340779299404,40.894087521493354],[9.681939288666317,40.89524863070222],[9.689145473957295,40.898703914203736],[9.705268771348644,40.90774821297982],[9.706979286190423,40.908694213650016],[9.709449834100885,40.910056739058085],[9.71117288172433,40.910952432691445],[9.716015973515882,40.91339693053325],[9.724104469257846,40.917045956548506],[9.727527077097513,40.92030902181567],[9.727374697034099,40.920496460374025],[9.72922568072151,40.92244315776154],[9.730745230555442,40.92393361071403],[9.731157180933799,40.92426880615447],[9.732773179660219,40.9254150662035],[9.736954129879424,40.92758219439249],[9.736949273785445,40.92714511201014],[9.735498386251072,40.924163501837626]]],[[[9.527321911035692,40.93036304434598],[9.526841060938583,40.92996482273211],[9.525987497583332,40.93012126044442],[9.525920155773829,40.93060216187627],[9.525905594714953,40.93149435734722],[9.525906925663678,40.93175687542072],[9.52620455483688,40.93201515547985],[9.527163203810877,40.93157838151956],[9.52765556368632,40.93121955973682],[9.527321911035692,40.93036304434598]]],[[[9.529645290278264,41.042024777252266],[9.529061777493608,41.04140252358425],[9.528824061497494,41.04143227663378],[9.528734918687839,41.04144343412302],[9.528679965583526,41.04145269434179],[9.528642931743937,41.04147088046137],[9.528597081785833,41.041502618284845],[9.52764084452659,41.042252489651894],[9.52861854837246,41.042326756479966],[9.529645290278264,41.042024777252266]]],[[[9.347997479930672,41.02009709413366],[9.349998078833144,41.0262493314983],[9.350367265240196,41.027377475354974],[9.35257564425682,41.03352402301588],[9.353889824413848,41.03433784364884],[9.361911745283594,41.035016701955385],[9.363245177920206,41.035201676645876],[9.367595276304456,41.03660408107924],[9.386118476870642,41.042685096345245],[9.398041575394872,41.04660858979326],[9.398255714357422,41.04668275985727],[9.399735405097282,41.04720524352698],[9.399959841355514,41.04728605512829],[9.402631038725014,41.048249625100354],[9.403717012405234,41.04876829312455],[9.413155488466915,41.053437205609114],[9.42074537450152,41.05718748291038],[9.423328801127042,41.058390586160975],[9.423769292187016,41.05841599064996],[9.42922215156548,41.058478713618484],[9.440669638630455,41.05860482910943],[9.444247634363611,41.05853208943862],[9.444474728173436,41.05852715922933],[9.445321819320881,41.0584518249768],[9.454874388596611,41.056180520334486],[9.455941358695522,41.055915236249135],[9.456941384718434,41.055666350276205],[9.461087473586566,41.054633468975],[9.467710118796623,41.05279111874346],[9.471422877168829,41.052296779052],[9.48026966242936,41.05349709656113],[9.492873139792584,41.05513798737407],[9.506417672471827,41.05500168117681],[9.522564082546284,41.05474042636928],[9.525825088552661,41.054788649919324],[9.523253769603219,41.05185923048217],[9.52416053141529,41.047662992878124],[9.525325697334587,41.04436862515446],[9.524999058142102,41.040766892813174],[9.52402138922837,41.03593530896563],[9.522578131030015,41.03137585338926],[9.51387428075946,41.01767416632322],[9.508063123054852,41.01577332305908],[9.507758087690787,41.01554383478195],[9.507416248780219,41.01501271163974],[9.50609584087612,41.01151579934139],[9.505652148044184,41.010225926000615],[9.505282252936711,41.009111519910775],[9.505970368683167,41.009028407060185],[9.511841825380458,41.00843301832143],[9.515481293878738,41.008700033123745],[9.521110675526318,41.009845168779215],[9.52533594400949,41.01273222785441],[9.529094241700752,41.016868105612396],[9.529202687553003,41.01702828898376],[9.529720952897142,41.017883929021565],[9.529914785647078,41.018881810145],[9.529874675366617,41.01912521293258],[9.529839873359338,41.019329180618655],[9.529663000051848,41.019576589972566],[9.529595515003109,41.01967035876846],[9.529056230401858,41.02008825811376],[9.527378185927732,41.020487875902816],[9.525859718744929,41.021768331361216],[9.52725071740037,41.02709701047635],[9.532281363176898,41.02882145346413],[9.537536473320221,41.027945801398936],[9.55036010431737,41.03122614558479],[9.555143024260433,41.03645377845505],[9.556739535281428,41.037023232210146],[9.559489407010522,41.03746005419408],[9.56105117325766,41.037669405416175],[9.561806962144273,41.036990120097606],[9.562275491333217,41.03608702943436],[9.562825351811137,41.03488064505611],[9.562910937287796,41.03445346990903],[9.561101091169279,41.02848657348821],[9.558792366991463,41.02132961757368],[9.551614583506407,41.00871008181792],[9.55128557423715,41.00800023492946],[9.550896729194706,41.0069389192967],[9.550932060090936,41.006719178100944],[9.551230516353419,41.00641372728288],[9.55125483508326,41.006388838515996],[9.551882537028757,41.005906153425514],[9.55341122812468,41.00491919368474],[9.553502927035723,41.004864616084674],[9.553949079572707,41.00459907391014],[9.554616619136839,41.004201759127305],[9.554691338244055,41.00416380128063],[9.555479564561104,41.00377197126922],[9.5563335918911,41.003520129609356],[9.557058344331358,41.00345016350104],[9.557573690540298,41.00340041047645],[9.556928138520234,41.00263784187297],[9.554712659499904,41.00094261473357],[9.552606162170733,40.999469772612166],[9.550698720012093,40.9982511479228],[9.547901521255852,40.99778068908358],[9.547474924510102,40.99777483378206],[9.546476888793974,40.997860642273864],[9.540680464712809,40.99857259335193],[9.536619318787295,41.00023288410812],[9.531557435487889,40.99814660224831],[9.528193871696375,40.993838165085776],[9.525782759001412,40.98834920178198],[9.526066741177141,40.98648824784219],[9.521421540650099,40.98370730175118],[9.521216148535693,40.983589012287155],[9.521026445586296,40.98348440438327],[9.520694682858851,40.983307604698894],[9.519347058974695,40.98261301854113],[9.517089996296024,40.9817365319145],[9.511999325298376,40.979804485321374],[9.511522904257125,40.9796804860531],[9.510189287872494,40.97960991052189],[9.508716646498444,40.979546403727845],[9.507761607504271,40.979507010722806],[9.507667151681233,40.97949649433392],[9.506763106090197,40.97936293615884],[9.503954787930523,40.978596740833304],[9.501565380253005,40.97792225687698],[9.501306900078061,40.97784886151177],[9.500976349688344,40.9777537356467],[9.500717168214146,40.97767859440697],[9.500380962119477,40.97755018618248],[9.499895561282864,40.977362004932985],[9.499843816595124,40.97732150670939],[9.499778375250083,40.97726932832002],[9.499329977113522,40.976887365937486],[9.492865841453344,40.97112462408694],[9.492153691972701,40.97043046301408],[9.491906918030542,40.970181549292306],[9.491778583018478,40.970049029791745],[9.491490952932999,40.969660472544525],[9.491420316342808,40.969414428926406],[9.491063911437205,40.96816693512421],[9.49089056861458,40.96750850779573],[9.490887263016113,40.96740628461749],[9.490896733516246,40.966456094365356],[9.496435212192956,40.966203432755854],[9.506057803853523,40.96603922359529],[9.518101179793863,40.96816570705787],[9.52963370960858,40.96893605671868],[9.546076104912805,40.96657727064783],[9.550752666131071,40.969361204983336],[9.559488311323049,40.96699879765149],[9.580184210438444,40.95476223019649],[9.576192579044658,40.947299944818205],[9.574591168501135,40.94707274435831],[9.57255610076687,40.946200995516385],[9.571726934324506,40.94560944959608],[9.56902390697876,40.943499943753295],[9.568724435267583,40.94321203257836],[9.568348065963416,40.942788251463796],[9.568151994721743,40.942435646040025],[9.567992805254141,40.94205998298999],[9.56746841582886,40.94081753681046],[9.567436214762495,40.94057559986154],[9.567385892984888,40.94019750288764],[9.567409055350735,40.93960735172787],[9.567482475264558,40.93877373163915],[9.567514620993606,40.938408741113456],[9.567524347798743,40.93832311555279],[9.567651323307757,40.93720547364381],[9.567694657414883,40.93697104697222],[9.567773732333869,40.93655290159005],[9.567784397746703,40.93652119219224],[9.567967169793377,40.93611505118153],[9.567994286980046,40.93606875019389],[9.568221806723825,40.93568027605418],[9.5683123868774,40.93561677261515],[9.568339884904116,40.935597495396266],[9.568531784265462,40.93546593027165],[9.570138086595522,40.93439670873379],[9.570793780024006,40.93398303864476],[9.571039711956002,40.93391988996656],[9.57127143734948,40.93393112854472],[9.574894937351658,40.933144043347575],[9.575523964557298,40.92897798474029],[9.57499466361415,40.92820591902299],[9.573802455348371,40.927517099002536],[9.573455144424969,40.92735667844963],[9.570657021696354,40.92615116166892],[9.56634198060048,40.92472314858597],[9.562922857364958,40.92400985989675],[9.561036543402624,40.92460495235592],[9.558628950613342,40.92606358741867],[9.55714299348092,40.92696484239533],[9.547916543680724,40.926256872685485],[9.545248372634624,40.92585003227707],[9.543237115791591,40.92584045693861],[9.539125450982523,40.925874916352065],[9.539092927682841,40.92589195896291],[9.537858963027242,40.92750906769287],[9.536858642034876,40.92883456054793],[9.536726521641723,40.92901196245221],[9.536392182590745,40.92946220415086],[9.535603373001589,40.931136369291295],[9.53438391587136,40.93310244072389],[9.532983794553108,40.93329021088137],[9.527075525685833,40.93343672776152],[9.521102568994936,40.93186112828184],[9.508235612658202,40.92869064542128],[9.507644494447495,40.927276703799976],[9.508062861285078,40.92665554314561],[9.509681534830843,40.92535796948063],[9.510083358064286,40.925107797739],[9.515016026565688,40.9256453435183],[9.521617515780356,40.92513794252982],[9.522372523447515,40.92502417310025],[9.52373607406854,40.92476622499836],[9.524310167215047,40.922268127452234],[9.520486942104954,40.921642651406465],[9.518245340157222,40.921895859903444],[9.515552412772776,40.92230120029913],[9.514933977278778,40.922783037983585],[9.514975124847282,40.92322617646475],[9.511500529059132,40.923742166000956],[9.508419394487415,40.92394170435536],[9.507273574919317,40.92341622247379],[9.5028718229774,40.92092706919052],[9.501502762592416,40.91971188489546],[9.501472091754511,40.91893280525792],[9.501480580357429,40.91881115697088],[9.50153603396937,40.91801658220713],[9.502124477799478,40.91366770739357],[9.502135218631423,40.91361937330342],[9.502151330425221,40.913571038345545],[9.502253369471138,40.9133078842034],[9.502403743098881,40.9129856553949],[9.502521893420264,40.912883615873284],[9.506948962088028,40.911445520965536],[9.512479653961753,40.912818481240755],[9.523385195544837,40.916232050174045],[9.52853010854686,40.91553746609591],[9.53779600194549,40.916395450558504],[9.550965964841991,40.91993657355492],[9.559904888736623,40.920830564367],[9.561133844722816,40.92079190231103],[9.561689544885574,40.92065100505557],[9.562336741234652,40.920332095449076],[9.562639500303426,40.92018198257572],[9.563413880796922,40.9195960446777],[9.563478708103672,40.919538337832236],[9.56358892847431,40.91943491808088],[9.572382825406162,40.91114986790657],[9.57231746637433,40.911118458704195],[9.572209958518018,40.91105458545627],[9.571997069613245,40.9108791074651],[9.571517073629073,40.91022475860664],[9.571325294130064,40.90984398421338],[9.571300163861036,40.909478149474],[9.571294751457776,40.90939935351813],[9.571313541801313,40.909027670067346],[9.571322653503278,40.908847460385125],[9.571545670482545,40.90820226509603],[9.571619363152735,40.908125330042566],[9.573607939571152,40.906049188151044],[9.574260376166688,40.90541131031458],[9.575102875254498,40.904722033578004],[9.575945018768623,40.90405167079016],[9.576656754279803,40.903524058468186],[9.577384738745957,40.90314364468467],[9.5829106832358,40.90097393317526],[9.5842998085692,40.900473452638934],[9.58606034794996,40.89985308286446],[9.587487394307555,40.89961836371248],[9.588661225907286,40.89961463021891],[9.590072455319797,40.89993959765088],[9.591104458984612,40.90037925112206],[9.591421021973126,40.90055876306117],[9.591813383367226,40.90078958305543],[9.591854323949395,40.9008142890825],[9.592043586609408,40.90097557918472],[9.592544915688133,40.901609211943516],[9.59287537939557,40.90205342194544],[9.601137180037046,40.9070744137296],[9.604431032986609,40.90994321184401],[9.606580766154872,40.912599489048006],[9.606648462746577,40.91432195717449],[9.607167057178792,40.91600489324627],[9.60731290099047,40.91637008374632],[9.607392081388133,40.91646875798907],[9.607563206156584,40.916633382179995],[9.608326028262269,40.917263314974086],[9.609027847872195,40.9177145258648],[9.610647861175334,40.91857525176815],[9.612382181730256,40.919270948222085],[9.618654721049351,40.92150313391936],[9.621766051512791,40.921865770289465],[9.62504132454866,40.919073533085275],[9.630242887090448,40.91782460697035],[9.639369060121163,40.919353057716144],[9.63948221183803,40.91938756890415],[9.639593874799923,40.91942162431137],[9.64153366504336,40.91983986490473],[9.643051964318508,40.920113149390076],[9.644134756008892,40.920022419270374],[9.644480613765575,40.91969642287375],[9.644826641424073,40.918812578399276],[9.645223199605732,40.91776540638624],[9.64520095110732,40.91764330734917],[9.641259867357475,40.913612711342886],[9.629337785831567,40.90205726037315],[9.619534567931774,40.89607931729196],[9.61774304337693,40.88942056135867],[9.62934551793473,40.88502260204482],[9.633069485241812,40.88441905034071],[9.63102750608429,40.883632998756745],[9.621066140923794,40.88010927454643],[9.596883698251055,40.872261844834036],[9.59449806665205,40.87191716023237],[9.589162645553694,40.87128929915902],[9.587969673777742,40.87118097934852],[9.584430695762599,40.87072053770179],[9.568652020235804,40.8686464817134],[9.567378228769437,40.86836985798655],[9.55325517057243,40.86412188522653],[9.548724712876375,40.86272433582882],[9.548630135720236,40.86231047703675],[9.538729560073413,40.85961991823349],[9.533243089434137,40.85893469812579],[9.517188070947734,40.85718811740365],[9.495515322744142,40.85555195193653],[9.485263390940027,40.854943724327825],[9.47872049179007,40.85458407833604],[9.463481552298427,40.8536481141165],[9.456269834084178,40.85314971379295],[9.444999539860087,40.852345046949885],[9.42484687539958,40.850868315937895],[9.421497464767516,40.850596203739215],[9.40370877589338,40.8498871491478],[9.403648268239479,40.84990546154764],[9.402434788505868,40.85038029952869],[9.413390487164392,40.85642479491234],[9.420022882819628,40.860087167592866],[9.41641194204743,40.87802511814217],[9.415108217155105,40.88439143243209],[9.413759348330114,40.890792182126525],[9.41306426690029,40.89355121450535],[9.41294740645067,40.89384890745067],[9.40174033124975,40.90796957810536],[9.394850387684706,40.91141665121206],[9.392103919787965,40.91360664350184],[9.391658910868777,40.92517106106181],[9.390904063183674,40.942210045684],[9.390229314490975,40.942898055565095],[9.385605362942107,40.94448895322429],[9.384372238402918,40.944907449445054],[9.382806815973192,40.94539009333764],[9.381912147933285,40.945642791731295],[9.380624369725197,40.94600987797703],[9.378964773985407,40.94665429833019],[9.378912356663024,40.946674785202354],[9.378289081421315,40.94691838645439],[9.376226985348362,40.9478259555683],[9.376001973835868,40.94795395961645],[9.375765119798109,40.948088700384936],[9.375739703092723,40.94811580809232],[9.375375401810283,40.948504347651856],[9.3750616134108,40.948898686128224],[9.374750150103496,40.94929009748447],[9.374185052315227,40.950210771180494],[9.373996580860137,40.95049964613243],[9.373904327010232,40.9509953967213],[9.37370265536833,40.95315802317234],[9.373585668206198,40.955590619859905],[9.37369992163671,40.9568874320681],[9.378540983533403,40.96606000635215],[9.389684830201462,40.97502865023646],[9.40580216160305,40.989154313362874],[9.406304390709469,40.989629975689816],[9.4101092092601,40.99355306495906],[9.401947764547534,41.00047304151016],[9.400877234419038,41.00094443315312],[9.393737384736248,41.00242561388526],[9.386051428797453,41.004060292414145],[9.381023999705858,41.00516527767077],[9.37771058682578,41.00590584146886],[9.374270456674713,41.00671675037178],[9.374029182141788,41.00677361947844],[9.373957967555944,41.00679726104841],[9.372177569772816,41.007388311314784],[9.37180961777312,41.00751045817285],[9.351204429283431,41.01479059320442],[9.347997479930672,41.02009709413366]]]]},"properties":{"name":"Olbia","op_id":"8140","minint_elettorale":"4200730470","minint_finloc":"5200730470","prov_name":"Gallura Nord-Est Sardegna","prov_istat_code":"113","prov_istat_code_num":113,"prov_acr":"OT","reg_name":"Sardegna","reg_istat_code":"20","reg_istat_code_num":20,"opdm_id":"7624","com_catasto_code":"G015","com_istat_code":"113017","com_istat_code_num":113017}},
{"type":"Feature","geometry":{"type":"Polygon","coordinates":[[[9.05463425716841,40.67324522345828],[9.050374182393897,40.672535474695614],[9.047978631555589,40.672452627092966],[9.04400683735344,40.67288567432464],[9.032544281471438,40.67422650057413],[9.028190365396618,40.67504743550295],[9.012844782260855,40.68031122840316],[9.012454310467174,40.6804554101194],[9.01188636564276,40.68077077316502],[9.010632146171835,40.68151861537721],[9.00989856420054,40.68217631303684],[9.006289710857335,40.68649171613791],[9.005544230352331,40.68753675885644],[9.0041597609794,40.69038693124776],[9.002313646589313,40.69500504236817],[9.002329437850959,40.69526749389756],[9.002550386678914,40.69556357420387],[9.00258898287209,40.69559059949308],[9.002846294385378,40.69577076595298],[9.003189545925826,40.69589687719815],[9.004688935578738,40.6963461645382],[9.007983273270245,40.696887593056616],[9.0081459997892,40.69669839869171],[9.00827913800283,40.696545241976146],[9.008563183074738,40.69636504786398],[9.00919046064581,40.6960857321688],[9.010231970909656,40.695653229814674],[9.011806063537783,40.69509454276455],[9.01256352869103,40.69491429028316],[9.01323817138604,40.69489619746194],[9.014220597254573,40.695121296753555],[9.014587556666456,40.69532844965025],[9.014859831615027,40.69554462231497],[9.015108454375337,40.69584187586833],[9.015451802239538,40.69628325387073],[9.018412018909256,40.70057994180374],[9.01849606382501,40.70485902803541],[9.017881889183354,40.71005276769599],[9.01754116995778,40.71834821163064],[9.017807188579631,40.72176231561298],[9.018487929037724,40.72228836293673],[9.019187802183081,40.722831112305975],[9.021378918950907,40.72458740481421],[9.022125137681817,40.72527191771533],[9.02243314674417,40.725677244777465],[9.025241745370645,40.73150522823001],[9.02540769629415,40.73191958745002],[9.029276797952313,40.744206721875294],[9.029334653657576,40.748089044049976],[9.027074931186624,40.7548279989855],[9.026932904043017,40.755152339938434],[9.026672441954345,40.75555778572853],[9.025488452800145,40.757323729413876],[9.025014699561401,40.757657149268745],[9.023391885706461,40.75830610469893],[9.021911184615954,40.75888294231348],[9.021093976022895,40.75967584649289],[9.0206913390838,40.760234449920155],[9.020395320403072,40.760784023582005],[9.020253311017415,40.761315552282156],[9.01956746970882,40.76582894975328],[9.020409728087136,40.7691529506055],[9.02573228069436,40.77518759996549],[9.024892274172418,40.778809208851094],[9.022617848481284,40.781530248543596],[9.021172571405122,40.78334123292728],[9.02090048130808,40.784926780428016],[9.02240712128586,40.78925057927586],[9.02267991528185,40.78979103561159],[9.023652299045887,40.791088064201276],[9.024114730363351,40.791547401755366],[9.026335114340627,40.793460614677414],[9.021900848442028,40.799568889725556],[9.015862219762123,40.804695591892944],[9.012406602108713,40.80591779810601],[9.006811019158615,40.808422619656554],[9.005353015012426,40.81201707467091],[9.050586329328342,40.825161343093775],[9.050761276921673,40.8252122400221],[9.050881591272182,40.825302313588466],[9.050964161750908,40.82536438993603],[9.05121225031284,40.8255509643794],[9.052174343017224,40.82627479150744],[9.053988579676204,40.827827913002174],[9.055888945451256,40.82945303098985],[9.06056691744761,40.829010998170624],[9.067424557812767,40.82835641166023],[9.071708272507996,40.827948882767565],[9.071815061129191,40.82799836223653],[9.071847358024359,40.82801338813786],[9.075796041277579,40.829850428219565],[9.07695744890298,40.830391291168],[9.081437626036152,40.832408806498464],[9.081806403843096,40.83257486142861],[9.083385517773653,40.8332858888282],[9.083538991117889,40.833354990998465],[9.105120454750637,40.82293260069827],[9.107359871296708,40.821777457649965],[9.104903126462373,40.81873585261993],[9.093334162100044,40.80441002409087],[9.088735150287127,40.79871359613815],[9.088554055618147,40.79624541012738],[9.090014798015677,40.78728533161058],[9.095331665361009,40.777709521290376],[9.098381812963167,40.772761283557685],[9.095602235442975,40.768052160342165],[9.095056944178465,40.76788144825234],[9.094677501563643,40.76768357273778],[9.094428115458038,40.76728740128796],[9.093489264948776,40.76528827096938],[9.093570915322827,40.76436933420658],[9.094596762842237,40.76088106707603],[9.096052394968456,40.75975492327029],[9.101010945471655,40.75612024549713],[9.101354459614155,40.75609291848312],[9.101958738383201,40.75615544566837],[9.103807556388444,40.756622242150236],[9.104400333537711,40.756900972819594],[9.116634656035018,40.754898368053034],[9.12342853589358,40.75451821579561],[9.127320814803612,40.75521203496285],[9.13046022148688,40.75751744214362],[9.136263391376895,40.76023694642711],[9.137401351205886,40.76052963651092],[9.137448766760516,40.760541831761564],[9.137994106542829,40.76051155888975],[9.138277997003176,40.76049579816144],[9.13858586127144,40.760413451433784],[9.138988452585783,40.76030576573435],[9.139769718386344,40.76001805561439],[9.140000888708816,40.75992844963766],[9.140361444485755,40.75968042352647],[9.14065953184064,40.75947161935374],[9.140952818677968,40.75920987304914],[9.141334472743972,40.75886380889791],[9.14136096792225,40.758808929310604],[9.141779434256241,40.75794213239834],[9.142463677641505,40.75659000741789],[9.143562754647615,40.75534546623429],[9.144745810244615,40.75453501911322],[9.14480454401098,40.75450925826061],[9.144846517736594,40.754491907239746],[9.14573990626866,40.75414460023423],[9.14590890556408,40.75411581676985],[9.14680568139311,40.7539630780096],[9.147393644212073,40.75400286742673],[9.149234558795818,40.754131125850805],[9.15041992392531,40.75445389465741],[9.151096025903742,40.75483137080742],[9.151665597763545,40.75524501657939],[9.152140917621722,40.75588399831686],[9.152511725924816,40.75744198681359],[9.152528302384923,40.75762135434514],[9.152718443071304,40.75976591840291],[9.152684962052236,40.760666816504504],[9.15310243546152,40.76189142428106],[9.153447076244877,40.762350401926625],[9.153498658723143,40.76240093467578],[9.153598681857662,40.76249892153979],[9.153945806630121,40.7628361988842],[9.154226113637787,40.76300923940136],[9.154586511172806,40.76323171841001],[9.15517934470957,40.76354666270495],[9.155263188348295,40.76359055877421],[9.155320951260682,40.76361380883164],[9.155385702855153,40.76363985923455],[9.15594455765458,40.76385260666831],[9.156216107519741,40.763950207091455],[9.157183420967817,40.76416509838798],[9.158356213621987,40.76409142629613],[9.158783454316374,40.76402832317032],[9.159706424560108,40.76389137825536],[9.159937329127398,40.763835881694504],[9.160902384433372,40.763601443530845],[9.162133615366539,40.763203345403],[9.16290289627685,40.762859937824665],[9.165564871137653,40.76132469834293],[9.166735961061532,40.760593320547265],[9.168401482539737,40.759376975095336],[9.16887774361014,40.759026450510646],[9.17278255987188,40.7577016928423],[9.177671631748407,40.75629547281095],[9.190362598178398,40.75322381453666],[9.201379246896783,40.749187304058786],[9.193983363965161,40.73547992453555],[9.192911508422673,40.73340974818452],[9.193521399779128,40.7313637797732],[9.204437084855362,40.72266068306685],[9.205937747438632,40.72164905223003],[9.206622689134905,40.72106226939835],[9.210306275311714,40.71767739215683],[9.212910595574778,40.713816934911755],[9.215609631366211,40.70824523808626],[9.224353769792486,40.69228552639228],[9.224583817831096,40.69194893798441],[9.225583904517928,40.69083888691282],[9.22901430379173,40.69284873950701],[9.230837506490698,40.69391846549708],[9.225515466949425,40.68809138414498],[9.220790520371786,40.68720865986157],[9.219795480887013,40.686922282131164],[9.201960836372026,40.68002720051252],[9.195409440050238,40.67640798196492],[9.19283135199046,40.67494726294634],[9.192424464373124,40.674710356947415],[9.192244955233075,40.67460496271727],[9.192201491430108,40.67457944394534],[9.191996058410849,40.67445882716372],[9.179487684267928,40.66501082698868],[9.175303058040368,40.66179214504067],[9.158189831038325,40.65882597169911],[9.153574706557478,40.658120514567635],[9.152746364348038,40.65799549138942],[9.152166543598625,40.657915178888274],[9.151243877862907,40.65792539983758],[9.145885552611585,40.65809445073053],[9.14418235971991,40.65820469429484],[9.139648194018926,40.65832707629934],[9.138587367510208,40.65835568336042],[9.133616696038722,40.65844716683578],[9.132847752696597,40.65717328044663],[9.133209206778096,40.65453331381832],[9.133490151373616,40.65305556154449],[9.12105331483844,40.646429845855884],[9.119993552267868,40.646286812167105],[9.117796297457664,40.64652085165995],[9.1161504529746,40.64673216865288],[9.114719299912007,40.64697777258827],[9.114518756279532,40.64701306898083],[9.112255269075298,40.6479600269187],[9.095885211479603,40.651534403306],[9.087378928223728,40.6538855732511],[9.07594195392993,40.65709152044314],[9.070428293536407,40.65938365148563],[9.069518254796114,40.66114755983879],[9.069152634161343,40.66221981468073],[9.06894057419932,40.66307576710861],[9.068823938721444,40.664697403523476],[9.069182934715341,40.66692544042825],[9.069453985299223,40.667615842357954],[9.066025466468144,40.67014028676719],[9.058976716161595,40.67335119206556],[9.057691465178893,40.673641430367],[9.055107613574593,40.67333508691249],[9.05463425716841,40.67324522345828]]]},"properties":{"name":"Oschiri","op_id":"8141","minint_elettorale":"4200730490","minint_finloc":"5200730490","prov_name":"Gallura Nord-Est Sardegna","prov_istat_code":"113","prov_istat_code_num":113,"prov_acr":"OT","reg_name":"Sardegna","reg_istat_code":"20","reg_istat_code_num":20,"opdm_id":"7626","com_catasto_code":"G153","com_istat_code":"113018","com_istat_code_num":113018}},
{"type":"Feature","geometry":{"type":"Polygon","coordinates":[[[9.46501847926188,40.65583849967203],[9.463001657920968,40.65733939060425],[9.460684516744072,40.6609791480462],[9.46132083992836,40.664734186298915],[9.459763215112018,40.667433050692566],[9.456695684387315,40.67106669934918],[9.456259891448207,40.67135669828455],[9.452367294238078,40.67311068301661],[9.450927412259096,40.673647824662034],[9.444895151103225,40.67574321319666],[9.443642914194328,40.676045317078845],[9.434379968482915,40.6781615332244],[9.427821805404573,40.679582358549],[9.427706070365897,40.67960898284745],[9.426783904027353,40.679821122421295],[9.426585913856469,40.67986666790646],[9.424796941773538,40.680278183412675],[9.424710108064843,40.680389576559065],[9.424620876040239,40.68050404772356],[9.424941134056132,40.69931286166256],[9.425076844387123,40.70384368746935],[9.425291626589148,40.7080545243888],[9.425241645130901,40.70877078064624],[9.425031228863729,40.711564217209826],[9.424657737681637,40.716132942204084],[9.423536688137013,40.729794047674744],[9.423190857046642,40.73151595070882],[9.428629666306273,40.73329870620224],[9.430705353106346,40.73642033499588],[9.436822503111232,40.73706148135459],[9.446263396014892,40.73805033123089],[9.451969699108714,40.73771733246243],[9.45579958281668,40.73815382565571],[9.477376363263025,40.753808479164576],[9.479559574473143,40.76267543242334],[9.479030658498663,40.77201483047888],[9.487299220118022,40.781805303112215],[9.4951322200819,40.78909583417523],[9.495270326196625,40.7893383814366],[9.50021340267424,40.79813748132218],[9.503189794735531,40.8020454467495],[9.503327446935769,40.8019379407212],[9.506790790193325,40.79904909128178],[9.510794185036533,40.79551814896574],[9.510977180114509,40.79533142659383],[9.512541491260643,40.793735187966774],[9.512533349433598,40.793597892114576],[9.513466407352997,40.79249542459456],[9.517033726562,40.78837986438742],[9.520185165563323,40.78677403911843],[9.52069364165942,40.786613187791744],[9.522607729473968,40.78988136430597],[9.531722780737859,40.79194945193742],[9.544986389458128,40.79220204627604],[9.572443396711973,40.79256227346029],[9.57252705318726,40.792562827725625],[9.574991943329414,40.79257662749918],[9.578287109606185,40.792539448051365],[9.58364548808152,40.78618918179698],[9.583512664621017,40.785615377552524],[9.583268778086685,40.78313928990056],[9.583452120520969,40.77869720041111],[9.583569070232372,40.77716517278492],[9.58341474760038,40.77474267997027],[9.58163580709972,40.7583844615069],[9.581209894044497,40.754484749586396],[9.581161722329703,40.75405316529507],[9.580348678866352,40.74753452918305],[9.580146247941673,40.746049145124665],[9.579856301164364,40.74403269797223],[9.578613723202926,40.73595830215147],[9.5782415211339,40.734005319704174],[9.577762297521911,40.731998819572276],[9.579878233006086,40.71980867657424],[9.582417749098042,40.70906671222273],[9.583090091187318,40.706072473875736],[9.580873353131006,40.70384502076023],[9.576124485207378,40.69906449463859],[9.573051477370466,40.695970083851016],[9.572701365820137,40.69552139243596],[9.570744812789021,40.692541985459044],[9.569657947487203,40.6908790128748],[9.567986448870755,40.68785416373189],[9.565637054650063,40.68384304933414],[9.56339805057279,40.68009039686677],[9.563231019008649,40.67992799717024],[9.563195226384396,40.679893197396794],[9.56262920143273,40.679358702243896],[9.562396078226989,40.67914036959065],[9.55104107385029,40.67108736390676],[9.53966654985129,40.6646774216178],[9.527939397771375,40.6601507442758],[9.522250085437182,40.656522861154535],[9.512770879548933,40.648848854886424],[9.51046426448833,40.65009457268876],[9.50579221280278,40.653223120149285],[9.498789065631732,40.65132743417718],[9.492082568852116,40.64845750752738],[9.492102466048838,40.64838223940523],[9.492140761465087,40.648201235674236],[9.492173993126045,40.64789479960184],[9.492136598527766,40.647488041397],[9.492038270853735,40.64712964136819],[9.49112204601491,40.645570536638125],[9.490628800948949,40.64517094156017],[9.490209134667602,40.64504699959664],[9.489787223853563,40.6449861376466],[9.489619660351345,40.64497939079063],[9.489090613270148,40.644958163131164],[9.488797406788189,40.64494941119626],[9.488426445059774,40.64494934843421],[9.487434907316324,40.64495555145834],[9.487248633930601,40.645027715664185],[9.486768600114777,40.64521961384826],[9.469149997206362,40.65355799458067],[9.46501847926188,40.65583849967203]]]},"properties":{"name":"Padru","op_id":"8142","minint_elettorale":"4200730532","minint_finloc":"5200730532","prov_name":"Gallura Nord-Est Sardegna","prov_istat_code":"113","prov_istat_code_num":113,"prov_acr":"OT","reg_name":"Sardegna","reg_istat_code":"20","reg_istat_code_num":20,"opdm_id":"7667","com_catasto_code":"M301","com_istat_code":"113019","com_istat_code_num":113019}},
{"type":"Feature","geometry":{"type":"MultiPolygon","coordinates":[[[[9.333876375402578,41.19112841587626],[9.334247442340697,41.19108374214389],[9.334984330892752,41.19071708044729],[9.335274667716723,41.19056586641729],[9.335340069153283,41.19052964523188],[9.335469859040757,41.1902590314655],[9.33511563552302,41.19005024571921],[9.335069859435286,41.190026462876794],[9.334210685991291,41.189744740461315],[9.333785673980536,41.189705438253135],[9.333448789183723,41.18970191014433],[9.333141851307461,41.189725317292876],[9.332772423863455,41.18977142489849],[9.331509985784031,41.19008133312406],[9.331506656760398,41.190563664591416],[9.331663391559857,41.19104221576834],[9.331760978908001,41.191139349940045],[9.33232903692186,41.1911899923542],[9.33341925397883,41.19126913678721],[9.333876375402578,41.19112841587626]]],[[[9.317833219600685,41.20300110536412],[9.31792446241628,41.20293329515006],[9.31814430111696,41.202766042761894],[9.318393408777291,41.20248611115149],[9.318464008767297,41.202287743880554],[9.318377081481371,41.202193402142875],[9.318056836525155,41.202252837492146],[9.31767701505873,41.202324147479544],[9.317355569534097,41.202443937140686],[9.317345655783,41.202552058393515],[9.317302387856595,41.20285393964839],[9.317274692422663,41.20298462963373],[9.317376484281164,41.203069924226305],[9.317502216089148,41.20317316763192],[9.317833219600685,41.20300110536412]]],[[[9.40556454856245,41.157072198085],[9.405299525019771,41.15764170353061],[9.40525523288913,41.157722475215905],[9.405184083351067,41.15783624203644],[9.405123250680537,41.15792525738431],[9.404765923949345,41.15789196714028],[9.404302088622408,41.15783483717595],[9.404024470958886,41.15769981626841],[9.398979027088744,41.154664602708415],[9.396226841100816,41.152836491294366],[9.392048475676953,41.149640508522005],[9.389056331269098,41.147470001015115],[9.384263179844396,41.145331969596555],[9.381018263596554,41.144357310680064],[9.380266249142768,41.14413459773238],[9.374411150971618,41.14390162985026],[9.371033811760984,41.14403512732309],[9.369571615200247,41.144570793537056],[9.36622124045616,41.14490074021033],[9.364565636146622,41.14504111151021],[9.364433793358849,41.14503558341518],[9.363433246863723,41.14498163288291],[9.358652682407548,41.14459956827031],[9.35488417066354,41.14405344871693],[9.35119235527433,41.14186683006734],[9.341570625141282,41.13583165171308],[9.338547491508878,41.13196769451051],[9.337763320038555,41.12834103425501],[9.337653469154871,41.12782790291401],[9.337387780283144,41.12712606133121],[9.33724962198988,41.126900140291674],[9.336790656027206,41.12683955371995],[9.3297270343907,41.127013122413],[9.32940504142913,41.12718842257731],[9.329228038851163,41.12728478738092],[9.327204383394411,41.131710699674336],[9.32720736598886,41.13300158338527],[9.327125299014606,41.1356681671139],[9.326957909236507,41.13615056703019],[9.325427764991938,41.13934821251144],[9.322775966020762,41.140436625060204],[9.31619529215082,41.142238445897306],[9.311488517143117,41.14224226100653],[9.313744526143168,41.145560063692514],[9.315717346418777,41.149419071279574],[9.315896755337766,41.15277600531164],[9.316106165697748,41.15996575882296],[9.315478841412107,41.16181460669134],[9.314437981246515,41.1632962085149],[9.313962292718108,41.16379816513323],[9.31333285141748,41.16900202816102],[9.31436283919342,41.172717204637635],[9.313990257284292,41.17485308934252],[9.312611754918198,41.18084144457156],[9.310951477440502,41.18588020998647],[9.310586920707893,41.18600955575127],[9.310188281839121,41.18616147504698],[9.30999809154235,41.18631080170801],[9.30969550762914,41.18661998686859],[9.308655178174147,41.18853244573052],[9.308466527376575,41.1889878477803],[9.308442953470507,41.189046461528015],[9.308413010347646,41.18973113947091],[9.308410646550763,41.18978519334415],[9.30851112143486,41.19063166362008],[9.308572049996485,41.19114494745028],[9.31031253738489,41.191032176044956],[9.310610751326267,41.19105222370088],[9.310956680103223,41.19107547830072],[9.311959076128359,41.19122590127975],[9.314175875928788,41.19162838639756],[9.315383181352464,41.191979232118975],[9.315528438835342,41.19202688429922],[9.316054126614572,41.19223262323661],[9.316699760649053,41.19258215579174],[9.317171067901759,41.192866654833196],[9.31734561903877,41.19297672277066],[9.317610818954147,41.19330928376844],[9.31789752219483,41.193668805829205],[9.318420650698064,41.19457264901837],[9.318431287795857,41.194658194802194],[9.318495106186912,41.19517146496488],[9.318491551015804,41.195360639191264],[9.318430666824353,41.19556362162636],[9.318409607637351,41.19559593899136],[9.31617310955764,41.19961216569566],[9.31606697602198,41.19986223278094],[9.316140223151795,41.200213337403355],[9.316476502330172,41.20069883713454],[9.316802570075131,41.20096817510457],[9.319324785131695,41.20270872910275],[9.319934497079679,41.20300429587222],[9.320053984054395,41.203049003377735],[9.320200418051417,41.203075619135255],[9.320340314660342,41.20306622218494],[9.32062588064446,41.20287323761569],[9.322423982783224,41.19839434773345],[9.321239985354092,41.19680829261215],[9.319274426175676,41.19556249988913],[9.32282185273787,41.19107886249776],[9.329253518772356,41.18648037038431],[9.331867549903825,41.18532415623944],[9.332642900270946,41.18538497409641],[9.332871235586284,41.18544286502738],[9.333503458510915,41.185607681825985],[9.334482064216296,41.18595615041946],[9.335021324822174,41.186170775099924],[9.336372180300513,41.18734370968217],[9.341493678629634,41.192235451989276],[9.338983406292321,41.19175305430348],[9.338626711625986,41.19144102353737],[9.338392349676996,41.191313408095986],[9.338193547176079,41.19120589792607],[9.338022069675148,41.19116254988701],[9.337835345193588,41.191116870028765],[9.33762004063943,41.19112387989526],[9.337322679375408,41.1911363885459],[9.33468087196315,41.192036051722425],[9.33415641219565,41.19226259235591],[9.33078100888913,41.194506282261656],[9.331369432947994,41.19531529750506],[9.33837543176676,41.20315876755728],[9.341835626129672,41.20592296036224],[9.348269514286972,41.207462035921324],[9.350217654737271,41.207600253308705],[9.350490931271182,41.2074012492269],[9.35069235318572,41.207148416876805],[9.350809751542151,41.20679675423763],[9.350826406301938,41.20672464126617],[9.350868040655847,41.20654435838055],[9.350932627187829,41.205238026037776],[9.351294419402416,41.2037506319279],[9.351625189856628,41.203155105766356],[9.35181260044076,41.20309756475684],[9.352720759883287,41.20283648179608],[9.353006768407022,41.20279236755794],[9.353137856610374,41.202772148291764],[9.354031727577683,41.20265230210929],[9.354174799027488,41.20264285430195],[9.354270454851198,41.202687599575405],[9.356076559872552,41.20363685844959],[9.359133124725908,41.206410785752134],[9.362979754982517,41.20748867157751],[9.363314234575567,41.20757949731655],[9.363908556058703,41.207206498472104],[9.364074192885832,41.206962763721556],[9.364864410307819,41.20562260091163],[9.366057140170772,41.20000243487198],[9.365345577787663,41.196312675350036],[9.365298042670723,41.19324896696102],[9.366729211262747,41.189001723358054],[9.36923284802423,41.184669954508365],[9.369918219781459,41.18356879651628],[9.370007576634315,41.18343233486698],[9.37004825914334,41.18337020621202],[9.37023831963949,41.18324348533831],[9.370559482640221,41.183107334492774],[9.372561849515488,41.18297476467895],[9.37313436268937,41.18300894212561],[9.373681692101092,41.18307022311545],[9.375068831155312,41.18351610690553],[9.37520812724995,41.18385784985639],[9.375238172381506,41.18393892418358],[9.375823261437493,41.18617096419769],[9.375843281357046,41.18628349697897],[9.375855565685578,41.18634651233625],[9.375884734617738,41.18649504693152],[9.376434121334713,41.18682654295732],[9.377798483169101,41.18752468784857],[9.379088371815254,41.18773263454363],[9.380859206188148,41.18770269427209],[9.381338991382634,41.187359885852246],[9.383911584304677,41.18497055770185],[9.385299400885785,41.18153213502121],[9.385518769818301,41.180736970209686],[9.406238817587226,41.17615905644061],[9.406335806991823,41.176419941639104],[9.40724381954328,41.17673201048852],[9.409961836407692,41.177650177696655],[9.411430838558049,41.177820592384734],[9.418046392089238,41.178579545995504],[9.420641029961438,41.178080078864],[9.422616809968353,41.17756052387366],[9.423275853842483,41.17720567131042],[9.423774939617394,41.17344420322084],[9.42397580617161,41.171580486093426],[9.422545437743763,41.16664045137207],[9.422290679518866,41.1662600487282],[9.421846463761092,41.16584458877911],[9.421608627269888,41.1656428744777],[9.420737132764906,41.16499063750513],[9.420373226843255,41.16480129765886],[9.418176267201101,41.164010869739364],[9.417623529284505,41.16388179053986],[9.417008472681506,41.16387210228444],[9.4164271421165,41.16420787520184],[9.413932744441903,41.16375211183157],[9.411190021854793,41.16288741928896],[9.405929140712072,41.1597884685041],[9.405548436593353,41.159420388643035],[9.405388189751212,41.15900386531664],[9.40541282331648,41.1578835982586],[9.40556454856245,41.157072198085]]]]},"properties":{"name":"Palau","op_id":"8143","minint_elettorale":"4200730531","minint_finloc":"5200730531","prov_name":"Gallura Nord-Est Sardegna","prov_istat_code":"113","prov_istat_code_num":113,"prov_acr":"OT","reg_name":"Sardegna","reg_istat_code":"20","reg_istat_code_num":20,"opdm_id":"7631","com_catasto_code":"G258","com_istat_code":"113020","com_istat_code_num":113020}},
{"type":"Feature","geometry":{"type":"MultiPolygon","coordinates":[[[[9.708547665268245,40.827146892055154],[9.708584221362218,40.82674099545978],[9.707461642103613,40.82670284282442],[9.707061468017137,40.82685867778752],[9.70700502557697,40.82690886992976],[9.706935053394766,40.826971180186014],[9.70682389460312,40.82707043219559],[9.706659284558521,40.82721741196211],[9.706656026738232,40.82765364879261],[9.706655892084944,40.827743740906755],[9.707539657670074,40.82888238287402],[9.70831243946386,40.82892268194062],[9.708582364961476,40.82879478596652],[9.708639890434561,40.828767529023814],[9.708547665268245,40.827146892055154]]],[[[9.724797460062906,40.846465856723285],[9.724821706020828,40.84641563493527],[9.724783224531576,40.846286189463974],[9.724683625172064,40.84612711114044],[9.724511593877054,40.846009957723126],[9.724328247385362,40.84590075652252],[9.724186271248541,40.845826203672935],[9.724134586441288,40.84581864580216],[9.72399987977594,40.84583976017499],[9.7239224100913,40.84594271573374],[9.723906395287976,40.84596984135986],[9.724499609758162,40.84638612902618],[9.724797460062906,40.846465856723285]]],[[[9.723948769350423,40.847683405034516],[9.724594698522464,40.84749242754984],[9.72478749425724,40.8473313186411],[9.724712984005263,40.847052529912645],[9.724357832466412,40.846575068292715],[9.72354167146912,40.845701880118405],[9.722819264590504,40.84526725423929],[9.722260695948128,40.84503429468284],[9.722115488089178,40.84504532827102],[9.72176787895976,40.84526032483864],[9.721701368369798,40.84555351140517],[9.721759480729565,40.846126301237014],[9.721820717216026,40.8464687065705],[9.72187153642934,40.84675055158063],[9.722114684852507,40.84692581729271],[9.722384163899081,40.84712006039229],[9.722420013407262,40.84714418912533],[9.72275879537695,40.84737219849285],[9.72291295948657,40.8474759539091],[9.723176571022794,40.84758127511976],[9.72349341503667,40.84767275020993],[9.723948769350423,40.847683405034516]]],[[[9.715341877286246,40.7515758213587],[9.715293734042621,40.75165912968796],[9.712037182055234,40.750747583974615],[9.709760099867157,40.75010588485672],[9.707826757052475,40.749541640454346],[9.706041966119137,40.74897057228818],[9.700250193639759,40.74707600543053],[9.698900083064416,40.74631629519594],[9.698069291995928,40.74580554566688],[9.697448067070217,40.74559006421891],[9.696040014915617,40.74512469822191],[9.693302572134762,40.744250392150875],[9.690809445985314,40.74351479027351],[9.688094523582055,40.74273911664206],[9.687111137169117,40.74264873065098],[9.679940312151794,40.742647179584694],[9.670395527120858,40.740949575234886],[9.64735203425386,40.728290851261434],[9.647041563363096,40.72559669603814],[9.65076157758781,40.7234956147843],[9.648519851587332,40.720146678634244],[9.643877771274166,40.71734363396482],[9.624769099695158,40.7097682593214],[9.62012620367942,40.70868617153936],[9.616594717177682,40.709283399316476],[9.602523793174147,40.70815525352258],[9.598954447180843,40.70654388555499],[9.590481243722328,40.702715911581414],[9.591473229354529,40.702240083644035],[9.583090091187318,40.706072473875736],[9.582417749098042,40.70906671222273],[9.579878233006086,40.71980867657424],[9.577762297521911,40.731998819572276],[9.5782415211339,40.734005319704174],[9.578613723202926,40.73595830215147],[9.579856301164364,40.74403269797223],[9.580146247941673,40.746049145124665],[9.580348678866352,40.74753452918305],[9.581161722329703,40.75405316529507],[9.581209894044497,40.754484749586396],[9.58163580709972,40.7583844615069],[9.58341474760038,40.77474267997027],[9.583569070232372,40.77716517278492],[9.583452120520969,40.77869720041111],[9.583268778086685,40.78313928990056],[9.583512664621017,40.785615377552524],[9.58364548808152,40.78618918179698],[9.58839775372284,40.792438242499344],[9.591811097937141,40.796487100821885],[9.592531949867404,40.797324620082236],[9.593908762477373,40.798105142614325],[9.594227693486028,40.79828404230257],[9.614738830322395,40.80835441943205],[9.62961236676887,40.81441478261118],[9.641726451729882,40.8186869180339],[9.641749554548067,40.81870539195753],[9.646472858170117,40.82929367310241],[9.648418368608667,40.833442855056774],[9.649760489665852,40.83626427862787],[9.652014336972233,40.840231238564186],[9.652173125100967,40.84042964020772],[9.652623081693612,40.84092632594283],[9.653411671784559,40.84173831144538],[9.656722030655468,40.84514175344646],[9.662408412327995,40.8510640465469],[9.662874647782507,40.85223454987605],[9.664284042268806,40.85581294646596],[9.664446755501388,40.85514352378417],[9.664838567027477,40.853882250739304],[9.664965735949126,40.85365549027566],[9.66517665771472,40.85328575308123],[9.666130758068915,40.853043477390074],[9.667013507479414,40.85293283058626],[9.667673088798818,40.853046122789095],[9.671950667864161,40.85633971887581],[9.673653467259689,40.8593802231805],[9.676010380656013,40.861357268056636],[9.677256872065062,40.86171028796479],[9.677738416595856,40.8616624177778],[9.681302520271005,40.861136956650576],[9.683405048617736,40.86023029554559],[9.6844048155765,40.85976734652178],[9.684587900364821,40.85966335481182],[9.686864540460778,40.85794385952689],[9.686828090922113,40.856558457111625],[9.686923720505774,40.85606364707023],[9.68736377747123,40.85487626183732],[9.687941303619578,40.85350355625586],[9.688243261046987,40.852976653310435],[9.688742205211147,40.85222297590322],[9.689641060237289,40.85095306466952],[9.69026731570344,40.85028270346978],[9.692692875340926,40.84824129369069],[9.695232575474334,40.84691980983149],[9.70421110927273,40.842568381931166],[9.716435670820822,40.84222826926373],[9.724964879977406,40.84390592142039],[9.72724655486341,40.84333417071924],[9.725777913146816,40.83973559130404],[9.725054438955612,40.83824588650031],[9.724727479456137,40.838038496925684],[9.71946963810377,40.83484980866516],[9.7156154199677,40.83340187092461],[9.708635972006851,40.83162693577909],[9.701869974190508,40.83250211768854],[9.699147745211025,40.83348407707456],[9.698157244374984,40.83594268006758],[9.69529208947351,40.83673104078623],[9.689037643704243,40.83715616706739],[9.688547217268598,40.837073290273665],[9.687260536863127,40.83646602599768],[9.686424333871834,40.835845296377286],[9.68585531129441,40.83531601844902],[9.685453149745685,40.83466056915755],[9.685183378677657,40.8340615346044],[9.683251064671257,40.828859883769674],[9.682155586975387,40.82134214384401],[9.68802603315113,40.817243386539666],[9.691587666408504,40.8128136245578],[9.691762736799168,40.81192507379336],[9.691813731485288,40.811173348145196],[9.691565836969481,40.81071142760763],[9.691180587264412,40.810033603475375],[9.690589614865429,40.80927961257076],[9.688135279153977,40.80639971419441],[9.687702464770412,40.80629113951562],[9.68606716995923,40.80607791760581],[9.685206119034188,40.80672706806376],[9.685098985626649,40.80776035501732],[9.685070408477182,40.80796546502144],[9.685046541216744,40.808136766281145],[9.684596075724185,40.80841941433922],[9.684433984558243,40.808521005719875],[9.683667640023382,40.80879467377027],[9.683624733723947,40.80880168433489],[9.681392321123226,40.809040100191005],[9.680910043054382,40.80897876222946],[9.680173370722335,40.808822083249694],[9.678385048739429,40.80828422723052],[9.678130605829647,40.8081836699024],[9.678087454359511,40.80816661558681],[9.677535353961954,40.80794207862353],[9.677462436029495,40.8079124221857],[9.676939336957732,40.80762465383077],[9.676593587351952,40.80743444609052],[9.67583818187096,40.8068893625344],[9.675196035341457,40.80625915700514],[9.675157095672818,40.80621705686682],[9.674351948984645,40.805295693084176],[9.673692952733136,40.80446176298341],[9.67334603105492,40.80398002691726],[9.673160893694572,40.80372280238401],[9.673034387250928,40.803532112520536],[9.672414522728847,40.80259772835201],[9.67198643287118,40.801736544611764],[9.671816208785748,40.801287115653224],[9.671154163081006,40.79948928996983],[9.670827166882168,40.79859035250861],[9.670321104631048,40.795890182810126],[9.67027894016719,40.79565229701621],[9.670175022697174,40.79371722017593],[9.67016518239901,40.79273874020091],[9.670164208705113,40.79264190567751],[9.670159519625809,40.79138751197826],[9.670193817756433,40.79048647246068],[9.67039378485825,40.78822690263527],[9.670503263919965,40.787782152088255],[9.67061488251579,40.78733108303562],[9.670701386715084,40.78698150433482],[9.671389936840471,40.78466627838275],[9.671414885958875,40.784623906847145],[9.672171358330301,40.78333918171796],[9.672488077083097,40.78280966877039],[9.672538929989077,40.78276932246676],[9.672968242579216,40.78244608135161],[9.680143835044802,40.77311561667868],[9.683808914614954,40.76923680384743],[9.686691037168929,40.76649868312334],[9.68754299355528,40.76593326505121],[9.707370431204685,40.75495091586594],[9.715096804894532,40.75327950572896],[9.715488482794154,40.7529767557091],[9.715517200045248,40.752147117147615],[9.715341877286246,40.7515758213587]]],[[[9.676954949586202,40.86375460918376],[9.676557423697968,40.86375247969218],[9.676231672785622,40.864682243813206],[9.676260115636246,40.86501538365318],[9.676267034403951,40.86509641741943],[9.676375257936217,40.86509104085805],[9.676883755265322,40.865065774883135],[9.677557539250206,40.86466719967017],[9.677452219776098,40.86411489867484],[9.677359890872335,40.86375677753691],[9.676954949586202,40.86375460918376]]]]},"properties":{"name":"San Teodoro","op_id":"7130","minint_elettorale":"4200730615","minint_finloc":"5200530731","prov_name":"Gallura Nord-Est Sardegna","prov_istat_code":"113","prov_istat_code_num":113,"prov_acr":"OT","reg_name":"Sardegna","reg_istat_code":"20","reg_istat_code_num":20,"opdm_id":"7669","com_catasto_code":"I329","com_istat_code":"113021","com_istat_code_num":113021}},
{"type":"Feature","geometry":{"type":"MultiPolygon","coordinates":[[[[9.279151484196795,41.23304410414335],[9.27974626617075,41.23299162307642],[9.279824987459653,41.232965382875136],[9.279816240266602,41.23287791439591],[9.279654424834293,41.232663617772964],[9.279562583243672,41.232584896800695],[9.279435754707736,41.23254116251721],[9.279225831045613,41.232479935480484],[9.278540304256333,41.23234586983159],[9.278525190662648,41.232671692768534],[9.278604808292693,41.23276857966855],[9.278959053867379,41.23303098392778],[9.279151484196795,41.23304410414335]]],[[[9.154376017696652,41.245902743487754],[9.154317947896123,41.24569949795866],[9.153534000158954,41.244871997601436],[9.153185578572588,41.24477037478854],[9.153083955467359,41.24485747983985],[9.152880709676769,41.2453220415076],[9.152953297897671,41.24543818240204],[9.154201807045565,41.245975331570904],[9.154376017696652,41.245902743487754]]],[[[9.183687555477611,41.25225063293146],[9.183935218938059,41.252247985598686],[9.184354871853294,41.25186110701209],[9.184683703899143,41.25154305554932],[9.184960102487583,41.25125935048783],[9.185249690294109,41.25067402215139],[9.185302072570751,41.25049702749209],[9.18506510389805,41.24923532813104],[9.184823541906447,41.248751548215644],[9.184477882614653,41.248916493867306],[9.184378095390487,41.248971633967905],[9.184179982050448,41.249088118875214],[9.182840640370689,41.2499009529286],[9.182918688689151,41.25100428127303],[9.183424437848064,41.2520618896082],[9.183687555477611,41.25225063293146]]],[[[9.185770685936033,41.252784677608425],[9.185729333618097,41.25266889183428],[9.185613548406847,41.25267716217872],[9.18550603345048,41.25275159605345],[9.185398519380673,41.25286738119841],[9.185365437284185,41.25296662605135],[9.185406789735733,41.25335533315557],[9.185464682447769,41.253421496149805],[9.185580467907704,41.25349592959284],[9.18577895579277,41.25351247036723],[9.185770685936033,41.252784677608425]]],[[[9.239137278163657,41.25428365792801],[9.239160919550562,41.25422055491546],[9.239300488647968,41.2537968996064],[9.238821058988993,41.25295116520262],[9.238032673443788,41.25250240974947],[9.236712675564231,41.25261772807134],[9.236494831289598,41.253028029394],[9.236916239734278,41.25403715802001],[9.237136868685802,41.254397014331595],[9.237731061393026,41.25490810570589],[9.237862666857382,41.2549922813946],[9.238780799497327,41.25472577870627],[9.238868615654537,41.254667045665094],[9.23904274023385,41.25454507949665],[9.239121223007487,41.25438165052015],[9.239137278163657,41.25428365792801]]],[[[9.239597732250102,41.25616532236973],[9.239441735020304,41.255940453014944],[9.239319659453585,41.25585726551392],[9.238982730271918,41.2556413360995],[9.238916444467808,41.25565329643823],[9.238611390658281,41.25573387260306],[9.238696298296322,41.25610504158718],[9.239219968457755,41.2565506420696],[9.23951605149364,41.25667893481854],[9.239626999533249,41.256552595299624],[9.239706247360962,41.2564623529781],[9.23965649944585,41.25632283612865],[9.239597732250102,41.25616532236973]]],[[[9.241227962067455,41.257215826798365],[9.241620314709975,41.25719698844899],[9.242337550641928,41.25666740090678],[9.24235926605447,41.2564872004818],[9.241835935346833,41.25618879245361],[9.241686671793786,41.25617365114242],[9.24145531276565,41.256150182043875],[9.240732066518957,41.2562620423666],[9.24032113998512,41.25691145887959],[9.240281945261698,41.256989607902995],[9.240310243199195,41.25719522632091],[9.240496834920307,41.257216731142314],[9.24064610813962,41.257233933160535],[9.240952007285903,41.257238923291375],[9.241168319431495,41.257227210622666],[9.241227962067455,41.257215826798365]]],[[[9.224512862557106,41.14886726546409],[9.222164317540182,41.14984216372676],[9.203781626310294,41.159299319079025],[9.19519503246012,41.16437826334],[9.189860339949192,41.16740764228037],[9.189793712864043,41.16744547385807],[9.171060245429196,41.17703669951491],[9.169881976235864,41.177246750589845],[9.16899120177069,41.177772825727594],[9.162830125701474,41.182134705005865],[9.158549804255047,41.18572468621707],[9.156542391908076,41.191627587803204],[9.155071444588595,41.193012284641746],[9.154998380530309,41.193128359217006],[9.154751089292663,41.19370181688503],[9.154112458266662,41.19724726771766],[9.154992226844595,41.20113747888487],[9.15503320132644,41.201298806909506],[9.155064446020093,41.20141662535579],[9.155556816770801,41.20221315670533],[9.15561515716038,41.20229619484401],[9.15574676331644,41.202469623825465],[9.156636406941036,41.20292781741148],[9.156809482086482,41.202984063319384],[9.15685722733503,41.2029995792923],[9.158349090892948,41.203411899116254],[9.159282062323328,41.20512435376419],[9.16568177372364,41.21839962708618],[9.165904920576233,41.21995765912496],[9.167079163684285,41.228991924477846],[9.166028201536806,41.23096502842515],[9.163306983569178,41.23367576395546],[9.163259301579382,41.23371636697323],[9.16300632313106,41.23393178640206],[9.162850015265482,41.234055599107165],[9.162218823168853,41.23455556278911],[9.161650585709072,41.234942352567295],[9.160421186554437,41.235663788606146],[9.159972019427327,41.23583023747188],[9.158141392351142,41.23602950601135],[9.157747606425954,41.23603004615073],[9.1571388332433,41.235949807749094],[9.156087943416539,41.23561794876613],[9.155992395417737,41.235582046784465],[9.152799943908844,41.234127064696956],[9.15019897914932,41.23193258279019],[9.147712955973942,41.23116112796441],[9.143590228379777,41.232436442693555],[9.140966962266784,41.234682627160694],[9.138361870113153,41.238559138850434],[9.141655619441535,41.24483356295754],[9.143876645597736,41.246739332887],[9.144239626044037,41.24694718253909],[9.14560960495913,41.24714700790895],[9.146054051399204,41.24708789399563],[9.152779696267922,41.244648191089496],[9.159525309021125,41.24081073404294],[9.16537150547613,41.23641569181586],[9.170387162482731,41.241605874238395],[9.173774266507397,41.24530075950893],[9.18095301736443,41.24802581416924],[9.18593797015342,41.247689088508075],[9.1944707268315,41.24590046034231],[9.19485762070379,41.242053483354304],[9.194901509308,41.24131022606638],[9.194917354114905,41.240484020469125],[9.197145804649205,41.241996230369146],[9.20803103134651,41.25042637250718],[9.21312321902332,41.253233113541384],[9.215055328184436,41.25503895484371],[9.225582441035774,41.259140833974],[9.229364133535876,41.25888467545728],[9.235319859291799,41.258219594286295],[9.235992103662253,41.256780355109264],[9.235464040244834,41.25515666197362],[9.234814348334679,41.253725754644286],[9.234620933026786,41.24970868549691],[9.23463135383865,41.24928529859265],[9.236225475706226,41.246594345566116],[9.2362805352307,41.24655556372886],[9.236797832062628,41.24619119764114],[9.237012665965763,41.246039875157244],[9.23747129060391,41.24580117629204],[9.237590414270006,41.24573917637947],[9.238067005488935,41.245519714842814],[9.23856070589813,41.24529510122684],[9.23907091592561,41.24508461154102],[9.239268492568847,41.24501889517591],[9.239903785059697,41.245202232288094],[9.241051759579651,41.245814534475144],[9.261142348315634,41.24093137457463],[9.271314122386283,41.2361607537984],[9.27829775816088,41.23014940175693],[9.279538971291124,41.22881467075708],[9.279966997462731,41.228114097109255],[9.280441032227133,41.22714414205229],[9.281616833296683,41.22453866818133],[9.281703176002278,41.22406178919238],[9.281940792268204,41.219181573188244],[9.281619473605968,41.21785960513754],[9.2804554829102,41.21507393697117],[9.276674139580253,41.20905322594095],[9.270992858879673,41.19975460420811],[9.269971459519157,41.19692558492478],[9.269945589453146,41.1967731109049],[9.269994940070104,41.196496526927056],[9.270157802936302,41.1962006096393],[9.270308162286659,41.195933321594914],[9.271977250293043,41.19460611791777],[9.272241851000498,41.19442758812481],[9.272470223164545,41.194333045910504],[9.27276271290917,41.194216923365246],[9.274193282392776,41.19374624319036],[9.2754434969542,41.193420561055326],[9.276717529159251,41.19317158533755],[9.277385179849231,41.19313394756361],[9.278255935836562,41.19318589460739],[9.279527271132938,41.19338947483053],[9.279928168423092,41.19382139928546],[9.279989520625074,41.19422660386017],[9.279942957476656,41.19430968539786],[9.278769512653895,41.198994715097605],[9.280651511290172,41.20601625851416],[9.286045363062815,41.21288496743031],[9.285795785351437,41.21789393400904],[9.286394111878145,41.219000407942474],[9.286611085736089,41.219171016952224],[9.28666943919944,41.219215910203026],[9.287857078060854,41.21941957033653],[9.289029580060642,41.219030532309034],[9.2894644752071,41.21887213894326],[9.289778153133824,41.21861394985066],[9.29003042162207,41.218370213684345],[9.293968255053445,41.21315209577575],[9.296429043522856,41.20869622242156],[9.298525160239537,41.20355721325185],[9.295260819013878,41.20015731342451],[9.291809455933826,41.198922002484075],[9.2892101816718,41.19768445112604],[9.288201116279254,41.196399972156605],[9.28819973639248,41.196085374144225],[9.288403908329817,41.19515535681123],[9.28913803011151,41.194195408686554],[9.290042890734885,41.193320827222244],[9.290502274063835,41.193002521237524],[9.301219930361718,41.19071401747992],[9.301666820881087,41.190656614952374],[9.301879880224005,41.190631218244945],[9.303310910253238,41.190645475181434],[9.303954985837011,41.190658792476555],[9.304049819224565,41.19066116706663],[9.30468248577526,41.190695901526404],[9.305481682979147,41.19074783113808],[9.305839573786983,41.19078006829796],[9.306161676644072,41.19080908096769],[9.306436124706755,41.19084732474901],[9.308128032614334,41.191083079872925],[9.308572049996485,41.19114494745028],[9.30851112143486,41.19063166362008],[9.308410646550763,41.18978519334415],[9.308413010347646,41.18973113947091],[9.308442953470507,41.189046461528015],[9.308466527376575,41.1889878477803],[9.308655178174147,41.18853244573052],[9.30969550762914,41.18661998686859],[9.30999809154235,41.18631080170801],[9.310188281839121,41.18616147504698],[9.310586920707893,41.18600955575127],[9.310951477440502,41.18588020998647],[9.312611754918198,41.18084144457156],[9.313990257284292,41.17485308934252],[9.31436283919342,41.172717204637635],[9.314098502426413,41.17260204751933],[9.313024867678882,41.172135337212495],[9.308473680597091,41.170183896600385],[9.30763795717317,41.16991589490642],[9.306814707660637,41.169764957324915],[9.30654681191278,41.169739693472856],[9.306073410700261,41.169695048770095],[9.303908116356068,41.16949082479654],[9.30328458172036,41.16943200779666],[9.287757967106574,41.1681386760084],[9.277884802551618,41.16745579898668],[9.274881007050094,41.166427098907846],[9.263894679416932,41.16264695640876],[9.263615566317892,41.16254887536689],[9.256460359276879,41.15999426715493],[9.23349829580149,41.15220035055543],[9.224512862557106,41.14886726546409]]]]},"properties":{"name":"Santa Teresa Gallura","op_id":"8144","minint_elettorale":"4200730610","minint_finloc":"5200730610","prov_name":"Gallura Nord-Est Sardegna","prov_istat_code":"113","prov_istat_code_num":113,"prov_acr":"OT","reg_name":"Sardegna","reg_istat_code":"20","reg_istat_code_num":20,"opdm_id":"7640","com_catasto_code":"I312","com_istat_code":"113022","com_istat_code_num":113022}},
{"type":"Feature","geometry":{"type":"Polygon","coordinates":[[[9.279010186902266,41.01944698077208],[9.285677425477472,41.01825058645647],[9.28855809022661,41.01794917528957],[9.289357673039364,41.01786550160771],[9.289469734159296,41.01785377442446],[9.319236334320909,41.014811500344145],[9.324615753539586,41.01447207931613],[9.32477673000277,41.01446272215566],[9.336072047105569,41.013889854602766],[9.336857646396705,41.014022683448815],[9.347997479930672,41.02009709413366],[9.351204429283431,41.01479059320442],[9.37180961777312,41.00751045817285],[9.372177569772816,41.007388311314784],[9.373957967555944,41.00679726104841],[9.374029182141788,41.00677361947844],[9.374270456674713,41.00671675037178],[9.37771058682578,41.00590584146886],[9.381023999705858,41.00516527767077],[9.386051428797453,41.004060292414145],[9.393737384736248,41.00242561388526],[9.400877234419038,41.00094443315312],[9.401947764547534,41.00047304151016],[9.4101092092601,40.99355306495906],[9.406304390709469,40.989629975689816],[9.40580216160305,40.989154313362874],[9.389684830201462,40.97502865023646],[9.378540983533403,40.96606000635215],[9.37369992163671,40.9568874320681],[9.373585668206198,40.955590619859905],[9.37370265536833,40.95315802317234],[9.373904327010232,40.9509953967213],[9.373996580860137,40.95049964613243],[9.374185052315227,40.950210771180494],[9.369677337461578,40.94936953143159],[9.36315385938125,40.95140810416088],[9.362502799722925,40.95185155548352],[9.361921987853183,40.952105610367255],[9.360368748498432,40.95270501797038],[9.359192591783877,40.95311118013065],[9.354105431844351,40.95462515795818],[9.353285099490714,40.954537592482076],[9.351121062764657,40.95425594048675],[9.350050790972242,40.954088038271394],[9.348742320118308,40.95381274917993],[9.339187736375193,40.95120401877504],[9.341358538755793,40.945907608005506],[9.342753258421597,40.939922001552304],[9.342891617348657,40.93911084852614],[9.342924925688042,40.93866033748513],[9.342902915956541,40.93815319710804],[9.342897953058136,40.9380388477292],[9.342645562631457,40.93747207874567],[9.342166503340891,40.93671680917074],[9.341554048600369,40.93606102237833],[9.341461761106842,40.93596220512241],[9.341107584294674,40.93567146229598],[9.341068100012468,40.935639073479706],[9.3405196512441,40.935244331133894],[9.340078854546194,40.93499340089612],[9.339674802772183,40.93495855946782],[9.339519031086025,40.934984916241774],[9.334933082631434,40.93453102675906],[9.328817698133049,40.93265272523822],[9.325609052056155,40.93142492870226],[9.323049808186072,40.928430310439104],[9.31746274272602,40.922743591079154],[9.313818732183602,40.923176954596215],[9.300207696555656,40.923830518150204],[9.300273494002841,40.92671723916244],[9.299996916416449,40.93159142994246],[9.296943521549007,40.93460809001569],[9.288840092383357,40.941645151347856],[9.283092998052853,40.94793008988446],[9.273497526959956,40.954736448573506],[9.270680271633754,40.95735548221029],[9.270444998611751,40.96376087747949],[9.256386290159293,40.96898528952938],[9.259667904011806,40.97359060148787],[9.264391179078961,40.974422617637025],[9.260513758744702,40.97978231239245],[9.259566840485492,40.98383813129105],[9.261160463710219,40.98703243611448],[9.266814995689492,40.988956243854965],[9.266864062645164,40.99228014562061],[9.266198849876439,40.993898650323736],[9.26920927332588,40.99888668456773],[9.278169394871231,41.00367136615169],[9.280100054485887,41.00437822940241],[9.286257354985734,41.006925920463175],[9.282524202993544,41.01513253732561],[9.279900472354022,41.016484709310404],[9.279579078822447,41.01728837554405],[9.279010186902266,41.01944698077208]]]},"properties":{"name":"Sant'Antonio di Gallura","op_id":"8145","minint_elettorale":"4200730602","minint_finloc":"5200730602","prov_name":"Gallura Nord-Est Sardegna","prov_istat_code":"113","prov_istat_code_num":113,"prov_acr":"OT","reg_name":"Sardegna","reg_istat_code":"20","reg_istat_code_num":20,"opdm_id":"7662","com_catasto_code":"M276","com_istat_code":"113023","com_istat_code_num":113023}},
{"type":"Feature","geometry":{"type":"Polygon","coordinates":[[[9.307315259699257,40.851091657208684],[9.312772842848016,40.85777036743448],[9.313049445059152,40.85912087341208],[9.31131217258205,40.86656246123146],[9.308383296188671,40.87219556662992],[9.308965110686614,40.872977735863955],[9.309113034268218,40.87354618064223],[9.309208321847668,40.87391845665498],[9.309255168238511,40.874103002720965],[9.309318573493155,40.87497664191541],[9.309350059468942,40.87566227085228],[9.309371496425145,40.87614758492993],[9.309475631879192,40.88066949346523],[9.30733987891625,40.883653249575865],[9.298354451895024,40.89387798243966],[9.293322540717748,40.8988094306407],[9.295588475422063,40.909883857066205],[9.295654766458956,40.91006293013728],[9.296141228136175,40.91135079115628],[9.296512388698357,40.912034467417584],[9.297138475442978,40.912762527633355],[9.29743151518023,40.913103288986164],[9.29745538917628,40.913131050623655],[9.298027997122867,40.91371511097489],[9.298404837406958,40.913999550051486],[9.298447774342392,40.91403192037122],[9.298493881767582,40.91406663004609],[9.298623759243467,40.914163984922716],[9.304605543235715,40.91863444796833],[9.307069110044706,40.91893404956394],[9.308122635740927,40.91905751666414],[9.309346381523543,40.91918185808152],[9.309940489583663,40.919241819578524],[9.312898584570098,40.91945903809096],[9.315381671049751,40.9196774807596],[9.315655712108633,40.91986590441597],[9.316670955179298,40.92107923840735],[9.316945823303731,40.92143881337937],[9.31746274272602,40.922743591079154],[9.323049808186072,40.928430310439104],[9.325609052056155,40.93142492870226],[9.328817698133049,40.93265272523822],[9.334933082631434,40.93453102675906],[9.339519031086025,40.934984916241774],[9.339674802772183,40.93495855946782],[9.340078854546194,40.93499340089612],[9.3405196512441,40.935244331133894],[9.341068100012468,40.935639073479706],[9.341107584294674,40.93567146229598],[9.341461761106842,40.93596220512241],[9.341554048600369,40.93606102237833],[9.342166503340891,40.93671680917074],[9.342645562631457,40.93747207874567],[9.342897953058136,40.9380388477292],[9.342902915956541,40.93815319710804],[9.342924925688042,40.93866033748513],[9.342891617348657,40.93911084852614],[9.342753258421597,40.939922001552304],[9.341358538755793,40.945907608005506],[9.339187736375193,40.95120401877504],[9.348742320118308,40.95381274917993],[9.350050790972242,40.954088038271394],[9.351121062764657,40.95425594048675],[9.353285099490714,40.954537592482076],[9.354105431844351,40.95462515795818],[9.359192591783877,40.95311118013065],[9.360368748498432,40.95270501797038],[9.361921987853183,40.952105610367255],[9.362502799722925,40.95185155548352],[9.36315385938125,40.95140810416088],[9.369677337461578,40.94936953143159],[9.374185052315227,40.950210771180494],[9.374750150103496,40.94929009748447],[9.3750616134108,40.948898686128224],[9.375375401810283,40.948504347651856],[9.375739703092723,40.94811580809232],[9.375765119798109,40.948088700384936],[9.376001973835868,40.94795395961645],[9.376226985348362,40.9478259555683],[9.378289081421315,40.94691838645439],[9.378912356663024,40.946674785202354],[9.378964773985407,40.94665429833019],[9.380624369725197,40.94600987797703],[9.381912147933285,40.945642791731295],[9.382806815973192,40.94539009333764],[9.384372238402918,40.944907449445054],[9.385605362942107,40.94448895322429],[9.390229314490975,40.942898055565095],[9.390904063183674,40.942210045684],[9.391658910868777,40.92517106106181],[9.392103919787965,40.91360664350184],[9.394850387684706,40.91141665121206],[9.40174033124975,40.90796957810536],[9.41294740645067,40.89384890745067],[9.41306426690029,40.89355121450535],[9.413759348330114,40.890792182126525],[9.415108217155105,40.88439143243209],[9.41641194204743,40.87802511814217],[9.420022882819628,40.860087167592866],[9.413390487164392,40.85642479491234],[9.402434788505868,40.85038029952869],[9.39666353488524,40.85155116387046],[9.376573260799324,40.85622276386127],[9.361952705546694,40.85974349970017],[9.359898623814422,40.85729064288907],[9.35880514966394,40.85473567244177],[9.353881853046737,40.850345785538025],[9.353513229152702,40.85018476549565],[9.351696056087585,40.849793950813414],[9.339579181403398,40.848938425941625],[9.331149796873405,40.85001691312715],[9.326492226676438,40.85098507791291],[9.32401430146264,40.85138169889718],[9.321648595666069,40.85169087362107],[9.314332659884407,40.852302413779235],[9.310977929579824,40.85196204312715],[9.30933287029309,40.85166692606854],[9.307315259699257,40.851091657208684]]]},"properties":{"name":"Telti","op_id":"8146","minint_elettorale":"4200730671","minint_finloc":"5200730671","prov_name":"Gallura Nord-Est Sardegna","prov_istat_code":"113","prov_istat_code_num":113,"prov_acr":"OT","reg_name":"Sardegna","reg_istat_code":"20","reg_istat_code_num":20,"opdm_id":"7657","com_catasto_code":"L088","com_istat_code":"113024","com_istat_code_num":113024}},
{"type":"Feature","geometry":{"type":"MultiPolygon","coordinates":[[[[8.99197918039715,40.80789104255742],[8.98848439522327,40.80931858842625],[8.988422131711925,40.80942218038085],[8.987935868055152,40.81030495999159],[8.987805381001651,40.810665285016654],[8.98761490076753,40.811196652107554],[8.987520629271245,40.81171924505888],[8.987544258467413,40.812169670700364],[8.987757593473882,40.812638133651795],[8.987947230600371,40.81303452634194],[8.988760930144176,40.81447573290493],[8.988837013472727,40.81460782966054],[8.988978478637996,40.81483632118882],[8.98928669425095,40.81527776543582],[8.989618652674384,40.81556606598758],[8.991669753185864,40.81727774250045],[8.995380974861101,40.820304888404294],[8.99678019807685,40.821106687923006],[8.998179455484234,40.82189045332522],[8.998888848999375,40.82224982923736],[8.99906883265044,40.8223408862242],[9.002994042363424,40.823277729678416],[9.00376513938824,40.82827739352218],[9.00072912263887,40.83131329572179],[9.003605173108324,40.833233747125945],[9.005295512572452,40.83440306894768],[9.011122109540835,40.83847761215944],[9.012045083954826,40.839122976119434],[9.01344264892556,40.84013744621625],[9.018703678834653,40.84395591428833],[9.023387576362781,40.8473549262779],[9.033360303219322,40.85409638917809],[9.034004662945419,40.854531840602526],[9.034898741933828,40.85513527866366],[9.047201946526819,40.86335463742884],[9.053230629893456,40.86581185963972],[9.059138335927267,40.86926856414548],[9.059159910129171,40.87189657935607],[9.059164891180348,40.87243949649075],[9.059178741266434,40.87372642123703],[9.059215894097722,40.876403152114214],[9.059283328361637,40.880894398401715],[9.059302805581003,40.882051454720056],[9.0593075364407,40.88228655591636],[9.059340109935532,40.8826008385268],[9.059409152299974,40.88277020997077],[9.059637496240613,40.883330361912975],[9.061218479111924,40.88624112310437],[9.064251452224244,40.89225515307037],[9.064532826865596,40.8929165373317],[9.064632210766678,40.89315138487559],[9.06505661531478,40.894154275401476],[9.065298535072927,40.89473185392714],[9.065323137603343,40.8956056487437],[9.065318389682773,40.896357153893334],[9.065230249719427,40.909811824620085],[9.065849538426887,40.91165817489622],[9.066218274780942,40.91228854559505],[9.06657484636806,40.912621647494056],[9.067679875384746,40.91329662697879],[9.07051773853856,40.91492542947204],[9.083806122552843,40.92620874559714],[9.089335722938017,40.9370097075875],[9.089526953296371,40.937874353189976],[9.089397983268224,40.93913561009825],[9.089268013869285,40.93965819047555],[9.088912632421751,40.94040615116973],[9.086553756012687,40.94436257220093],[9.086221447180533,40.944624060782246],[9.08495141561094,40.94553483696961],[9.076842496637589,40.95026084956374],[9.074868542256688,40.950917795013495],[9.07430084419237,40.95111829906574],[9.070904195600225,40.95248969611659],[9.069989775693823,40.95294066772243],[9.069253627665926,40.95344557317095],[9.054121852064021,40.96508826802144],[9.048602937977579,40.96981507372643],[9.051789763090087,40.97766096361314],[9.064268848788458,40.995204229610174],[9.067087762556513,40.99598962349879],[9.0789789974197,41.000781944332466],[9.082588351282855,41.003648514142824],[9.087830337386828,41.009131563354885],[9.094692346818299,41.01956561662713],[9.098490414538176,41.022210826161974],[9.099322539352217,41.02189482682835],[9.100830098304694,41.02179326651126],[9.103087739536932,41.02357954339219],[9.10447995575303,41.02468893682128],[9.106883129725377,41.02668939783462],[9.107264664425298,41.02723853876827],[9.109177199298152,41.025669328751974],[9.115143379993713,41.02527563012017],[9.118830388109096,41.01600306119066],[9.124248777242896,41.013396595704855],[9.126034307005687,41.014248579199005],[9.129532420409225,41.01507270014401],[9.131323892631697,41.01531035903344],[9.131828376539742,41.01537637457146],[9.139405470147334,41.015952988034705],[9.139880928708786,41.01582629797853],[9.140301755742998,41.01569706639398],[9.141996509945372,41.0151751245243],[9.142645012056056,41.013258772376105],[9.144122445911545,41.008380341969655],[9.138803510576972,41.00449534680727],[9.132250935946077,41.00110222090341],[9.127863031987834,40.994355795952],[9.123544992598674,40.986793631372876],[9.122088255558415,40.983318022106374],[9.120862943414943,40.97630192563862],[9.119599787894389,40.97451060975945],[9.1178634726596,40.96726979498846],[9.117814701037188,40.9665762120438],[9.117801967633733,40.96609878933029],[9.117848655381653,40.96562130585324],[9.118002587062731,40.965305860039976],[9.118334793363822,40.9649992403586],[9.119937516444164,40.964105770539476],[9.127035201489342,40.95948595621987],[9.129705467970243,40.952737250273614],[9.134156801510539,40.94955981852671],[9.135453425682142,40.944513682929625],[9.135642575154657,40.93945077208448],[9.139305088360262,40.934946318531544],[9.153256357450289,40.931771728092095],[9.156165606572266,40.931400257501345],[9.158267032342604,40.9309902478153],[9.158353709057653,40.93094719505938],[9.158587347300656,40.93082765937642],[9.16082669037402,40.9285274472503],[9.161205804226556,40.928130553348296],[9.161477864817222,40.92767075060237],[9.161536242561723,40.92725628844916],[9.161773778753105,40.92238247405246],[9.162701283533218,40.92103443066689],[9.162260523367175,40.91744975121721],[9.1604460702911,40.91111495140498],[9.160552484663171,40.90927912983714],[9.161456324732868,40.90417714297133],[9.16165715831279,40.903762478651615],[9.162874242720179,40.90138257108792],[9.167183496713452,40.89646686903755],[9.167554137600796,40.89635823132007],[9.170265867320397,40.895563356896595],[9.175275571274002,40.89409467214324],[9.176175497431194,40.89391313481595],[9.180093043106764,40.887990155652446],[9.180191047245414,40.887841117915386],[9.182359188341884,40.88447555509545],[9.183039713467448,40.88341427864814],[9.184544606880628,40.88104514699072],[9.189164634113906,40.87375891071515],[9.189329985333604,40.87347938079416],[9.18924852492858,40.87290367125942],[9.188216077673427,40.86567995636325],[9.187884709946337,40.863418700504766],[9.186486087972957,40.85387277667958],[9.176467121140279,40.85006897886341],[9.163846834115962,40.84624556369933],[9.147177032435609,40.84144018118566],[9.141942121248247,40.83992811665597],[9.14149103529434,40.83976651892827],[9.141217875025145,40.83960470177114],[9.138723661692737,40.83803125518733],[9.136812937637687,40.83685651193912],[9.13400564588032,40.83518881354613],[9.133925447335931,40.83514522178355],[9.133557804346298,40.83494746200894],[9.132395023410572,40.834732600196375],[9.132216123212268,40.83471525411095],[9.1271483964574,40.83428841130532],[9.125765972278275,40.83418151295847],[9.12418180756115,40.83411564818095],[9.12301936369307,40.83406727477268],[9.11844567988752,40.833600203249354],[9.11437593119121,40.83318440565956],[9.114170453098337,40.83279152246289],[9.11062797936693,40.826017346447614],[9.108080441695815,40.821093901495736],[9.106178936940333,40.81741846034248],[9.105581160457012,40.81625691832858],[9.104422741693332,40.81400585801157],[9.102884481423532,40.811016431117686],[9.102159495698071,40.80988200811179],[9.091430138572095,40.80080960991142],[9.088735150287127,40.79871359613815],[9.093334162100044,40.80441002409087],[9.104903126462373,40.81873585261993],[9.107359871296708,40.821777457649965],[9.105120454750637,40.82293260069827],[9.083538991117889,40.833354990998465],[9.083385517773653,40.8332858888282],[9.081806403843096,40.83257486142861],[9.081437626036152,40.832408806498464],[9.07695744890298,40.830391291168],[9.075796041277579,40.829850428219565],[9.071847358024359,40.82801338813786],[9.071815061129191,40.82799836223653],[9.071708272507996,40.827948882767565],[9.067424557812767,40.82835641166023],[9.06056691744761,40.829010998170624],[9.055888945451256,40.82945303098985],[9.053988579676204,40.827827913002174],[9.052174343017224,40.82627479150744],[9.05121225031284,40.8255509643794],[9.050964161750908,40.82536438993603],[9.050881591272182,40.825302313588466],[9.050761276921673,40.8252122400221],[9.050586329328342,40.825161343093775],[9.005353015012426,40.81201707467091],[8.99197918039715,40.80789104255742]]],[[[9.20195349791128,41.13471701528659],[9.204910934808247,41.13795178751736],[9.213423847206947,41.14385121052297],[9.220143941869242,41.143137645083264],[9.22503810274695,41.14215533084415],[9.229805886930501,41.142560283001146],[9.232858399351164,41.1431306609487],[9.233860337115775,41.14340787761073],[9.234564252138979,41.1436496598457],[9.233613402401913,41.14448663121961],[9.232853398757687,41.145085393289065],[9.228854194736842,41.14644459702674],[9.224512862557106,41.14886726546409],[9.23349829580149,41.15220035055543],[9.256460359276879,41.15999426715493],[9.263615566317892,41.16254887536689],[9.263894679416932,41.16264695640876],[9.274881007050094,41.166427098907846],[9.277884802551618,41.16745579898668],[9.287757967106574,41.1681386760084],[9.30328458172036,41.16943200779666],[9.303908116356068,41.16949082479654],[9.306073410700261,41.169695048770095],[9.30654681191278,41.169739693472856],[9.306814707660637,41.169764957324915],[9.30763795717317,41.16991589490642],[9.308473680597091,41.170183896600385],[9.313024867678882,41.172135337212495],[9.314098502426413,41.17260204751933],[9.31436283919342,41.172717204637635],[9.31333285141748,41.16900202816102],[9.313962292718108,41.16379816513323],[9.314437981246515,41.1632962085149],[9.315478841412107,41.16181460669134],[9.316106165697748,41.15996575882296],[9.315896755337766,41.15277600531164],[9.315717346418777,41.149419071279574],[9.313744526143168,41.145560063692514],[9.311488517143117,41.14224226100653],[9.308622614472098,41.13840358696103],[9.306088394635388,41.124880414188304],[9.304508204941666,41.11536411942325],[9.303846531649342,41.11299583140929],[9.300722087371893,41.10237138067154],[9.299668485672324,41.10046765749709],[9.298790624100201,41.10120859409289],[9.296419908638528,41.10293579614749],[9.290728949213353,41.10669706897774],[9.28499404405015,41.10931620688681],[9.2745095046272,41.1127289652233],[9.265774789222059,41.111675695142544],[9.256729850387785,41.11040806425972],[9.243548847958923,41.11137351254759],[9.241163092400928,41.11362151792307],[9.237821254669516,41.11833062977431],[9.23777127349188,41.12428500027873],[9.233477463559739,41.12616743933223],[9.233831110969035,41.12511279046985],[9.23391302828531,41.12469825736217],[9.233636512981315,41.12398718918956],[9.233498400296966,41.12384668172217],[9.233433267474572,41.1237804208938],[9.233170424928147,41.123564759426216],[9.23266885990405,41.12321446278106],[9.232179784112319,41.12302628160813],[9.223339299084948,41.12260236945514],[9.22218392722329,41.1226406346852],[9.219956834597946,41.12279804394719],[9.217146737536204,41.12317270158832],[9.215777752665794,41.123463529136636],[9.214587708968804,41.123835078675576],[9.213356958716204,41.12433563682571],[9.213302844878891,41.12435992630659],[9.212957989737395,41.12454973212338],[9.212541948857561,41.12482974680107],[9.210259738379612,41.126410328788296],[9.21004022243022,41.126584696839124],[9.209998311902527,41.12661798855906],[9.209927724249692,41.12689736439732],[9.21004972635514,41.12779793792668],[9.210455611381974,41.1280584282497],[9.210956518658472,41.12822866377403],[9.210792182320345,41.128994640746],[9.207026597303187,41.13249655714366],[9.20586197039728,41.13344447933396],[9.203198135001964,41.134349252367045],[9.20195349791128,41.13471701528659]]]]},"properties":{"name":"Tempio Pausania","op_id":"8147","minint_elettorale":"4200730680","minint_finloc":"5200730680","prov_name":"Gallura Nord-Est Sardegna","prov_istat_code":"113","prov_istat_code_num":113,"prov_acr":"OT","reg_name":"Sardegna","reg_istat_code":"20","reg_istat_code_num":20,"opdm_id":"7647","com_catasto_code":"L093","com_istat_code":"113025","com_istat_code_num":113025}},
{"type":"Feature","geometry":{"type":"MultiPolygon","coordinates":[[[[8.864021345778664,41.01563729188057],[8.86402750537233,41.0155337056196],[8.864009883287835,41.01470493564482],[8.863979841906009,41.01413288317967],[8.863875244128145,41.01294818852601],[8.86379577458942,41.01260578516219],[8.8637630720423,41.01255620132815],[8.863679899208146,41.01252007103227],[8.863581859527113,41.01248392218162],[8.863369328201305,41.01246114991798],[8.863205796380246,41.012465700590276],[8.862462383210133,41.01252763294077],[8.862276921949674,41.01259347144842],[8.862139451220386,41.01269389735543],[8.862124492712537,41.01273892054173],[8.861699507298564,41.01485532545191],[8.862592979081523,41.01554101268447],[8.862970174108817,41.015694600401346],[8.863053378523174,41.01571721981285],[8.863145532037654,41.015726337473424],[8.86381143424437,41.01578117453283],[8.86391857207488,41.0157522216623],[8.864021345778664,41.01563729188057]]],[[[8.943713375612152,40.96230772825366],[8.935208797947391,40.95818650085773],[8.935742421903742,40.95932183755997],[8.935777154344576,40.96026772044808],[8.935657500730388,40.96111442762712],[8.934811365486214,40.96357319858714],[8.932794997703077,40.96419714899246],[8.932041575127434,40.964427380951456],[8.902915262752542,40.97174823231378],[8.88915859357897,40.97501481542615],[8.876929255339356,40.980785674084146],[8.870690903292651,40.98572434376342],[8.86603949390856,40.98735852270949],[8.870426428132449,40.9927954711419],[8.876468441838965,41.00875669256536],[8.876574121211586,41.009478584145135],[8.876604665655046,41.00983894298644],[8.876604535110609,41.00990891600275],[8.876604409363871,41.00997631717638],[8.876066307388696,41.01126840947613],[8.875360235239105,41.01171805546795],[8.872718579523191,41.013112827807205],[8.871534131786255,41.013438891281886],[8.871136124512315,41.01348914164496],[8.870927620503549,41.01337968465408],[8.87050374469526,41.01302563949026],[8.87047302906562,41.01261348180867],[8.87047042872756,41.01257857204905],[8.870560150101717,41.01230955507397],[8.870767227759314,41.01216340480371],[8.87093676868459,41.01204374763954],[8.871060322719108,41.01195654584396],[8.871532223600745,41.011615357728914],[8.872018200904714,41.01126398598656],[8.87210683528372,41.01119990080647],[8.872107013830963,41.011107567665846],[8.871973454870824,41.01098918743334],[8.871511736753963,41.011206280720465],[8.871429606344094,41.01126333097314],[8.87093760159894,41.01161693202638],[8.870583305810422,41.01187155922757],[8.870316733331485,41.01211560571418],[8.869117163861695,41.01411963174799],[8.869355482290064,41.014539385776516],[8.869996225941426,41.01514073369607],[8.87047394754582,41.01543681652583],[8.87766957924528,41.017656498734546],[8.878336709170151,41.017657204825184],[8.87949521521169,41.01740101134518],[8.879986638209978,41.01711551251185],[8.882157108186936,41.01549060962309],[8.882288093183398,41.015400662239706],[8.882823640183217,41.01519762410315],[8.884441772760763,41.01480830394304],[8.884518516430425,41.01479592790098],[8.884608321119043,41.01478144615189],[8.884934617891588,41.01479078055345],[8.885201777670531,41.01484059211007],[8.885381202435418,41.01487410105495],[8.885415571539717,41.01488134089549],[8.885617470227402,41.01493446467483],[8.88592803201897,41.01501697147988],[8.88656978929206,41.01528784938377],[8.886645947712415,41.01533946028824],[8.887080589774179,41.01563966849684],[8.887264495656504,41.0157839790034],[8.8874369074069,41.015919269777434],[8.887780891445292,41.01646009335669],[8.888164203320294,41.017138677844244],[8.888243340997635,41.01728028348411],[8.888278732239993,41.017451472872324],[8.88827868657954,41.017478497456125],[8.887842173582706,41.01801856156732],[8.88323890623167,41.022493286059095],[8.88221068425553,41.02821803077949],[8.885378815072583,41.027399233599304],[8.889201420143364,41.02664516358156],[8.892318475979645,41.02722467921814],[8.89880614169743,41.0328391982919],[8.903800005755242,41.03562367847647],[8.90840660838047,41.036800073126706],[8.914387746328423,41.03649006046298],[8.916050689857075,41.03556336536969],[8.921201092839492,41.03753640169732],[8.921075175755663,41.0396171883175],[8.921085200088408,41.03994036077788],[8.922038800659742,41.04127083159361],[8.923823003346392,41.04261165700805],[8.926232642365202,41.04367312493153],[8.928424875994933,41.043674507237164],[8.92939036857962,41.043436388098264],[8.945470651513277,41.056067706606754],[8.949985982670421,41.059175385829406],[8.951681870354115,41.0612062090704],[8.95688263080229,41.06821317190413],[8.966093143151873,41.07516709248886],[8.969949531752412,41.0794289699443],[8.973183577167806,41.081962608651544],[8.977705294018216,41.084089015692015],[8.981515811631335,41.08662847487122],[8.981791001046235,41.09250999184874],[8.990189805794301,41.10297832948532],[8.990288035477839,41.10309994595293],[8.991002491231592,41.10366750830665],[8.991705093131326,41.10388375306255],[8.994299467524277,41.104583406622496],[8.996678403152954,41.10487946186553],[9.000599698134069,41.10461650302499],[9.012521296915683,41.09988381468281],[9.025225523761549,41.094855259369496],[9.041320351758845,41.08853598572016],[9.043641074690655,41.08703078806195],[9.046432461512099,41.08411559684967],[9.047126821330426,41.083246039793835],[9.054867407276818,41.07151413460184],[9.0550813414786,41.07112668579601],[9.05557997466609,41.069586068161705],[9.057418949541628,41.06273002822084],[9.056869666863012,41.06063141976778],[9.054434387388424,41.06246682918185],[9.049830748697719,41.06558850842158],[9.046902529238494,41.065369650633656],[9.038504367715511,41.05766635361823],[9.036479660491183,41.0547844266028],[9.03571554656886,41.050154509471035],[9.035250134108788,41.04638160972403],[9.035532845477045,41.04232652880429],[9.037558515928133,41.03912772040828],[9.04143021548344,41.035955826922375],[9.044126125597158,41.02898254115484],[9.044221048126868,41.02862217973366],[9.044268382903825,41.02825282830445],[9.044006529069149,41.028018717319235],[9.035296112241864,41.02234659145835],[9.03308310673324,41.02102305167057],[9.010377845400802,41.00753376857379],[8.999048630138047,41.0007954828707],[8.993585162596185,40.99738121125867],[8.987879397140867,40.989994045101795],[8.986310616066596,40.98757066735212],[8.985657129401057,40.985922088953124],[8.983638634181366,40.977102786959584],[8.983556034184746,40.976652365043705],[8.983519689163057,40.97645417958685],[8.983462628454811,40.97620194148391],[8.983258842908084,40.97530109066713],[8.982973552450021,40.97403989976402],[8.982869461262844,40.97362921216828],[8.981643813631784,40.968796911424306],[8.981406221431905,40.96843654902691],[8.975502473727955,40.961000344614895],[8.973745758800739,40.96043557082836],[8.965009911664186,40.959946994250586],[8.962419439751594,40.95986510428599],[8.961444964248084,40.95997288126259],[8.958628453270574,40.96031421777707],[8.947385772390493,40.96182301810925],[8.943713375612152,40.96230772825366]]]]},"properties":{"name":"Trinità d'Agultu e Vignola","op_id":"8148","minint_elettorale":"4200730711","minint_finloc":"5200730711","prov_name":"Gallura Nord-Est Sardegna","prov_istat_code":"113","prov_istat_code_num":113,"prov_acr":"OT","reg_name":"Sardegna","reg_istat_code":"20","reg_istat_code_num":20,"opdm_id":"7651","com_catasto_code":"L428","com_istat_code":"113026","com_istat_code_num":113026}}
]}