{"type":"FeatureCollection","bbox":[6.853762510394466,44.06061601503036,8.26622507272393,44.856604851073975], "features": [
{"type":"Feature","geometry":{"type":"Polygon","coordinates":[[[7.000225815028124,44.538190524457214],[7.0020114914296006,44.53710097914147],[7.013510081367766,44.526107012647536],[7.015931427216129,44.51429278995132],[7.015298579434223,44.50817358885123],[7.010399728390946,44.50506346079587],[7.009764853945295,44.50454374976857],[7.008857913185321,44.50373570663061],[7.008429904281565,44.50315659625836],[7.008078015359373,44.502592290122216],[7.007122360325718,44.50058605339771],[7.00673662031673,44.499517020846966],[7.006177920008064,44.4973421475054],[7.006171339788847,44.49616286220963],[7.006396945636297,44.494618201421645],[7.006484038187218,44.494219163031204],[7.007712036782186,44.488595938013724],[7.010066421758279,44.48563660421749],[7.01103222996205,44.48576740771441],[7.011482826744865,44.48581152909499],[7.012232211540567,44.48574440016975],[7.012873869751058,44.48556091930663],[7.012913282514003,44.48554594607908],[7.013576235857866,44.48528163800072],[7.013981717328596,44.48496480596786],[7.014159056444179,44.484702116566275],[7.017334179550073,44.479066877949826],[7.0198072111255465,44.47428621117237],[7.019890352748479,44.47364749606333],[7.020110440968514,44.472530491363365],[7.020242605968889,44.471956617708074],[7.020514295135011,44.47077748806763],[7.020939460007257,44.46907887901135],[7.021421197757844,44.467565799283044],[7.021655748194205,44.46728627802498],[7.021872587155578,44.4670424600632],[7.0233315329502926,44.466302506815644],[7.026938729488503,44.464519380950186],[7.0289755332579595,44.463636288968495],[7.032131716341742,44.46245287155633],[7.032577043490976,44.46231651334913],[7.032771211743909,44.46226582410561],[7.032857494140059,44.46224477073276],[7.0332958216262735,44.46221181623129],[7.033938333703467,44.462204869416865],[7.041179399731518,44.45539283530456],[7.0450076977045715,44.45084461294977],[7.044635529391914,44.44978043288221],[7.044451074848869,44.44937664867645],[7.034543199349601,44.44064502984444],[7.028892709872085,44.438594048828044],[7.027035562284931,44.437981285307714],[7.026605926305642,44.43764526975315],[7.025244614532512,44.436163316263304],[7.02360205255118,44.43392924426064],[7.019726872113275,44.42596227410657],[7.019806286576459,44.42534245651838],[7.019801421939913,44.42306920268732],[7.019693570298617,44.42269373707018],[7.019578977458127,44.42230913277159],[7.018023329540326,44.417614254988905],[7.016021084410571,44.4159995200866],[7.015696929541526,44.415741811340155],[7.015271830069077,44.415567876570584],[7.01488712669121,44.41545314412888],[7.014410266704771,44.415359320914696],[7.010750858879791,44.41505706074613],[7.008709191947746,44.415282545271964],[7.007985522580347,44.41544098368396],[6.991450082300353,44.407629560824745],[6.991494222343226,44.40670756065563],[6.992443138658962,44.4055043882711],[6.992924670786146,44.405008197888954],[6.990364097533143,44.40270398017933],[6.989587929199301,44.40212792423812],[6.989189976501244,44.401832567338936],[6.988649272443308,44.40149894807841],[6.9882784903331485,44.401351666715684],[6.9880287551674725,44.40131269749412],[6.982898653882973,44.40093303573162],[6.982325736895583,44.401007579186654],[6.982193322827112,44.401024912853856],[6.980917834968102,44.401258100971944],[6.980448993981201,44.40141269490931],[6.979975367016543,44.40167878051436],[6.96122457288138,44.411734704981725],[6.952982870486065,44.420342309012234],[6.945403315892022,44.42794393845496],[6.947342912638008,44.42759171584681],[6.948394629381173,44.42983340593177],[6.939257274266619,44.43607057236173],[6.933182754789776,44.44018300029318],[6.927214732432985,44.443027439479096],[6.917219122285378,44.44855341689143],[6.911992752940562,44.4527792016806],[6.90975440278816,44.458304692853154],[6.9068842257346414,44.46563137619038],[6.897465960308303,44.471012912608735],[6.896390914579405,44.47119116383305],[6.891855305247742,44.47241493159251],[6.891212110267218,44.47259003507447],[6.889460758857929,44.47312998728558],[6.88302212887401,44.476597647784935],[6.882239349607581,44.47703325731878],[6.878352199169346,44.47954482541701],[6.876169373776595,44.48149380030828],[6.875702200195141,44.48225032907747],[6.875838349548874,44.48266698043442],[6.872773916474748,44.490504871015574],[6.868686737181365,44.49279579063283],[6.866858819970444,44.49446394014576],[6.86511603660568,44.496736012650004],[6.8614052630694875,44.501924034703535],[6.859661569535189,44.5059353130618],[6.8587941200747045,44.50868100367875],[6.856661555978745,44.51784154378715],[6.854262738024914,44.52701504183236],[6.853762510394466,44.52865310658578],[6.855467922060196,44.532601232125174],[6.856610864270528,44.53402708604252],[6.857750225859373,44.534543599662975],[6.8648221929644055,44.5373048299981],[6.873592385967739,44.54633596239648],[6.881472608496385,44.55395450879938],[6.891371808220161,44.5544978751383],[6.9040804604826365,44.55567717168493],[6.9135793475223135,44.558659942699634],[6.914309478863652,44.559006366659304],[6.915344711160217,44.56033963266218],[6.916367280979042,44.5617311761107],[6.918501353151673,44.558848815622625],[6.92487103207621,44.55198786683714],[6.927174522752877,44.55044976812677],[6.936275397430621,44.54655003055239],[6.936943031752397,44.54635954803568],[6.937416303366442,44.54633659143664],[6.938181731330425,44.546440444821506],[6.9433602366785205,44.548526687931215],[6.947154228752886,44.55024814272735],[6.956900238871669,44.54781674696941],[6.970425334996997,44.54311563827365],[6.977873044301087,44.53970981130848],[6.982759173215296,44.537275568645036],[6.992971960988326,44.53641126815661],[6.993386624642148,44.53698122079973],[6.993634405292279,44.53726526621564],[6.9937056374201845,44.53734692169324],[6.99394572531194,44.537501650768085],[6.994359053638135,44.537768021651445],[6.994718981398021,44.53790487851609],[6.997408192724147,44.53861826847415],[6.997902813208145,44.53863593962815],[6.998911888995626,44.53863112063618],[6.999405801583511,44.5385317548743],[6.9996316071686735,44.53845292842113],[6.999845650700849,44.53837792590428],[7.000225815028124,44.538190524457214]]]},"properties":{"name":"Acceglio","op_id":"619","minint_elettorale":"1010270010","minint_finloc":"1010270010","prov_name":"Cuneo","prov_istat_code":"004","prov_istat_code_num":4,"prov_acr":"CN","prov_iso_3166_2":"IT-CN","reg_name":"Piemonte","reg_istat_code":"01","reg_istat_code_num":1,"reg_iso_3166_2":"IT-21","opdm_id":"488","com_catasto_code":"A016","com_istat_code":"004001","com_istat_code_num":4001}},
{"type":"Feature","geometry":{"type":"Polygon","coordinates":[[[7.256645034088021,44.26150027137147],[7.255714021639234,44.260257163868594],[7.254114848078121,44.258999317945644],[7.253432995718757,44.25848024374019],[7.252754334859659,44.25833030519348],[7.245208426986338,44.25733547927107],[7.235977078372204,44.25606472138817],[7.224895446332611,44.253862853285774],[7.218056020593518,44.24797195067564],[7.220022909771513,44.241520523243004],[7.221191098439195,44.23409328885697],[7.219883175445898,44.23163311251961],[7.216951095207905,44.23291981203311],[7.212402377544081,44.23535601260304],[7.2012520453734155,44.2442063706593],[7.200990729815246,44.24465239982543],[7.199933937762053,44.24730962528986],[7.199868795970845,44.24761018798497],[7.199016334254885,44.253367615439046],[7.198736540522771,44.26206901662943],[7.196295055230705,44.26848556296181],[7.193617491500192,44.27301671433278],[7.191620247513193,44.27693763940703],[7.189558400600074,44.28516932431314],[7.190258466931833,44.28744465545119],[7.19271197485344,44.29077405575559],[7.194064642329193,44.292186390526055],[7.197585463539575,44.29512293216074],[7.199419875849305,44.296416781575545],[7.199957190227153,44.29667733713587],[7.200543192425063,44.29693413611916],[7.201154326907466,44.29707432418613],[7.202153222258043,44.29729261174974],[7.20286923392156,44.29756496343529],[7.204609915835479,44.298345467527845],[7.206563352816382,44.29923454512424],[7.2069417015677555,44.299519580699496],[7.207214079425578,44.29982546317577],[7.208422735095209,44.30173952863552],[7.2087248927974485,44.302225917674214],[7.2087843031143475,44.3025779642664],[7.208737820551332,44.30295985551171],[7.20855764942034,44.30335764724999],[7.202201480640117,44.31614083315386],[7.195240609238833,44.31998317686019],[7.195146267666889,44.31997748323808],[7.194994669274991,44.31996902180791],[7.194850744163284,44.319966535155736],[7.194039248359617,44.31995525620456],[7.192860934321158,44.32008480607424],[7.192822439004216,44.32008939062805],[7.190189976905399,44.32074080753865],[7.189819653445482,44.3209491983693],[7.189459243697332,44.321282674652956],[7.189216725592718,44.32153540970073],[7.1891358187453545,44.321669163709146],[7.188960774487082,44.323091900242794],[7.1890296019169515,44.329896049165384],[7.187698024489492,44.333957740878944],[7.19044058522341,44.33480242625275],[7.190965153002641,44.33491428519623],[7.191926053236798,44.33493400271892],[7.1924139516973025,44.33487420906689],[7.1950665180292965,44.334272469224544],[7.195793086018787,44.33409938882835],[7.196889992150051,44.33360805419897],[7.213541729455145,44.32755433811224],[7.2301672634211425,44.325142719172035],[7.24847214967269,44.32434577268418],[7.250072823684625,44.32419093754927],[7.254381108077428,44.32348195236591],[7.25513223513886,44.321861529552116],[7.25478951712932,44.31738877415877],[7.254111283551092,44.313502700619885],[7.253184286433346,44.30861349052112],[7.252975802552,44.30823217880112],[7.249933033634795,44.30409378841425],[7.248600456584434,44.30317270284028],[7.248434667352789,44.30313902162875],[7.244014098159465,44.29984808991163],[7.239555413744269,44.2910601763963],[7.240151598293586,44.28573515790917],[7.254632045315123,44.27573713421539],[7.255683430749848,44.269471173577],[7.255326135738792,44.26862333004104],[7.254781351621008,44.26724718234008],[7.254702575485301,44.267025402873294],[7.254654985212761,44.26579574156402],[7.254664458803617,44.26576223863051],[7.254748387869267,44.265477592196326],[7.256005318132496,44.262440316482085],[7.256645034088021,44.26150027137147]]]},"properties":{"name":"Aisone","op_id":"620","minint_elettorale":"1010270020","minint_finloc":"1010270020","prov_name":"Cuneo","prov_istat_code":"004","prov_istat_code_num":4,"prov_acr":"CN","prov_iso_3166_2":"IT-CN","reg_name":"Piemonte","reg_istat_code":"01","reg_istat_code_num":1,"reg_iso_3166_2":"IT-21","opdm_id":"489","com_catasto_code":"A113","com_istat_code":"004002","com_istat_code_num":4002}},
{"type":"Feature","geometry":{"type":"Polygon","coordinates":[[[8.061880078249775,44.70056853753449],[8.061270349364818,44.69865952205223],[8.061051916187816,44.69777550826751],[8.060816097355795,44.69621166400587],[8.06070226566198,44.69498191809242],[8.060663625867818,44.69371226512904],[8.061002610041925,44.691405945731795],[8.061498916919298,44.69103685710085],[8.062110314914245,44.690973941586876],[8.070412374683048,44.68890376632943],[8.072533527077056,44.68782272483603],[8.073351271898765,44.68254049290989],[8.073869961332168,44.68060018764876],[8.081242607159327,44.67639263827968],[8.084942519370989,44.67100740915986],[8.088798242903701,44.665267718118535],[8.091187716526514,44.66288312600889],[8.094831462729072,44.66033289342637],[8.098520683245958,44.65808446924075],[8.095624204505068,44.65325428510686],[8.095062745357257,44.65309990865849],[8.092641866888101,44.65224486172885],[8.089730887289077,44.65103788120547],[8.089340833779959,44.65077820308881],[8.088876870447542,44.64968679848829],[8.088892282983771,44.649569497788136],[8.089030480303016,44.64920481564912],[8.089958804992255,44.648307481671864],[8.090090079424005,44.64818451869429],[8.090235170318698,44.6480486156525],[8.094623483110512,44.645000175391694],[8.092983660972214,44.64265553933045],[8.09188402111925,44.64171053554093],[8.089865746643683,44.64014606015146],[8.089436542039369,44.63987707729115],[8.08839299205674,44.639382626971795],[8.087571042016993,44.63900695566662],[8.086963179665366,44.63877253683481],[8.084424932086424,44.63799150015331],[8.084078302865652,44.637984221186635],[8.08306994232188,44.6382642062051],[8.07814008175443,44.64019605381794],[8.077377123273836,44.64077504464375],[8.075941693760909,44.64168756488555],[8.074358651419223,44.642690625603436],[8.066082435034076,44.64713344914219],[8.06390303498077,44.64738568673912],[8.059684702820627,44.64751307392201],[8.054874688322103,44.64983200362544],[8.053942543098843,44.650750814406],[8.056426314455063,44.65313520542669],[8.056948490778105,44.65347711721372],[8.057304067606728,44.65369161615549],[8.057813198134875,44.653895964935394],[8.057899674141991,44.65393058701633],[8.058905724314956,44.65423145833966],[8.061631720156155,44.65487956443568],[8.064136750154942,44.654981119184946],[8.063739132273522,44.656715308734476],[8.05554995812413,44.66188726746858],[8.049684556259239,44.66321600374855],[8.044186839166551,44.66388580716886],[8.039790339678525,44.673819043234545],[8.038244633408542,44.673450442968836],[8.034157257838054,44.672136390393234],[8.025354634400788,44.66834933980143],[8.019193413672125,44.663430794316874],[8.01935933187289,44.66209986210122],[8.010503043306809,44.65866110694359],[8.009481446414853,44.660857842993806],[8.004843439939703,44.66553438593866],[8.003350966131471,44.66678658102324],[8.001992855263712,44.66766145926436],[7.998906456271631,44.66853468008482],[7.998654832404761,44.66856329743507],[7.99846563277222,44.66858481414964],[7.996875931083478,44.66848743202394],[7.996140479444813,44.66831235471798],[7.990576546586364,44.66946467143317],[7.987918116928921,44.67132305505442],[7.984049947305809,44.666575993777585],[7.9804564159074385,44.659013302760144],[7.980131481233274,44.655094054460996],[7.97891125331884,44.647958579218326],[7.9775381848899,44.64617736156351],[7.9716704202540845,44.64872150843952],[7.970071693957108,44.65065160844829],[7.968263252719622,44.65806861425733],[7.967512663717269,44.65964887372507],[7.966398550022367,44.65985934896502],[7.972659277647484,44.663552781422815],[7.97935925054075,44.66618754272743],[7.981135912847718,44.66781032808709],[7.982125673336691,44.6687644134698],[7.986715835084791,44.67747001112116],[7.989947914134279,44.686154410760786],[7.993832710293109,44.689969646796584],[7.993818699508298,44.69198604812738],[7.993590978497566,44.69222259419938],[7.992817697279629,44.69214826055955],[7.991126570947121,44.69183460361647],[7.98665665643383,44.69090095089136],[7.986372446213147,44.69080520962228],[7.985943081465888,44.690660563293115],[7.984651686616809,44.69213896654383],[7.9790434073161505,44.700672672512425],[7.973818309755068,44.7091735292141],[7.969145858393785,44.71730554443228],[7.968574725668749,44.719537456649455],[7.977448142341308,44.7214942323749],[7.980432947835439,44.72159744932264],[7.990583285952236,44.721994043514165],[7.995146237438132,44.7242890069188],[8.001968979778598,44.72729709971846],[8.002426719352636,44.727436122703175],[8.002688252014902,44.72748792713204],[8.004091503619659,44.72776573542407],[8.005379845296064,44.7278453221666],[8.006030775829032,44.72767009484797],[8.007501229883648,44.727149038951815],[8.013474169984974,44.72491102965272],[8.02153350694568,44.721902998648346],[8.045648583219327,44.720212098510714],[8.048651762811472,44.721269780731014],[8.053124671306476,44.722966000124856],[8.055118624233149,44.726209836245665],[8.05587916371179,44.727678810492826],[8.056234689312161,44.728657698710045],[8.056011856544243,44.729330359249715],[8.055683042482471,44.73032855522259],[8.055710524236133,44.73052410804792],[8.055723669577961,44.73060784668368],[8.05574599458272,44.73069703561688],[8.055845067402906,44.73109058993307],[8.055992997798182,44.731420201108065],[8.056019423418848,44.731473414518156],[8.05633918988834,44.73210735349183],[8.057936647279895,44.734438243646835],[8.058231487932483,44.73443514629277],[8.059563166047772,44.73422705243505],[8.060167811603286,44.73412851054035],[8.065010592389728,44.72919447926898],[8.066523757108028,44.727199364274846],[8.06557801371774,44.724860035210085],[8.061867892244377,44.71951377694062],[8.05884930576811,44.713484399244166],[8.057734194298023,44.70992381140266],[8.058809031645236,44.70893792718762],[8.061167430406117,44.70672817552928],[8.061953487711778,44.70459768911623],[8.062051443875186,44.70224438068658],[8.061880078249775,44.70056853753449]]]},"properties":{"name":"Alba","op_id":"621","minint_elettorale":"1010270030","minint_finloc":"1010270030","prov_name":"Cuneo","prov_istat_code":"004","prov_istat_code_num":4,"prov_acr":"CN","prov_iso_3166_2":"IT-CN","reg_name":"Piemonte","reg_istat_code":"01","reg_istat_code_num":1,"reg_iso_3166_2":"IT-21","opdm_id":"490","com_catasto_code":"A124","com_istat_code":"004003","com_istat_code_num":4003}},
{"type":"Feature","geometry":{"type":"Polygon","coordinates":[[[8.0633391961092,44.60781267876133],[8.064840054318855,44.60752609284081],[8.06715801063856,44.60639723475705],[8.073448603061928,44.6027844549657],[8.080263476308827,44.59918454143902],[8.083892233175042,44.597813820561036],[8.083708309193764,44.59696219135715],[8.083635615631534,44.59662799079105],[8.083587920749034,44.59641154063158],[8.083524001116082,44.59617764744165],[8.083429588017278,44.59583405558967],[8.082900462636337,44.59587162184235],[8.08277486999337,44.59588057362854],[8.082283484662293,44.59593559088137],[8.081367642205075,44.59618210310173],[8.078615519464647,44.59709617733549],[8.076208408739458,44.598697184201725],[8.075801977823172,44.59899996881844],[8.074424507419991,44.60007361325257],[8.072295958577978,44.59736910986695],[8.076596068364845,44.589427172200054],[8.076942545986789,44.587819134380496],[8.068907515229405,44.58841332277536],[8.057867509391084,44.588904309531934],[8.047679567507974,44.59200806305818],[8.04311894128009,44.594321142205516],[8.042365459160116,44.59578516850511],[8.04885932303538,44.60239774751016],[8.052390587178689,44.60785559033167],[8.052128978275427,44.61023456339763],[8.0633391961092,44.60781267876133]]]},"properties":{"name":"Albaretto della Torre","op_id":"622","minint_elettorale":"1010270040","minint_finloc":"1010270040","prov_name":"Cuneo","prov_istat_code":"004","prov_istat_code_num":4,"prov_acr":"CN","prov_iso_3166_2":"IT-CN","reg_name":"Piemonte","reg_istat_code":"01","reg_istat_code_num":1,"reg_iso_3166_2":"IT-21","opdm_id":"491","com_catasto_code":"A139","com_istat_code":"004004","com_istat_code_num":4004}},
{"type":"Feature","geometry":{"type":"Polygon","coordinates":[[[7.9789315342648806,44.13354202763824],[7.982028642222301,44.13357083714643],[7.983416965151416,44.13352041522052],[7.987720721077097,44.13327119728926],[7.9887685992899415,44.13320619584028],[7.99083105176063,44.13241485179791],[7.99137813403972,44.131367359444305],[7.9911997674772,44.130925575574594],[7.991042601310249,44.130536291176945],[7.990964821571682,44.13018534590385],[7.990889077778047,44.12984357395666],[7.991025213386848,44.128840091813714],[7.9910349469183375,44.1287713766623],[7.991137988107224,44.12833191287312],[7.991213208408329,44.128013325072814],[7.991240392819612,44.12790639659316],[7.9917327043726525,44.127409022544654],[7.992618423807825,44.127158342113525],[7.992742328394914,44.12712337121379],[7.992789601371499,44.127110289431535],[7.994894529931632,44.12665810412104],[7.996047636795853,44.12647017655315],[8.003314463129033,44.12638113431106],[8.007011666969852,44.12478794836739],[8.010504652463734,44.122092482734054],[8.012352636738196,44.1195391666991],[8.009066152852363,44.11770180503301],[8.00401985059161,44.11691113604762],[8.002754930434827,44.11653650964993],[8.003770132515905,44.1146940674455],[8.004198730968424,44.114234574521916],[8.00595308237409,44.113416678728605],[8.013191656665262,44.110904362312084],[8.015593535655837,44.110701581737146],[8.012134708233809,44.10538905357112],[8.01096823185049,44.10423916544199],[8.010180932077441,44.10376943651839],[8.007734787822711,44.102848839115595],[8.006878125593566,44.102589295385286],[8.005993703917127,44.10243769548075],[8.005619987031801,44.10240718742493],[8.0046338394908,44.10232667919516],[8.003894820624526,44.10243728157171],[8.003447556683449,44.1027129117269],[8.003363378420113,44.102765783037874],[8.002826086059319,44.10358953946148],[7.989724871904993,44.10856583951526],[7.985947839741291,44.109216475238085],[7.979328247788035,44.11079823430339],[7.971531404279554,44.11309520242624],[7.972014475381212,44.11547961478774],[7.973680958270564,44.118835610646464],[7.968545543154252,44.129722912537375],[7.967095741403729,44.133455139752826],[7.9789315342648806,44.13354202763824]]]},"properties":{"name":"Alto","op_id":"623","minint_elettorale":"1010270050","minint_finloc":"1010270050","prov_name":"Cuneo","prov_istat_code":"004","prov_istat_code_num":4,"prov_acr":"CN","prov_iso_3166_2":"IT-CN","reg_name":"Piemonte","reg_istat_code":"01","reg_istat_code_num":1,"reg_iso_3166_2":"IT-21","opdm_id":"492","com_catasto_code":"A238","com_istat_code":"004005","com_istat_code_num":4005}},
{"type":"Feature","geometry":{"type":"Polygon","coordinates":[[[6.945403315892022,44.42794393845496],[6.952982870486065,44.420342309012234],[6.96122457288138,44.411734704981725],[6.979975367016543,44.40167878051436],[6.980448993981201,44.40141269490931],[6.980917834968102,44.401258100971944],[6.982193322827112,44.401024912853856],[6.982325736895583,44.401007579186654],[6.982898653882973,44.40093303573162],[6.9880287551674725,44.40131269749412],[6.9882784903331485,44.401351666715684],[6.988649272443308,44.40149894807841],[6.989189976501244,44.401832567338936],[6.989587929199301,44.40212792423812],[6.990364097533143,44.40270398017933],[6.992924670786146,44.405008197888954],[6.997534674053525,44.402667920172995],[7.0026531882739205,44.40071848172648],[7.010224524558744,44.3970876238475],[7.019115159082046,44.39000144077472],[7.0195992629940145,44.38959375291182],[7.0201489114589375,44.38847794853707],[7.020206549808226,44.38806032353263],[7.024039373767821,44.38156372704433],[7.030482496067196,44.3780018529509],[7.027926958651287,44.3733979555337],[7.027803305289856,44.373202264195946],[7.02757655610599,44.37312182995708],[7.0271280716017355,44.37303304751132],[7.025440308886848,44.37292735725046],[7.023403616966844,44.3729686325744],[7.0219769423387834,44.373065467510095],[7.019656240571679,44.373479872799706],[7.0183680575313865,44.373889662658954],[7.018026495046153,44.37407279464968],[7.016536878593127,44.374488045527166],[7.01452974162786,44.37473225118394],[7.014154877562502,44.37471673376222],[7.013304283470783,44.374607407499866],[7.012642276771604,44.3744641894975],[7.0117822645880326,44.3741352782331],[7.01097488896611,44.373815115256875],[7.010658545924417,44.3736475556179],[7.009070318266135,44.37274661471605],[7.008331477867509,44.37225658393449],[7.000706212549783,44.366262542519536],[6.997785929748839,44.36220065600126],[6.992731876158835,44.35089900467992],[6.9855340232799925,44.34292181972702],[6.984905539301702,44.34231224222815],[6.984365634351428,44.34196491817227],[6.978981871819688,44.33909239155902],[6.966045730200328,44.332934364592376],[6.960001790389371,44.330499315615526],[6.959351130492275,44.330105069650656],[6.957448235937582,44.32873864351612],[6.957103718605329,44.32836832921434],[6.953504729355087,44.322073378152396],[6.952920781247955,44.319236137261115],[6.9446740717727655,44.32156853374493],[6.931898170737897,44.330812992759725],[6.9277682877059,44.332534164487335],[6.9273847877973544,44.332783781869644],[6.9267849678958,44.333187020841656],[6.926047983751026,44.3342899801327],[6.923770595177981,44.34020841520868],[6.921726575329145,44.346266101985854],[6.918822685523113,44.35283941185413],[6.909240638651464,44.35668837330128],[6.90292391729044,44.35812408171909],[6.897544951286997,44.35855292890301],[6.88980041778893,44.36075949662588],[6.889636789704049,44.36081145506424],[6.8888235794846,44.36107511606188],[6.88772419934753,44.36165796680105],[6.8873564941326695,44.36193393851297],[6.8872340570180945,44.3620270142823],[6.886798460014497,44.36297322711494],[6.886639414971039,44.363906581565914],[6.886808674296575,44.36478297232341],[6.887659514611363,44.36659925450049],[6.888157787281271,44.367400717079235],[6.888329355287852,44.36747971184231],[6.888972635270787,44.367775888535704],[6.889987830201856,44.368163774965645],[6.890726417572963,44.36831666460836],[6.8965919020020605,44.37615400729038],[6.895775348543248,44.38672611460368],[6.895198044793454,44.39725762749591],[6.897154572364454,44.404092493577416],[6.896052045236637,44.40813949205096],[6.894338277424288,44.41183509633778],[6.893004040872701,44.416482856651804],[6.892766105190342,44.419620387121746],[6.892794330251816,44.4202330844739],[6.893133551908265,44.42053422692114],[6.893488211945456,44.42084906993855],[6.911406434995239,44.42374402083168],[6.922308097134685,44.423735862785215],[6.932684704076419,44.427228211337166],[6.9373736178004854,44.42936249162898],[6.945403315892022,44.42794393845496]]]},"properties":{"name":"Argentera","op_id":"624","minint_elettorale":"1010270060","minint_finloc":"1010270060","prov_name":"Cuneo","prov_istat_code":"004","prov_istat_code_num":4,"prov_acr":"CN","prov_iso_3166_2":"IT-CN","reg_name":"Piemonte","reg_istat_code":"01","reg_istat_code_num":1,"reg_iso_3166_2":"IT-21","opdm_id":"493","com_catasto_code":"A394","com_istat_code":"004006","com_istat_code_num":4006}},
{"type":"Feature","geometry":{"type":"Polygon","coordinates":[[[8.076942545986789,44.587819134380496],[8.076596068364845,44.589427172200054],[8.072295958577978,44.59736910986695],[8.074424507419991,44.60007361325257],[8.075801977823172,44.59899996881844],[8.076208408739458,44.598697184201725],[8.078615519464647,44.59709617733549],[8.081367642205075,44.59618210310173],[8.082283484662293,44.59593559088137],[8.08277486999337,44.59588057362854],[8.082900462636337,44.59587162184235],[8.083429588017278,44.59583405558967],[8.083524001116082,44.59617764744165],[8.083587920749034,44.59641154063158],[8.083635615631534,44.59662799079105],[8.083708309193764,44.59696219135715],[8.083892233175042,44.597813820561036],[8.085518259560395,44.59777744120885],[8.088055532243711,44.5974533324826],[8.101708636170079,44.59393678891885],[8.110684531813305,44.59150778932571],[8.118854684309786,44.59163866053337],[8.122647252900908,44.590357994370585],[8.124175538241111,44.58876276708719],[8.124042106547174,44.58797404027587],[8.122163831332738,44.585981989924804],[8.114765971343388,44.57846789012142],[8.11150530848383,44.57606140961752],[8.111303219299119,44.576356915153],[8.110970276503233,44.57674143114752],[8.110518464543961,44.57698503119286],[8.110377735227488,44.577060905282316],[8.103358392561114,44.580219915890474],[8.10243126151597,44.580586221794356],[8.089108528578047,44.58516655211172],[8.081123678999257,44.587627779210955],[8.076942545986789,44.587819134380496]]]},"properties":{"name":"Arguello","op_id":"625","minint_elettorale":"1010270070","minint_finloc":"1010270070","prov_name":"Cuneo","prov_istat_code":"004","prov_istat_code_num":4,"prov_acr":"CN","prov_iso_3166_2":"IT-CN","reg_name":"Piemonte","reg_istat_code":"01","reg_istat_code_num":1,"reg_iso_3166_2":"IT-21","opdm_id":"494","com_catasto_code":"A396","com_istat_code":"004007","com_istat_code_num":4007}},
{"type":"Feature","geometry":{"type":"Polygon","coordinates":[[[8.073375113408487,44.322480737550414],[8.074627120609085,44.32212182004645],[8.07503211938814,44.32188651278427],[8.076372346473642,44.32076749884335],[8.076717335937827,44.32045968998869],[8.076933401214095,44.32022736622228],[8.078321311104359,44.31820840780596],[8.078664210509643,44.317607996402366],[8.08212717369489,44.31116331160072],[8.081189889000111,44.311987302455194],[8.08004035388915,44.31276400215995],[8.080010274551988,44.31278413634584],[8.078746297613279,44.31341436964135],[8.078713111928623,44.31343071518116],[8.077727911624711,44.313739582132364],[8.0776909615539,44.31375094443727],[8.076021701720597,44.313958461195625],[8.071270655888878,44.31175477794801],[8.060788082668497,44.29989987917803],[8.062694594898586,44.29138756725935],[8.063559482615732,44.288270709878326],[8.06449772379258,44.28831512413683],[8.06528246025667,44.28835226599507],[8.07001816438497,44.288582035051505],[8.0731594800362,44.28870905005301],[8.07604490141509,44.28752602817109],[8.077117880322167,44.286850481695744],[8.078004803229184,44.28626304039481],[8.079891177069584,44.28440612233151],[8.079914979757906,44.284381693485805],[8.080764110442159,44.28350837244472],[8.081016791521854,44.28246146702653],[8.081214064784797,44.281345810967856],[8.081297027398229,44.28095430341228],[8.081536202841153,44.2799538208416],[8.081734318586722,44.27941845192221],[8.081961377558704,44.27880485916506],[8.082398924971658,44.2783402863404],[8.082871672214559,44.27783875786301],[8.084085917401087,44.277075336024325],[8.088599798885483,44.274297958564155],[8.08996166412336,44.273917242899984],[8.09060039411334,44.2746793420073],[8.090698499279044,44.274796395552464],[8.08743333612864,44.2695520829574],[8.087439100106472,44.26952485516066],[8.087491381132535,44.269262750124355],[8.087582108802762,44.26880651052667],[8.087482702217706,44.26800474172518],[8.08719382410554,44.26712940549895],[8.087023812029374,44.26693273084997],[8.086653237724448,44.26650403898087],[8.08584452878269,44.26576367460607],[8.085467157116627,44.265432269979364],[8.081767732979468,44.26250334609243],[8.076671785911705,44.26030610791437],[8.075872065365788,44.2601401846377],[8.075497999357617,44.26006253846204],[8.074514483249942,44.259757466459476],[8.073505114226496,44.259416178419414],[8.072273124201008,44.25889300769801],[8.067702507380707,44.256397972327214],[8.066735725681475,44.2558483365083],[8.06633619993577,44.25562112010942],[8.065431642930147,44.255037966379774],[8.063096597996067,44.253074187949935],[8.061228184586986,44.254949642556454],[8.05842585977109,44.2578568972332],[8.056420265327983,44.260455720762344],[8.05145423515737,44.266226009539366],[8.049526584626241,44.26779002143391],[8.044827211781499,44.27074880096434],[8.038734933971915,44.273632668343126],[8.035796763164306,44.27469726012642],[8.022671908086224,44.278772110179005],[8.008938240534473,44.281233090848296],[8.002950092963031,44.28161865084262],[8.002674919487005,44.287405041186304],[8.00276439571392,44.29066848581329],[8.002971685489507,44.29068501445454],[8.003081222829735,44.29069375455569],[8.003615229443312,44.2908244563137],[8.004229905984728,44.2910728854474],[8.004744332816172,44.291320456693995],[8.005142560897697,44.29151299010942],[8.005593934480233,44.29175998939846],[8.0084808178033,44.2934551312268],[8.009733937370418,44.29515405839089],[8.00877930561742,44.296365675417874],[8.007806883720402,44.297639072124824],[8.007628480099568,44.29787268699902],[8.008106431896564,44.30038414827868],[8.008479046156985,44.301544257968146],[8.008929343129743,44.30246646809871],[8.00903800404607,44.30262046721811],[8.009217954040588,44.30286959358519],[8.01435855508427,44.30981726258122],[8.01623205938312,44.31197816277924],[8.022907238389397,44.31408362373898],[8.029305152573778,44.31425972498952],[8.03325785104698,44.31508549012097],[8.038755895809862,44.327902506885614],[8.040844889921127,44.33103058099656],[8.043801081169542,44.33008754176003],[8.052774091069864,44.32784819788813],[8.069749063564625,44.321632049501844],[8.073375113408487,44.322480737550414]]]},"properties":{"name":"Bagnasco","op_id":"626","minint_elettorale":"1010270080","minint_finloc":"1010270080","prov_name":"Cuneo","prov_istat_code":"004","prov_istat_code_num":4,"prov_acr":"CN","prov_iso_3166_2":"IT-CN","reg_name":"Piemonte","reg_istat_code":"01","reg_istat_code_num":1,"reg_iso_3166_2":"IT-21","opdm_id":"495","com_catasto_code":"A555","com_istat_code":"004008","com_istat_code_num":4008}},
{"type":"Feature","geometry":{"type":"Polygon","coordinates":[[[7.2324937325310525,44.76949798470316],[7.232825131801341,44.76937619284986],[7.233919817832911,44.76897451419861],[7.234346664130619,44.76881909993844],[7.234748144162916,44.76872175520815],[7.236090315535986,44.76851744474349],[7.236510583270948,44.768501427750245],[7.2370000616541486,44.76849549281833],[7.237217699990119,44.76849435399816],[7.237815283306633,44.76850357901624],[7.239221784950323,44.76854777215188],[7.239835976789434,44.76856752059874],[7.240682118642634,44.76868444562533],[7.241235834491722,44.7687916360344],[7.241569932846688,44.76885856195941],[7.245304300220835,44.76967344697805],[7.2462532670339,44.76989831035181],[7.247190634082523,44.770151273715825],[7.249719368031811,44.7708379490614],[7.272567009307493,44.77711089438983],[7.282700190559245,44.77982776899127],[7.291678014299231,44.78113882083461],[7.3005288744425085,44.78083309428821],[7.305737985646423,44.78006433855899],[7.311280380258161,44.77953797275249],[7.313901148394197,44.7795163863183],[7.318229105017995,44.77954279362641],[7.318659837235782,44.77954869183284],[7.320874722803243,44.779582496857664],[7.3218263695466534,44.779617773357266],[7.322195127452646,44.77965020141491],[7.340144214951556,44.78269421754183],[7.344658388811184,44.78275281649962],[7.346466228579534,44.77980172829872],[7.347273137717215,44.77738282293079],[7.347539713329057,44.7760498641017],[7.348299024804464,44.77193454479395],[7.3494040505244005,44.764099393555426],[7.349291182677359,44.75797179544814],[7.348683707803382,44.7552083366426],[7.348629221237502,44.755027496749626],[7.348608949310279,44.754977576692575],[7.348495412444174,44.75470286840137],[7.348433495621796,44.7545903175321],[7.348392491957589,44.75451688246976],[7.348320923014955,44.754410943621885],[7.3480783095624025,44.75407432328517],[7.347742314135799,44.75368226631386],[7.347552575419732,44.75349749342639],[7.347151914277487,44.75315331363105],[7.347013645539496,44.75304463940443],[7.346960611198485,44.75300434347273],[7.345046953768918,44.751826088542295],[7.3390715994090305,44.750911130451335],[7.333701053185703,44.7492439667388],[7.322282916761686,44.74493573958231],[7.3172602142434435,44.74263829038979],[7.3076904885115965,44.74008051573576],[7.294712115772853,44.736848345216586],[7.289793822716139,44.7356314816828],[7.289370937805737,44.73557112640821],[7.272111859351603,44.73353329821469],[7.258878962175388,44.7336293297498],[7.24505307314671,44.731747733974956],[7.224921420118477,44.72623770325181],[7.216321279351076,44.72613067653149],[7.214946405167339,44.72587518448595],[7.2146600151078895,44.72582113701278],[7.211579426750097,44.72479169065409],[7.210105988896056,44.72404840914541],[7.209852875476355,44.72390041628565],[7.202073241427644,44.71880893066041],[7.201108693164518,44.72221457545451],[7.200785898299863,44.72327177224091],[7.200559155239614,44.72391635467066],[7.199850231868151,44.72560210084579],[7.199096040142342,44.725693727146755],[7.19363004444923,44.72519327113737],[7.187811253036047,44.7253666177678],[7.186940637128798,44.72548334602895],[7.186481493529373,44.72556605975575],[7.182432002000755,44.72644690778339],[7.181838374857425,44.72664000144487],[7.180481873315934,44.727149527249786],[7.18006321610723,44.72739941835919],[7.179518597059311,44.72784084640367],[7.178826085591013,44.728455446996726],[7.178759686545852,44.728936006729356],[7.178713495555178,44.7291378316738],[7.178638368609342,44.72934367632536],[7.178440062314099,44.72966459104949],[7.177087117232869,44.73078628784317],[7.176265713508191,44.731317804602796],[7.17349551503701,44.73265085958622],[7.1720289253733345,44.73319003561501],[7.169363362359635,44.733678444512314],[7.168909406222607,44.73374319657211],[7.1684378554106685,44.73380821370268],[7.16824027307599,44.733835982907124],[7.167358609782597,44.73422242352823],[7.166140471493658,44.73476550977115],[7.160163827555896,44.73782913889917],[7.1559496356535695,44.74025024553171],[7.151803253441201,44.74251477661415],[7.149432934308056,44.74334877829351],[7.151425991933642,44.747940287362354],[7.15744058366077,44.75681016821996],[7.159004181154157,44.760455488763654],[7.164423517162031,44.76056526145683],[7.17261154178089,44.76057394394475],[7.1797190353154745,44.75985021031973],[7.187076904934018,44.76002684051954],[7.193185786205449,44.76030839085917],[7.199863764665039,44.76186325240708],[7.200214661079024,44.76198129747406],[7.202161032472782,44.76246207312039],[7.2026415420364165,44.762577676644604],[7.2063321631442845,44.76346392301388],[7.226571076666509,44.768101147517356],[7.2324937325310525,44.76949798470316]]]},"properties":{"name":"Bagnolo Piemonte","op_id":"627","minint_elettorale":"1010270090","minint_finloc":"1010270090","prov_name":"Cuneo","prov_istat_code":"004","prov_istat_code_num":4,"prov_acr":"CN","prov_iso_3166_2":"IT-CN","reg_name":"Piemonte","reg_istat_code":"01","reg_istat_code_num":1,"reg_iso_3166_2":"IT-21","opdm_id":"496","com_catasto_code":"A571","com_istat_code":"004009","com_istat_code_num":4009}},
{"type":"Feature","geometry":{"type":"Polygon","coordinates":[[[7.939031593693878,44.74712913619908],[7.935638478001994,44.73550681891354],[7.9334243531687525,44.73956418529114],[7.92924215367711,44.74227990384869],[7.927080462123418,44.74336996887861],[7.923240745306414,44.74364911438346],[7.908317995785159,44.7471003825721],[7.9079281314340815,44.748087906354414],[7.906013642922273,44.75121036642192],[7.904885876922073,44.75284872009902],[7.903791126774093,44.75433534648369],[7.903323059920219,44.754785460275556],[7.902757784865097,44.755009584269764],[7.890940345931901,44.758734850925364],[7.872460855524644,44.76132203548296],[7.854539714095382,44.76866503034254],[7.841938260947922,44.77714869105179],[7.836201152315402,44.78080812411951],[7.839920561492139,44.785198544800025],[7.845578167130197,44.788105068854875],[7.845996816031174,44.787830208289314],[7.8467272130534935,44.78761253377678],[7.849993892283384,44.78669124589614],[7.851341055525407,44.78637641469478],[7.857252129919681,44.78627350089889],[7.858508335510773,44.78627254919492],[7.878296844897202,44.78134458338153],[7.88514808709076,44.77813223114897],[7.896283715875519,44.77225846875919],[7.911989983799578,44.76484282924908],[7.917415476421,44.76370658944391],[7.928155643030366,44.7604810711947],[7.9290020951400875,44.76018744705528],[7.92954597850651,44.75989997674047],[7.933420482154175,44.757694660413634],[7.935596803138875,44.75565345599496],[7.939031593693878,44.74712913619908]]]},"properties":{"name":"Baldissero d'Alba","op_id":"628","minint_elettorale":"1010270100","minint_finloc":"1010270100","prov_name":"Cuneo","prov_istat_code":"004","prov_istat_code_num":4,"prov_acr":"CN","prov_iso_3166_2":"IT-CN","reg_name":"Piemonte","reg_istat_code":"01","reg_istat_code_num":1,"reg_iso_3166_2":"IT-21","opdm_id":"497","com_catasto_code":"A589","com_istat_code":"004010","com_istat_code_num":4010}},
{"type":"Feature","geometry":{"type":"Polygon","coordinates":[[[8.061880078249775,44.70056853753449],[8.062051443875186,44.70224438068658],[8.061953487711778,44.70459768911623],[8.061167430406117,44.70672817552928],[8.058809031645236,44.70893792718762],[8.057734194298023,44.70992381140266],[8.05884930576811,44.713484399244166],[8.061867892244377,44.71951377694062],[8.06557801371774,44.724860035210085],[8.066523757108028,44.727199364274846],[8.065010592389728,44.72919447926898],[8.065113561464557,44.72946540244646],[8.065615213290002,44.730238171263636],[8.065930777428425,44.73064689251481],[8.066205412109225,44.7309191988264],[8.06658553570968,44.73128239373817],[8.067336568731383,44.73194570428392],[8.068029681038025,44.732185415569326],[8.068468913710266,44.73222845205025],[8.070385347668232,44.73220346177498],[8.073065034634745,44.73394909243353],[8.07378223983837,44.734977910865105],[8.07544999803591,44.73659832811342],[8.07563995352883,44.73651980450517],[8.075937887933268,44.736395234216594],[8.079468483879314,44.73484852821121],[8.08074908000061,44.734332027971334],[8.083564858328442,44.73492183235069],[8.083976763978544,44.73514513796793],[8.085248907931298,44.73619670076167],[8.086632821066347,44.7371924474154],[8.090315091862834,44.73972447576445],[8.090554239793468,44.73987942368409],[8.091134707790758,44.74009108941423],[8.091854885391049,44.74022734802072],[8.092434693428892,44.73942176057425],[8.093318914945117,44.737371774615845],[8.093511944539221,44.73673864267079],[8.093727217723595,44.73556555137571],[8.093776143833033,44.734733230038884],[8.093713596210623,44.73125786924412],[8.093459704785598,44.72972546235094],[8.093208284661044,44.72821109050892],[8.092844667622451,44.72718644181686],[8.091965231110414,44.7248600479027],[8.090444263186233,44.72353042294724],[8.089873980891474,44.72280569031025],[8.088760688687138,44.72027618713131],[8.08842379548824,44.71921572949403],[8.08783912636305,44.71705050171192],[8.087870081050031,44.71670085414919],[8.087874562507446,44.71665468981946],[8.089184427605844,44.713311785039664],[8.090365189869612,44.712061776660974],[8.090979449054753,44.71157963327883],[8.09118371057736,44.71120767593251],[8.091263463084912,44.71071894798489],[8.091268154271912,44.71068652276231],[8.090822513592197,44.709278297688904],[8.090659720510962,44.70884787994668],[8.090591020683561,44.708668798690155],[8.090173930404246,44.70794528195179],[8.08992423735588,44.70764172447047],[8.089687468312077,44.70736975526246],[8.088928670194116,44.70650398700361],[8.081999754815412,44.704872132310015],[8.072665012313475,44.70466715199393],[8.071386742228771,44.70494933588636],[8.071066970590058,44.705014251248045],[8.07060104720852,44.70499246545482],[8.065668092961577,44.70261609973504],[8.061880078249775,44.70056853753449]]]},"properties":{"name":"Barbaresco","op_id":"629","minint_elettorale":"1010270110","minint_finloc":"1010270110","prov_name":"Cuneo","prov_istat_code":"004","prov_istat_code_num":4,"prov_acr":"CN","prov_iso_3166_2":"IT-CN","reg_name":"Piemonte","reg_istat_code":"01","reg_istat_code_num":1,"reg_iso_3166_2":"IT-21","opdm_id":"498","com_catasto_code":"A629","com_istat_code":"004011","com_istat_code_num":4011}},
{"type":"Feature","geometry":{"type":"MultiPolygon","coordinates":[[[[7.466664235500035,44.772704127546795],[7.4666694191108975,44.77288788999753],[7.466868393395294,44.7728905645667],[7.467159601075583,44.77273695646017],[7.468785794269137,44.77180003488841],[7.469840561075066,44.77071139741773],[7.474606767296174,44.76846493800847],[7.47481667447848,44.768386467844344],[7.4750516086358205,44.76822757224301],[7.475120608157573,44.76810266641757],[7.475242102597623,44.76764068222823],[7.47525446720258,44.76758081844563],[7.475244739984114,44.767511399921425],[7.475144456373003,44.767271492584484],[7.474278838223509,44.7655765315123],[7.472482687772385,44.763107207697345],[7.4723471271064374,44.7629613496341],[7.472231930583157,44.762838275866514],[7.472040041047361,44.76268718328984],[7.4718557227820295,44.76259469117925],[7.471412361412621,44.76242671835245],[7.4711841983672285,44.76239245001501],[7.470383542448254,44.76276406859717],[7.470125105744362,44.76289111477759],[7.469839615537877,44.76304032780445],[7.469400514839018,44.7632820462979],[7.469158927909196,44.763449928091916],[7.468479406739632,44.764259935662224],[7.466991125911757,44.76693606395354],[7.466881255579385,44.76716414020285],[7.466355305153771,44.768512374020574],[7.466664235500035,44.772704127546795]]],[[[7.345046953768918,44.751826088542295],[7.347399969609582,44.75168002968061],[7.35085685910111,44.751692863192815],[7.365436314087264,44.75186651459061],[7.36662445196727,44.75202295247154],[7.366584166499518,44.75417032667666],[7.366563318487975,44.75447417132202],[7.36655826640915,44.75454271801593],[7.366490212976184,44.75527089203366],[7.366452547679303,44.75548170952761],[7.366372207283923,44.755930894462566],[7.366200362264136,44.75664862218873],[7.366011046093967,44.757211919382264],[7.368809016234528,44.75962315554983],[7.377812759934836,44.76078414021701],[7.391764769116782,44.762174326284374],[7.397948591510033,44.76196420268893],[7.409515552318118,44.764227861933485],[7.41049004557341,44.765744064383185],[7.413967500052827,44.76629733491119],[7.415709073390763,44.766438730263935],[7.423523805595999,44.76548445860919],[7.43028198896791,44.76405169263336],[7.43757623589612,44.76443978479508],[7.43724287542033,44.76608256709474],[7.437165915729901,44.766567717936304],[7.437060603720122,44.7673932954742],[7.437725276222511,44.77080641039229],[7.438423050936184,44.77233281708999],[7.438826009504223,44.77320703700157],[7.440798285033786,44.77691259699903],[7.442431023435685,44.77744350600299],[7.4446458994147235,44.7770806515069],[7.444877189127293,44.777039093146946],[7.445142960779436,44.77694754808145],[7.445357972031877,44.776825506614145],[7.445397425739909,44.77680294222956],[7.445528163353315,44.776718927170805],[7.453227283301164,44.77737421650265],[7.45657359359919,44.777709830122326],[7.458949194637837,44.77848685825073],[7.459748387490249,44.77850094487588],[7.460126968555028,44.778496800497685],[7.460607168377244,44.778491209051495],[7.460802738375392,44.77840667233445],[7.461141987158178,44.778154935769216],[7.461600072856302,44.777730334016866],[7.464412644879159,44.774490305648335],[7.464674530245179,44.77378608458507],[7.4646998644440945,44.773715424456704],[7.464719811527029,44.773635346645094],[7.46429467892134,44.773565948397895],[7.462287443182232,44.77347242858408],[7.460589205671719,44.77340379911066],[7.459127888434383,44.774716135089136],[7.45236772566972,44.77465171480299],[7.446201450394117,44.77390625020643],[7.449228583680739,44.7644006356526],[7.449850809434827,44.76309476630307],[7.450009235060187,44.76282685974915],[7.451462371418267,44.76083484281874],[7.452017753972272,44.7605629998814],[7.452229637827763,44.76049838854244],[7.45253212440476,44.760497978383555],[7.45316902526819,44.760520042572296],[7.453586907110387,44.76054253274927],[7.453699093556722,44.76054964072386],[7.454048337587891,44.76057253108525],[7.455691031286684,44.7606850481552],[7.4556700595439835,44.76090956747737],[7.455601165654026,44.76137675112898],[7.455482534719116,44.76205030876593],[7.4554170022511395,44.762391486990005],[7.45534350947911,44.76282260628001],[7.455228786002232,44.763545445264405],[7.455700036739268,44.76378616886091],[7.455935002510013,44.763874857326],[7.456376139486827,44.76396756698468],[7.456711238815641,44.76401138358735],[7.458360572285407,44.76408768360069],[7.458444913653244,44.76408348669079],[7.460871555361154,44.76318497722542],[7.460985292589227,44.76162943967699],[7.460409968639407,44.759164106758114],[7.460381832902973,44.75898368725307],[7.459794069334283,44.75705313299799],[7.457030269207752,44.756306540826216],[7.4532122126369735,44.75686298741679],[7.451971871894248,44.75766491075078],[7.45112306528418,44.758967697837235],[7.449731270444367,44.7597140206833],[7.445784518943068,44.76156433643983],[7.439722229026933,44.76237603802065],[7.439523459433602,44.76203081493154],[7.439599395444525,44.760741772237274],[7.439760515859198,44.7588670277622],[7.445367933290711,44.75363224777865],[7.447682050488624,44.74831638463815],[7.447811039413567,44.74227314065465],[7.448163007258453,44.738107950801435],[7.44942744160479,44.73589451001415],[7.447572755352028,44.73657598584122],[7.446556778244595,44.73693126600796],[7.445507178058749,44.73708351752676],[7.4450087939629395,44.73710823930262],[7.444661145811833,44.73707649460104],[7.444187521381626,44.73700252737461],[7.443330710605139,44.736779291425115],[7.44307985214856,44.73664084004875],[7.439526954442104,44.734656859941786],[7.438883886918679,44.73369382889332],[7.438832873547669,44.73352207486116],[7.438833031935452,44.73331053527705],[7.438932692013212,44.732906791974415],[7.439136153811842,44.73212188813691],[7.432296882284601,44.72754504882075],[7.426011600603404,44.72418626210297],[7.421232206238003,44.722009242995405],[7.408135253127786,44.718059966317135],[7.406019688345679,44.71657657474503],[7.403243653554725,44.7172354674817],[7.398954316643362,44.717437849521886],[7.397942714910996,44.717296241021835],[7.396283964368095,44.71693987649633],[7.394799273674034,44.7163968688827],[7.391121247379768,44.71491825800103],[7.388212279930883,44.71253214490753],[7.3822522980846506,44.70971114802992],[7.3694888851088285,44.70940961102291],[7.363521141600512,44.709768286033025],[7.358823178282989,44.70913372125201],[7.34079763539609,44.70543431684749],[7.340706517631679,44.70537260674248],[7.339540956842307,44.70457433735318],[7.339423749172016,44.704397080624325],[7.339288785805696,44.70419257376552],[7.339220952317837,44.703115807010136],[7.339417542600072,44.701993384861666],[7.339696850728706,44.70141230184345],[7.340646940035156,44.70060240171601],[7.340965284758276,44.69389839567347],[7.337441529649373,44.69014911638809],[7.335963068167627,44.68411363096634],[7.336788809423082,44.68304128524572],[7.3378773113629405,44.681670786430864],[7.338375295893353,44.681119900415474],[7.3306524030334606,44.67822101109374],[7.321169695087561,44.67906772755892],[7.319204048533831,44.68088428982228],[7.31658153352126,44.68130476791256],[7.31468498980353,44.68158737529059],[7.308701182083779,44.68240362125221],[7.307401428209304,44.685994292405695],[7.306370177087998,44.688837225545235],[7.305259064393407,44.68888375411824],[7.304679916218081,44.688688189559414],[7.30377889190559,44.6886457332348],[7.30042194797847,44.688865871749705],[7.299482764300608,44.6900987067311],[7.29930444547325,44.6903436194704],[7.299228364436983,44.69047751630797],[7.299192086573514,44.69058499531885],[7.299037471151847,44.6916629742743],[7.299013143233477,44.69187417285104],[7.298920090518497,44.69561774093505],[7.298989688636539,44.69635246750869],[7.2991561453936695,44.69687707334067],[7.299701038606611,44.69801618066057],[7.299566316441091,44.69880611162884],[7.293841308340353,44.70161011974444],[7.293028404503653,44.70197994540764],[7.291945742902808,44.702431877996155],[7.286131489511366,44.70430273983679],[7.285569953599959,44.70444285160483],[7.284188404641668,44.70466064948339],[7.283899750093091,44.70466030196547],[7.283603030024052,44.704633838190944],[7.282629044438385,44.70447516435663],[7.28232530791378,44.704421074245346],[7.280968277664949,44.704369130685464],[7.279478499935292,44.70435120795524],[7.278063338074191,44.704540344122336],[7.27232338143342,44.705818552958235],[7.271085985828819,44.706173404011935],[7.269846114785717,44.70653418346578],[7.26910187891611,44.70690291634256],[7.268958747178391,44.706973882280806],[7.26818347111464,44.70750678055324],[7.267464117862368,44.708121514387905],[7.266801917541935,44.708777634372105],[7.266552526101128,44.709096186928264],[7.266255193649013,44.709476010950155],[7.26598887197553,44.71000734458611],[7.265633811166067,44.71071788586666],[7.264403168119493,44.71217555463952],[7.264331582271299,44.71225999309599],[7.26286218979069,44.71337786532515],[7.26277690410705,44.71344265740865],[7.261349100663459,44.71429863562612],[7.253644346785795,44.71597249462241],[7.248674341320743,44.71681910350543],[7.241267272222567,44.71735789840511],[7.241105864332511,44.717363801202595],[7.2398816249990325,44.7174085575398],[7.2385758174845956,44.71742894328584],[7.238318718638399,44.717417828687466],[7.238251520797507,44.717414922920554],[7.236870107124319,44.71732608285438],[7.236042179206054,44.717200777917824],[7.230173064798885,44.71616919804727],[7.229191962925216,44.71599644373462],[7.228872089201338,44.71592846574833],[7.228389643515005,44.71582195773438],[7.227880421384048,44.71570153578164],[7.227510018418846,44.71561036197886],[7.2223977921131475,44.71430453287949],[7.221149856844021,44.713960596481606],[7.2202220159877175,44.71365142811091],[7.219940782915823,44.71355558725305],[7.218146429755103,44.7129438671914],[7.210831662313342,44.71738012866393],[7.210473643384173,44.71757706091318],[7.209761772093681,44.71792598743727],[7.208213979891488,44.71830681343951],[7.207481654469692,44.718434847772166],[7.2063795935508,44.71853907202829],[7.202073241427644,44.71880893066041],[7.209852875476355,44.72390041628565],[7.210105988896056,44.72404840914541],[7.211579426750097,44.72479169065409],[7.2146600151078895,44.72582113701278],[7.214946405167339,44.72587518448595],[7.216321279351076,44.72613067653149],[7.224921420118477,44.72623770325181],[7.24505307314671,44.731747733974956],[7.258878962175388,44.7336293297498],[7.272111859351603,44.73353329821469],[7.289370937805737,44.73557112640821],[7.289793822716139,44.7356314816828],[7.294712115772853,44.736848345216586],[7.3076904885115965,44.74008051573576],[7.3172602142434435,44.74263829038979],[7.322282916761686,44.74493573958231],[7.333701053185703,44.7492439667388],[7.3390715994090305,44.750911130451335],[7.345046953768918,44.751826088542295]]]]},"properties":{"name":"Barge","op_id":"630","minint_elettorale":"1010270120","minint_finloc":"1010270120","prov_name":"Cuneo","prov_istat_code":"004","prov_istat_code_num":4,"prov_acr":"CN","prov_iso_3166_2":"IT-CN","reg_name":"Piemonte","reg_istat_code":"01","reg_istat_code_num":1,"reg_iso_3166_2":"IT-21","opdm_id":"499","com_catasto_code":"A660","com_istat_code":"004012","com_istat_code_num":4012}},
{"type":"Feature","geometry":{"type":"Polygon","coordinates":[[[7.959692829647776,44.626426583658315],[7.960438648615002,44.620352229805704],[7.957742963863463,44.6192653848039],[7.954011417734163,44.610192813042914],[7.949424118220893,44.601800919466335],[7.946451295765449,44.5995904382088],[7.9456247030691385,44.60099171267496],[7.93531174239206,44.60668910500655],[7.930501517796106,44.608570679658044],[7.930306757813414,44.608637592480285],[7.929377942967445,44.60895625086924],[7.9280380784278695,44.609258747431014],[7.92366489952379,44.609820780567986],[7.920696260884549,44.60907909815737],[7.919005053068251,44.60763911972432],[7.9220633566226955,44.61917721441818],[7.9260163628074025,44.62023173682763],[7.941481935620406,44.62440023933988],[7.953099262373227,44.62668145178529],[7.959692829647776,44.626426583658315]]]},"properties":{"name":"Barolo","op_id":"631","minint_elettorale":"1010270130","minint_finloc":"1010270130","prov_name":"Cuneo","prov_istat_code":"004","prov_istat_code_num":4,"prov_acr":"CN","prov_iso_3166_2":"IT-CN","reg_name":"Piemonte","reg_istat_code":"01","reg_istat_code_num":1,"reg_iso_3166_2":"IT-21","opdm_id":"500","com_catasto_code":"A671","com_istat_code":"004013","com_istat_code_num":4013}},
{"type":"Feature","geometry":{"type":"Polygon","coordinates":[[[7.933287887712473,44.461035635296525],[7.933321113475898,44.459163349377725],[7.933245669882966,44.458798044086976],[7.933146056305325,44.458446062086345],[7.933056829136734,44.45820209570815],[7.932180137131011,44.45637537460375],[7.931921427901213,44.455936318157505],[7.93173735169876,44.455726002640624],[7.931599684833105,44.45557320656641],[7.930906090843897,44.454923025087496],[7.927380217802231,44.45311192717747],[7.923662841047142,44.44602476417861],[7.923711794488669,44.44556016758462],[7.923561090233367,44.44472149755683],[7.923001350095638,44.443444949606835],[7.922584328175704,44.44252464175783],[7.922319604164907,44.442121515139696],[7.921707979759645,44.441192960146914],[7.921342489154314,44.44080239561397],[7.920907396037636,44.4403751602503],[7.920491580186372,44.44001112847275],[7.920006076118826,44.43967792430434],[7.916620383426883,44.4374447098739],[7.916261096194256,44.43721173371065],[7.908078183372965,44.432956504536655],[7.902890385827549,44.43036802768909],[7.897960766591024,44.42925372324108],[7.895461281748206,44.42856830305613],[7.889984734045035,44.42838876557097],[7.8857339403039,44.43262901045052],[7.8841748848303075,44.43528224805514],[7.883886790898609,44.435873601394775],[7.876331459558192,44.442069893597825],[7.87443390219673,44.44291098078044],[7.874023521524809,44.443177026770904],[7.874280652127877,44.44600189116436],[7.874593688882385,44.44761645528711],[7.8762079036509745,44.455374668752164],[7.882720974442893,44.45923321103642],[7.884507289967561,44.46279321430471],[7.88913496563152,44.467429694786624],[7.88948821391086,44.46568660645037],[7.8896212427065775,44.46540430645065],[7.889860945541501,44.46523559551186],[7.890397664034136,44.464961728339105],[7.894203769984347,44.4632701326364],[7.894450962264649,44.463223019733796],[7.8942603859936575,44.46382004253553],[7.894201093660492,44.463882526352826],[7.894020026510765,44.46410113851951],[7.893962926088404,44.464523704456305],[7.893924592846557,44.46497348462248],[7.895082870644225,44.4680005417398],[7.895524359037133,44.46817135562171],[7.898003379309354,44.46875797871091],[7.8985017210034725,44.46885279739962],[7.899012816907336,44.468938759342734],[7.899789781465405,44.468910286456584],[7.90031910834675,44.46875783401796],[7.901341943488669,44.46824551248252],[7.901663707295978,44.46803705572711],[7.902864185746053,44.46577992103596],[7.903187198563258,44.46399149178883],[7.901108315639482,44.46030290893438],[7.90054718197787,44.45974834698745],[7.900414732453963,44.45958502685574],[7.8998792380292615,44.45881463882974],[7.899740860847932,44.45815162165594],[7.900038232273603,44.45733523487891],[7.900145547212241,44.45718321713525],[7.902488412386129,44.45392429776112],[7.902816431719342,44.45377439815233],[7.903907788982556,44.453636326753255],[7.904298914203456,44.45363617630698],[7.904797221325694,44.45368988599771],[7.905219731446573,44.45386498125348],[7.905375308448541,44.453934265973096],[7.905818845874547,44.45413179825368],[7.906606992438735,44.4546029903488],[7.9077611389984765,44.45537474541676],[7.907890696036553,44.455623239664114],[7.907912069609811,44.455664275144315],[7.908050692398003,44.45606622861426],[7.9100555063626246,44.45781839504344],[7.913876999390807,44.460515091347915],[7.914860828950916,44.461118625771505],[7.9181609329157085,44.461928660217204],[7.918658449317423,44.46204591438296],[7.919182216346093,44.462167893677844],[7.919798792385697,44.462268185745714],[7.920216598797498,44.46227220606396],[7.929030321020698,44.46191853494965],[7.93144061719683,44.46180160370097],[7.932248281321396,44.461629118027645],[7.933245197666532,44.461224310470534],[7.933287887712473,44.461035635296525]]]},"properties":{"name":"Bastia Mondovì","op_id":"632","minint_elettorale":"1010270140","minint_finloc":"1010270140","prov_name":"Cuneo","prov_istat_code":"004","prov_istat_code_num":4,"prov_acr":"CN","prov_iso_3166_2":"IT-CN","reg_name":"Piemonte","reg_istat_code":"01","reg_istat_code_num":1,"reg_iso_3166_2":"IT-21","opdm_id":"501","com_catasto_code":"A709","com_istat_code":"004014","com_istat_code_num":4014}},
{"type":"Feature","geometry":{"type":"Polygon","coordinates":[[[8.040844889921127,44.33103058099656],[8.038755895809862,44.327902506885614],[8.03325785104698,44.31508549012097],[8.029305152573778,44.31425972498952],[8.022907238389397,44.31408362373898],[8.01623205938312,44.31197816277924],[8.01435855508427,44.30981726258122],[8.009217954040588,44.30286959358519],[8.00903800404607,44.30262046721811],[8.008929343129743,44.30246646809871],[8.008479046156985,44.301544257968146],[8.008106431896564,44.30038414827868],[8.007628480099568,44.29787268699902],[8.007806883720402,44.297639072124824],[8.00877930561742,44.296365675417874],[8.009733937370418,44.29515405839089],[8.0084808178033,44.2934551312268],[8.005593934480233,44.29175998939846],[8.005142560897697,44.29151299010942],[8.004744332816172,44.291320456693995],[8.004229905984728,44.2910728854474],[8.003615229443312,44.2908244563137],[8.003081222829735,44.29069375455569],[8.002971685489507,44.29068501445454],[8.00276439571392,44.29066848581329],[8.003172623879403,44.29175241349485],[8.003713965636159,44.29541232601798],[8.000452656561977,44.30067432186249],[7.996852549740321,44.30679946534924],[7.996932757098355,44.31492530014074],[7.9934099448214315,44.31894112943778],[7.995431328049812,44.32075050568115],[7.9990588543483625,44.323959973611416],[7.999683562535494,44.32677924702064],[7.9949488275010685,44.33211690376236],[7.997819630899277,44.33625643447422],[7.997932899745985,44.336487017740296],[7.9978141220072825,44.33789040664826],[7.9977166990893975,44.33829468770733],[7.997174162631003,44.33916771572368],[7.995933551647818,44.34115994202554],[8.000672352801871,44.33901381253957],[8.00504039199653,44.338349719211855],[8.012220074760847,44.33806542536848],[8.017838287391562,44.33837045706353],[8.031271263154554,44.34111433658723],[8.03368367410039,44.342021269551545],[8.040844889921127,44.33103058099656]]]},"properties":{"name":"Battifollo","op_id":"633","minint_elettorale":"1010270150","minint_finloc":"1010270150","prov_name":"Cuneo","prov_istat_code":"004","prov_istat_code_num":4,"prov_acr":"CN","prov_iso_3166_2":"IT-CN","reg_name":"Piemonte","reg_istat_code":"01","reg_istat_code_num":1,"reg_iso_3166_2":"IT-21","opdm_id":"502","com_catasto_code":"A716","com_istat_code":"004015","com_istat_code_num":4015}},
{"type":"Feature","geometry":{"type":"Polygon","coordinates":[[[7.6812102613934226,44.37584785496419],[7.680611892251583,44.37330667431607],[7.678415962503991,44.369792707075405],[7.6737662732013865,44.35877338259011],[7.670195714464167,44.34937788653571],[7.6637109953673495,44.34161827965627],[7.657824032693863,44.33743944494936],[7.65503753617979,44.34342957094799],[7.652169961240939,44.34802321041626],[7.651735361759522,44.34869778855633],[7.651587020035214,44.34892560658463],[7.650795067270146,44.34983877566887],[7.650174060430789,44.35038666679773],[7.650047830970522,44.35049621739763],[7.64976961278346,44.350699266667235],[7.6497435774549505,44.35071753722736],[7.648711609948471,44.351312096950245],[7.648075468939485,44.35153931607391],[7.647270026628256,44.35178247461745],[7.644996024489038,44.35252525722465],[7.644110445279739,44.35287487319408],[7.642561739491261,44.35351778229629],[7.6419904558522065,44.353774643847416],[7.641626592832717,44.353939195489666],[7.641330475005343,44.354117862701216],[7.640599751480878,44.35456168021778],[7.639375399636605,44.35536634566186],[7.635839388890513,44.35770991966002],[7.632632134348638,44.36166879245693],[7.630909495246819,44.36609102168779],[7.625080049549509,44.37111885335124],[7.620076279237271,44.37227610592259],[7.6080614221709215,44.37683757832737],[7.604101465561072,44.378820978782635],[7.620697786483142,44.38309156027848],[7.621474409571107,44.383285530822995],[7.623912568908057,44.38390007432954],[7.624667903285393,44.38409262955499],[7.628352463548215,44.38503460089244],[7.630399161303798,44.385558049879556],[7.6316930240117244,44.385902069491884],[7.640499962715447,44.38824399257861],[7.646995110593973,44.390580880849036],[7.647395880295814,44.39061815004787],[7.649105556751752,44.39077523398254],[7.649622048656186,44.390822683347764],[7.6517182341079435,44.391015231458304],[7.656224725061213,44.39115837895502],[7.657584360713519,44.390364124699666],[7.656878789399154,44.389820160975425],[7.6586768474081275,44.387393832200495],[7.659634917617474,44.38695364409556],[7.667009207883934,44.385050326891296],[7.670854380155583,44.38424888817596],[7.672719727808866,44.38498179822986],[7.675452644590211,44.38470293197922],[7.677288545109063,44.38437761941523],[7.678010194549455,44.38409723236026],[7.678402267210625,44.383944884770486],[7.67906828864221,44.383479938881486],[7.681866728239286,44.37861759667492],[7.682298788049094,44.37708475881168],[7.6812102613934226,44.37584785496419]]]},"properties":{"name":"Beinette","op_id":"634","minint_elettorale":"1010270160","minint_finloc":"1010270160","prov_name":"Cuneo","prov_istat_code":"004","prov_istat_code_num":4,"prov_acr":"CN","prov_iso_3166_2":"IT-CN","reg_name":"Piemonte","reg_istat_code":"01","reg_istat_code_num":1,"reg_iso_3166_2":"IT-21","opdm_id":"503","com_catasto_code":"A735","com_istat_code":"004016","com_istat_code_num":4016}},
{"type":"Feature","geometry":{"type":"Polygon","coordinates":[[[7.000225815028124,44.538190524457214],[6.999845650700849,44.53837792590428],[6.9996316071686735,44.53845292842113],[6.999405801583511,44.5385317548743],[6.998911888995626,44.53863112063618],[6.997902813208145,44.53863593962815],[6.997408192724147,44.53861826847415],[6.994718981398021,44.53790487851609],[6.994359053638135,44.537768021651445],[6.99394572531194,44.537501650768085],[6.9937056374201845,44.53734692169324],[6.993634405292279,44.53726526621564],[6.993386624642148,44.53698122079973],[6.992971960988326,44.53641126815661],[6.982759173215296,44.537275568645036],[6.977873044301087,44.53970981130848],[6.970425334996997,44.54311563827365],[6.956900238871669,44.54781674696941],[6.947154228752886,44.55024814272735],[6.9433602366785205,44.548526687931215],[6.938181731330425,44.546440444821506],[6.937416303366442,44.54633659143664],[6.936943031752397,44.54635954803568],[6.936275397430621,44.54655003055239],[6.927174522752877,44.55044976812677],[6.92487103207621,44.55198786683714],[6.918501353151673,44.558848815622625],[6.916367280979042,44.5617311761107],[6.914017382531689,44.564249457521306],[6.9134605517773915,44.56538259694829],[6.9124352293935125,44.567686475353376],[6.91247214737762,44.56852437416391],[6.913586821942711,44.569048893529484],[6.915374891313822,44.56939664565669],[6.917769255797362,44.56968341672773],[6.921380014044365,44.56978522554793],[6.927709197220132,44.57131366854417],[6.932589522040083,44.57288755004534],[6.933238655182452,44.57339444674951],[6.93346908484164,44.57422634543787],[6.933685085122079,44.57501395744535],[6.933739144084499,44.57740958639385],[6.933677682359545,44.577633533806384],[6.93330920370412,44.578968226502155],[6.93324614230598,44.57919214556835],[6.932682651823403,44.58510553874228],[6.933367872304863,44.59171671514697],[6.934643024059783,44.597618370648014],[6.937705535900405,44.60311568709248],[6.938500589654755,44.60382773498589],[6.942588797382322,44.60506728861038],[6.950109281281062,44.61383482853609],[6.950086055013083,44.61385794749871],[6.949620585070418,44.614650800477804],[6.9492116663500605,44.61561572289428],[6.949018979769538,44.61655750144745],[6.9492631764913115,44.617642180242434],[6.949739764698544,44.61860499517558],[6.95036391461454,44.619426411029714],[6.952280540448374,44.620514085912774],[6.954113424513985,44.62137516760042],[6.955043665280363,44.62180594498988],[6.956479719371257,44.62219175172075],[6.9577035375779674,44.62215963149673],[6.958852729876611,44.621739083207046],[6.959764780042308,44.62120624360679],[6.961090941510442,44.6204107127483],[6.962641915346941,44.6196731986531],[6.964071074519407,44.61914055632508],[6.964926081555199,44.61883519132598],[6.965079403820079,44.61878043201408],[6.96557252356965,44.61884671385021],[6.966083054051463,44.61891533379411],[6.9673363689400185,44.61928454612883],[6.9679541249376875,44.6188891298447],[6.970558323852641,44.616699866257],[6.970653662196708,44.61660240891868],[6.97095444267276,44.616284115216175],[6.971052775448187,44.61617425226562],[6.971386840208931,44.61580067971663],[6.971523690607306,44.61546971366974],[6.9715736484411845,44.61524554180954],[6.971725884816065,44.613943373395344],[6.971842941204455,44.612851161383134],[6.97182529452286,44.612441263141854],[6.97183221744278,44.611541149440356],[6.971977299247811,44.61075601259773],[6.972245744777429,44.60946445650713],[6.972268744735346,44.609425484660974],[6.972529972049734,44.60901035831818],[6.972869390224138,44.60869196572493],[6.9733651787190345,44.60829236861695],[6.9760903954263735,44.6065078564154],[6.977916136272486,44.60545091921946],[6.984994632624084,44.602033081028246],[6.989380717674686,44.600076422546266],[6.990814112203989,44.5995526930738],[6.991757028461755,44.599506086982544],[6.996165183853523,44.600294732416785],[6.996517991388328,44.60038645416154],[6.9973690192184455,44.600635441835365],[6.998428370406331,44.60098710022034],[6.9987858561927245,44.60111490596168],[7.000209803246354,44.60184654266821],[7.011508580334298,44.604942683822806],[7.025919000123902,44.604967712797794],[7.027393142123415,44.60529922384453],[7.027778004962584,44.60523839674094],[7.035274447069136,44.603481648005165],[7.037728723198225,44.602785661955885],[7.038309106590715,44.602611102271204],[7.044691110115269,44.600438459451844],[7.0460572427058885,44.59985868596939],[7.046166010611047,44.599279893764816],[7.046558631594785,44.59877347805825],[7.046710800866253,44.59829768432583],[7.045970239632289,44.593375467574184],[7.044547485164001,44.587080922548466],[7.046203248667837,44.57930416016041],[7.047784766843205,44.57594106283436],[7.0519058331943745,44.5711778693973],[7.054046416665945,44.567473847657205],[7.050494257446426,44.56602687420139],[7.04273824938963,44.56476210938171],[7.039968900680136,44.56414069725826],[7.0277521659775495,44.559820671596576],[7.025950263649274,44.55911434603769],[7.0234240950424285,44.557279146984065],[7.023165724306967,44.55699561112571],[7.022373948915584,44.5559195911437],[7.0221197753594256,44.55550107396729],[7.022059306561097,44.55520744833226],[7.021421154773434,44.5515503870896],[7.021373814011851,44.55127500072065],[7.021340283960589,44.55088281787467],[7.021383719210967,44.550612426548795],[7.021706151230627,44.54966480632165],[7.021793450610839,44.54944575656248],[7.02186091685047,44.549392575344186],[7.0193690869969645,44.5487863669511],[7.015740487715567,44.54787782566831],[7.011677983718627,44.54643876464365],[7.003046944401,44.54109818925389],[7.001413776880594,44.53983176409438],[7.0004796407221646,44.53891066029931],[7.000181622437237,44.53844267464302],[7.000225815028124,44.538190524457214]]]},"properties":{"name":"Bellino","op_id":"635","minint_elettorale":"1010270170","minint_finloc":"1010270170","prov_name":"Cuneo","prov_istat_code":"004","prov_istat_code_num":4,"prov_acr":"CN","prov_iso_3166_2":"IT-CN","reg_name":"Piemonte","reg_istat_code":"01","reg_istat_code_num":1,"reg_iso_3166_2":"IT-21","opdm_id":"504","com_catasto_code":"A750","com_istat_code":"004017","com_istat_code_num":4017}},
{"type":"Feature","geometry":{"type":"Polygon","coordinates":[[[7.990478806838179,44.51230355048407],[7.99143179351832,44.51070031355149],[7.997151259746007,44.500420176283875],[7.996632349826915,44.49901919196135],[7.995215165834625,44.498733175577925],[7.994369150553239,44.49873922421766],[7.9940543445186645,44.49875896391601],[7.993475495634987,44.498726061717015],[7.993416528808081,44.49871366745836],[7.991985640421197,44.49841213069897],[7.986806174277244,44.496997895189686],[7.985674761821613,44.496637200646326],[7.985455037787039,44.49650875924915],[7.985009410539841,44.496207716948255],[7.984701648465749,44.49595740534678],[7.984406974590132,44.49570270704646],[7.984257351874893,44.495219739236546],[7.984265087104423,44.49477417442339],[7.976781403933934,44.48641146680889],[7.9698611616840624,44.48252313540055],[7.9642993982151,44.48507908829056],[7.964705880538248,44.485355593861776],[7.964895462224272,44.485485124707786],[7.965535523751479,44.48600407421752],[7.967491081985488,44.48809686127417],[7.967439698978258,44.49033803388494],[7.967110921403105,44.49083921323392],[7.966404339500971,44.49148100542343],[7.965376296508739,44.49229544309696],[7.964751918992544,44.4927896509704],[7.963813004443738,44.496989644498576],[7.963276231021612,44.49948750914731],[7.963647474417577,44.499544904648815],[7.966281726215351,44.50004591959405],[7.971092193593916,44.50204291281873],[7.9713083273258745,44.50217989294159],[7.97187049336829,44.50278363571122],[7.974075247430324,44.50559427061627],[7.976126939854743,44.50869607117779],[7.975803799134968,44.510624245043594],[7.975700757265167,44.51165861491398],[7.975687455195998,44.511901574980484],[7.975739496200463,44.51227563553528],[7.976187093285617,44.51396073395805],[7.976598431519386,44.51524970116213],[7.976820230250686,44.51542724863763],[7.979743395380597,44.51672275662991],[7.979811820898404,44.51674587726082],[7.979980720113496,44.51680140640836],[7.981160389189401,44.51621102300618],[7.981544536321772,44.51587460324097],[7.981715932105166,44.51560606057533],[7.982019361716375,44.51461847754535],[7.984274895493568,44.51227537633255],[7.9852804417426135,44.51143796210306],[7.985633410479403,44.511247637449685],[7.986030083429424,44.51104409039211],[7.986784511098255,44.51086622676642],[7.988374419957001,44.51077679766928],[7.988723918988602,44.51089243453447],[7.989482042027081,44.5112502467595],[7.989684281512119,44.51144559085282],[7.990009067868524,44.5117635392052],[7.990478806838179,44.51230355048407]]]},"properties":{"name":"Belvedere Langhe","op_id":"636","minint_elettorale":"1010270180","minint_finloc":"1010270180","prov_name":"Cuneo","prov_istat_code":"004","prov_istat_code_num":4,"prov_acr":"CN","prov_iso_3166_2":"IT-CN","reg_name":"Piemonte","reg_istat_code":"01","reg_istat_code_num":1,"reg_iso_3166_2":"IT-21","opdm_id":"505","com_catasto_code":"A774","com_istat_code":"004018","com_istat_code_num":4018}},
{"type":"Feature","geometry":{"type":"Polygon","coordinates":[[[7.880941709405174,44.57322398049553],[7.878963433244344,44.56916308684791],[7.878306700117516,44.56795249428253],[7.873893568419193,44.56533526477471],[7.865818977545099,44.56133519827515],[7.864198938346245,44.56141447515592],[7.863951175895224,44.561367008539975],[7.863698683124199,44.561311125509626],[7.8634449304961835,44.56125407164864],[7.8629671433231785,44.56113237455827],[7.8627940383405015,44.561067297854926],[7.860646939390326,44.56025730377294],[7.860349902378838,44.560133869879834],[7.860173868280628,44.56006007786271],[7.8578327400093,44.55833985276081],[7.85487182229867,44.55579386119586],[7.854676525774886,44.555585637839584],[7.854605273895765,44.555485069984],[7.854587933176208,44.55544845353436],[7.8545623346507245,44.55539011920663],[7.854388901220608,44.55453750680818],[7.85426849392799,44.55387287372205],[7.857077909967963,44.5484203770382],[7.857720019599008,44.547391497603],[7.858204271698586,44.54722203081357],[7.859726011719225,44.54729002760914],[7.860364912630018,44.54739093262009],[7.860717753136611,44.54749347921643],[7.874718679918486,44.545243477580506],[7.874922858663635,44.54514960422043],[7.874984812201721,44.54511870449816],[7.877155177515901,44.543767172653524],[7.877637518463802,44.54345681975119],[7.877654936712366,44.54342204186757],[7.87769807790187,44.543335896655236],[7.8776921218017675,44.5410266756449],[7.877464487479444,44.53776552838497],[7.877418362364935,44.5375445105971],[7.876920515937924,44.53631075412743],[7.876623760513968,44.53564616001818],[7.876471525415707,44.535442092392856],[7.876258515305866,44.53522844822018],[7.875996077930314,44.53498728677014],[7.875652696282,44.5346823282887],[7.875508769263802,44.53457738631075],[7.873753829868646,44.53337173866948],[7.872708231320296,44.53283028025434],[7.870309867676847,44.531627242362525],[7.865491126178762,44.53037312046776],[7.861388001666001,44.529337501381946],[7.862161800297361,44.52559572100998],[7.863205937428803,44.52184746144788],[7.860878972140027,44.52096902154762],[7.860068101249192,44.52054781944253],[7.858525613102153,44.519653661380815],[7.8579532900052325,44.5193013353963],[7.852190841525114,44.514827794985514],[7.851113586164351,44.513903190656514],[7.849961142936066,44.51196503978864],[7.849280454667219,44.510792354820055],[7.849217847916078,44.51051713809647],[7.849310535726914,44.51020297956825],[7.849890761045209,44.509088001102555],[7.8500504560457385,44.508700574161885],[7.85073880137432,44.50684589210282],[7.85074518700858,44.50666139975228],[7.85049358255547,44.50574061358515],[7.850028197619221,44.50545684082674],[7.848939252507437,44.504837292129466],[7.848341683153093,44.50431902063655],[7.846549516958025,44.50278400211316],[7.836684258078022,44.50311157281476],[7.826823246446906,44.501556761275296],[7.825538367165244,44.501313993481354],[7.8252505552100695,44.501139981389095],[7.823619242429108,44.49894905650914],[7.822397972870846,44.4968973732124],[7.821546566712163,44.494673949066915],[7.820450104662747,44.49250199048679],[7.819655491150773,44.491503508369966],[7.818958395075106,44.491203690324156],[7.811859951245086,44.4917422508621],[7.797695654530877,44.49246420679565],[7.7920095370985,44.495108030184106],[7.789870350370305,44.495724565869224],[7.7866888123268145,44.49677111886739],[7.785980341209892,44.497006667476604],[7.785703746779188,44.49715225936366],[7.7794682274481,44.50085789289782],[7.779412746215391,44.50106887365843],[7.780889078641258,44.503092206037564],[7.7826111413439465,44.50438444946034],[7.78481198357587,44.50662702561071],[7.786754265090796,44.50885331423147],[7.787158337664493,44.50993792444183],[7.7871203112686755,44.511846069959994],[7.787103144507043,44.51223749082283],[7.786931869176884,44.513595055338754],[7.786828447241456,44.514296159604854],[7.7865799741982125,44.51514877132702],[7.786558028863798,44.51521276400175],[7.7863522955068465,44.51581254580036],[7.785552839362521,44.517955661431],[7.785464526691653,44.51817528722921],[7.785421008913409,44.51828284812555],[7.785219725616427,44.518589805132834],[7.781292786195698,44.52208748453305],[7.78116035554392,44.52219230961102],[7.780613842391133,44.52262489163847],[7.780108719327119,44.52299309051485],[7.777075247946115,44.524931329260426],[7.776317163919784,44.52535622485749],[7.775831857662975,44.525621110005375],[7.77551584119787,44.52574375895046],[7.775328550462979,44.52578675838809],[7.774629501919985,44.525797272094465],[7.773903928636547,44.52581649307789],[7.773682291057638,44.525940150204775],[7.772965896922468,44.52649098503595],[7.772649026701323,44.52684288885211],[7.775653038004984,44.529031151393895],[7.7847310427371275,44.53476824044574],[7.786060884024904,44.535590390087506],[7.788256721998029,44.536687228112704],[7.789488392656858,44.53730797310112],[7.79044717200575,44.53780028301872],[7.791859909269002,44.53887835362014],[7.793273084328341,44.54000086252639],[7.795642693644505,44.54188294933648],[7.797661843370482,44.54448217065169],[7.7985876641062095,44.54589864012618],[7.798797543823704,44.546219767254065],[7.801921858713139,44.551343520780094],[7.801903337152451,44.55243713185806],[7.801801165773821,44.55501979248783],[7.801767821440855,44.5550914562029],[7.800560910196265,44.556172590879086],[7.800063544585658,44.556612991652706],[7.79824847828116,44.558134322090204],[7.802475343852878,44.56055440170214],[7.8046281483764295,44.56197685553218],[7.807992585447644,44.56448320890621],[7.8086911218091375,44.56502165509402],[7.809225078655387,44.56548634139422],[7.809543386568467,44.56583625855891],[7.809798150707193,44.56611799590264],[7.810338960942059,44.56673130082383],[7.812020232492856,44.568661848568134],[7.812437599282016,44.56919282777673],[7.813546433040832,44.570694277865165],[7.815087034703852,44.57571626561377],[7.815618886807086,44.57767470854473],[7.815868858254737,44.57853896227798],[7.816076048362204,44.57921887739121],[7.816090902574879,44.57925538283374],[7.816293108795178,44.579752281357074],[7.818092859303195,44.58091423138888],[7.818382848005091,44.58108714572473],[7.819798353298324,44.58193115314313],[7.82422428977932,44.583809448105235],[7.8273632041581145,44.58024116276801],[7.837955086629906,44.58056442178564],[7.8397518184358255,44.58071952694573],[7.841523991563357,44.580871603513195],[7.841575287338373,44.58087200233604],[7.841906425948716,44.58046052742794],[7.842752012177752,44.57936628383128],[7.846482527757183,44.57436264969873],[7.848883970084646,44.571042433544406],[7.849411855570767,44.5703185455978],[7.849821750527091,44.569809532280736],[7.8500081217466855,44.56971702798702],[7.850174192243503,44.56972058625633],[7.8502535386497705,44.569722657205546],[7.85648557002316,44.570065508289986],[7.862650041908132,44.57118936151635],[7.872153617934855,44.56904771385508],[7.880941709405174,44.57322398049553]]]},"properties":{"name":"Bene Vagienna","op_id":"637","minint_elettorale":"1010270190","minint_finloc":"1010270190","prov_name":"Cuneo","prov_istat_code":"004","prov_istat_code_num":4,"prov_acr":"CN","prov_iso_3166_2":"IT-CN","reg_name":"Piemonte","reg_istat_code":"01","reg_istat_code_num":1,"reg_iso_3166_2":"IT-21","opdm_id":"506","com_catasto_code":"A779","com_istat_code":"004019","com_istat_code_num":4019}},
{"type":"Feature","geometry":{"type":"Polygon","coordinates":[[[8.07814008175443,44.64019605381794],[8.08306994232188,44.6382642062051],[8.084078302865652,44.637984221186635],[8.084424932086424,44.63799150015331],[8.086963179665366,44.63877253683481],[8.087571042016993,44.63900695566662],[8.08839299205674,44.639382626971795],[8.089436542039369,44.63987707729115],[8.089865746643683,44.64014606015146],[8.09188402111925,44.64171053554093],[8.092983660972214,44.64265553933045],[8.094623483110512,44.645000175391694],[8.099130513440038,44.6407686636401],[8.10354436000503,44.63694137372534],[8.10391493719944,44.636773224026385],[8.104411793277842,44.63661957712137],[8.107334760807241,44.636093318489934],[8.112407141123544,44.63193773329655],[8.119002215291536,44.6216855151967],[8.118810605917162,44.62140947293365],[8.118034944716465,44.620399698968725],[8.11783883664045,44.62021363099365],[8.116544972718781,44.62049711286943],[8.115808814658235,44.62080109847896],[8.112170971977623,44.6208629039423],[8.10808927600625,44.6207635821657],[8.104226452974938,44.620283664061404],[8.09028081084284,44.618399513677275],[8.084828567889462,44.62173634695721],[8.080182001059464,44.6223607008907],[8.081580978911223,44.6229481161092],[8.082612634082874,44.623572015688346],[8.082761651350683,44.62368559633475],[8.083149041908122,44.62398249576205],[8.08338792695938,44.624272490825284],[8.083921852970526,44.63057398233689],[8.083927625895054,44.63074595559364],[8.08394088639105,44.63114127327452],[8.083837164048761,44.6317751143358],[8.083123158329743,44.634083001009465],[8.082950592856802,44.6345587473539],[8.082522402989571,44.634978415200294],[8.08194456108519,44.635342879744215],[8.081396295557534,44.63563104730348],[8.081018184593388,44.635793646517094],[8.07814008175443,44.64019605381794]]]},"properties":{"name":"Benevello","op_id":"638","minint_elettorale":"1010270200","minint_finloc":"1010270200","prov_name":"Cuneo","prov_istat_code":"004","prov_istat_code_num":4,"prov_acr":"CN","prov_iso_3166_2":"IT-CN","reg_name":"Piemonte","reg_istat_code":"01","reg_istat_code_num":1,"reg_iso_3166_2":"IT-21","opdm_id":"507","com_catasto_code":"A782","com_istat_code":"004020","com_istat_code_num":4020}},
{"type":"Feature","geometry":{"type":"Polygon","coordinates":[[[8.18793625263635,44.55355699280626],[8.188222509123088,44.550372124457105],[8.188781418984023,44.5463609613885],[8.190666245621545,44.54314688577886],[8.190759606739105,44.542967487452664],[8.190772870973573,44.54283254821786],[8.190627549804308,44.54210680538307],[8.190509873130951,44.54174137539673],[8.19027228593095,44.541167625789676],[8.189886731016575,44.54024252267087],[8.189695622011852,44.540038616533884],[8.189416461631208,44.53988808569586],[8.189099648240537,44.53978680945334],[8.184382080411032,44.53840732683871],[8.183113475993665,44.53860982747846],[8.179573236507819,44.53925964225293],[8.172244515207979,44.54368553926077],[8.170546937481634,44.54578411840926],[8.167394492469965,44.549839534936105],[8.162893280371982,44.55609941952882],[8.161811134076174,44.5587112297679],[8.169277090737626,44.56153405682387],[8.170307837935153,44.56157756013181],[8.171224024159912,44.56154370610092],[8.171621156516132,44.56139804254793],[8.171942190665625,44.56118291813684],[8.172178156756768,44.561023993479374],[8.173006272361855,44.56039980880079],[8.177936723482432,44.556127679172164],[8.182297866045085,44.55348974252227],[8.186299160268888,44.55341576770712],[8.18793625263635,44.55355699280626]]]},"properties":{"name":"Bergolo","op_id":"639","minint_elettorale":"1010270210","minint_finloc":"1010270210","prov_name":"Cuneo","prov_istat_code":"004","prov_istat_code_num":4,"prov_acr":"CN","prov_iso_3166_2":"IT-CN","reg_name":"Piemonte","reg_istat_code":"01","reg_istat_code_num":1,"reg_iso_3166_2":"IT-21","opdm_id":"508","com_catasto_code":"A798","com_istat_code":"004021","com_istat_code_num":4021}},
{"type":"Feature","geometry":{"type":"Polygon","coordinates":[[[7.43135160727825,44.35955833872804],[7.426368032159674,44.35808551905001],[7.425760279220256,44.358068125411805],[7.424161027721372,44.35807308310875],[7.420433074143614,44.358084598574905],[7.418023472474427,44.35833802728836],[7.4107326735012,44.359989147587186],[7.405903310989853,44.359925453166184],[7.399914616428089,44.36061681137842],[7.396555767714197,44.36136644614586],[7.393398002693533,44.362185436702205],[7.3855094890773705,44.36666198356326],[7.380541872864399,44.3711696433901],[7.375747941705013,44.37499967342538],[7.3726646264440445,44.377170142839326],[7.373028006347642,44.37800387427742],[7.374216731074335,44.380577592322055],[7.375312121976431,44.38250177055494],[7.375751589623056,44.38317910143349],[7.375772339770643,44.383210332962804],[7.376153044082878,44.38365855811665],[7.376221101626272,44.383738414882366],[7.376524799041074,44.38403999246963],[7.376713958355817,44.38422772368694],[7.377199109397559,44.38463073324844],[7.378093798056495,44.38513410483681],[7.380445539298659,44.38629317943239],[7.382655261109593,44.38732794214415],[7.383056034282042,44.387351078596524],[7.383414377237362,44.38750074083116],[7.383898533471487,44.38774167862111],[7.384348507182454,44.388000124655356],[7.386189282560578,44.38918750121269],[7.387030694898192,44.389856116306866],[7.3882156554020595,44.391133710009264],[7.388555392392314,44.39175068762052],[7.388708249731744,44.39208594487232],[7.388906323204909,44.39217427252181],[7.389328331690185,44.392251298270565],[7.389375213004608,44.39225919326377],[7.389711208577599,44.392311665534194],[7.393754846266216,44.39247214240195],[7.395239459558163,44.39248524125987],[7.396865599383813,44.39249786167355],[7.400046702740208,44.39248479926433],[7.40129406250927,44.39246089922942],[7.410516468805306,44.39268417119382],[7.417489142955769,44.39325275937942],[7.420275367031353,44.394917234980255],[7.421594364044245,44.39603380449433],[7.421813792836018,44.39617639062452],[7.425228811153284,44.39742091660441],[7.427481720942996,44.398091188510094],[7.431895609175189,44.39930421529204],[7.432380998768762,44.39943691875938],[7.4327451705750045,44.39950943657737],[7.449744107557298,44.40191937665529],[7.461677781287477,44.40358500133648],[7.463235410855038,44.403781567574846],[7.463812833769939,44.4038658523294],[7.464194713150303,44.40397001779011],[7.470819312998113,44.4062433665424],[7.472907818670972,44.40736687878203],[7.473362049623277,44.40762511945977],[7.473972136021196,44.40797196250467],[7.475379960743588,44.40886074457631],[7.476448542887838,44.40971352611076],[7.479195739873697,44.412115623307656],[7.483985139027508,44.4152987438636],[7.484836750756643,44.41474287633605],[7.485443633154104,44.414269281523104],[7.487067825868613,44.41125689265504],[7.487108142813566,44.411175406873156],[7.488637628367763,44.40687535690799],[7.488964831009311,44.40556980510348],[7.486112189492051,44.40207944252696],[7.483302167516895,44.398740869610215],[7.479946606071285,44.39592900162625],[7.474184490408914,44.3932285914259],[7.470949247986246,44.39205182191034],[7.463579478034935,44.39035412258601],[7.459333816061984,44.390197799984804],[7.4568529986943,44.38541985901798],[7.455569272721109,44.38136475191083],[7.452142673078759,44.37406663367014],[7.449435315419555,44.37096445638743],[7.446555997828994,44.36841355776831],[7.446414964115201,44.36830359329838],[7.434971735511465,44.363672950464384],[7.430416943501798,44.3625751072573],[7.43135160727825,44.35955833872804]]]},"properties":{"name":"Bernezzo","op_id":"640","minint_elettorale":"1010270220","minint_finloc":"1010270220","prov_name":"Cuneo","prov_istat_code":"004","prov_istat_code_num":4,"prov_acr":"CN","prov_iso_3166_2":"IT-CN","reg_name":"Piemonte","reg_istat_code":"01","reg_istat_code_num":1,"reg_iso_3166_2":"IT-21","opdm_id":"509","com_catasto_code":"A805","com_istat_code":"004022","com_istat_code_num":4022}},
{"type":"Feature","geometry":{"type":"Polygon","coordinates":[[[7.994369150553239,44.49873922421766],[7.995215165834625,44.498733175577925],[7.996632349826915,44.49901919196135],[7.997151259746007,44.500420176283875],[7.99143179351832,44.51070031355149],[7.990478806838179,44.51230355048407],[7.998082309103002,44.512226282544155],[8.004100357102637,44.5114601953143],[8.008618560235437,44.512223711598786],[8.011186522481239,44.51293466184948],[8.014336266571158,44.514636388325364],[8.014544965142775,44.51482722650945],[8.014896144200193,44.515104844866],[8.016204553941114,44.51583634051328],[8.017026457752541,44.51622602837473],[8.018731357823112,44.51692937953944],[8.020065403189376,44.51725517929091],[8.021511540431248,44.517601865685364],[8.022218500873837,44.517710499676404],[8.02479319772115,44.51776452048505],[8.025745595783537,44.5177141488747],[8.027292769210861,44.517578787499836],[8.027495669180528,44.51753099178371],[8.029057507833125,44.5171031689881],[8.033113003769417,44.51547659131761],[8.032905186173648,44.514002908439814],[8.033766518797254,44.51225018971966],[8.03896629853603,44.50647836772169],[8.039977855158298,44.503889619258125],[8.040391766162065,44.502214117828125],[8.04050148267657,44.50175589429455],[8.040556136705879,44.501485890981456],[8.040613680247917,44.501171672671425],[8.040595951098197,44.50069438370969],[8.040052844664988,44.49989214080348],[8.03984151066807,44.499712002884316],[8.03956051981597,44.49947442137824],[8.03934881015963,44.499297503241394],[8.039072514906838,44.499143406902846],[8.038839636615807,44.499018629766795],[8.034049581985894,44.497150789461365],[8.031700027104586,44.498134453367335],[8.022876638911157,44.497483250542345],[8.01696872844235,44.495172921298156],[8.013152987051578,44.49402818444933],[8.002978572095914,44.49208525089722],[7.999370149353298,44.49257518836895],[7.995719081133041,44.497058192920015],[7.994369150553239,44.49873922421766]]]},"properties":{"name":"Bonvicino","op_id":"641","minint_elettorale":"1010270230","minint_finloc":"1010270230","prov_name":"Cuneo","prov_istat_code":"004","prov_istat_code_num":4,"prov_acr":"CN","prov_iso_3166_2":"IT-CN","reg_name":"Piemonte","reg_istat_code":"01","reg_istat_code_num":1,"reg_iso_3166_2":"IT-21","opdm_id":"510","com_catasto_code":"A979","com_istat_code":"004023","com_istat_code_num":4023}},
{"type":"Feature","geometry":{"type":"Polygon","coordinates":[[[8.094623483110512,44.645000175391694],[8.090235170318698,44.6480486156525],[8.090090079424005,44.64818451869429],[8.089958804992255,44.648307481671864],[8.089030480303016,44.64920481564912],[8.088892282983771,44.649569497788136],[8.088876870447542,44.64968679848829],[8.089340833779959,44.65077820308881],[8.089730887289077,44.65103788120547],[8.092641866888101,44.65224486172885],[8.095062745357257,44.65309990865849],[8.095624204505068,44.65325428510686],[8.097978030043555,44.6530355963122],[8.099010565587474,44.65284444799169],[8.10639219124671,44.65085890206869],[8.107273441250063,44.65057321871402],[8.107589252086587,44.65043613890009],[8.108811681177759,44.64982452463052],[8.109120207865613,44.64957036695795],[8.111853098720577,44.645405890184186],[8.114790616065504,44.64204792932128],[8.115471351068415,44.64190467736628],[8.115593702380359,44.64187965640028],[8.116260683935973,44.64187478015751],[8.117148823571442,44.641904141281],[8.120755973416566,44.642265072347854],[8.121203875431902,44.6424305599912],[8.122431321514012,44.63989680799822],[8.12382731305535,44.63757140018901],[8.13313652895156,44.6309176443302],[8.140927635980667,44.62528696849587],[8.151367989614352,44.62126442753486],[8.1491647832108,44.61560800668202],[8.144857716168225,44.612555518551666],[8.133970503879354,44.610281363902544],[8.124624144953327,44.61276680075141],[8.115963864952864,44.61644960724787],[8.115715305410202,44.61673576166476],[8.115687337889101,44.61764480471955],[8.115691448851551,44.6179238515317],[8.115697447980766,44.61832878431925],[8.115720882361217,44.61917096465946],[8.115738237498597,44.61937816495845],[8.116544972718781,44.62049711286943],[8.11783883664045,44.62021363099365],[8.118034944716465,44.620399698968725],[8.118810605917162,44.62140947293365],[8.119002215291536,44.6216855151967],[8.112407141123544,44.63193773329655],[8.107334760807241,44.636093318489934],[8.104411793277842,44.63661957712137],[8.10391493719944,44.636773224026385],[8.10354436000503,44.63694137372534],[8.099130513440038,44.6407686636401],[8.094623483110512,44.645000175391694]]]},"properties":{"name":"Borgomale","op_id":"643","minint_elettorale":"1010270240","minint_finloc":"1010270240","prov_name":"Cuneo","prov_istat_code":"004","prov_istat_code_num":4,"prov_acr":"CN","prov_iso_3166_2":"IT-CN","reg_name":"Piemonte","reg_istat_code":"01","reg_istat_code_num":1,"reg_iso_3166_2":"IT-21","opdm_id":"511","com_catasto_code":"B018","com_istat_code":"004024","com_istat_code_num":4024}},
{"type":"Feature","geometry":{"type":"Polygon","coordinates":[[[7.524026505881485,44.34730332032549],[7.523957825216108,44.34684318545432],[7.5237382676732585,44.345593456381856],[7.523545908008398,44.3449472683803],[7.522433083321311,44.34348792978099],[7.51892939722827,44.33931897825525],[7.513288046939322,44.33426612818952],[7.507929446911821,44.33210432876573],[7.504697093913819,44.32819532702046],[7.5028505591445835,44.3259519512413],[7.494200469579491,44.324739850157904],[7.476418101080668,44.32032009158058],[7.471698238337398,44.31864761409921],[7.462478307454278,44.314607605879935],[7.46209400931011,44.31440886930743],[7.46183043396304,44.31422117095135],[7.461791253605594,44.3141932176083],[7.461656430131503,44.31407437519108],[7.460663270848209,44.31294463651663],[7.459845171903425,44.311938790537724],[7.458994993159811,44.3104238425742],[7.458663023499363,44.30980915537129],[7.458189218100584,44.308424247092354],[7.458087827851607,44.30761621222681],[7.4580450639305775,44.306944939251295],[7.457252920803141,44.303378347953625],[7.455096828366549,44.29981981730166],[7.454700816187152,44.299444431047036],[7.45453799823094,44.299290094163865],[7.45365057637004,44.29865237295245],[7.452697331833945,44.29822532778579],[7.452696605270287,44.29825231959628],[7.452449567757589,44.30154295267733],[7.449787087647401,44.304949991078225],[7.446537711967619,44.3046237687209],[7.442913746045148,44.30457891442267],[7.440299850927798,44.30454774797837],[7.42973492023783,44.30540679576095],[7.429140669153177,44.30572721801004],[7.423641276817407,44.30870790264121],[7.423364636545575,44.3089426759055],[7.4219290825961215,44.310345289717745],[7.421586601640683,44.31068267077345],[7.421426417076905,44.310928041789616],[7.420993755566646,44.31193936623539],[7.420722650973301,44.31262434599042],[7.420615963884061,44.31290646549221],[7.420576056735399,44.313049949606935],[7.420571831647901,44.313207441493915],[7.420622393612808,44.313338682302735],[7.420753537143014,44.31348904690148],[7.421231851880684,44.31381526241632],[7.422363196412519,44.315010277519235],[7.42324703044332,44.316026288245524],[7.423334217395984,44.31613551895796],[7.423647026865276,44.31658547915515],[7.4238260396169915,44.31684306308379],[7.424112762981764,44.317378207678175],[7.424363015433274,44.31813484593104],[7.424331665706863,44.31830128701443],[7.422430435814067,44.318904918621456],[7.421594197429367,44.31914105836236],[7.420721562175542,44.31928193562787],[7.421780086614119,44.32423432636462],[7.424479021306988,44.324136853665706],[7.435271093295002,44.32544659668901],[7.439317825736759,44.33065609707405],[7.454842999756832,44.33580283871378],[7.464579057353353,44.34006437641171],[7.464782710762376,44.34448751567062],[7.467347326399133,44.34419336083912],[7.4806751919326615,44.346289050842394],[7.484608694800739,44.348434479291946],[7.48727159732806,44.35324515807168],[7.489887106462006,44.355778702267635],[7.493993539558024,44.35506772200968],[7.494205274831943,44.35503584848432],[7.495078741561375,44.35490646639377],[7.497173531318778,44.35461154659973],[7.498938236336529,44.35448012585982],[7.507083587317395,44.353907212616974],[7.50895584527534,44.35380113821658],[7.519175205260383,44.35115968864139],[7.524026505881485,44.34730332032549]]]},"properties":{"name":"Borgo San Dalmazzo","op_id":"642","minint_elettorale":"1010270250","minint_finloc":"1010270250","prov_name":"Cuneo","prov_istat_code":"004","prov_istat_code_num":4,"prov_acr":"CN","prov_iso_3166_2":"IT-CN","reg_name":"Piemonte","reg_istat_code":"01","reg_istat_code_num":1,"reg_iso_3166_2":"IT-21","opdm_id":"512","com_catasto_code":"B033","com_istat_code":"004025","com_istat_code_num":4025}},
{"type":"Feature","geometry":{"type":"Polygon","coordinates":[[[8.133970503879354,44.610281363902544],[8.144857716168225,44.612555518551666],[8.14634817122016,44.61227434277591],[8.14872938066987,44.61068490765252],[8.151861508699552,44.607440319820135],[8.15311067602134,44.605977687283904],[8.153791256397836,44.60515902079614],[8.155798340981056,44.60261270298643],[8.160239294562729,44.597477989793084],[8.158002084024165,44.59600313034042],[8.154635769651183,44.5933022249368],[8.147798654556425,44.58723103239512],[8.142645200222107,44.58360495752931],[8.140779454159022,44.58295175600084],[8.138161871741975,44.58523218534479],[8.135150580266867,44.58744654598038],[8.131996317216627,44.58938637429924],[8.126578060866631,44.59053215372827],[8.126927835879503,44.59083642114692],[8.127607879791524,44.59166983073651],[8.127845941308998,44.59212628982184],[8.12830913939428,44.59389331239126],[8.128102713836453,44.59570222274195],[8.127778217239637,44.59736716286574],[8.127367509678699,44.598199112479996],[8.125944123776543,44.59936323886761],[8.125436545967402,44.59967894063272],[8.12558509788113,44.60098543972426],[8.127723968109239,44.60392181965927],[8.128606983116208,44.60495611742718],[8.128881181979967,44.605264298213825],[8.130398464631469,44.6069278033332],[8.130781990820036,44.607326842605715],[8.132559879878817,44.60900581625491],[8.133460670674374,44.60984538241254],[8.133970503879354,44.610281363902544]]]},"properties":{"name":"Bosia","op_id":"644","minint_elettorale":"1010270260","minint_finloc":"1010270260","prov_name":"Cuneo","prov_istat_code":"004","prov_istat_code_num":4,"prov_acr":"CN","prov_iso_3166_2":"IT-CN","reg_name":"Piemonte","reg_istat_code":"01","reg_istat_code_num":1,"reg_iso_3166_2":"IT-21","opdm_id":"513","com_catasto_code":"B079","com_istat_code":"004026","com_istat_code_num":4026}},
{"type":"Feature","geometry":{"type":"Polygon","coordinates":[[[8.039977855158298,44.503889619258125],[8.03896629853603,44.50647836772169],[8.033766518797254,44.51225018971966],[8.032905186173648,44.514002908439814],[8.033113003769417,44.51547659131761],[8.034700337196247,44.51515240800387],[8.03675780112607,44.515444368404445],[8.037372811825183,44.515751132565754],[8.03751371001701,44.51619397576448],[8.037534625981836,44.51626565753656],[8.038487813229997,44.5250107075147],[8.033063942604874,44.53722882490573],[8.029241255314911,44.543351750472524],[8.025397645926859,44.54914366070456],[8.02391241871717,44.5506298840853],[8.01918696442421,44.55081021984995],[8.016816509738101,44.549907338565454],[8.016191184144528,44.54949683293704],[8.014718471771669,44.55255850174818],[8.02744460992083,44.55457613554355],[8.029705004672035,44.554671879437294],[8.032391178560918,44.55464517282863],[8.033729104453295,44.554587836076685],[8.03989372632184,44.55368220244474],[8.042116475486688,44.553313763134476],[8.044231473025201,44.55279583118514],[8.051309338175232,44.549416305014255],[8.06287190707856,44.54719319024885],[8.067541768985718,44.546520219537264],[8.07431111374089,44.544460062778036],[8.083490615075394,44.5415281632356],[8.077470840907942,44.53682854018655],[8.078001121888192,44.53542843934056],[8.07699023856478,44.532841028168576],[8.074317731982834,44.529263380471185],[8.072575669972572,44.526971597580356],[8.059469688560942,44.511861855279875],[8.059078282820469,44.51170081971514],[8.05855992773744,44.51145178493026],[8.05850633538204,44.51142603571156],[8.055738616221282,44.50900398600724],[8.054431624605213,44.50685054997],[8.054234818976155,44.50652482730524],[8.054101559788771,44.50608708894198],[8.05405819895879,44.50587516128464],[8.054100992725482,44.50524534117203],[8.051751851804887,44.50428956849623],[8.039977855158298,44.503889619258125]]]},"properties":{"name":"Bossolasco","op_id":"645","minint_elettorale":"1010270270","minint_finloc":"1010270270","prov_name":"Cuneo","prov_istat_code":"004","prov_istat_code_num":4,"prov_acr":"CN","prov_iso_3166_2":"IT-CN","reg_name":"Piemonte","reg_istat_code":"01","reg_istat_code_num":1,"reg_iso_3166_2":"IT-21","opdm_id":"514","com_catasto_code":"B084","com_istat_code":"004027","com_istat_code_num":4027}},
{"type":"Feature","geometry":{"type":"Polygon","coordinates":[[[7.5028505591445835,44.3259519512413],[7.504697093913819,44.32819532702046],[7.507929446911821,44.33210432876573],[7.513288046939322,44.33426612818952],[7.51892939722827,44.33931897825525],[7.522433083321311,44.34348792978099],[7.523545908008398,44.3449472683803],[7.5237382676732585,44.345593456381856],[7.523957825216108,44.34684318545432],[7.524026505881485,44.34730332032549],[7.524329012141638,44.348369608916514],[7.529405863359044,44.3523062926589],[7.533756276318959,44.35557171806637],[7.535589671039954,44.35670966602213],[7.536604172633644,44.35691366104548],[7.539166608590279,44.35668089271775],[7.551636913392662,44.35973863755049],[7.557914449050523,44.36070489289073],[7.572230510048782,44.36139378405695],[7.578179099152903,44.36085896067476],[7.578213658234461,44.36081537408376],[7.578217726314656,44.36075245773854],[7.578224859725685,44.36058060968216],[7.578238851706514,44.36022149901297],[7.578234324877139,44.36017290456444],[7.5782088473040465,44.359938386623725],[7.578127172823652,44.359720456327956],[7.577989494038952,44.35950261638874],[7.577748139824593,44.358896783786776],[7.577006901065585,44.356663385860124],[7.577095258032954,44.35534557841264],[7.577197356233061,44.35438355295275],[7.577424499967897,44.35337356728405],[7.577486868065944,44.3531132461217],[7.5775628397579515,44.35280722015382],[7.577768537145469,44.35265311829078],[7.578222777633299,44.35237241049527],[7.581312356475975,44.33957309860891],[7.582120477701716,44.33517425391298],[7.582902633902109,44.329404109993845],[7.582918646344846,44.329210748604694],[7.582907650596659,44.32896752612108],[7.582845744522964,44.32833205474351],[7.582791817788628,44.32806580658486],[7.582581712983446,44.32717191344068],[7.582523672029641,44.32705864843378],[7.582232535537103,44.326730933854705],[7.581802115416018,44.326311457048604],[7.581501007054872,44.326055655439674],[7.579549984967345,44.31525665153975],[7.581179508723804,44.30733018375107],[7.581281172259345,44.30689929956377],[7.583217224087949,44.30283603449176],[7.584440990172792,44.30042942699923],[7.585135612964241,44.29910560027305],[7.58609033246339,44.297537420335466],[7.587044003490274,44.29672994919426],[7.589192749506779,44.295563638099246],[7.591508401266053,44.290880648973385],[7.593771109413749,44.284488001287265],[7.59434875568804,44.282798062313745],[7.594429988482522,44.282380427513644],[7.594403105115609,44.282227039513],[7.594028898457,44.28175879384181],[7.593445346022284,44.28115290871198],[7.593247057230902,44.280961401866364],[7.589347420732052,44.278680591452435],[7.588497542929458,44.27819293503267],[7.588286327770881,44.2730316278742],[7.5915780974035405,44.26551430405827],[7.6005254474782005,44.26178905124521],[7.6012260717929,44.260028540870785],[7.6021541597863,44.25720848219504],[7.602074380521183,44.25588405944163],[7.600947901196081,44.25422723167642],[7.600500457271655,44.253024363379055],[7.600017896809218,44.25156895781801],[7.598860083978002,44.247413399214324],[7.59867026976249,44.246605306142456],[7.598660957513504,44.24612353349264],[7.599528894168985,44.24388794164946],[7.599660190513564,44.2436329664239],[7.599767110985876,44.24353072872713],[7.60028013107103,44.24305535934088],[7.599993543610747,44.2427952607456],[7.59671224818594,44.241084942378194],[7.596304818746667,44.24087287635947],[7.594400275223022,44.239895131640814],[7.592680645411201,44.23928876791217],[7.589979044330391,44.23868825218221],[7.588228598572411,44.24250938977803],[7.588498126484598,44.24322546452033],[7.588571673536773,44.243536979487104],[7.588577408960776,44.24382064636635],[7.588548182344814,44.24399583380554],[7.586543809662262,44.24517745064977],[7.580196054101755,44.244473000632425],[7.57809835495798,44.244338876871055],[7.5775438704485305,44.24431847505563],[7.577163177839875,44.24434524376548],[7.576225526891424,44.24445508287281],[7.57604336656136,44.244511337113344],[7.571402293251255,44.24746466160024],[7.567881148698284,44.2500091272485],[7.56516654646015,44.25242836855362],[7.556413849938446,44.262356355967334],[7.553575720494033,44.26483677747227],[7.550975413936608,44.26999431327874],[7.549674823416443,44.27164304072134],[7.5487550903991565,44.27315286191562],[7.545858926357045,44.27999875904141],[7.548728834427054,44.286323791776084],[7.549152083006778,44.297002119135314],[7.54304834658585,44.3010972534192],[7.531345680149147,44.3057369093772],[7.520858558016339,44.31110680928821],[7.519492962356627,44.31341634348088],[7.517263489515292,44.315638151668225],[7.512131320745079,44.321004614561616],[7.512100760511208,44.32114377255374],[7.511275210267581,44.32274901710903],[7.511190115577935,44.322905459849125],[7.508460833259872,44.32740937972971],[7.508369278267437,44.3274107731873],[7.507917065930059,44.32741466012993],[7.507577869368573,44.3274168937285],[7.507278096734121,44.32741884396807],[7.506737831251508,44.3273802717103],[7.5062805168646785,44.32728425753371],[7.505697545170131,44.327137093988235],[7.505142913714158,44.32695427145845],[7.5028505591445835,44.3259519512413]]]},"properties":{"name":"Boves","op_id":"646","minint_elettorale":"1010270280","minint_finloc":"1010270280","prov_name":"Cuneo","prov_istat_code":"004","prov_istat_code_num":4,"prov_acr":"CN","prov_iso_3166_2":"IT-CN","reg_name":"Piemonte","reg_istat_code":"01","reg_istat_code_num":1,"reg_iso_3166_2":"IT-21","opdm_id":"515","com_catasto_code":"B101","com_istat_code":"004028","com_istat_code_num":4028}},
{"type":"Feature","geometry":{"type":"Polygon","coordinates":[[[7.843015018720417,44.73406578989831],[7.846688985666968,44.7327583707089],[7.858702987574616,44.72604741453801],[7.859992909514692,44.72526138562011],[7.860456180909603,44.724919417608135],[7.860717947513257,44.724620074718594],[7.860748838675848,44.72458473453095],[7.862122016031655,44.72289700072278],[7.863203864876865,44.721494149758065],[7.8658792277200895,44.717933612026364],[7.867636721535965,44.71385517720141],[7.869229374696591,44.71029686639324],[7.874821510219326,44.70327174303079],[7.875347977388802,44.70275030459088],[7.876695480013417,44.70164727731383],[7.881590127575577,44.698459018012336],[7.882846389682568,44.69786807856466],[7.895381006184715,44.69594203553285],[7.901279621758315,44.69503569719257],[7.901757912749583,44.694997529485406],[7.904803436279729,44.69475446512921],[7.91068879542039,44.69439214263239],[7.914862371810624,44.68566810708935],[7.91412161364473,44.68561606265489],[7.911282493960678,44.68314488788475],[7.903783323322253,44.68259601661857],[7.90276867283556,44.68286984605915],[7.902000852021199,44.68295699035917],[7.900789437378127,44.682814803854825],[7.899086543079921,44.68215923219396],[7.897168287800336,44.6811144572002],[7.895475392820667,44.6799998167731],[7.894805774695407,44.679817785659864],[7.894407425374326,44.679615880221526],[7.8933586534877245,44.67886753003068],[7.8926232851232845,44.67822573295975],[7.890105482803702,44.67569863748832],[7.889964806428268,44.675508220237745],[7.888546699657726,44.67127985552298],[7.889338275538299,44.67067996719407],[7.889893054882229,44.66991607543508],[7.890207179374081,44.66870419782426],[7.8901927858380105,44.66816747352341],[7.889793474583678,44.66676526880719],[7.889495914515275,44.66624474017677],[7.887135606248766,44.666820044634115],[7.886157557094572,44.667058454984854],[7.882089292127342,44.668225020769285],[7.87910764908094,44.66929407146612],[7.867080461093994,44.67651681969021],[7.861333170565676,44.680375668443965],[7.860674105213847,44.68035484038703],[7.859043660205903,44.68030329383372],[7.845735913257806,44.67893389387579],[7.833332149178471,44.68191601923348],[7.815633522170567,44.685946923858076],[7.808707210014089,44.6862934675454],[7.792981789554525,44.684725978037015],[7.783838477657503,44.68228182253492],[7.783602983378938,44.68204076133339],[7.783321801178544,44.681763920728805],[7.783287424878956,44.68173145548071],[7.782542790247098,44.68109322278477],[7.78177166160256,44.68054036042835],[7.78124331954361,44.68025348483793],[7.781171277827972,44.680214368370414],[7.781079592469635,44.680183387408675],[7.780964935164512,44.680144644133115],[7.780755584029803,44.68011021284728],[7.780672182623134,44.680096497500074],[7.774536754859818,44.68310960681455],[7.771536526343554,44.6846302807523],[7.770039040780037,44.68566346280754],[7.769930595286951,44.68573828213359],[7.769859372872682,44.685917569174535],[7.7698482703259355,44.686367562262234],[7.769752397057262,44.68707771066899],[7.769654936506731,44.68776984601963],[7.769324667560412,44.68984582476573],[7.769073805774781,44.691278560254155],[7.757891499529339,44.69430870655374],[7.75626463756458,44.694537246483],[7.758340722830609,44.699363892841895],[7.7613212616162945,44.7066611195161],[7.76175846983085,44.71052334348013],[7.76185983924793,44.712689504607994],[7.761864995685529,44.71326120928907],[7.76151607256802,44.71454474703926],[7.76141530708878,44.714903741990675],[7.760401132080286,44.71727835144979],[7.7596631504350215,44.718861163728675],[7.759750729080874,44.7206147926643],[7.762944091802439,44.7224237254688],[7.765687485317691,44.7239568196818],[7.7682235845146375,44.727134968284176],[7.774169749499431,44.733113440775384],[7.779861722490436,44.739881059891715],[7.800496623656654,44.745330001722245],[7.806331646419067,44.74666045597539],[7.81039509940288,44.7475355679378],[7.811136298623825,44.747466775582986],[7.819782506878699,44.74639519182046],[7.822090214157856,44.74591039095758],[7.822807545431028,44.74555770383636],[7.8262971863059105,44.74373915597317],[7.82656019044662,44.743597813808826],[7.82750786787943,44.742929464282504],[7.827557221534039,44.74289004305849],[7.8277732882713655,44.74271455019209],[7.8279985592020935,44.742446802932726],[7.828159506299218,44.74216069388876],[7.830947697336877,44.7399876008778],[7.832273320274031,44.738954543914765],[7.8345736822923495,44.737450334952776],[7.839251233893071,44.73502234627782],[7.840538657756031,44.734549307047196],[7.842379526396893,44.73416736832764],[7.843015018720417,44.73406578989831]]]},"properties":{"name":"Bra","op_id":"647","minint_elettorale":"1010270290","minint_finloc":"1010270290","prov_name":"Cuneo","prov_istat_code":"004","prov_istat_code_num":4,"prov_acr":"CN","prov_iso_3166_2":"IT-CN","reg_name":"Piemonte","reg_istat_code":"01","reg_istat_code_num":1,"reg_iso_3166_2":"IT-21","opdm_id":"516","com_catasto_code":"B111","com_istat_code":"004029","com_istat_code_num":4029}},
{"type":"Feature","geometry":{"type":"Polygon","coordinates":[[[7.89604067791826,44.408447865791736],[7.894934262146716,44.40438592402803],[7.887624900028291,44.39968755101409],[7.8864831301701255,44.39945135552805],[7.884978901949022,44.39887849825362],[7.884822359314562,44.39871041818456],[7.884685131142474,44.398560545699354],[7.88488832857221,44.39823391355883],[7.887442211663538,44.396020023230264],[7.888813317495969,44.39485816610401],[7.890884035463082,44.393741410009746],[7.882649266313057,44.38641839389709],[7.881732545926778,44.386472440787855],[7.8791665958509425,44.38723953942207],[7.87777584771488,44.38766700351805],[7.877272634652763,44.38790514037233],[7.876709002957835,44.38824620731508],[7.8759933236081965,44.38872153011271],[7.875700795347104,44.38891599066681],[7.874198092418907,44.38994100042367],[7.871972942516483,44.39084633037063],[7.864980297725397,44.393284335609074],[7.863016951513243,44.393867996661506],[7.856089984222519,44.394388498628096],[7.855530441065832,44.39436939763791],[7.855342526669397,44.398553788056866],[7.859912115896884,44.406918054898654],[7.8595454564543585,44.41027692707097],[7.859623482103934,44.413248615640555],[7.8597335875606165,44.41404645969963],[7.860300964245047,44.415046925962656],[7.86053570331762,44.415409372662985],[7.86064533559881,44.41545959747893],[7.861080703592173,44.41562187720653],[7.862548283376638,44.415645500429235],[7.865938273471493,44.41549465418197],[7.867686995144785,44.414251623863436],[7.871270835034651,44.41140622490405],[7.879430402724774,44.41107694407625],[7.886972439332579,44.41126773762523],[7.891303680557684,44.408771094011165],[7.89604067791826,44.408447865791736]]]},"properties":{"name":"Briaglia","op_id":"648","minint_elettorale":"1010270300","minint_finloc":"1010270300","prov_name":"Cuneo","prov_istat_code":"004","prov_istat_code_num":4,"prov_acr":"CN","prov_iso_3166_2":"IT-CN","reg_name":"Piemonte","reg_istat_code":"01","reg_istat_code_num":1,"reg_iso_3166_2":"IT-21","opdm_id":"517","com_catasto_code":"B167","com_istat_code":"004030","com_istat_code_num":4030}},
{"type":"Feature","geometry":{"type":"MultiPolygon","coordinates":[[[[7.756648443288768,44.16469246962064],[7.753689575133991,44.16222938101779],[7.74653344517671,44.154453396078765],[7.745106419678752,44.14900885080552],[7.746732721598504,44.14404935563219],[7.746454726391937,44.14037794729477],[7.746023890594166,44.135357169011485],[7.745251412559988,44.134326304099226],[7.744554857846111,44.13357139166498],[7.738518512163293,44.12886826396961],[7.738296675144775,44.128719658083824],[7.738024557883219,44.12853869686168],[7.737368939573128,44.128121400370866],[7.736679863873989,44.12793525372518],[7.734186153755336,44.12749707537198],[7.733025133311847,44.127402970298675],[7.732184030659006,44.127582706990374],[7.731883135406414,44.127657853615325],[7.731849469910799,44.12766639847916],[7.731291768181018,44.12780687915421],[7.730492374328913,44.127788998102325],[7.728845335482495,44.127698650253],[7.728020000501621,44.127357516212015],[7.727927540628925,44.12731929873229],[7.7263024023107425,44.126238816345555],[7.725615770798338,44.12571562903216],[7.725546639414027,44.1256629522808],[7.72535510130704,44.12551700278984],[7.7246352627023676,44.12469868549182],[7.724447246585896,44.12433131205893],[7.724227459837234,44.123901850041335],[7.723518421667457,44.122003261382524],[7.7233412694023835,44.121524112342144],[7.7231656721769575,44.120972958005694],[7.723123580355362,44.120817194112554],[7.723468128715446,44.11619564341346],[7.723227075056208,44.11520259772512],[7.721962359641497,44.112964672969014],[7.7200281220134,44.10994495010094],[7.718787952260758,44.1089677060677],[7.718015970637964,44.10357513500933],[7.724648650259215,44.0948172315496],[7.7318244368311495,44.08449839743577],[7.73201723252005,44.08425757629394],[7.732050006562413,44.08423142355057],[7.7324961150879155,44.08388013341535],[7.732763041704014,44.083722233716095],[7.7328920244464,44.08364593447214],[7.733355351384654,44.08344781156432],[7.733673150780893,44.083312484173334],[7.73923860176074,44.083491080208965],[7.742484208792271,44.08388147857581],[7.747919399109019,44.08458591563381],[7.753754835418001,44.08500085358182],[7.754890256333174,44.08504924715248],[7.7560152865549306,44.08500749224787],[7.757127628113901,44.084965577402535],[7.757690475744136,44.08488166494727],[7.7577809561936215,44.08486280830973],[7.757863224444847,44.08484566296584],[7.758142100938564,44.0847875400556],[7.758605054505653,44.08463580369017],[7.758809290345935,44.08456875152005],[7.759117488461672,44.08441779120961],[7.759363736547915,44.084296628964445],[7.759088405396502,44.08388400152117],[7.758455329140444,44.08358451893219],[7.757934061582289,44.08342579531582],[7.757150532528413,44.08322820484826],[7.754014157929956,44.082534286319095],[7.7489120011121715,44.079554977319226],[7.742548728498379,44.07770459639582],[7.740081231535876,44.0773241518831],[7.738978967114301,44.07688884094579],[7.737892293209705,44.076372652763226],[7.737701273826902,44.076224735272554],[7.736712814708365,44.07545929196088],[7.735644785725621,44.0745921654269],[7.73452143589135,44.07358940491699],[7.734480550696597,44.07355290630415],[7.730556781625752,44.06848555116289],[7.729722919948607,44.06717981809695],[7.729292203719941,44.06568048333582],[7.729169391420339,44.065132863503216],[7.728981800787943,44.06429614335163],[7.728974468287861,44.06426343729442],[7.723247706423274,44.06061601503036],[7.714329718480684,44.06155888102362],[7.713782729872126,44.06421045061363],[7.713356598446979,44.07350599929979],[7.715322013389895,44.079038110309774],[7.718242278078054,44.081996977131936],[7.713246739370159,44.08782892104922],[7.71283794591046,44.08824746048845],[7.711619819560333,44.08916052912291],[7.709220668361095,44.09093461728541],[7.707222553513105,44.09207342998764],[7.705687152201789,44.092888101074706],[7.704048404142107,44.093342935800266],[7.69645352987427,44.099738838452765],[7.694010581151501,44.10406847932401],[7.690427865641063,44.10852005066752],[7.68830502210474,44.1101522829],[7.684171903767948,44.112832709050274],[7.681292525109797,44.11442008291075],[7.671303683673507,44.1217769571217],[7.6674498103948165,44.129807911294634],[7.6721413856264835,44.13741617289719],[7.6730301692254015,44.137921683611346],[7.673706491447351,44.138442717188234],[7.674304855870025,44.13902586537637],[7.676437206235926,44.14150845385671],[7.678748418999445,44.146630985281185],[7.677851688485702,44.14759293882766],[7.675681087027112,44.14965653412505],[7.672455399903711,44.151869864780345],[7.670680920220162,44.15300162642223],[7.6718504638553675,44.15828204600302],[7.672332603541092,44.15964713088039],[7.672601004566657,44.15994734809423],[7.6739305942622735,44.16088124927598],[7.674007835418256,44.16092946758934],[7.674695493295895,44.16135814264301],[7.675437010374471,44.16175389496072],[7.6763663859859825,44.16207076209272],[7.681505846360841,44.167194446885254],[7.684645244835607,44.173915447034695],[7.686339981049716,44.17414642847204],[7.692210510616576,44.17429041587893],[7.6942848824136965,44.17375628079944],[7.694922521807743,44.173182554243596],[7.698387466480108,44.17272188860425],[7.699358848612653,44.17268847083385],[7.701688343636595,44.172713955218676],[7.701856591378638,44.172742676193714],[7.702504740658292,44.17285477345439],[7.702865539570689,44.1729624212026],[7.702998289244218,44.17305846188289],[7.703082644897705,44.17312660132594],[7.703115053261217,44.17315447216215],[7.703334041163437,44.17336386906705],[7.703380324963338,44.17342741932803],[7.708953864499305,44.17242819082688],[7.709430354342837,44.1723570557691],[7.712040865946241,44.17244502633185],[7.717289946431411,44.17334589537741],[7.721272462388991,44.17402993016931],[7.733859489837141,44.17597510439311],[7.735223299980574,44.176124512068164],[7.7368989177978245,44.17563417748227],[7.747931677734546,44.17220938461074],[7.748431636306938,44.17204379180244],[7.748737351704526,44.171876089861655],[7.7494384675775745,44.17140210274897],[7.751913979047054,44.169718579688585],[7.754039210505869,44.168233761727905],[7.756648443288768,44.16469246962064]]],[[[7.673415960819247,44.17729229164671],[7.672077920361249,44.17662400768974],[7.670900324619021,44.17612414878066],[7.670019851361946,44.17578079320225],[7.669505796057226,44.17565251300049],[7.669186787375717,44.17557302517226],[7.664599106003204,44.17597744427936],[7.657279618000718,44.177225284729765],[7.644989113417356,44.17812448777932],[7.636643162390945,44.17719688455084],[7.636032830438343,44.17708156910436],[7.635748588731274,44.17680492161357],[7.6352742564710985,44.17634325454104],[7.6325586186497,44.17359634053513],[7.630436898478923,44.176055435930344],[7.630248328708689,44.17631460468691],[7.630151992433037,44.176660069836586],[7.629698321019925,44.17871674928272],[7.6296620551267145,44.183735109410996],[7.6298679926644395,44.18814458638011],[7.628711296205077,44.19172292350529],[7.625161428579335,44.195947691626074],[7.633059797013943,44.19380783971095],[7.633319880935713,44.193538258999524],[7.633644740807928,44.193313891123466],[7.636344296548063,44.19231398728456],[7.63647966350693,44.19226715929672],[7.636632217823072,44.192214387166295],[7.636922959750747,44.19211381433124],[7.638450721736921,44.192131657118544],[7.63950796855316,44.19214448015118],[7.639886166797072,44.19214913916687],[7.65332492853459,44.192493904650846],[7.661590717256877,44.18887633749379],[7.661384048604511,44.18769451171137],[7.661392786935057,44.187532560315],[7.661856453450142,44.186309080848005],[7.6632906997099255,44.18416062860678],[7.6634651478231115,44.18401861248753],[7.6715704059458565,44.17788149036937],[7.673415960819247,44.17729229164671]]]]},"properties":{"name":"Briga Alta","op_id":"649","minint_elettorale":"1010270310","minint_finloc":"1010270310","prov_name":"Cuneo","prov_istat_code":"004","prov_istat_code_num":4,"prov_acr":"CN","prov_iso_3166_2":"IT-CN","reg_name":"Piemonte","reg_istat_code":"01","reg_istat_code_num":1,"reg_iso_3166_2":"IT-21","opdm_id":"518","com_catasto_code":"B175","com_istat_code":"004031","com_istat_code_num":4031}},
{"type":"Feature","geometry":{"type":"Polygon","coordinates":[[[7.424609029839688,44.58385167742113],[7.4170615648623075,44.58367524523558],[7.406752154065683,44.58356336225909],[7.4056884757587795,44.5835792536288],[7.405515176625883,44.58358210115292],[7.404225365463847,44.583676624181486],[7.397990307927529,44.584713923260516],[7.396052785567467,44.585407625644685],[7.390873301086596,44.58913377119536],[7.38783266434831,44.590954043614076],[7.38300209812058,44.59420797736143],[7.37582352085669,44.59943560949772],[7.375480717581944,44.599750256886566],[7.374986052656262,44.599923252759346],[7.374381146006183,44.600067688403],[7.3732050165936895,44.60033451650991],[7.370378142812822,44.60082985563584],[7.369093642827701,44.60102755781167],[7.36785668322674,44.60115843062773],[7.3674253532284375,44.601192769207955],[7.366744775898641,44.601169539676626],[7.364687499875454,44.60089702080552],[7.363172029129948,44.60068175406328],[7.36253522038405,44.60058711314029],[7.361973327659787,44.60050251981741],[7.361500485304028,44.60037419992428],[7.360820395223624,44.600179903503864],[7.359670625981095,44.59946569856191],[7.359325045648553,44.599208663308],[7.3591498659035395,44.599696769865474],[7.358683789448634,44.60120249512745],[7.359151066316401,44.60179436288474],[7.363823325142539,44.606132482411496],[7.365629873426116,44.60662256267219],[7.368209644482173,44.606947537957474],[7.369970787612751,44.607044709636206],[7.375569928295683,44.606777907616014],[7.3794207023618315,44.606758157086325],[7.381137756787948,44.60688400034495],[7.384025712407997,44.60791517804473],[7.386486272690598,44.608967252143515],[7.389122651012664,44.61020179443073],[7.391418361643218,44.61128294297014],[7.398049562970941,44.61468459643834],[7.3997891979647905,44.61457392834065],[7.400376490333179,44.614442624361054],[7.4028382314783885,44.61373439290706],[7.403298790930319,44.613585539521765],[7.4043608579843205,44.61259885332892],[7.40475629795283,44.61210925447071],[7.404729775246856,44.61181180989255],[7.406385614408606,44.610943689151554],[7.409596073557174,44.60928698690497],[7.411463842754717,44.608439741543016],[7.413159762496691,44.60809788560106],[7.415333793474074,44.608052413129776],[7.4182044349416865,44.60822275107896],[7.419843888127926,44.607732358187256],[7.422218271189457,44.60531198983724],[7.422321797994086,44.60518288587654],[7.422540575400849,44.60488433558243],[7.4226735918223685,44.60456658708103],[7.422884024273268,44.60405183738133],[7.423072301314686,44.603352247080146],[7.423672558532126,44.6004932709277],[7.423714838501327,44.60025528006836],[7.423765672509106,44.5997878649297],[7.423859364121136,44.59874037140289],[7.42400369604179,44.596082143133415],[7.4240300575344085,44.59448007292205],[7.423784308567912,44.59272120083879],[7.423515983369832,44.59115556842353],[7.4231303399124675,44.589853899206815],[7.423534411158047,44.58715423183873],[7.423676401286419,44.58624245273828],[7.424126242602111,44.58479025591255],[7.424230058516372,44.584517105179444],[7.424427044584752,44.58413271915716],[7.424575415462625,44.583903554357256],[7.424609029839688,44.58385167742113]]]},"properties":{"name":"Brondello","op_id":"650","minint_elettorale":"1010270320","minint_finloc":"1010270320","prov_name":"Cuneo","prov_istat_code":"004","prov_istat_code_num":4,"prov_acr":"CN","prov_iso_3166_2":"IT-CN","reg_name":"Piemonte","reg_istat_code":"01","reg_istat_code_num":1,"reg_iso_3166_2":"IT-21","opdm_id":"519","com_catasto_code":"B200","com_istat_code":"004032","com_istat_code_num":4032}},
{"type":"Feature","geometry":{"type":"Polygon","coordinates":[[[7.3210889759404605,44.60336559663817],[7.325257387816211,44.60213487681149],[7.3282226049183485,44.60083727728757],[7.336492606874329,44.59779350592785],[7.337741496718921,44.59750562175926],[7.3387148203141495,44.597326236262106],[7.340292199878872,44.59720062803327],[7.341050184026572,44.59714412644757],[7.341655121485498,44.597152914091524],[7.347637600360704,44.59734766717217],[7.350106415115649,44.59154529106284],[7.350858948519209,44.590439857801144],[7.351104556319492,44.59017783966001],[7.3517341250953505,44.58950722958927],[7.352725264118055,44.58848175909383],[7.353772754499927,44.587538104157105],[7.354847095318308,44.58677036109435],[7.358310340745159,44.58479466244479],[7.374725520161428,44.57997914280979],[7.382878102639413,44.57764171443014],[7.384266957665623,44.57744980706981],[7.382555683857612,44.5769812020959],[7.382243813931987,44.57686751470824],[7.381313019867907,44.576368195241066],[7.381255548497396,44.57616930663056],[7.380983373620038,44.57508516904336],[7.380417880555237,44.572772548962256],[7.380206654042535,44.569932534391654],[7.380085759970502,44.567702095851395],[7.379047997219178,44.56389759916583],[7.375552934497542,44.55932573030389],[7.372095472868628,44.55688182112048],[7.368583876205901,44.55278056880485],[7.367088760090993,44.55041854695291],[7.365077611609969,44.54625761981621],[7.364782104441867,44.53680524632152],[7.365161228049789,44.53562684176248],[7.3644078681117495,44.53580061705626],[7.364325066694347,44.53582194376082],[7.360410495710633,44.5394116885023],[7.360149850055436,44.539732169357755],[7.360079883110187,44.54006323586257],[7.360016701836322,44.54223295519802],[7.359316486624544,44.54496414905052],[7.353942383650968,44.54786663111534],[7.349505651080738,44.55025577565267],[7.341620086621991,44.55395856861238],[7.349364756075786,44.56188946665676],[7.3430082116986926,44.56544791299711],[7.328527253324192,44.573577627801384],[7.328419041466373,44.57381011957846],[7.327883853956107,44.574328919217194],[7.326469063433579,44.57533897046206],[7.321124001544037,44.57657034637644],[7.307790378444419,44.579240803268824],[7.297923647687652,44.58074608236295],[7.293388150451121,44.58150210631068],[7.292764196053384,44.58170433694188],[7.2908433184377355,44.58241380004519],[7.290255181392723,44.582684055785684],[7.288607127296863,44.58353247069338],[7.281402101073473,44.58790761156926],[7.2791070370981235,44.58931793352658],[7.26495522339985,44.59038660561004],[7.2645052934228405,44.59038426704631],[7.263940033982641,44.590447687520324],[7.262618987252284,44.59061214766122],[7.2590881387058035,44.591409104899654],[7.258743976356482,44.591529891010595],[7.258545556836521,44.59160033522406],[7.258488899874125,44.59162052703447],[7.258143013158298,44.59179978602264],[7.2582651863441825,44.59207173312331],[7.258489887492402,44.592444250822524],[7.263628923771479,44.596623127318345],[7.267277648960847,44.600306549221195],[7.271988270961085,44.60908328480282],[7.273165279602217,44.611837815133185],[7.273326400697025,44.61242090637279],[7.273240042331401,44.61494927489327],[7.276384143226141,44.61439363986095],[7.284511179796844,44.61131115779539],[7.2889590771417225,44.60872670501286],[7.294371178843672,44.60534479911344],[7.2989207375533,44.60203772443489],[7.2990479138682325,44.60196931589534],[7.2994723915534525,44.601744592304826],[7.301863822135024,44.600673474761145],[7.302981829113003,44.60037017786884],[7.306777965491944,44.5996838396482],[7.308708869212555,44.599361361996486],[7.309740964830594,44.59923711559799],[7.31054888490262,44.59922176284605],[7.311687886966264,44.59922989416329],[7.312646580392768,44.59928329785552],[7.313207193137795,44.59934048465453],[7.314698839184377,44.59988655763113],[7.3198779405180465,44.60208745688413],[7.3210889759404605,44.60336559663817]]]},"properties":{"name":"Brossasco","op_id":"651","minint_elettorale":"1010270330","minint_finloc":"1010270330","prov_name":"Cuneo","prov_istat_code":"004","prov_istat_code_num":4,"prov_acr":"CN","prov_iso_3166_2":"IT-CN","reg_name":"Piemonte","reg_istat_code":"01","reg_istat_code_num":1,"reg_iso_3166_2":"IT-21","opdm_id":"520","com_catasto_code":"B204","com_istat_code":"004033","com_istat_code_num":4033}},
{"type":"Feature","geometry":{"type":"Polygon","coordinates":[[[7.341620086621991,44.55395856861238],[7.349505651080738,44.55025577565267],[7.353942383650968,44.54786663111534],[7.359316486624544,44.54496414905052],[7.360016701836322,44.54223295519802],[7.360079883110187,44.54006323586257],[7.360149850055436,44.539732169357755],[7.360410495710633,44.5394116885023],[7.364325066694347,44.53582194376082],[7.3644078681117495,44.53580061705626],[7.365161228049789,44.53562684176248],[7.365546296496704,44.53476810405695],[7.365630760914065,44.53412563894516],[7.365808047736864,44.53262475291243],[7.3658392616109944,44.53223344511527],[7.365899501607335,44.53147823804622],[7.362646717160295,44.52744352612863],[7.359992066943695,44.52383141287031],[7.3585540555448805,44.52179387970049],[7.35730108210715,44.51922842955133],[7.357244048100927,44.51907456268001],[7.357105518341032,44.51863146007743],[7.356889305416868,44.51781810043365],[7.356852144344948,44.51739920390488],[7.358351882922143,44.51726297044917],[7.360190352656876,44.51711384712133],[7.3616074117552035,44.51701715186288],[7.362679660764019,44.51694701882681],[7.367409081357052,44.51705974267402],[7.370394795430509,44.5174219838844],[7.373947731604914,44.517918263508186],[7.377821960976251,44.51805457841574],[7.377935419817988,44.51805629914245],[7.378036044903963,44.51805758808591],[7.378084325286595,44.51805812083507],[7.378206538616648,44.51804317484869],[7.378475738901047,44.518009667733914],[7.378780852311051,44.51789695975401],[7.380961374655371,44.516910604244316],[7.382008923857317,44.516397911318634],[7.382891685844348,44.51589817238401],[7.383621041512775,44.515442630346904],[7.384483637115612,44.51486290766707],[7.385742782063165,44.51383191245392],[7.400251182236424,44.51359946773562],[7.409605535564144,44.51595648700219],[7.418865839248918,44.51662254018859],[7.421376729284453,44.51682783257286],[7.423486209382961,44.51719507183588],[7.4302104904075295,44.518669604199104],[7.435402538257095,44.52025328493083],[7.437670433811544,44.52108557152994],[7.440347740104372,44.52213946416354],[7.4427672883883975,44.523423839933805],[7.444506152174941,44.52497797947192],[7.448031007522382,44.529446189809185],[7.450513200108324,44.53276131648626],[7.45102595152035,44.53585166383071],[7.453143056558892,44.54075971554972],[7.4537854383756565,44.54121853756949],[7.45629489750928,44.54247682916079],[7.460832376209722,44.54464468178331],[7.4635390942451725,44.544636127722875],[7.46584473414325,44.54408197051349],[7.469230076552036,44.5431551011173],[7.469262908387569,44.54313884503616],[7.469317671551395,44.54311191777654],[7.469767604051808,44.54289337850039],[7.470313469557701,44.54264753578219],[7.470694291100874,44.542526599489165],[7.4720983175383,44.542194312510354],[7.475190158538835,44.541488439284116],[7.47706303811758,44.54110831292154],[7.477216320627418,44.541119888209856],[7.477753886656661,44.54116306257274],[7.478010978719436,44.5411962089597],[7.478431293801063,44.541251402179824],[7.481967199529528,44.54178578597799],[7.485737467409001,44.54329426484879],[7.4867815106078694,44.54399228980836],[7.487302154880993,44.54441400698668],[7.488547956622203,44.54626630970369],[7.488789382277703,44.546665628061824],[7.489280452480221,44.548121525768956],[7.490255166414593,44.5503490336363],[7.490714343532413,44.55109331026601],[7.491031321113937,44.55149362126726],[7.4921426120135655,44.55282263421151],[7.492607558671119,44.55285577163945],[7.496119040905585,44.552902073437636],[7.497201426282448,44.55291632352434],[7.498170553237151,44.552929073803725],[7.501292080674892,44.55296107363022],[7.501581681904789,44.552960372048624],[7.501682475818242,44.55295719336392],[7.507913826867606,44.55200350765294],[7.510563898354605,44.55134490055878],[7.513435203211977,44.55040103480897],[7.513804562409477,44.54903163732638],[7.51498119631588,44.54410126062625],[7.515311376220262,44.54111895207641],[7.514248621124259,44.534985939013275],[7.514165663659536,44.534341033463996],[7.513988241874944,44.53242568144686],[7.515804600076612,44.52896983192317],[7.518739479879472,44.52796813799614],[7.51913655288751,44.527896773911785],[7.519510346394894,44.52784310376414],[7.519603051131144,44.52783080712415],[7.5204162652208275,44.52778696034124],[7.521905804537601,44.527779606674436],[7.52783457990939,44.5278204343397],[7.527792814171385,44.523565947173886],[7.528653504156497,44.50892971499382],[7.518592717123102,44.501903795183644],[7.5122229581168805,44.49080630873426],[7.509583821592729,44.482942892142006],[7.504272790382913,44.479048602193224],[7.504428525260066,44.4774301825389],[7.508045036712501,44.47331420316104],[7.508302469895062,44.47304702344652],[7.5095475834420595,44.47175763233709],[7.509970127317225,44.47135828877135],[7.510284888638496,44.47118685353869],[7.510545025267893,44.47104619551623],[7.510678549543167,44.47100215378492],[7.510325138180948,44.47075918482291],[7.50412859971777,44.46672604650139],[7.502122104433617,44.46542090536934],[7.500161998743949,44.464175799150354],[7.498847039609045,44.464030388624714],[7.493719394271523,44.46379174957929],[7.492632123015492,44.46383355971115],[7.489403216994383,44.46380889914984],[7.487304316140243,44.4637766114668],[7.4849605795336185,44.463736099132966],[7.48489577605206,44.46373476759981],[7.477541484970703,44.46347129179842],[7.475514008320015,44.463385373965394],[7.474540110985971,44.46332849252379],[7.470273196430412,44.46338822351563],[7.464827027878567,44.46339611035822],[7.460030081411388,44.46330453665189],[7.4482243328321385,44.462892656396185],[7.446618952472022,44.462753787676554],[7.444273862078231,44.462541801204594],[7.44275691457445,44.462391506139674],[7.442720876017978,44.46563558527278],[7.445127034859648,44.47108721086059],[7.4452843338403385,44.47136017625855],[7.445376279323061,44.47168552336768],[7.445444640287462,44.47242467784858],[7.4455492595330535,44.47464074596587],[7.445523514158524,44.47513552467378],[7.445328272422939,44.476807359969435],[7.445286497236985,44.47695983872596],[7.443750449172836,44.48081902779953],[7.443518421022801,44.48094296163698],[7.442897091087467,44.481274809372195],[7.44125531196632,44.48101906605276],[7.439964818154711,44.48037125602535],[7.439068587287888,44.47955777853175],[7.435176930732721,44.48496008721948],[7.431478014545138,44.49018485867464],[7.423913332262262,44.49834503517196],[7.421326618628239,44.50041719869984],[7.420905066266116,44.500752223823554],[7.42070115893732,44.50090743819372],[7.4206610593620255,44.50093790402197],[7.420027482909332,44.50110919860497],[7.419292931535992,44.50128582949754],[7.412585553153545,44.50223446265635],[7.398828134431658,44.49989962414534],[7.3860827461889675,44.49927955712809],[7.379245330016399,44.501370349136515],[7.373106145964347,44.50613991759763],[7.368328247041099,44.50920463984657],[7.3678418214715125,44.50950378388853],[7.367531928031156,44.509474952245895],[7.365995355439628,44.50932882600753],[7.365243752840102,44.509255048709235],[7.357009517841874,44.507944022119105],[7.348261235931704,44.50810139540913],[7.332616295664534,44.509476457428875],[7.32653690730694,44.51309207865597],[7.3232030959833585,44.51534619012774],[7.3238062576562655,44.5183725310141],[7.326478574543074,44.52787339316179],[7.327605900092499,44.530257577842605],[7.32795037173105,44.530973838074395],[7.328225566066913,44.53147299800038],[7.332809375756879,44.53711258226834],[7.334595445388746,44.53848002390187],[7.337744742016151,44.541487753238336],[7.339836785658533,44.544056893347864],[7.340427565087414,44.54940398744126],[7.3398932166158035,44.5504855222746],[7.339759461540668,44.55076264109475],[7.338937942448012,44.55417361987062],[7.338931224221171,44.554207555446],[7.3388965978473255,44.55454015842819],[7.338946422673393,44.55455887759147],[7.340094999720366,44.554458561611376],[7.341620086621991,44.55395856861238]]]},"properties":{"name":"Busca","op_id":"652","minint_elettorale":"1010270340","minint_finloc":"1010270340","prov_name":"Cuneo","prov_istat_code":"004","prov_istat_code_num":4,"prov_acr":"CN","prov_iso_3166_2":"IT-CN","reg_name":"Piemonte","reg_istat_code":"01","reg_istat_code_num":1,"reg_iso_3166_2":"IT-21","opdm_id":"521","com_catasto_code":"B285","com_istat_code":"004034","com_istat_code_num":4034}},
{"type":"Feature","geometry":{"type":"Polygon","coordinates":[[[8.165105918570898,44.44378025260442],[8.163846798295657,44.441734977964664],[8.163112791943576,44.440232662761325],[8.16194887973649,44.43635745188668],[8.162274632093478,44.435495617938216],[8.162971373567984,44.43446542484427],[8.16331710491406,44.43266291854924],[8.163247735844083,44.43119496114106],[8.16185481526338,44.42549496667733],[8.160284835389154,44.421985872310465],[8.159171684735336,44.42030315614771],[8.15881772481365,44.41999485981809],[8.15870719869244,44.41989912356938],[8.157729658013968,44.41922121296666],[8.149052689858989,44.40350107446678],[8.146979147678442,44.399389339872265],[8.148142889463573,44.39534226199809],[8.145579137988923,44.39355405749399],[8.13235002454231,44.39396297919466],[8.128798741403273,44.39412171221987],[8.127083018071751,44.39626807354897],[8.123349151515908,44.39841797427455],[8.11924487715981,44.39988103238936],[8.118415113422438,44.400116099849065],[8.11802373594758,44.40006067086089],[8.116515174645182,44.39955654478752],[8.117589712653254,44.40136722526754],[8.117835570228673,44.40265484842948],[8.117741497308156,44.403983692929636],[8.11723034014368,44.4077789171833],[8.116906868041273,44.408180701731766],[8.1165660516184,44.40860203858852],[8.108501091671474,44.417848227298094],[8.10785095011105,44.41850034247684],[8.106422417197015,44.4192003871062],[8.102723580853349,44.42070635852675],[8.10368872259585,44.421717756504044],[8.105354002750298,44.42468819221425],[8.105476506803777,44.425246235934615],[8.105417875364232,44.425715018613],[8.104952603506604,44.42826365478975],[8.103739414097847,44.43209380861456],[8.103281172695201,44.432576766355005],[8.103052103239886,44.43276152277297],[8.103009063699902,44.43279617234675],[8.102944327883565,44.432847317482675],[8.102116605530036,44.43335426463857],[8.101836756541589,44.43342476906429],[8.101560482567463,44.43344059180973],[8.100432183020754,44.43343371098412],[8.10327138906057,44.43643396020551],[8.107048713479047,44.441698629068775],[8.110057632921952,44.445831861215055],[8.110442975224489,44.44512813488404],[8.110801817605822,44.44464479425506],[8.11184347501313,44.443839780521266],[8.112969300398783,44.443108688165985],[8.114952514885713,44.44188168999603],[8.115440080150423,44.441660402887024],[8.116118865242669,44.44159364199351],[8.11724866746022,44.441566371449824],[8.11730479646057,44.441578476475904],[8.118330973637846,44.441799799447146],[8.118912868560203,44.44209237736896],[8.120974525417875,44.443638709217545],[8.138522256024322,44.45257256634389],[8.147253711458998,44.45979524550522],[8.14967738928645,44.46166337776485],[8.15053873283858,44.46153925546545],[8.15101835823855,44.461322254130884],[8.152292436424904,44.46049543069172],[8.153472409651258,44.459634445684834],[8.155922805773374,44.45715433788768],[8.16153505124062,44.45007904169409],[8.164782193929618,44.44444872387949],[8.165105918570898,44.44378025260442]]]},"properties":{"name":"Camerana","op_id":"653","minint_elettorale":"1010270350","minint_finloc":"1010270350","prov_name":"Cuneo","prov_istat_code":"004","prov_istat_code_num":4,"prov_acr":"CN","prov_iso_3166_2":"IT-CN","reg_name":"Piemonte","reg_istat_code":"01","reg_istat_code_num":1,"reg_iso_3166_2":"IT-21","opdm_id":"522","com_catasto_code":"B467","com_istat_code":"004035","com_istat_code_num":4035}},
{"type":"Feature","geometry":{"type":"Polygon","coordinates":[[[8.019689905946738,44.816768049781125],[8.020375864798483,44.817018679318096],[8.020738866685997,44.81713864138456],[8.021449279485989,44.81726488092698],[8.022136132611438,44.81731771467048],[8.022208587512923,44.81732319357453],[8.02248578577572,44.81733906283788],[8.022937056168953,44.81732043281411],[8.023633412305317,44.81715983444067],[8.025041392917327,44.8165387918604],[8.026288726322178,44.81593777572151],[8.027663412377478,44.815011211271404],[8.028538463397284,44.813743855659034],[8.02998507814233,44.81219029626854],[8.031502202490874,44.810680019955086],[8.037571043623092,44.80556097913622],[8.044135192417684,44.80023867253431],[8.04535382367874,44.799318509930636],[8.044556170963096,44.7953694911535],[8.04353811465099,44.794269272510675],[8.039199015389757,44.7903124086543],[8.03909039852564,44.7902394614581],[8.032512787863187,44.788536544298225],[8.028706397374654,44.78759253674643],[8.026434272100397,44.78712554350735],[8.02608216654181,44.78708653571704],[8.024712030642911,44.787119861684225],[8.015084539273012,44.7836434075405],[8.010921056438246,44.77999303209948],[8.007761837574837,44.77839245112435],[8.002159381661505,44.78058712261564],[7.998363648547079,44.783718493508815],[7.995539603744245,44.784089795563816],[7.9931707473471425,44.78342977793683],[7.991988143667411,44.78498345647209],[7.988377749920443,44.78810905748489],[7.986195758410537,44.78900346857578],[7.983060492581231,44.78860646205334],[7.980960713400857,44.78820966802977],[7.978091275528415,44.7871937838848],[7.976957613663522,44.78676503313898],[7.976780348283967,44.78666892128297],[7.977103095334924,44.78778808735021],[7.976482965485375,44.78845382141663],[7.975931481231362,44.78854275173533],[7.972758748334419,44.78861779928552],[7.971242757686079,44.78847401107865],[7.968829234844117,44.788442844266676],[7.965300779984691,44.789698246734076],[7.9626536969392845,44.791321620554676],[7.960008943420618,44.79348958844407],[7.962010163715551,44.79451604642743],[7.97021557961376,44.7982935691384],[7.97268817989668,44.79920821947807],[7.97503847162779,44.799958497159004],[7.976767278620238,44.80090460849645],[7.979010318900055,44.80239766846235],[7.979402802755905,44.802747753656604],[7.979643443627292,44.8035105994449],[7.980642179962325,44.807762732041574],[7.981286188329745,44.81299755989271],[7.981184248724988,44.817149100900046],[7.981267553096705,44.81743674436261],[7.981431261213224,44.818001993840184],[7.981691123419821,44.81871097896954],[7.984245127002126,44.82319429345848],[7.986201027394224,44.82471003566587],[7.987454156237296,44.82548146377273],[7.9894659384726285,44.825494712005074],[7.99251772689985,44.821902818971736],[7.993556016287696,44.81988650753373],[7.999140774991305,44.81725837419271],[8.004787309400282,44.815074523479566],[8.006641776781441,44.814793381191656],[8.009384296830179,44.81444339077725],[8.011420566253276,44.814326192660964],[8.012810658489194,44.81429095741784],[8.012904249323883,44.814289780561126],[8.014365555430054,44.814423149280195],[8.014777230712316,44.81446324443201],[8.016433713584718,44.81471157401563],[8.017235168795928,44.814925515965754],[8.018326298240124,44.81532199239702],[8.01853085714634,44.81544620143524],[8.018880311857043,44.81566525644276],[8.01925385505343,44.815906092846625],[8.019580049194884,44.81643552927907],[8.019689905946738,44.816768049781125]]]},"properties":{"name":"Canale","op_id":"655","minint_elettorale":"1010270370","minint_finloc":"1010270370","prov_name":"Cuneo","prov_istat_code":"004","prov_istat_code_num":4,"prov_acr":"CN","prov_iso_3166_2":"IT-CN","reg_name":"Piemonte","reg_istat_code":"01","reg_istat_code_num":1,"reg_iso_3166_2":"IT-21","opdm_id":"524","com_catasto_code":"B573","com_istat_code":"004037","com_istat_code_num":4037}},
{"type":"Feature","geometry":{"type":"Polygon","coordinates":[[[6.992924670786146,44.405008197888954],[6.992443138658962,44.4055043882711],[6.991494222343226,44.40670756065563],[6.991450082300353,44.407629560824745],[7.007985522580347,44.41544098368396],[7.008709191947746,44.415282545271964],[7.010750858879791,44.41505706074613],[7.014410266704771,44.415359320914696],[7.01488712669121,44.41545314412888],[7.015271830069077,44.415567876570584],[7.015696929541526,44.415741811340155],[7.016021084410571,44.4159995200866],[7.018023329540326,44.417614254988905],[7.019578977458127,44.42230913277159],[7.019693570298617,44.42269373707018],[7.019801421939913,44.42306920268732],[7.019806286576459,44.42534245651838],[7.019726872113275,44.42596227410657],[7.02360205255118,44.43392924426064],[7.025244614532512,44.436163316263304],[7.026605926305642,44.43764526975315],[7.027035562284931,44.437981285307714],[7.028892709872085,44.438594048828044],[7.034543199349601,44.44064502984444],[7.044451074848869,44.44937664867645],[7.044635529391914,44.44978043288221],[7.0450076977045715,44.45084461294977],[7.047316899300796,44.45120372196998],[7.056198239247313,44.45372745960031],[7.058039726339755,44.4551091836001],[7.058145005123309,44.45538104478473],[7.058050052791784,44.45585207159673],[7.057709691186876,44.45641575215557],[7.05761808866478,44.45656470967015],[7.057396362555281,44.45689563999961],[7.057171689039001,44.45722804117906],[7.056843622670209,44.457451763772845],[7.056813585249733,44.45754036829395],[7.056601665677325,44.45817710128899],[7.0566763828922205,44.45845596974215],[7.0567542305248905,44.45873787400119],[7.057047603128889,44.45939541687264],[7.0570870036980935,44.459475794359356],[7.058539594474976,44.46083382166113],[7.063472461989723,44.46380041607429],[7.065370714338182,44.46472688398828],[7.066151901050644,44.464947187506226],[7.075906491257237,44.46721410466134],[7.076742791733137,44.467205682834845],[7.0769678669177845,44.46721812278744],[7.07715439008234,44.46734186573257],[7.077686233287955,44.467829303198485],[7.078984862747209,44.469061955741616],[7.07944542422844,44.469501820029606],[7.079924358153424,44.469969019201024],[7.081557457721498,44.47168388893551],[7.082896895624813,44.473608831220254],[7.088112542671745,44.483281704987085],[7.0927616387628065,44.48958023063754],[7.09291558767644,44.489454800841266],[7.092944579403029,44.489430255951554],[7.093178005715298,44.489177581172456],[7.093227476049166,44.48907036397667],[7.093736117385138,44.48788602186424],[7.094369007616558,44.48533535637995],[7.095612868906773,44.476578595243375],[7.095132852226498,44.47337466709782],[7.093207148171072,44.46390779706159],[7.091517668808817,44.454728462058554],[7.091934276451863,44.45293937672558],[7.092100655046779,44.45178543003301],[7.092096576136898,44.45123609590784],[7.091665953860159,44.44980647471764],[7.090878137218897,44.44751564232382],[7.0888485636150875,44.441684738225526],[7.086166884021561,44.43878522339857],[7.084137368922833,44.436532039496875],[7.081468583240738,44.42997829711979],[7.0821549215294795,44.41977847699076],[7.082843120425682,44.41647402069762],[7.083772085071181,44.414383862661005],[7.087922056276056,44.40800300531668],[7.090284321538759,44.40670115798808],[7.093800091298906,44.404260159368],[7.095651096986274,44.401033572310055],[7.095805281929213,44.400635515338166],[7.095828957394157,44.400562730298056],[7.0958779777717735,44.40040266207972],[7.095887879562784,44.40026719154856],[7.0959212897884,44.39977115436265],[7.095914506348138,44.39949398832469],[7.095889640402734,44.39903894025759],[7.095858369326072,44.39896311782977],[7.095645229483911,44.398449911166],[7.09488857604352,44.3968534480922],[7.094780486748947,44.39665999001508],[7.094699729230195,44.39651634379403],[7.09045816437887,44.39254281381567],[7.088867451145676,44.39152956160239],[7.08486108192715,44.390958958338544],[7.070640019590403,44.38857257258727],[7.068459442568811,44.38819562759369],[7.067181748334398,44.38785237758807],[7.065867509166473,44.387087402716055],[7.065184570709394,44.38664369250527],[7.062020009635212,44.384577915546146],[7.058396591395773,44.381838062201915],[7.050887698723125,44.3812824844567],[7.050626103744214,44.38132754205067],[7.050461915463525,44.381275215368284],[7.049825672366112,44.38093125709566],[7.049358765583566,44.380662206991225],[7.047586172348411,44.379371517611254],[7.047350913952956,44.37914822718868],[7.047199810865192,44.37900480698753],[7.0466144063113685,44.37830157599305],[7.0464459656719205,44.37804663589773],[7.046423397626127,44.377969826885284],[7.046383627995246,44.37782918905884],[7.046045007616628,44.37485280184589],[7.045804657838548,44.37512552176901],[7.045251067484384,44.375753256329475],[7.042926385919123,44.37797677968234],[7.042452213586869,44.3781897859358],[7.037059216577765,44.37971244706592],[7.036936886801425,44.37970731992016],[7.036784456048269,44.37969945500365],[7.030482496067196,44.3780018529509],[7.024039373767821,44.38156372704433],[7.020206549808226,44.38806032353263],[7.0201489114589375,44.38847794853707],[7.0195992629940145,44.38959375291182],[7.019115159082046,44.39000144077472],[7.010224524558744,44.3970876238475],[7.0026531882739205,44.40071848172648],[6.997534674053525,44.402667920172995],[6.992924670786146,44.405008197888954]]]},"properties":{"name":"Canosio","op_id":"656","minint_elettorale":"1010270380","minint_finloc":"1010270380","prov_name":"Cuneo","prov_istat_code":"004","prov_istat_code_num":4,"prov_acr":"CN","prov_iso_3166_2":"IT-CN","reg_name":"Piemonte","reg_istat_code":"01","reg_istat_code_num":1,"reg_iso_3166_2":"IT-21","opdm_id":"525","com_catasto_code":"B621","com_istat_code":"004038","com_istat_code_num":4038}},
{"type":"Feature","geometry":{"type":"Polygon","coordinates":[[[7.967095741403729,44.133455139752826],[7.968545543154252,44.129722912537375],[7.973680958270564,44.118835610646464],[7.972014475381212,44.11547961478774],[7.971531404279554,44.11309520242624],[7.9646702023455,44.1109082765774],[7.9630879175731755,44.10771712586864],[7.962724172992203,44.10711830724827],[7.962675303307703,44.10703818436906],[7.962341932083044,44.10662915867595],[7.962039799733708,44.10625845563738],[7.961461179745546,44.10579370567162],[7.960560922393369,44.105164388702526],[7.958780340548856,44.10410302055132],[7.958000582620725,44.1036917924429],[7.9562093687179845,44.103006478114814],[7.954246129980453,44.10261478007233],[7.95358803456405,44.102559240223044],[7.953093091881849,44.102671935650214],[7.952569438002406,44.102815112845306],[7.952200021640558,44.10291611745659],[7.949586238232698,44.102638789727116],[7.9470529431600445,44.102364100499685],[7.946117716385742,44.10224747208903],[7.9446864132825965,44.10193715454391],[7.943620273532908,44.10146813970289],[7.94306883948695,44.101078159829854],[7.9427682262622055,44.10086530957349],[7.942367900000837,44.10011656741009],[7.935425190784009,44.10101951128678],[7.92596246682398,44.11030220350017],[7.924992754775169,44.114358035402915],[7.9250109886879745,44.11503499139988],[7.925017128964912,44.11525408538101],[7.9252496274061786,44.116215114597836],[7.925401714333695,44.116788252352535],[7.9255515739202025,44.11731184279877],[7.925754486124238,44.11765159531662],[7.9263034879476555,44.1185118298009],[7.92686448244156,44.11917742085972],[7.928624284316191,44.120298261999466],[7.933949511939943,44.1302911661057],[7.93454101717123,44.13371882393048],[7.934707539280506,44.1343407736742],[7.935490576400782,44.13502864397768],[7.938788467325237,44.13655835884441],[7.939395026962405,44.13680706705384],[7.939561857805294,44.136861536943],[7.939963275324601,44.1369924118289],[7.940574971225196,44.1371061190663],[7.9427892012644215,44.137419234581024],[7.943087457490953,44.13745350584278],[7.944245545887116,44.13744622092842],[7.951073129389909,44.13721651668858],[7.953362850738233,44.13703943274325],[7.956151372962724,44.136646302186975],[7.961955855610726,44.135359153241595],[7.963131043717607,44.13500876968149],[7.9647947757924475,44.13439765025653],[7.967095741403729,44.133455139752826]]]},"properties":{"name":"Caprauna","op_id":"657","minint_elettorale":"1010270390","minint_finloc":"1010270390","prov_name":"Cuneo","prov_istat_code":"004","prov_istat_code_num":4,"prov_acr":"CN","prov_iso_3166_2":"IT-CN","reg_name":"Piemonte","reg_istat_code":"01","reg_istat_code_num":1,"reg_iso_3166_2":"IT-21","opdm_id":"526","com_catasto_code":"B692","com_istat_code":"004039","com_istat_code_num":4039}},
{"type":"Feature","geometry":{"type":"Polygon","coordinates":[[[7.483985139027508,44.4152987438636],[7.479195739873697,44.412115623307656],[7.476448542887838,44.40971352611076],[7.475379960743588,44.40886074457631],[7.473972136021196,44.40797196250467],[7.473362049623277,44.40762511945977],[7.472907818670972,44.40736687878203],[7.470819312998113,44.4062433665424],[7.464194713150303,44.40397001779011],[7.463812833769939,44.4038658523294],[7.463235410855038,44.403781567574846],[7.461677781287477,44.40358500133648],[7.449744107557298,44.40191937665529],[7.4327451705750045,44.39950943657737],[7.432380998768762,44.39943691875938],[7.431895609175189,44.39930421529204],[7.427481720942996,44.398091188510094],[7.425228811153284,44.39742091660441],[7.421813792836018,44.39617639062452],[7.421594364044245,44.39603380449433],[7.420275367031353,44.394917234980255],[7.417489142955769,44.39325275937942],[7.410516468805306,44.39268417119382],[7.40129406250927,44.39246089922942],[7.400046702740208,44.39248479926433],[7.396865599383813,44.39249786167355],[7.395239459558163,44.39248524125987],[7.393754846266216,44.39247214240195],[7.389711208577599,44.392311665534194],[7.389375213004608,44.39225919326377],[7.389328331690185,44.392251298270565],[7.388906323204909,44.39217427252181],[7.388708249731744,44.39208594487232],[7.388972981588322,44.393377066111256],[7.391012653686277,44.39905504843529],[7.395370560794046,44.403969115078496],[7.399219661455057,44.410000682001176],[7.397174587422198,44.41456339598379],[7.397155403747807,44.415035753549844],[7.397589244852995,44.42282017519534],[7.397803804993226,44.42607315587875],[7.397873115931352,44.426690947880424],[7.397885241481687,44.42679902146619],[7.398128643261475,44.428170162970986],[7.398165615787036,44.42837842021538],[7.398630877042874,44.43086519110302],[7.3992090381382205,44.43314195924128],[7.398108086438958,44.43723624426042],[7.400424974674924,44.44091481981196],[7.407797364571566,44.44241881332305],[7.4155848747888795,44.44572204870374],[7.436408234034693,44.45628559266],[7.436904098604395,44.45654445834062],[7.437452256865381,44.45683103928767],[7.437734663104859,44.45697893955203],[7.439379685720978,44.45798272961029],[7.4409253913872,44.45894010559639],[7.441889718650492,44.459547462131574],[7.442433021529395,44.459914973622446],[7.442568135117916,44.46002410002842],[7.442615755364458,44.46013353559384],[7.44275691457445,44.462391506139674],[7.444273862078231,44.462541801204594],[7.446618952472022,44.462753787676554],[7.4482243328321385,44.462892656396185],[7.460030081411388,44.46330453665189],[7.464827027878567,44.46339611035822],[7.470273196430412,44.46338822351563],[7.474540110985971,44.46332849252379],[7.476065939244751,44.457933029544485],[7.484746312819495,44.43430721774254],[7.487298313566637,44.42795511126689],[7.488604560032434,44.42544276829794],[7.483985139027508,44.4152987438636]]]},"properties":{"name":"Caraglio","op_id":"658","minint_elettorale":"1010270400","minint_finloc":"1010270400","prov_name":"Cuneo","prov_istat_code":"004","prov_istat_code_num":4,"prov_acr":"CN","prov_iso_3166_2":"IT-CN","reg_name":"Piemonte","reg_istat_code":"01","reg_istat_code_num":1,"reg_iso_3166_2":"IT-21","opdm_id":"527","com_catasto_code":"B719","com_istat_code":"004040","com_istat_code_num":4040}},
{"type":"Feature","geometry":{"type":"Polygon","coordinates":[[[7.703124093672698,44.814110208843076],[7.704101113709953,44.81520839804605],[7.704838580811743,44.815923290227275],[7.706323595467459,44.817358255997256],[7.711663083816386,44.817187749686816],[7.713283541301713,44.81664194619367],[7.713465242600415,44.81656535753382],[7.721499085702578,44.812893956136975],[7.730013211408847,44.81335263266479],[7.731123519370853,44.813635035842196],[7.731464126252445,44.81371880660494],[7.732354926451261,44.81391070306647],[7.7331682877096535,44.814072770679196],[7.734536710119346,44.81423416421766],[7.739869882101471,44.814816449525104],[7.746700427342724,44.815413856244064],[7.748420111898132,44.8155541109708],[7.748968792784047,44.815584846304716],[7.750104162508701,44.81405692255389],[7.751924892111869,44.81227636135705],[7.755618455411098,44.8121861238773],[7.7577895432150195,44.80802854766655],[7.759073357025845,44.79901312743084],[7.759895742358611,44.79746912950016],[7.759465643460117,44.790647767690864],[7.757456315981355,44.78848997984827],[7.754787151573721,44.787124077303545],[7.754109518588542,44.78321833800233],[7.754989495550335,44.78142340469165],[7.755980736638625,44.77979579218588],[7.756764918247813,44.77885011415578],[7.757241130628181,44.778193632868934],[7.757678642931518,44.777536725789396],[7.75777578627338,44.77718669629034],[7.757924930276485,44.77454168606177],[7.756086921441885,44.771870527500575],[7.747144230967386,44.7618028081901],[7.735981275469013,44.75037301187123],[7.731762474932988,44.74364656067176],[7.72888607263067,44.74148284937423],[7.7250090657700765,44.741937886895926],[7.72421778375593,44.74577260376169],[7.722287943243704,44.748456207763205],[7.720291908149823,44.75105350883947],[7.720032856949,44.757833781826314],[7.721525041248338,44.760425125127966],[7.722267711104722,44.76237790381556],[7.722168964965161,44.7644022919421],[7.721165994823163,44.765331805331805],[7.716260917851565,44.76655505975021],[7.711705186077747,44.76852024483968],[7.701360123847565,44.77409245572386],[7.699810324046837,44.78578223196814],[7.700293010716579,44.78680841592077],[7.704497495076767,44.793820358141645],[7.70632329389254,44.7984996840009],[7.704658500673693,44.81169142729697],[7.703124093672698,44.814110208843076]]]},"properties":{"name":"Caramagna Piemonte","op_id":"659","minint_elettorale":"1010270410","minint_finloc":"1010270410","prov_name":"Cuneo","prov_istat_code":"004","prov_istat_code_num":4,"prov_acr":"CN","prov_iso_3166_2":"IT-CN","reg_name":"Piemonte","reg_istat_code":"01","reg_istat_code_num":1,"reg_iso_3166_2":"IT-21","opdm_id":"528","com_catasto_code":"B720","com_istat_code":"004041","com_istat_code_num":4041}},
{"type":"Feature","geometry":{"type":"Polygon","coordinates":[[[7.460409968639407,44.759164106758114],[7.467798235979337,44.757310007706295],[7.471664658790765,44.757033063096735],[7.479331585265008,44.75968362959023],[7.481220396636407,44.76146365659065],[7.4913944482974,44.76416029772218],[7.493945558710233,44.76510998075323],[7.4978337695317965,44.76717617235148],[7.499309291592494,44.76811379592216],[7.499857268487166,44.767002077251234],[7.5035358858012975,44.761647176192724],[7.503026213582328,44.76080329182785],[7.500912967063414,44.758849097346825],[7.500099110338942,44.75838292823562],[7.498041230529586,44.75699746008996],[7.4996107888323476,44.75008187922956],[7.500232657335908,44.741668468462784],[7.500220301057041,44.73671257210107],[7.500219579424031,44.736496523364075],[7.499239233106352,44.73290974354565],[7.499110707313387,44.73258397618589],[7.497951684969762,44.731497456774996],[7.492927859465584,44.72616045188958],[7.491568031618114,44.72465710981132],[7.489223206463352,44.72023301873814],[7.482295490238887,44.71897084021717],[7.478336843653533,44.71851756087323],[7.47335093583989,44.71675407816511],[7.467260005708092,44.711950774201995],[7.464170453827771,44.7080157838045],[7.463865286709362,44.707980177625174],[7.463586064070748,44.70797641176544],[7.463063383852547,44.70839248162128],[7.462530342230026,44.70885792786191],[7.462010403446247,44.7095125811964],[7.461951916093089,44.70970985945209],[7.461034354896711,44.71296529819521],[7.461771783074893,44.71297520088195],[7.462162662570115,44.71309748304498],[7.462549667496146,44.71338177008388],[7.462763396605349,44.713996800770936],[7.462718463874899,44.714441809063196],[7.46244782029349,44.71473975236629],[7.461782648009875,44.71503686026714],[7.457816975724763,44.716675799463125],[7.450878367313914,44.72057887662814],[7.449413619589216,44.721526737074726],[7.447963065289639,44.722591801771415],[7.447664640763553,44.722904237115316],[7.447482716154087,44.72309839878014],[7.44731420223006,44.7237037608966],[7.44739404128923,44.72423274392822],[7.4474824461640825,44.724416672535774],[7.447498584897807,44.72444873770418],[7.447661016751126,44.724702290213756],[7.447717669694566,44.72478949805947],[7.449221059732542,44.732232306759606],[7.44942744160479,44.73589451001415],[7.448163007258453,44.738107950801435],[7.447811039413567,44.74227314065465],[7.447682050488624,44.74831638463815],[7.445367933290711,44.75363224777865],[7.439760515859198,44.7588670277622],[7.439599395444525,44.760741772237274],[7.439523459433602,44.76203081493154],[7.439722229026933,44.76237603802065],[7.445784518943068,44.76156433643983],[7.449731270444367,44.7597140206833],[7.45112306528418,44.758967697837235],[7.451971871894248,44.75766491075078],[7.4532122126369735,44.75686298741679],[7.457030269207752,44.756306540826216],[7.459794069334283,44.75705313299799],[7.460381832902973,44.75898368725307],[7.460409968639407,44.759164106758114]]]},"properties":{"name":"Cardè","op_id":"660","minint_elettorale":"1010270420","minint_finloc":"1010270420","prov_name":"Cuneo","prov_istat_code":"004","prov_istat_code_num":4,"prov_acr":"CN","prov_iso_3166_2":"IT-CN","reg_name":"Piemonte","reg_istat_code":"01","reg_istat_code_num":1,"reg_iso_3166_2":"IT-21","opdm_id":"529","com_catasto_code":"B755","com_istat_code":"004042","com_istat_code_num":4042}},
{"type":"Feature","geometry":{"type":"Polygon","coordinates":[[[7.88913496563152,44.467429694786624],[7.884507289967561,44.46279321430471],[7.881474270484345,44.466055800747405],[7.879451569555984,44.4650664189476],[7.872647681556708,44.46251541127469],[7.854668769018056,44.45882027961392],[7.851203859645726,44.45835334460324],[7.847585483674172,44.45746612904222],[7.841989663983452,44.45593308822978],[7.841251386170481,44.45564650918088],[7.8394155748351375,44.45730687514193],[7.828875859941934,44.4663505103444],[7.825907218903763,44.46857067520976],[7.823098659288565,44.47064886328959],[7.821445040210333,44.471618272190796],[7.81585145202174,44.474480624328585],[7.811155420376708,44.476759025462655],[7.8077925475840955,44.481359393419154],[7.811859951245086,44.4917422508621],[7.818958395075106,44.491203690324156],[7.819655491150773,44.491503508369966],[7.820450104662747,44.49250199048679],[7.821546566712163,44.494673949066915],[7.822397972870846,44.4968973732124],[7.823619242429108,44.49894905650914],[7.8252505552100695,44.501139981389095],[7.825538367165244,44.501313993481354],[7.826823246446906,44.501556761275296],[7.836684258078022,44.50311157281476],[7.846549516958025,44.50278400211316],[7.848341683153093,44.50431902063655],[7.848939252507437,44.504837292129466],[7.8492539774028955,44.50452626774783],[7.849973342455029,44.503829480421345],[7.851842678070351,44.50258528480405],[7.8587852037957235,44.49854067006565],[7.863432589092144,44.497364676500986],[7.865945691992761,44.4968474683109],[7.870614599453957,44.495907947696615],[7.881080375992791,44.494277971290764],[7.885916239742134,44.49464035037036],[7.889060518757258,44.49824951968656],[7.89786190898323,44.49174039841956],[7.897046038219382,44.489670882630215],[7.895669755011219,44.48514726380713],[7.894366289551747,44.47992211900221],[7.894448339058367,44.479103679496525],[7.89447366069825,44.47907908341811],[7.895448273782161,44.47833011929741],[7.896212080668513,44.477945889340496],[7.896643133170892,44.47772949610662],[7.897185407754417,44.47747519532354],[7.8974613728193495,44.47734578272154],[7.89876468301955,44.476890210601326],[7.899714305960024,44.476372717775305],[7.900405311459093,44.475246950147074],[7.900339587687376,44.47495468485338],[7.89995634530631,44.474029863936494],[7.898638363516222,44.47290982491331],[7.890168241070583,44.46789791874557],[7.88913496563152,44.467429694786624]]]},"properties":{"name":"Carrù","op_id":"661","minint_elettorale":"1010270430","minint_finloc":"1010270430","prov_name":"Cuneo","prov_istat_code":"004","prov_istat_code_num":4,"prov_acr":"CN","prov_iso_3166_2":"IT-CN","reg_name":"Piemonte","reg_istat_code":"01","reg_istat_code_num":1,"reg_iso_3166_2":"IT-21","opdm_id":"530","com_catasto_code":"B841","com_istat_code":"004043","com_istat_code_num":4043}},
{"type":"Feature","geometry":{"type":"Polygon","coordinates":[[[7.296897825139773,44.47580627535148],[7.29574435266773,44.47357443479029],[7.293931501626956,44.47028391449181],[7.2938327872399356,44.47020592300675],[7.293179470286834,44.469746032104574],[7.292844893396367,44.46951146551111],[7.292194356465928,44.469078598746684],[7.29188868980365,44.46892999355354],[7.2916456102471425,44.468818311281645],[7.288187995784327,44.46725129514541],[7.287877712238101,44.46740877342779],[7.287718308990334,44.467490100089286],[7.287223981420469,44.467788764168056],[7.286903751004072,44.46805854856366],[7.286656170146105,44.468288895675485],[7.286243233750921,44.46882735691942],[7.277396928711372,44.47110695479712],[7.269079636747998,44.47200297755234],[7.2686975665275195,44.472181723849516],[7.268260700932262,44.472485695165226],[7.268046423951059,44.47273002069362],[7.26767179891365,44.47318796762002],[7.267053897590033,44.47705873509453],[7.270089778336608,44.483663147449455],[7.276695657565533,44.48526646482203],[7.276626949167804,44.48514390808662],[7.276654152436265,44.485022778213136],[7.276954368621764,44.48470321573574],[7.277338341247846,44.484317802134726],[7.277407421735522,44.484273858002204],[7.277631573150489,44.484137270442915],[7.27968861431905,44.48312847286649],[7.280107524879249,44.482927732050314],[7.280223837644013,44.48288897015076],[7.281062264686991,44.48268105308199],[7.286704443151616,44.48181157509245],[7.287740902886537,44.481777598431485],[7.2890517097201455,44.482292401166276],[7.289232509457032,44.48239863452206],[7.2896007329513,44.483016325921035],[7.2896661419931865,44.48348093041036],[7.289694458473043,44.484395126913164],[7.288962232632146,44.486891565161024],[7.288952064848259,44.48692605863886],[7.2888927282035425,44.487124410957605],[7.2885498652421115,44.48756038392608],[7.288126855766614,44.487954667522075],[7.28785470997126,44.48812921249113],[7.287617819052695,44.48828012328081],[7.286104922617186,44.48878408572596],[7.284233269251924,44.497646031638155],[7.283086137607942,44.50612720343146],[7.280978048681921,44.510862148317685],[7.280692689321223,44.51175829895082],[7.2807110616070005,44.512109676145236],[7.28108551185311,44.51400132726488],[7.281237690003399,44.51468330786118],[7.283536259278148,44.52267614045643],[7.283847136677086,44.52340552517047],[7.284307062650165,44.52432168589477],[7.285366762735939,44.523896477148206],[7.287242610241253,44.51745632755373],[7.292421567822192,44.50642924164291],[7.294746856866693,44.49517476125746],[7.296919022847352,44.48808164899366],[7.299259801450696,44.48133308022998],[7.296897825139773,44.47580627535148]]]},"properties":{"name":"Cartignano","op_id":"662","minint_elettorale":"1010270440","minint_finloc":"1010270440","prov_name":"Cuneo","prov_istat_code":"004","prov_istat_code_num":4,"prov_acr":"CN","prov_iso_3166_2":"IT-CN","reg_name":"Piemonte","reg_istat_code":"01","reg_istat_code_num":1,"reg_iso_3166_2":"IT-21","opdm_id":"531","com_catasto_code":"B845","com_istat_code":"004044","com_istat_code_num":4044}},
{"type":"Feature","geometry":{"type":"Polygon","coordinates":[[[7.617450073728224,44.84552904888619],[7.617843163453776,44.8464918069626],[7.617978518474299,44.8466872013215],[7.618126730778611,44.84686895531822],[7.6183186800533775,44.84705132568463],[7.6184722736999975,44.847161093823054],[7.6188188107502945,44.8473047870257],[7.619371150507243,44.84749149635398],[7.619657312152549,44.84754488917753],[7.6199467925051865,44.84753447814291],[7.620318559678775,44.84747527517832],[7.620388952188541,44.84744213898676],[7.62046443853423,44.8474058523264],[7.620608093169478,44.8473145037856],[7.620707601548448,44.84725099118282],[7.6208492505477246,44.847126787263754],[7.620947832045896,44.8470199530044],[7.620999184739045,44.84690364245736],[7.621018037533122,44.84671908207472],[7.621324424245009,44.84241090895591],[7.620998730320539,44.83932364603455],[7.627366161145658,44.83228431595127],[7.633329219830113,44.83285097451242],[7.639063647869535,44.83577770967458],[7.637816487728956,44.836569608100845],[7.636759627725035,44.8379793393129],[7.636844585156316,44.83818289419155],[7.636953316782838,44.83840024504922],[7.6370455884078705,44.83854537120662],[7.637243735676086,44.838777286885446],[7.638520375158376,44.839971793080615],[7.639844538381058,44.84090567928929],[7.643967754238958,44.84276876685499],[7.644288643481649,44.84262403619328],[7.644634449136706,44.84243009751342],[7.64505304727866,44.84218300592117],[7.646905408288546,44.84057323988186],[7.64783120325841,44.83959632302543],[7.647917337694058,44.83947659967522],[7.652593410647264,44.832941544176585],[7.653301907187198,44.83144655276355],[7.653020309294,44.82944927068255],[7.652354628085186,44.82586515741859],[7.650628667767756,44.822687458114274],[7.651084530846224,44.81998769688255],[7.651363994107302,44.81890627056467],[7.648774344233419,44.817735808781514],[7.641784853821507,44.81333298779263],[7.639273539829938,44.80864134399666],[7.639195177926697,44.8079323719528],[7.639271706757392,44.806911749076264],[7.639462756006238,44.80653572116916],[7.639661350113952,44.806209530832035],[7.639815194031474,44.80622487135966],[7.640378416019002,44.806281071490254],[7.642096404345309,44.80649056139186],[7.6433071783848785,44.805631751567155],[7.644517084954222,44.804520836640776],[7.644578341741144,44.80439084262625],[7.645042258212484,44.80340630279133],[7.646476552306337,44.79955690506336],[7.644770594912054,44.798604948323565],[7.64283306304326,44.79567283587746],[7.643289112392217,44.788819994574126],[7.643146891893428,44.786981869276275],[7.643038977413584,44.78573828462641],[7.642896229002705,44.784260232639646],[7.642766529489929,44.7841146650487],[7.641990405437133,44.78380835141661],[7.64155009022106,44.78366808650208],[7.6412548308229375,44.783592559088426],[7.64112621664877,44.78356851846053],[7.640919481832278,44.78357505395496],[7.640730395718453,44.78358631739481],[7.636398345326255,44.78406088536538],[7.635140720974392,44.78644948421919],[7.629476635955415,44.789226678054455],[7.623233623748064,44.78753569257025],[7.6192635721873065,44.786729754902225],[7.618812459047975,44.78779623726544],[7.61842136014407,44.78884526469267],[7.617317530697398,44.79262689391148],[7.618193623283066,44.79428940331546],[7.621560876571919,44.794622669552474],[7.621542030751619,44.79541415296489],[7.621537411948696,44.79560812763023],[7.620454105667391,44.802337648358666],[7.608794557109623,44.80780957788151],[7.604381853056073,44.80833580678168],[7.598414492747325,44.80994159643389],[7.597582507431994,44.81030497336387],[7.596768218277722,44.82321657965975],[7.59282546985772,44.82826714168409],[7.593508484955796,44.83413098243508],[7.593544679971218,44.834256546729094],[7.593570410224103,44.83434428822823],[7.593701847921174,44.834512781221946],[7.5938907622094405,44.834744320988335],[7.594308591894378,44.83520392655584],[7.5944268452289645,44.835291048723015],[7.596488921284335,44.83669806551598],[7.596808519814329,44.836823806293815],[7.597331719796845,44.836965564217195],[7.597570350351917,44.837017432959385],[7.604339339472802,44.83838773151601],[7.608072673271633,44.836278408562684],[7.609155659144028,44.833613493316726],[7.611894264238121,44.830878663098375],[7.612339166229674,44.83051049581699],[7.612671837741729,44.8302714722888],[7.613110718737741,44.82998873598026],[7.6132256463623555,44.82992711750805],[7.616529259570845,44.82848874850212],[7.616820591999703,44.828514449419885],[7.619315707827514,44.828942448709974],[7.619427311470356,44.82968155180117],[7.619594133211324,44.833356282980866],[7.619601305387942,44.83364907619096],[7.619581338397427,44.83382920140291],[7.619573545592392,44.833896474037836],[7.619513698898605,44.83400363252154],[7.61935492509359,44.83415017033186],[7.61921592802914,44.83425149061293],[7.618960125071529,44.834417189493344],[7.618831043106006,44.8344927650878],[7.6187208513258176,44.834556403518064],[7.618065587963722,44.83485469185483],[7.617947552230552,44.84305422225476],[7.617450073728224,44.84552904888619]]]},"properties":{"name":"Casalgrasso","op_id":"663","minint_elettorale":"1010270450","minint_finloc":"1010270450","prov_name":"Cuneo","prov_istat_code":"004","prov_istat_code_num":4,"prov_acr":"CN","prov_iso_3166_2":"IT-CN","reg_name":"Piemonte","reg_istat_code":"01","reg_istat_code_num":1,"reg_iso_3166_2":"IT-21","opdm_id":"532","com_catasto_code":"B894","com_istat_code":"004045","com_istat_code_num":4045}},
{"type":"Feature","geometry":{"type":"Polygon","coordinates":[[[8.083976763978544,44.73514513796793],[8.083564858328442,44.73492183235069],[8.08074908000061,44.734332027971334],[8.079468483879314,44.73484852821121],[8.075937887933268,44.736395234216594],[8.07563995352883,44.73651980450517],[8.07544999803591,44.73659832811342],[8.07378223983837,44.734977910865105],[8.069311881301358,44.73782228862261],[8.063898437598763,44.741968613838544],[8.054950693019148,44.74657606322999],[8.054681247259182,44.74668625580695],[8.053969611523792,44.74680199209221],[8.049716771700998,44.74743284660394],[8.038606286698986,44.748951248753606],[8.030629187999752,44.749986600542556],[8.027941877611044,44.749284096508454],[8.02540894587573,44.74869985881607],[8.024994513105753,44.7488133584096],[8.023675006559364,44.749175663698445],[8.023003777658342,44.74941297912641],[8.022555136844543,44.74959495482964],[8.022427810194689,44.749646600460466],[8.022047873960176,44.74989091632531],[8.020134147767198,44.751143837980216],[8.019605910652439,44.7516344184915],[8.026389382198815,44.76222958889359],[8.027805851985153,44.76099638309482],[8.031484367925682,44.760832563336955],[8.036665372284466,44.76267683225283],[8.04045167221461,44.76320379879429],[8.043586314207907,44.763482173384695],[8.046530068442108,44.7632907312381],[8.04767575698831,44.76308875004641],[8.048307990927512,44.76285980361705],[8.05069496966584,44.762555741809045],[8.052505235084551,44.762156671481314],[8.056611388152476,44.76041274156154],[8.05735163099221,44.760054253320924],[8.060567637410568,44.75677248793535],[8.06065663885609,44.75597647055788],[8.060718402777475,44.754820193585296],[8.070550753951665,44.75199292536845],[8.07506155366193,44.751093313905955],[8.076190232056579,44.74885296249298],[8.079476542860712,44.74433678820124],[8.081036399671016,44.74250388529577],[8.08433205811454,44.73897447310317],[8.083976763978544,44.73514513796793]]]},"properties":{"name":"Castagnito","op_id":"664","minint_elettorale":"1010270460","minint_finloc":"1010270460","prov_name":"Cuneo","prov_istat_code":"004","prov_istat_code_num":4,"prov_acr":"CN","prov_iso_3166_2":"IT-CN","reg_name":"Piemonte","reg_istat_code":"01","reg_istat_code_num":1,"reg_iso_3166_2":"IT-21","opdm_id":"533","com_catasto_code":"C046","com_istat_code":"004046","com_istat_code_num":4046}},
{"type":"Feature","geometry":{"type":"Polygon","coordinates":[[[7.054046416665945,44.567473847657205],[7.0519058331943745,44.5711778693973],[7.047784766843205,44.57594106283436],[7.046203248667837,44.57930416016041],[7.044547485164001,44.587080922548466],[7.045970239632289,44.593375467574184],[7.046710800866253,44.59829768432583],[7.046558631594785,44.59877347805825],[7.046166010611047,44.599279893764816],[7.05101158050927,44.59871455119584],[7.066563884921027,44.59947865768241],[7.073150684894531,44.601881095990166],[7.074216007132209,44.602614773980015],[7.074414306121905,44.60283416104813],[7.074502472434599,44.60327677213937],[7.07617009604903,44.612293786625976],[7.075862111984493,44.61728942137233],[7.076120244231367,44.618788172119004],[7.076284058872467,44.61942110704526],[7.076532742262884,44.61996542359668],[7.07745378549414,44.62128628576637],[7.083367950086465,44.62676464695522],[7.0886666216061425,44.62978375566788],[7.1039751289535005,44.63426113257323],[7.108933193147295,44.636215484388906],[7.1131361217434135,44.628016716154164],[7.113045555627626,44.6279792140683],[7.1128996167252385,44.62760769537702],[7.112886764250073,44.62711685771554],[7.1129228018155555,44.626892394903955],[7.11358437788722,44.62422511470856],[7.114142276093604,44.62210527754452],[7.116082035647439,44.615489032122746],[7.119495273607151,44.60037175112159],[7.119505398380052,44.5960552581896],[7.119016218121658,44.58766593379594],[7.118401666729998,44.58035932956561],[7.117414781787745,44.57453199292661],[7.11713367972271,44.57309596094789],[7.116302789613398,44.5671001190453],[7.115779313481945,44.55999752908028],[7.115449242834491,44.554461615965025],[7.115450001435985,44.55387943178406],[7.115481332267086,44.55290021390627],[7.113568845928812,44.55377183241946],[7.108832652987644,44.5556740255036],[7.107282749689711,44.55624338808462],[7.105826293509617,44.55676301041305],[7.102864424161709,44.557762605382884],[7.083416063144654,44.564594749155795],[7.067320417641943,44.56640748146776],[7.065387984189993,44.566212864859075],[7.060644068757094,44.566208735721915],[7.054046416665945,44.567473847657205]]]},"properties":{"name":"Casteldelfino","op_id":"665","minint_elettorale":"1010270470","minint_finloc":"1010270470","prov_name":"Cuneo","prov_istat_code":"004","prov_istat_code_num":4,"prov_acr":"CN","prov_iso_3166_2":"IT-CN","reg_name":"Piemonte","reg_istat_code":"01","reg_istat_code_num":1,"reg_iso_3166_2":"IT-21","opdm_id":"534","com_catasto_code":"C081","com_istat_code":"004047","com_istat_code_num":4047}},
{"type":"Feature","geometry":{"type":"Polygon","coordinates":[[[7.677466841499083,44.44063328898757],[7.676914674033999,44.43983464732667],[7.672099206582053,44.43534493923684],[7.668322123178382,44.43302711165493],[7.655902966486448,44.4255675829066],[7.653371669240113,44.42417836022143],[7.652898173878244,44.42388918638219],[7.65172811384464,44.42297511073125],[7.651045378259043,44.42210728387846],[7.650804294056664,44.421784838747804],[7.640379730345419,44.40750890819249],[7.639071245276145,44.405562223510564],[7.637708577518912,44.40336731304011],[7.637507860045143,44.403008663664316],[7.635940462244631,44.40019975404416],[7.6351903907572165,44.398727864880044],[7.629341912588478,44.40686378019912],[7.624845380015705,44.41321966123699],[7.622334490232218,44.415978132727616],[7.617457892169395,44.419918433620744],[7.615743120506528,44.42127057177245],[7.615124912224256,44.42169592600774],[7.615077860232735,44.421726652691945],[7.614798298912604,44.42190918037315],[7.6146792338500315,44.42198688137771],[7.614024627689358,44.42236156062652],[7.612176464855004,44.423356398602486],[7.6050081513554675,44.42668554263985],[7.600870512881689,44.429124152267626],[7.599840442455463,44.42990826026349],[7.596859217135615,44.43314412281892],[7.5974948411824395,44.433586579028045],[7.5978861327309835,44.43385894522357],[7.610630951337719,44.4411448259351],[7.612657378546537,44.442299290668494],[7.613591424372196,44.44275186900266],[7.617733604851066,44.4445307413004],[7.639431427617195,44.4532628433075],[7.642640910655857,44.455529191430976],[7.642726928150477,44.4552916502694],[7.643155674156586,44.45455400492231],[7.645948483495666,44.45131919439227],[7.646032139292035,44.45123319365449],[7.647459157318616,44.44976613094362],[7.657416397925905,44.445661390016745],[7.661951888013276,44.44401312046777],[7.672319712792091,44.440328247084786],[7.673057434372922,44.44033456166667],[7.67448156625778,44.44040962281402],[7.676092372842271,44.44051383782202],[7.677466841499083,44.44063328898757]]]},"properties":{"name":"Castelletto Stura","op_id":"667","minint_elettorale":"1010270490","minint_finloc":"1010270490","prov_name":"Cuneo","prov_istat_code":"004","prov_istat_code_num":4,"prov_acr":"CN","prov_iso_3166_2":"IT-CN","reg_name":"Piemonte","reg_istat_code":"01","reg_istat_code_num":1,"reg_iso_3166_2":"IT-21","opdm_id":"536","com_catasto_code":"C165","com_istat_code":"004049","com_istat_code_num":4049}},
{"type":"Feature","geometry":{"type":"Polygon","coordinates":[[[8.216718843033584,44.495226854537755],[8.22331549244327,44.48566937990667],[8.222859116879967,44.48524920529249],[8.221319735323457,44.483852759555674],[8.21917478405749,44.4824426978085],[8.21825908859343,44.48185079092052],[8.208383180240727,44.47900141446088],[8.201889488966481,44.47832603767787],[8.197940030797035,44.47072014740362],[8.197417875395475,44.46763094359339],[8.195288329752358,44.46946607834383],[8.190484538800856,44.47176832201797],[8.185227561387904,44.47340542987169],[8.177814756966097,44.47663378847948],[8.172103260122483,44.48056719777608],[8.171559616812107,44.48080183614566],[8.171244170482515,44.48093458493195],[8.170071696063133,44.48131318115915],[8.16912687231392,44.48157188574936],[8.16804372710131,44.481775571232866],[8.167049776764387,44.48184034118326],[8.165690459202185,44.48184391541343],[8.162541408202593,44.48158230659181],[8.161601310201709,44.48143897930566],[8.161083556027448,44.481360038808745],[8.161091216489066,44.48129257460975],[8.160690867491933,44.48178029094005],[8.160654519194303,44.48188343905688],[8.160659039331913,44.48279284587591],[8.16070789623728,44.4830317843748],[8.161881144860603,44.48685751978474],[8.16204254613948,44.4871693024483],[8.162587686017302,44.48818158828385],[8.164661107094519,44.50005778418785],[8.164745099068503,44.500368975425665],[8.165193160456047,44.500952937191414],[8.167138341104216,44.50185388659177],[8.169093212747335,44.502322733004526],[8.169818917568088,44.50243155583841],[8.171480633335108,44.50978075467941],[8.17152081265991,44.51132948712427],[8.171533236941569,44.51192375879845],[8.171465890449339,44.51229236759841],[8.171359149084463,44.51247165311577],[8.170910282931255,44.5128432923276],[8.179737195301993,44.517299011826246],[8.18174311114902,44.518803321758604],[8.18193468858936,44.51806648223515],[8.182162736767694,44.51615507597799],[8.182317945180483,44.51368947427382],[8.189567440713384,44.510711782357056],[8.193511627053512,44.510883735391154],[8.194719738563773,44.51086075158309],[8.194941832486268,44.51083532548421],[8.196194649876134,44.51050654359966],[8.197257821731483,44.51022237565724],[8.202926766485415,44.50799248193105],[8.209613728819726,44.50115644840304],[8.212811688839919,44.49784756906357],[8.216718843033584,44.495226854537755]]]},"properties":{"name":"Castelletto Uzzone","op_id":"668","minint_elettorale":"1010270500","minint_finloc":"1010270500","prov_name":"Cuneo","prov_istat_code":"004","prov_istat_code_num":4,"prov_acr":"CN","prov_iso_3166_2":"IT-CN","reg_name":"Piemonte","reg_istat_code":"01","reg_istat_code_num":1,"reg_iso_3166_2":"IT-21","opdm_id":"537","com_catasto_code":"C167","com_istat_code":"004050","com_istat_code_num":4050}},
{"type":"Feature","geometry":{"type":"Polygon","coordinates":[[[8.010921056438246,44.77999303209948],[8.015084539273012,44.7836434075405],[8.024712030642911,44.787119861684225],[8.02608216654181,44.78708653571704],[8.026434272100397,44.78712554350735],[8.028706397374654,44.78759253674643],[8.032512787863187,44.788536544298225],[8.03909039852564,44.7902394614581],[8.039199015389757,44.7903124086543],[8.04353811465099,44.794269272510675],[8.044556170963096,44.7953694911535],[8.044686114623662,44.7933426658167],[8.044619648563131,44.79069096386411],[8.042777412850521,44.78601240221962],[8.0457642202571,44.77917773323784],[8.051580231400292,44.775922378978834],[8.052787509530477,44.7752527178712],[8.05399828763023,44.7747564071593],[8.054317265243357,44.7737260509112],[8.054625228714848,44.77070384958448],[8.05466302847664,44.76596448988629],[8.05379457701305,44.76519660695517],[8.053250712506033,44.764889350634206],[8.05165278599987,44.764202105877274],[8.05083606603769,44.76387122282695],[8.048307990927512,44.76285980361705],[8.04767575698831,44.76308875004641],[8.046530068442108,44.7632907312381],[8.043586314207907,44.763482173384695],[8.04045167221461,44.76320379879429],[8.036665372284466,44.76267683225283],[8.031484367925682,44.760832563336955],[8.027805851985153,44.76099638309482],[8.026389382198815,44.76222958889359],[8.02678256222927,44.762917102714106],[8.0267698638696,44.763155545259075],[8.026637376111909,44.76335698017111],[8.026397046321735,44.76351247059931],[8.024068159739958,44.764608838250126],[8.023219874573224,44.76487166137932],[8.02310446039081,44.76488526322895],[8.022649765003072,44.76493881440699],[8.021522906819182,44.76488415858609],[8.019566766245385,44.765484030248984],[8.017041795393105,44.76730327411365],[8.015998576994162,44.768761632764814],[8.015613049479281,44.77027969257601],[8.015353411087169,44.771804919965824],[8.015882153661078,44.77457156432955],[8.015794086564359,44.77487237063],[8.015642072736332,44.775172644554885],[8.013351631900873,44.77826312667992],[8.013286966892165,44.778342912277544],[8.013169100999741,44.778488336343486],[8.013003852322292,44.77869221657436],[8.012516409628384,44.77908860963573],[8.011377118160164,44.77983944345577],[8.010976556101983,44.77997434966601],[8.010921056438246,44.77999303209948]]]},"properties":{"name":"Castellinaldo d'Alba","op_id":"669","minint_elettorale":"1010270510","minint_finloc":"1010270510","prov_name":"Cuneo","prov_istat_code":"004","prov_istat_code_num":4,"prov_acr":"CN","prov_iso_3166_2":"IT-CN","reg_name":"Piemonte","reg_istat_code":"01","reg_istat_code_num":1,"reg_iso_3166_2":"IT-21","opdm_id":"538","com_catasto_code":"C173","com_istat_code":"004051","com_istat_code_num":4051}},
{"type":"Feature","geometry":{"type":"Polygon","coordinates":[[[8.002149163382189,44.442887402746464],[8.002345054220276,44.44003076310683],[8.00662279903268,44.43364459601642],[8.013749833810495,44.42819670239887],[8.012162241204383,44.42512045159979],[8.00656067613854,44.414749344406964],[8.004725556242729,44.41194228158979],[8.001945177760023,44.411533401613625],[7.995792915412199,44.40908617183195],[7.991978408880787,44.40954197454144],[7.98489844374226,44.41194604088691],[7.9791324408114725,44.411822608500266],[7.9733532050095794,44.41286014217785],[7.9723958431264155,44.41656066784304],[7.972407738708292,44.41686687790324],[7.972399540627703,44.41733492906517],[7.97239331162616,44.41769048070041],[7.972297781387993,44.41792370156584],[7.972125932239137,44.41805269501835],[7.971763829559083,44.41826551036718],[7.971229178636335,44.41846774960466],[7.970713277082346,44.41865215957759],[7.970002788183815,44.41885280823006],[7.969453210195552,44.41898740230232],[7.967896761128839,44.419099394058556],[7.966238744867387,44.41911590856009],[7.964831804732971,44.41900862654444],[7.964285640125936,44.41892714292255],[7.963966972333327,44.41884658535243],[7.963639238905969,44.41876373083728],[7.960968918160446,44.41793825230637],[7.960732036886044,44.41828271802514],[7.960579391886321,44.41866380180356],[7.960503668248611,44.41896030182934],[7.961710688784704,44.42053775819813],[7.962699730913501,44.42165859344849],[7.964195979764823,44.42329266624448],[7.9644965256284666,44.42356996642814],[7.96471547983463,44.42381953581207],[7.964963250988606,44.424974131730956],[7.964886548446244,44.425315540472916],[7.964346358281307,44.42718320299365],[7.964106673628474,44.4275276434416],[7.963596921810113,44.42775708081757],[7.963238345978765,44.42787537223957],[7.962892347259425,44.42794876364006],[7.966406285035281,44.43571845893716],[7.966390889165494,44.43538973219962],[7.966672107483633,44.43462704336729],[7.967424773234894,44.43462935298433],[7.967880580313804,44.43463347307457],[7.968062502375179,44.43464861216337],[7.975174093127873,44.43883139879433],[7.977869753536205,44.44102071350035],[7.979799460688106,44.44298255983748],[7.9914512019784185,44.44543572940506],[8.002149163382189,44.442887402746464]]]},"properties":{"name":"Castellino Tanaro","op_id":"670","minint_elettorale":"1010270520","minint_finloc":"1010270520","prov_name":"Cuneo","prov_istat_code":"004","prov_istat_code_num":4,"prov_acr":"CN","prov_iso_3166_2":"IT-CN","reg_name":"Piemonte","reg_istat_code":"01","reg_istat_code_num":1,"reg_iso_3166_2":"IT-21","opdm_id":"539","com_catasto_code":"C176","com_istat_code":"004052","com_istat_code_num":4052}},
{"type":"Feature","geometry":{"type":"Polygon","coordinates":[[[7.2342962068919485,44.4362115555764],[7.2433038889102885,44.433496650922805],[7.242804901554005,44.43208005684168],[7.242788792425761,44.431661186214974],[7.242795852561426,44.43078352441096],[7.242808528375939,44.430360598900904],[7.242953418198435,44.42998021571996],[7.243853748839741,44.42872018204829],[7.2445455408846415,44.42788007757384],[7.244855574082234,44.4275562524091],[7.247720986386814,44.425880744520335],[7.250495812250501,44.42424880168312],[7.251689943369631,44.423384505043174],[7.2536906982145855,44.420768403160864],[7.253780793677975,44.4205999566607],[7.253890083715717,44.42039376516933],[7.253900768516871,44.42036044011458],[7.254014501229553,44.41999038258102],[7.254074143572446,44.419729403507056],[7.253975365556354,44.41835129889099],[7.253894483930735,44.41769285814295],[7.253749741393829,44.41706946700734],[7.2536343663782965,44.41672559410201],[7.252067533477855,44.412821462543874],[7.249947842462315,44.41019621687171],[7.247643646430771,44.40898146515907],[7.244466687789251,44.40633094829081],[7.243641017194034,44.40538523449372],[7.242910325364443,44.404422065819496],[7.242858588294415,44.404328638332494],[7.242833379369487,44.40428013417492],[7.24265985578479,44.40371032130855],[7.24237027485697,44.40253135568675],[7.241168535266094,44.39497715282367],[7.237245418057753,44.38735897536675],[7.235905357478366,44.383070993826074],[7.235247809870925,44.379639788215236],[7.221730404112052,44.378831409877456],[7.210808829952638,44.377810034243005],[7.205046952691377,44.37608560763459],[7.204117712571112,44.375854928466005],[7.202925228196861,44.37562461313329],[7.201574464125331,44.37541829776617],[7.193150204426596,44.3747871094805],[7.1903957958626945,44.37464798451847],[7.189871803735864,44.37464661322488],[7.188590757245559,44.37492546648137],[7.1795465179841695,44.3769693768727],[7.177725902822291,44.377411502202655],[7.173232668187223,44.37883556221419],[7.171187328281535,44.37957230899913],[7.170620476880565,44.37980255037139],[7.17059290045037,44.379820479684156],[7.170290460312977,44.38002663428768],[7.170042857515461,44.380281463698125],[7.14939768249534,44.38311964953082],[7.128033345005787,44.385980565689664],[7.120396937215581,44.386166005230734],[7.12019479727212,44.386891904238944],[7.120153964678794,44.3872108282216],[7.120118563847027,44.387556852658435],[7.120005213021426,44.3928125643029],[7.120903611937211,44.39387401830644],[7.123945971753614,44.39638337419152],[7.12518396546084,44.39928964193797],[7.126112198350568,44.40148353203086],[7.12906282309873,44.408635044490346],[7.133303529147013,44.41501083254871],[7.139592034725834,44.41801167749606],[7.146951983952344,44.41787026873475],[7.154144018296861,44.41799643654871],[7.17007264954576,44.41704196317939],[7.180343014034254,44.42471432133958],[7.189827162998462,44.43279642538633],[7.197086621302723,44.43709751941796],[7.200114180283672,44.436542000842074],[7.218341481173498,44.43467690599483],[7.2238936749584175,44.43374375626207],[7.2306218524107315,44.43498434195037],[7.231187804092678,44.435110133273085],[7.23159624177902,44.435201930578316],[7.231722670495058,44.43523057712799],[7.232078597128368,44.435348995322606],[7.23227800179385,44.435420581596006],[7.232780387894416,44.43560353495825],[7.234204598814182,44.43613812162364],[7.2342962068919485,44.4362115555764]]]},"properties":{"name":"Castelmagno","op_id":"671","minint_elettorale":"1010270530","minint_finloc":"1010270530","prov_name":"Cuneo","prov_istat_code":"004","prov_istat_code_num":4,"prov_acr":"CN","prov_iso_3166_2":"IT-CN","reg_name":"Piemonte","reg_istat_code":"01","reg_istat_code_num":1,"reg_iso_3166_2":"IT-21","opdm_id":"540","com_catasto_code":"C205","com_istat_code":"004053","com_istat_code_num":4053}},
{"type":"Feature","geometry":{"type":"Polygon","coordinates":[[[8.134283903003054,44.33209961653517],[8.124917979594233,44.33307607008359],[8.125316959221633,44.33306363473622],[8.126971282039502,44.33302227093895],[8.127471103690718,44.333098107536514],[8.127769590209638,44.33324444180086],[8.128490072537087,44.33366407561358],[8.128961102906946,44.333991771456105],[8.130225283798149,44.334915205888905],[8.130298829036887,44.335005779240454],[8.130445067068957,44.3352949844596],[8.130291909882898,44.33547388463898],[8.128357543234738,44.33583726244208],[8.127833425723171,44.335707220215305],[8.127436155652251,44.33558654173751],[8.126860584417843,44.33541169489192],[8.126472078787696,44.33528696390409],[8.123711004531515,44.33675151844926],[8.119889079843723,44.341097519213044],[8.119516411315647,44.34171585551211],[8.119343271543222,44.342074630292615],[8.118800927906973,44.34410058621678],[8.118691070302237,44.34515307789072],[8.118218204458316,44.350672690891535],[8.117986396605435,44.35360581824052],[8.118503393688245,44.3566527781672],[8.119273243887196,44.35782459681855],[8.122148106513388,44.35996165765278],[8.125393902519773,44.36163480783628],[8.126378430239857,44.36206998981064],[8.141482745855646,44.36807199238895],[8.14505640461716,44.3629136390705],[8.145069353204695,44.362887239523516],[8.145396734629857,44.36220637030246],[8.14545741731169,44.36207929986865],[8.147235844309305,44.35829138861098],[8.148281831126258,44.35597855271009],[8.14829069795437,44.35595262829208],[8.148504538378166,44.35530488324349],[8.148637175570213,44.354810721061355],[8.148598723401618,44.35400017029851],[8.148572651666354,44.35390131019073],[8.148360831281787,44.353098111351514],[8.144991585869793,44.34664490059652],[8.139244074551922,44.34255043611465],[8.136033914969735,44.33647626553477],[8.134283903003054,44.33209961653517]]]},"properties":{"name":"Castelnuovo di Ceva","op_id":"672","minint_elettorale":"1010270540","minint_finloc":"1010270540","prov_name":"Cuneo","prov_istat_code":"004","prov_istat_code_num":4,"prov_acr":"CN","prov_iso_3166_2":"IT-CN","reg_name":"Piemonte","reg_istat_code":"01","reg_istat_code_num":1,"reg_iso_3166_2":"IT-21","opdm_id":"541","com_catasto_code":"C214","com_istat_code":"004054","com_istat_code_num":4054}},
{"type":"Feature","geometry":{"type":"Polygon","coordinates":[[[7.9716704202540845,44.64872150843952],[7.9775381848899,44.64617736156351],[7.979412149826901,44.64303399209167],[7.980686604364369,44.640464131348615],[7.982152146511363,44.637471372758085],[7.984521201683988,44.630001662784544],[7.9862171170436085,44.62451726120405],[7.986049539876456,44.62217599244863],[7.985946068123844,44.62189599156128],[7.985391885908133,44.621548952472],[7.9792179415763025,44.61946381289784],[7.970764724237345,44.615665434403574],[7.96636705381049,44.614765994937024],[7.9620533281036545,44.61910655963687],[7.960438648615002,44.620352229805704],[7.959692829647776,44.626426583658315],[7.96056873099964,44.62915329298774],[7.961135952572122,44.63047046941615],[7.96189420165448,44.632086667676546],[7.963481812096665,44.635413987069256],[7.964264522357545,44.63615478644559],[7.965481429453301,44.63671946223882],[7.966372678574846,44.63707412715244],[7.972556345489373,44.64370166422635],[7.9716704202540845,44.64872150843952]]]},"properties":{"name":"Castiglione Falletto","op_id":"673","minint_elettorale":"1010270550","minint_finloc":"1010270550","prov_name":"Cuneo","prov_istat_code":"004","prov_istat_code_num":4,"prov_acr":"CN","prov_iso_3166_2":"IT-CN","reg_name":"Piemonte","reg_istat_code":"01","reg_istat_code_num":1,"reg_iso_3166_2":"IT-21","opdm_id":"542","com_catasto_code":"C314","com_istat_code":"004055","com_istat_code_num":4055}},
{"type":"Feature","geometry":{"type":"Polygon","coordinates":[[[8.206582771894283,44.750664257318256],[8.207847449795501,44.74653175352556],[8.20793025037806,44.73902445260585],[8.209460415646646,44.731940088793465],[8.209613698938375,44.73164526168917],[8.210329212974282,44.730644158266024],[8.210389868853714,44.730561034116676],[8.210427239840673,44.73051371601299],[8.211059452361404,44.72971522919111],[8.212533690995128,44.728088169936896],[8.213526570123348,44.72758618662303],[8.214944993760671,44.72710982557931],[8.215823817764576,44.72692127322623],[8.21681096660722,44.727433626495085],[8.21692007215626,44.727491215519294],[8.217727328244113,44.728135822068595],[8.21924099407844,44.726162520939596],[8.220190859746328,44.72328378186054],[8.216692532715195,44.72029137855944],[8.213776882629697,44.71834255896026],[8.201295375872231,44.7140878877892],[8.198769862341145,44.71375061359444],[8.197906332834032,44.71368603193602],[8.195024399458998,44.713733270223],[8.19249424394606,44.713904456596616],[8.185456024049703,44.71470070107642],[8.181835797058932,44.71545352879673],[8.171958896349084,44.72009053718737],[8.171300194277757,44.72040534024],[8.169495886010584,44.72118938997546],[8.168702372270381,44.721169341475445],[8.166648021766568,44.72106504288215],[8.166317165331904,44.721030746199276],[8.165547273884519,44.72073255202111],[8.165156765492283,44.72050464167786],[8.165000123642084,44.720174898662634],[8.16456396919731,44.718731341957145],[8.16465378549733,44.71841241513881],[8.159543525592238,44.71853612402826],[8.1595675485675,44.71926950801378],[8.159645039686358,44.720044628700464],[8.159720383848702,44.72035671783784],[8.160058499167214,44.72173558733842],[8.160305911236723,44.72222804240011],[8.160533822307993,44.72254028752858],[8.160869267010126,44.72272730291627],[8.161356514130524,44.722978448677566],[8.161665059705815,44.722948866474624],[8.162396964216093,44.721536723332534],[8.165152346551276,44.721390314461715],[8.165785188753222,44.721800252143915],[8.165883123599123,44.72402081498771],[8.164803799862495,44.72822495320047],[8.164281788433469,44.72978761802951],[8.163275184886949,44.73277805860215],[8.167076628368891,44.7334536409133],[8.16797303902083,44.733537969118956],[8.169213199265121,44.73333430946534],[8.169541015455005,44.73316115719649],[8.170109508836305,44.73279169185999],[8.170405852381172,44.732555275791036],[8.174567794787325,44.7334228261389],[8.17821541945969,44.73645133812774],[8.178513086464848,44.73672354167126],[8.178716059357814,44.737134607729956],[8.17896396124301,44.7376630348469],[8.182189771785527,44.74805228198719],[8.181571382880195,44.751199730334704],[8.184512750945732,44.75139356522016],[8.189049095227514,44.75084601166756],[8.197497895419279,44.74987681008243],[8.204460907066595,44.74959694974789],[8.206582771894283,44.750664257318256]]]},"properties":{"name":"Castiglione Tinella","op_id":"674","minint_elettorale":"1010270560","minint_finloc":"1010270560","prov_name":"Cuneo","prov_istat_code":"004","prov_istat_code_num":4,"prov_acr":"CN","prov_iso_3166_2":"IT-CN","reg_name":"Piemonte","reg_istat_code":"01","reg_istat_code_num":1,"reg_iso_3166_2":"IT-21","opdm_id":"543","com_catasto_code":"C317","com_istat_code":"004056","com_istat_code_num":4056}},
{"type":"Feature","geometry":{"type":"Polygon","coordinates":[[[8.144857716168225,44.612555518551666],[8.1491647832108,44.61560800668202],[8.151367989614352,44.62126442753486],[8.140927635980667,44.62528696849587],[8.13313652895156,44.6309176443302],[8.12382731305535,44.63757140018901],[8.122431321514012,44.63989680799822],[8.121203875431902,44.6424305599912],[8.132747450881777,44.644585320574556],[8.13687114384854,44.64408945938268],[8.1383561174561,44.644663313348595],[8.141654040352707,44.64678558507368],[8.144403742343398,44.64973664157952],[8.146263188274453,44.65174458195805],[8.147858100160878,44.652395664309886],[8.15217698873865,44.65008719939203],[8.152300730002457,44.649845050442146],[8.152881596300546,44.64911566305223],[8.156150840147157,44.64532285267734],[8.158168914200115,44.64333020598765],[8.158497292144474,44.64302203611668],[8.158884290959893,44.64271881449309],[8.161805160238522,44.640655206249576],[8.167542039063926,44.63393636660074],[8.169013185868664,44.63165640856587],[8.171135213521762,44.62975039130186],[8.172171794814416,44.629303292660204],[8.17725656706351,44.62724244020435],[8.181963852005506,44.62707370530854],[8.184604125949313,44.628505967322305],[8.189717840814511,44.629135558574035],[8.192333550344541,44.62938462148052],[8.192881314333286,44.629340183919545],[8.193658516215015,44.6290600786971],[8.194472012006297,44.62857032183837],[8.195678817870112,44.618145056049784],[8.189349511334527,44.61038987386987],[8.18775020093802,44.6102039162074],[8.179364862814172,44.607704288050506],[8.175593842178575,44.60607918928562],[8.16724015542495,44.60174691026637],[8.166348380970025,44.60059033726732],[8.165497883681969,44.59956009345076],[8.163419778343949,44.5975029389961],[8.162413701119007,44.59713835440313],[8.160239294562729,44.597477989793084],[8.155798340981056,44.60261270298643],[8.153791256397836,44.60515902079614],[8.15311067602134,44.605977687283904],[8.151861508699552,44.607440319820135],[8.14872938066987,44.61068490765252],[8.14634817122016,44.61227434277591],[8.144857716168225,44.612555518551666]]]},"properties":{"name":"Castino","op_id":"675","minint_elettorale":"1010270570","minint_finloc":"1010270570","prov_name":"Cuneo","prov_istat_code":"004","prov_istat_code_num":4,"prov_acr":"CN","prov_iso_3166_2":"IT-CN","reg_name":"Piemonte","reg_istat_code":"01","reg_istat_code_num":1,"reg_iso_3166_2":"IT-21","opdm_id":"544","com_catasto_code":"C323","com_istat_code":"004057","com_istat_code_num":4057}},
{"type":"Feature","geometry":{"type":"Polygon","coordinates":[[[7.685376518895908,44.74110994998985],[7.684937037655773,44.73938994614046],[7.679688236207115,44.73147162063377],[7.6778917415002805,44.729046063180284],[7.675538795776881,44.72722273433442],[7.667941393057115,44.724577844221805],[7.664893779922149,44.723448480233834],[7.655451822039448,44.71970076312926],[7.647984573287292,44.715480547440656],[7.6443076871544715,44.71300183577195],[7.637672712620685,44.713481021005315],[7.629845959979719,44.71584048017461],[7.624431245371669,44.71558631103048],[7.61826635828176,44.726152579330154],[7.6174825265129025,44.7275541403768],[7.62395642534031,44.728994012543914],[7.62600755865393,44.734118482547686],[7.626061020751516,44.736027592150776],[7.626020059268596,44.7381066179519],[7.625282327850584,44.74521851247736],[7.623099042479313,44.75120120027873],[7.622756748690374,44.754509890415925],[7.623519027677751,44.75806142157196],[7.6292084771962285,44.75618098344469],[7.640516130615907,44.75178804576006],[7.645767050369293,44.751017055145645],[7.663845902666756,44.75091565958881],[7.6668902464094755,44.75089272375366],[7.67165481779679,44.749963066214924],[7.6798287621966015,44.747078077556765],[7.682104122801743,44.74570842539902],[7.684338606600173,44.74300202151041],[7.685376518895908,44.74110994998985]]]},"properties":{"name":"Cavallerleone","op_id":"676","minint_elettorale":"1010270580","minint_finloc":"1010270580","prov_name":"Cuneo","prov_istat_code":"004","prov_istat_code_num":4,"prov_acr":"CN","prov_iso_3166_2":"IT-CN","reg_name":"Piemonte","reg_istat_code":"01","reg_istat_code_num":1,"reg_iso_3166_2":"IT-21","opdm_id":"545","com_catasto_code":"C375","com_istat_code":"004058","com_istat_code_num":4058}},
{"type":"Feature","geometry":{"type":"Polygon","coordinates":[[[7.765687485317691,44.7239568196818],[7.762944091802439,44.7224237254688],[7.759750729080874,44.7206147926643],[7.7596631504350215,44.718861163728675],[7.760401132080286,44.71727835144979],[7.76141530708878,44.714903741990675],[7.76151607256802,44.71454474703926],[7.761864995685529,44.71326120928907],[7.76185983924793,44.712689504607994],[7.76175846983085,44.71052334348013],[7.7613212616162945,44.7066611195161],[7.758340722830609,44.699363892841895],[7.75626463756458,44.694537246483],[7.755800659348757,44.69123866510513],[7.752158864540486,44.69107738743723],[7.747859711129721,44.69063873093879],[7.736221463974758,44.68883607312012],[7.733026725937887,44.68812999673512],[7.7230103137776185,44.68552741769702],[7.7195356303334695,44.68450012705052],[7.717268443574657,44.68361495432558],[7.717491646189297,44.68307731921647],[7.717539184100382,44.68296081651475],[7.716251272935408,44.6811954047135],[7.712620835165551,44.68007424717786],[7.7120901710999155,44.679946728081674],[7.71169688032354,44.6798657792827],[7.710284423369426,44.67959800991717],[7.709623056268387,44.67947870674305],[7.708786643199607,44.67932872445692],[7.70839115965919,44.679257986005894],[7.707033428879974,44.679016358623706],[7.70619255957072,44.67888039743043],[7.70015616886908,44.67796772587965],[7.699049846762933,44.67781022701469],[7.696831337270577,44.6775050148181],[7.696288179372016,44.67855208654659],[7.6919715852515065,44.681752573576695],[7.6916936638280875,44.681785395683136],[7.680812567433349,44.6825649365523],[7.679831217867104,44.68259410054361],[7.679613139970185,44.68257808358657],[7.679507556474654,44.68250484976633],[7.679370217602733,44.682385870196846],[7.679324492502213,44.682318178961644],[7.666738510007721,44.68443601180961],[7.666121580992906,44.685923186439204],[7.661877887209336,44.68764250641402],[7.656723270884574,44.688734280543024],[7.653026153472836,44.688510669392315],[7.64478466493957,44.68746790089482],[7.636959346389275,44.68881964835399],[7.636546908979573,44.6887398137336],[7.636414038926666,44.68871409352415],[7.635645763267728,44.68838083589731],[7.633951187570086,44.68762689291408],[7.631523449239056,44.69208550140351],[7.627518042332908,44.69689415612131],[7.624637970473684,44.69907858223887],[7.62325819772993,44.700709349029765],[7.62185047525552,44.70255945511293],[7.621840544995637,44.70263158735692],[7.621847327987795,44.703431029819825],[7.62350601132354,44.706829402285656],[7.624431245371669,44.71558631103048],[7.629845959979719,44.71584048017461],[7.637672712620685,44.713481021005315],[7.6443076871544715,44.71300183577195],[7.647984573287292,44.715480547440656],[7.655451822039448,44.71970076312926],[7.664893779922149,44.723448480233834],[7.667941393057115,44.724577844221805],[7.675538795776881,44.72722273433442],[7.6778917415002805,44.729046063180284],[7.679688236207115,44.73147162063377],[7.684937037655773,44.73938994614046],[7.685376518895908,44.74110994998985],[7.686873634025186,44.741353062196424],[7.690888030563311,44.741074262561646],[7.691803629453748,44.74032001835448],[7.692624663944694,44.73909622609219],[7.692699954836358,44.73892329750204],[7.692894613330499,44.73780250767917],[7.692521638340766,44.736771901398875],[7.696165681926351,44.73568829279638],[7.719256399199805,44.73645773455376],[7.72605607851563,44.73667045431363],[7.729919340308471,44.73698751710983],[7.736310477489352,44.73686217547845],[7.746756111997114,44.732786849715566],[7.750275341177632,44.731388540711734],[7.751754008195303,44.73080007350906],[7.765687485317691,44.7239568196818]]]},"properties":{"name":"Cavallermaggiore","op_id":"677","minint_elettorale":"1010270590","minint_finloc":"1010270590","prov_name":"Cuneo","prov_istat_code":"004","prov_istat_code_num":4,"prov_acr":"CN","prov_iso_3166_2":"IT-CN","reg_name":"Piemonte","reg_istat_code":"01","reg_istat_code_num":1,"reg_iso_3166_2":"IT-21","opdm_id":"546","com_catasto_code":"C376","com_istat_code":"004059","com_istat_code_num":4059}},
{"type":"Feature","geometry":{"type":"Polygon","coordinates":[[[7.197086621302723,44.43709751941796],[7.189827162998462,44.43279642538633],[7.180343014034254,44.42471432133958],[7.17007264954576,44.41704196317939],[7.154144018296861,44.41799643654871],[7.146951983952344,44.41787026873475],[7.14699899150158,44.420028705832095],[7.1471087169911245,44.42179414333048],[7.1472225987333085,44.4231103813367],[7.147279387934327,44.42328672747153],[7.147348100611274,44.42349953096613],[7.147534561436345,44.42388516986776],[7.147757706720546,44.42419037170352],[7.148048888869869,44.42454170200551],[7.148525925541425,44.42501308451827],[7.148953285398554,44.425416123869255],[7.150098853130379,44.42629894467914],[7.151356247302279,44.427210577150404],[7.153198065991844,44.42846474092208],[7.155606973352934,44.430079138372406],[7.156613859600205,44.430995663048705],[7.156914652603841,44.431306616895114],[7.157676620704635,44.43240647202027],[7.158178417422502,44.43338411144367],[7.161535850608613,44.44328712306866],[7.1623487667078924,44.446554670476985],[7.162376132736095,44.446771159661374],[7.1617945899684585,44.4477070838808],[7.160138919075054,44.44930539801225],[7.159182999141574,44.44947904569292],[7.15873588319253,44.44947183644413],[7.147193944961893,44.44977891737064],[7.141405091072129,44.45018654620302],[7.136115479402661,44.45832799899094],[7.133820241839797,44.46252173450204],[7.132568435144914,44.465166047237034],[7.133877805115795,44.4667403139374],[7.134510952206168,44.467106365845254],[7.135096500968118,44.46743461600363],[7.135379386273896,44.46759319350638],[7.135751399818638,44.46777930992435],[7.136039881075388,44.46783803936864],[7.1365607455512015,44.467914059507166],[7.1376878056548465,44.46794144344014],[7.138025351133045,44.467938007915166],[7.139298925598821,44.46791820990684],[7.1488240800718685,44.470036692730396],[7.163308660998175,44.484403633821685],[7.169956588161719,44.49387334089012],[7.169974765067585,44.493923882263196],[7.169984758568776,44.49394979358791],[7.170035250516734,44.49401836391532],[7.170218465651787,44.49419234135055],[7.170895291786128,44.49482771248767],[7.171058148329592,44.494980013558084],[7.175767720730474,44.49528121813744],[7.191857699226784,44.49414097188498],[7.192141029845216,44.494091436187254],[7.192542767199703,44.49397625890292],[7.193127792144662,44.49371544894046],[7.1946778789916,44.4929162281719],[7.196313138826567,44.49196528404521],[7.197462597904972,44.49121823460957],[7.198267584612103,44.48954293354442],[7.201685922580443,44.48848500180673],[7.20912443484435,44.48036905152563],[7.208843110869149,44.4766060446298],[7.2073689244938075,44.46117258557394],[7.20712024874872,44.45946055454557],[7.205945835372505,44.45673609958723],[7.205282443901128,44.455263450775455],[7.2042866063982975,44.45333866781012],[7.203042838031898,44.45125356917048],[7.201994537092509,44.449526561629796],[7.199105440863845,44.44493917681604],[7.198917018586059,44.4448596899041],[7.198515677981333,44.44465528539398],[7.198411246841487,44.444577121856604],[7.198044970071242,44.444292257100464],[7.197246174894276,44.44366747002168],[7.197048555681129,44.4434662927587],[7.195987360296286,44.442117132307544],[7.1959223590413455,44.44202157768924],[7.195787501785148,44.441465790582825],[7.19572409108477,44.44098859975292],[7.195972530913335,44.440073294524055],[7.197086621302723,44.43709751941796]]]},"properties":{"name":"Celle di Macra","op_id":"678","minint_elettorale":"1010270600","minint_finloc":"1010270600","prov_name":"Cuneo","prov_istat_code":"004","prov_istat_code_num":4,"prov_acr":"CN","prov_iso_3166_2":"IT-CN","reg_name":"Piemonte","reg_istat_code":"01","reg_istat_code_num":1,"reg_iso_3166_2":"IT-21","opdm_id":"547","com_catasto_code":"C441","com_istat_code":"004060","com_istat_code_num":4060}},
{"type":"Feature","geometry":{"type":"Polygon","coordinates":[[[7.642640910655857,44.455529191430976],[7.639431427617195,44.4532628433075],[7.617733604851066,44.4445307413004],[7.613591424372196,44.44275186900266],[7.612460626447985,44.443809341172305],[7.606491029818532,44.449178743643465],[7.600834561303788,44.45398732005126],[7.589653089654297,44.46024778428769],[7.5895009561435565,44.46031792261579],[7.589265825294469,44.46036002277956],[7.583982038074145,44.460663590975344],[7.5815841757185565,44.46080051629248],[7.578313425866605,44.46096688675292],[7.576618170569402,44.461040295856996],[7.574805280136629,44.4610897157209],[7.572695310260766,44.46118052651162],[7.573561882550699,44.46348724538598],[7.576375383108287,44.47088197995524],[7.577982451661444,44.475152809970865],[7.57682215647119,44.47587463427529],[7.572500165955926,44.475384039849494],[7.567796417696004,44.474843518805315],[7.563034969830228,44.47445946762726],[7.562036730687028,44.48133401047875],[7.559928493678691,44.4830088954399],[7.559788951368492,44.48275506121095],[7.559511478418641,44.48254900807486],[7.5591964212407285,44.482401002949224],[7.558538123470324,44.482149616272544],[7.5570657160593635,44.48165388170275],[7.552549913524986,44.4801616340676],[7.552108629066426,44.48038781411476],[7.5519301988054455,44.48056609162068],[7.551202792896227,44.48155225685739],[7.551167248676041,44.481912272737844],[7.5511209884376145,44.48305051705118],[7.551544684782749,44.489937306809644],[7.551403554601643,44.490382792165],[7.551201593613185,44.49155507848832],[7.551019646173064,44.50223434862177],[7.551093116320794,44.506315925289016],[7.551294046141963,44.50907532799303],[7.551278672215871,44.50975932083282],[7.550877216127122,44.51498023744626],[7.550342603442192,44.519951833141164],[7.550241252468091,44.520360165391665],[7.5498986465233235,44.52164767588003],[7.549626826380656,44.522545390713994],[7.548334703293281,44.52584551650954],[7.548355716109489,44.52710613843742],[7.563556641694797,44.52863075445423],[7.574820271641066,44.529616534866676],[7.578433256406668,44.529699191652895],[7.585728796682243,44.5296817547269],[7.590397066520344,44.527988495067426],[7.5974910319144975,44.52189107582561],[7.599443744844697,44.519925480229674],[7.601249251330756,44.517660926140735],[7.601586267164104,44.51670627956885],[7.6017437472701745,44.51635260986624],[7.6027781176531715,44.51509140098314],[7.611664014819314,44.505568870517536],[7.611707031127866,44.50553262662253],[7.611787922949047,44.505465720956856],[7.611922900934817,44.50535409747461],[7.61331410931038,44.50429520053596],[7.616746849213482,44.50186559749471],[7.619157035419981,44.50024730034463],[7.621440967113766,44.49741245325443],[7.622136441369938,44.496268137313685],[7.628703134290025,44.485327995950776],[7.64033412458596,44.46575419718658],[7.6419383959696745,44.461232967691544],[7.642953311455406,44.45805692627627],[7.643405692413591,44.4557318342705],[7.642640910655857,44.455529191430976]]]},"properties":{"name":"Centallo","op_id":"679","minint_elettorale":"1010270610","minint_finloc":"1010270610","prov_name":"Cuneo","prov_istat_code":"004","prov_istat_code_num":4,"prov_acr":"CN","prov_iso_3166_2":"IT-CN","reg_name":"Piemonte","reg_istat_code":"01","reg_istat_code_num":1,"reg_iso_3166_2":"IT-21","opdm_id":"548","com_catasto_code":"C466","com_istat_code":"004061","com_istat_code_num":4061}},
{"type":"Feature","geometry":{"type":"Polygon","coordinates":[[[7.766192521697578,44.81545028473577],[7.76493107647888,44.81742295832382],[7.763784637789438,44.819282981944646],[7.763605220022838,44.81959611628815],[7.763567932339578,44.8196767404112],[7.763576586180166,44.819789350761106],[7.76454982300464,44.82194580617686],[7.76570143242219,44.82391161220935],[7.767786382930344,44.826806010561164],[7.770163087991965,44.828887308583305],[7.776421500982296,44.83752150799289],[7.776342871174686,44.83772271730541],[7.776187001549879,44.83812197197875],[7.776018087490334,44.838750391607036],[7.7760189851469566,44.83889849408483],[7.7787096690294275,44.84143027376627],[7.779457019963088,44.84196036835482],[7.779731142603278,44.84215334992456],[7.780985144666338,44.84294923061925],[7.781141002192208,44.84304067921199],[7.781321799445364,44.84311907416423],[7.783377539836443,44.84369440689798],[7.783697178591636,44.843783716041465],[7.784019999628406,44.843854853108205],[7.784323997474835,44.84390742716247],[7.787198410730026,44.84436536458149],[7.787727460836965,44.844443646018604],[7.788022710345962,44.84447762150684],[7.7882069930070355,44.844489176293365],[7.788396888261369,44.84448229269824],[7.792047060534595,44.844303910683415],[7.792121900027427,44.84429939467609],[7.7921673677557015,44.84429657902732],[7.792601199858015,44.84426493785272],[7.793489344831814,44.844071710128446],[7.79368925618386,44.844010859285135],[7.793808426285308,44.84395811599328],[7.79396381561944,44.843839464112115],[7.7940055625151325,44.84380749184521],[7.794163860262509,44.843668028603346],[7.794479896869273,44.843389275593864],[7.794825118758188,44.84304191367937],[7.79501722447536,44.84290889240736],[7.795118529699445,44.842864703917144],[7.795349474928357,44.842830568343835],[7.797671254922129,44.84268960040908],[7.797708229606755,44.842688238798004],[7.79812535547842,44.84267309522869],[7.798166319113227,44.84267194559478],[7.7982619967204645,44.84267037613374],[7.798719205744463,44.842664348313825],[7.799361832021191,44.84267520115723],[7.7995669324623575,44.842682966735204],[7.7996904024793245,44.8426880032618],[7.8085984744876225,44.84309163301873],[7.80952845541238,44.843146607678854],[7.810741708351698,44.84323099437622],[7.811293856555773,44.843304331753615],[7.811802000916591,44.84340427538653],[7.811948581444106,44.84343312659079],[7.810988046049604,44.84748734053639],[7.809136136021715,44.854933222403346],[7.81144878688021,44.85475636863921],[7.811514927619455,44.85474617885902],[7.811581289667964,44.8547357500863],[7.811639084153827,44.85472043487091],[7.8117080507755405,44.85470126684192],[7.812684861822447,44.8543330044936],[7.813457831372284,44.85403611565097],[7.814626901948221,44.853543427907546],[7.815510823832091,44.85312049720644],[7.81749116128966,44.85077303207039],[7.8271298755304795,44.8438686522722],[7.835025679484487,44.83923274576514],[7.8484102844891925,44.833805174849424],[7.8489947572137435,44.83358603300968],[7.84915158844765,44.833549774855214],[7.849314016955092,44.83351240890661],[7.849421893909189,44.83349743513176],[7.849525447215055,44.83348312976647],[7.849749879951263,44.83345354730479],[7.850104657897683,44.833430483002395],[7.850947210912427,44.83340057095661],[7.85170577554643,44.833374588300096],[7.853065767218899,44.833374764582366],[7.85356902930702,44.83338701187329],[7.853657315590325,44.8333897832526],[7.8588847425837,44.8342479624801],[7.859584620236289,44.831658627888096],[7.863076085874729,44.82770116681956],[7.863542205877551,44.82665689255705],[7.863993349398269,44.825041011796415],[7.864236229911824,44.82394862988921],[7.86376434135743,44.822854561178524],[7.862947035034309,44.82120018723888],[7.862590946955526,44.820494474116906],[7.862128536065815,44.819990259749495],[7.861383891192394,44.81936617673714],[7.86062856275803,44.819092415333955],[7.859856625117192,44.819085381201695],[7.858508888108583,44.81631726023455],[7.856221552040072,44.809227691560324],[7.855710799360893,44.805720759881304],[7.855718252523828,44.805423748710744],[7.855773646561734,44.805059724665746],[7.856092194965282,44.804657811711714],[7.857013804580676,44.80399188074297],[7.858730761245104,44.802366167512844],[7.862153512793666,44.79843301732579],[7.861028506924411,44.796374977758006],[7.856450234107588,44.79127518773854],[7.853637765447669,44.790076271774836],[7.850046898834265,44.78885681643693],[7.845578167130197,44.788105068854875],[7.839920561492139,44.785198544800025],[7.833505616127596,44.78619095351282],[7.8285864194897385,44.78829661220946],[7.82535725730151,44.790306936416584],[7.818367533880915,44.79408324455705],[7.8069229798023345,44.79713342802206],[7.7957876025883,44.79943318479825],[7.786209513981016,44.79975485752015],[7.776950605644508,44.804958335744615],[7.767580906467632,44.81354017444064],[7.766192521697578,44.81545028473577]]]},"properties":{"name":"Ceresole Alba","op_id":"680","minint_elettorale":"1010270620","minint_finloc":"1010270620","prov_name":"Cuneo","prov_istat_code":"004","prov_istat_code_num":4,"prov_acr":"CN","prov_iso_3166_2":"IT-CN","reg_name":"Piemonte","reg_istat_code":"01","reg_istat_code_num":1,"reg_iso_3166_2":"IT-21","opdm_id":"549","com_catasto_code":"C504","com_istat_code":"004062","com_istat_code_num":4062}},
{"type":"Feature","geometry":{"type":"Polygon","coordinates":[[[8.04311894128009,44.594321142205516],[8.047679567507974,44.59200806305818],[8.057867509391084,44.588904309531934],[8.068907515229405,44.58841332277536],[8.076942545986789,44.587819134380496],[8.081123678999257,44.587627779210955],[8.089108528578047,44.58516655211172],[8.10243126151597,44.580586221794356],[8.103358392561114,44.580219915890474],[8.110377735227488,44.577060905282316],[8.110518464543961,44.57698503119286],[8.110970276503233,44.57674143114752],[8.111303219299119,44.576356915153],[8.11150530848383,44.57606140961752],[8.105953699875268,44.5712737419938],[8.09669316717038,44.563103095418455],[8.095806590729289,44.559697624181226],[8.092992724812321,44.559369236220995],[8.088316178703776,44.561078477743685],[8.076775383568389,44.56708948785162],[8.074643274021133,44.56897177603436],[8.072601076503638,44.56989148697019],[8.066436522579808,44.57187130187529],[8.055051419854166,44.574752991669165],[8.05473423299514,44.57482238287581],[8.054399579514032,44.57482860871894],[8.051381552573924,44.57451100207042],[8.04825278573895,44.57401235289833],[8.048915776086176,44.574531018799426],[8.049113920356406,44.5749557819227],[8.049525347663913,44.57608451836189],[8.049559999782911,44.57644490355192],[8.049046005677736,44.57960500725872],[8.047496514468568,44.585256448813524],[8.040237896635814,44.59421888872811],[8.04311894128009,44.594321142205516]]]},"properties":{"name":"Cerretto Langhe","op_id":"681","minint_elettorale":"1010270630","minint_finloc":"1010270630","prov_name":"Cuneo","prov_istat_code":"004","prov_istat_code_num":4,"prov_acr":"CN","prov_iso_3166_2":"IT-CN","reg_name":"Piemonte","reg_istat_code":"01","reg_istat_code_num":1,"reg_iso_3166_2":"IT-21","opdm_id":"550","com_catasto_code":"C530","com_istat_code":"004063","com_istat_code_num":4063}},
{"type":"Feature","geometry":{"type":"Polygon","coordinates":[[[7.43135160727825,44.35955833872804],[7.430416943501798,44.3625751072573],[7.434971735511465,44.363672950464384],[7.446414964115201,44.36830359329838],[7.446555997828994,44.36841355776831],[7.449435315419555,44.37096445638743],[7.452142673078759,44.37406663367014],[7.455569272721109,44.38136475191083],[7.4568529986943,44.38541985901798],[7.459333816061984,44.390197799984804],[7.463579478034935,44.39035412258601],[7.470949247986246,44.39205182191034],[7.474184490408914,44.3932285914259],[7.479946606071285,44.39592900162625],[7.483302167516895,44.398740869610215],[7.486112189492051,44.40207944252696],[7.488964831009311,44.40556980510348],[7.488637628367763,44.40687535690799],[7.487108142813566,44.411175406873156],[7.487067825868613,44.41125689265504],[7.485443633154104,44.414269281523104],[7.484836750756643,44.41474287633605],[7.483985139027508,44.4152987438636],[7.488604560032434,44.42544276829794],[7.490159920292472,44.42731778544049],[7.492601269343114,44.42746256335591],[7.498908452651645,44.42577214025167],[7.500524775260511,44.42458715164854],[7.500730682542721,44.41995404837218],[7.5009150310058486,44.41545080874138],[7.501135273529232,44.40645944937499],[7.500128674423752,44.40135822773501],[7.500366900135284,44.39491151991185],[7.507820904893135,44.39281763381359],[7.51812825160992,44.38453436925067],[7.514840954331447,44.37849546590916],[7.51446354581755,44.37791472280334],[7.51275189963156,44.37610991315602],[7.505972201959744,44.37368970843369],[7.501802393736148,44.37338301233407],[7.496869882010826,44.37224409822149],[7.489076932001368,44.37105471677762],[7.48834420259458,44.370950490067486],[7.480430594414091,44.369999201723594],[7.47431503758647,44.369278452742314],[7.474316435938847,44.369481027446376],[7.474480583155974,44.37096868856255],[7.47462843983848,44.371785405961425],[7.474702737301608,44.371938348382876],[7.468450273667103,44.37034780092577],[7.461260828230133,44.36262127642803],[7.454434441474681,44.35628027627596],[7.450731507653689,44.353989222044625],[7.4498544735235726,44.35483176754168],[7.44741097501591,44.35710545611075],[7.444719564683612,44.35785076541198],[7.435538517653942,44.35964747151927],[7.434261663184403,44.35976212144715],[7.432520356574312,44.35965558823589],[7.43135160727825,44.35955833872804]]]},"properties":{"name":"Cervasca","op_id":"682","minint_elettorale":"1010270640","minint_finloc":"1010270640","prov_name":"Cuneo","prov_istat_code":"004","prov_istat_code_num":4,"prov_acr":"CN","prov_iso_3166_2":"IT-CN","reg_name":"Piemonte","reg_istat_code":"01","reg_istat_code_num":1,"reg_iso_3166_2":"IT-21","opdm_id":"551","com_catasto_code":"C547","com_istat_code":"004064","com_istat_code_num":4064}},
{"type":"Feature","geometry":{"type":"Polygon","coordinates":[[[7.788515752115118,44.60699951875165],[7.78713779875938,44.602591702730734],[7.785020111445582,44.60304180036129],[7.771954639072695,44.60468044222047],[7.7718897665051125,44.60465664409614],[7.771369059271165,44.604507190762746],[7.770357641935305,44.604626839108796],[7.767420605646476,44.60511731445776],[7.766921111310223,44.60521154116947],[7.766759663587743,44.60524392178576],[7.7666046727106615,44.6052757687441],[7.766236154032817,44.605394491286525],[7.7661817318464745,44.60541452446467],[7.758917302114108,44.6091528580433],[7.757750253425246,44.61085964281738],[7.756129982376096,44.61145482153383],[7.750561805843014,44.612721237640194],[7.749274344365835,44.612995221304885],[7.748411583221959,44.613170302800846],[7.746028637942314,44.613652801031726],[7.745775483821847,44.613704041278076],[7.734995321298748,44.615851248715536],[7.734717948548743,44.61590015885817],[7.73217892898716,44.61628611288338],[7.7287113649598025,44.61671569277067],[7.724304105392412,44.61620290831381],[7.72213391368981,44.6159490851893],[7.721706178059212,44.6158947939886],[7.718642667051936,44.614712643974094],[7.714552040057514,44.613122757384176],[7.712729599252138,44.61237968231173],[7.712169156216651,44.612150895938086],[7.712036299468047,44.62035053951138],[7.716957961308944,44.62079771128445],[7.717784466509665,44.62276469113513],[7.719028144156374,44.62349433445023],[7.729146741697195,44.625572523781045],[7.737366384870281,44.62630928817546],[7.741411433073656,44.62652463347396],[7.741824572552823,44.62654752694854],[7.7422560423694895,44.62659730329293],[7.742329099364971,44.62660710681918],[7.742614099753165,44.62665435121318],[7.743183216884717,44.62680556180847],[7.745388401559986,44.62746898292735],[7.746093666267158,44.62768229657078],[7.748913346105515,44.628547799700584],[7.749105361786401,44.6286114820308],[7.749628285429462,44.6287852656099],[7.749730072287307,44.62862842161472],[7.7505604441627804,44.62840208255631],[7.751810736456104,44.628181427365114],[7.754070020880296,44.62782961711153],[7.75771289110294,44.62758526337812],[7.7631982062651765,44.62738603508443],[7.764677661828236,44.62764656473678],[7.7666956881045195,44.631198540189956],[7.767070457931392,44.63186427123169],[7.767892953376409,44.63438850935],[7.770280343011863,44.64343997145638],[7.775869265384262,44.646856609279226],[7.782924703556894,44.650925884990194],[7.783669339362095,44.65095633044447],[7.7894063301942875,44.650711203330275],[7.789486198481217,44.65070314658103],[7.792838268292272,44.65036493395452],[7.795110754850375,44.64996132759314],[7.797499997559184,44.64945536467172],[7.798997846446725,44.64907952903671],[7.800594636397423,44.64849307152607],[7.801822816269008,44.6479334517606],[7.8057800489470495,44.64607184133165],[7.806879510016659,44.64555217712255],[7.808384591059619,44.64483419644796],[7.8098470209694755,44.64407974417094],[7.811296942117118,44.64327636659104],[7.811879415556338,44.63746614202065],[7.808517936099105,44.63210170956979],[7.807646809485973,44.63081427452301],[7.807066751437656,44.63012851630201],[7.802388721463248,44.62670365319563],[7.801858185897338,44.62639199615453],[7.801111764424616,44.62602407429455],[7.800140916586089,44.625613278468],[7.79966270611974,44.6254777176265],[7.793364257444469,44.62166632941897],[7.790382249103729,44.61785824983964],[7.789727546892209,44.61353913816276],[7.788515752115118,44.60699951875165]]]},"properties":{"name":"Cervere","op_id":"683","minint_elettorale":"1010270650","minint_finloc":"1010270650","prov_name":"Cuneo","prov_istat_code":"004","prov_istat_code_num":4,"prov_acr":"CN","prov_iso_3166_2":"IT-CN","reg_name":"Piemonte","reg_istat_code":"01","reg_istat_code_num":1,"reg_iso_3166_2":"IT-21","opdm_id":"552","com_catasto_code":"C550","com_istat_code":"004065","com_istat_code_num":4065}},
{"type":"Feature","geometry":{"type":"Polygon","coordinates":[[[8.03368367410039,44.342021269551545],[8.031271263154554,44.34111433658723],[8.017838287391562,44.33837045706353],[8.012220074760847,44.33806542536848],[8.00504039199653,44.338349719211855],[8.000672352801871,44.33901381253957],[7.995933551647818,44.34115994202554],[7.995962209184296,44.34163158404842],[7.99602822966292,44.34291633391554],[7.99607506409075,44.3438935466453],[7.996057075545393,44.34425801535329],[7.995005559377389,44.34712942867249],[7.9934553097086685,44.35114031553478],[7.992978307041109,44.35206790314431],[7.991651622822651,44.35452748183982],[7.991399198302694,44.35461810459568],[7.990929619150155,44.3547866841359],[7.99013179905488,44.35480214454041],[7.989150197613877,44.35469443093258],[7.9885162951652635,44.35448174374021],[7.987780680162079,44.353980079966014],[7.98759211963126,44.353773962399366],[7.9875108933883,44.35368509662788],[7.98640398161052,44.354071396252586],[7.986021114674963,44.35499079213003],[7.98572138053009,44.355726362449666],[7.985646271553845,44.356671666508205],[7.985718489819703,44.35715626024325],[7.9857257968350925,44.35719836692459],[7.98582248647123,44.3573007333424],[7.985918740200792,44.357402637558266],[7.986185995880427,44.35759407304599],[7.986458138838252,44.35775403928786],[7.986684937216729,44.357882093305804],[7.988358129945171,44.3587747020524],[7.988941085869608,44.358761869903006],[7.990402270833703,44.35890163461362],[7.991780680928095,44.359052542811995],[7.991842042939874,44.359086570778615],[7.9921492823636155,44.359258371338846],[7.995670360510147,44.36169037987349],[7.995562017232029,44.36188376381175],[7.993350863602331,44.365829745192656],[7.987021847138832,44.37646691741253],[7.9863316904351,44.380272414751516],[7.98665723388579,44.38237100058582],[7.98929343392695,44.38855078229085],[7.990833402409684,44.391836929420855],[7.992103900455686,44.39501262677887],[7.992094936992684,44.395534704124564],[7.992029432487313,44.39585371737885],[7.987334117393478,44.402428123335284],[7.984674164747043,44.404310533087994],[7.982072716996296,44.40729346608796],[7.98148180314712,44.4079859174872],[7.979621903569821,44.41042255130559],[7.979391887286792,44.410753884308036],[7.979295807741662,44.41089228952897],[7.979087288575962,44.41157464427459],[7.979107408800887,44.41168586949023],[7.9791324408114725,44.411822608500266],[7.98489844374226,44.41194604088691],[7.991978408880787,44.40954197454144],[7.995792915412199,44.40908617183195],[8.001945177760023,44.411533401613625],[8.004725556242729,44.41194228158979],[8.005539348666593,44.40908468513375],[8.00576723217044,44.40869955183209],[8.005807110484472,44.40863913795382],[8.005962214467585,44.408404163633804],[8.007322560030879,44.40721864081152],[8.00855020685949,44.406567586039756],[8.01069640949489,44.40548336707255],[8.01231178093536,44.4047816160143],[8.013387545742203,44.4043812838958],[8.0137937406446,44.40435779974286],[8.015783891173426,44.404401959401966],[8.029916583997286,44.40775937659315],[8.036821706649812,44.40991097230334],[8.043394570068367,44.41236994166066],[8.047166660172369,44.41378789528338],[8.056720645508605,44.41247628218487],[8.061111529654097,44.40736801029918],[8.058976217409528,44.38976737539834],[8.058605856676891,44.38742601863508],[8.057609992191768,44.38480907660772],[8.057026575593252,44.38407954892701],[8.054801451723872,44.38214805430269],[8.05198256606091,44.379171775116426],[8.051547415181254,44.37743060611185],[8.051555867441566,44.37724613248687],[8.052574391276346,44.376358805976366],[8.0535398812349,44.376447826804885],[8.054412664679335,44.37690969351452],[8.055560798649076,44.37758875026133],[8.057118590334316,44.37907923347118],[8.060921910138935,44.37838135504435],[8.063150976568272,44.37792699764591],[8.063132309844338,44.374645312342864],[8.060347861985079,44.37127789872675],[8.060067632876331,44.37122965026836],[8.059555769734406,44.37114083836977],[8.059152173131142,44.37099346726084],[8.058961729977932,44.36970899209227],[8.058991326486293,44.36933111249303],[8.060352202072147,44.3674967475754],[8.064714044158082,44.36526833092572],[8.071564225752512,44.36470753352902],[8.072390858216583,44.36461925588165],[8.073515358293351,44.36433173907219],[8.074245775720906,44.364121608115084],[8.076687663604794,44.36168809356212],[8.076959499504852,44.36105765354283],[8.076943085230715,44.356761101777515],[8.077187139163305,44.34693195667739],[8.07809954413581,44.34237486419976],[8.078517106704782,44.34181211899729],[8.078640999591377,44.34164549812198],[8.078952818945018,44.3414094450124],[8.079403386040113,44.34130055150555],[8.079615104826315,44.341324756108435],[8.07482293451153,44.34038126382851],[8.0724669164462,44.34157304305483],[8.065161291635068,44.34900835748818],[8.058501915618157,44.35522414720221],[8.05605634191659,44.356050223578926],[8.054107638107014,44.356673303527444],[8.052817345873388,44.35614944616692],[8.041709623474256,44.3497278061132],[8.034536611640537,44.34339241921552],[8.03368367410039,44.342021269551545]]]},"properties":{"name":"Ceva","op_id":"684","minint_elettorale":"1010270660","minint_finloc":"1010270660","prov_name":"Cuneo","prov_istat_code":"004","prov_istat_code_num":4,"prov_acr":"CN","prov_iso_3166_2":"IT-CN","reg_name":"Piemonte","reg_istat_code":"01","reg_istat_code_num":1,"reg_iso_3166_2":"IT-21","opdm_id":"553","com_catasto_code":"C589","com_istat_code":"004066","com_istat_code_num":4066}},
{"type":"Feature","geometry":{"type":"Polygon","coordinates":[[[7.75626463756458,44.694537246483],[7.757891499529339,44.69430870655374],[7.769073805774781,44.691278560254155],[7.769324667560412,44.68984582476573],[7.769654936506731,44.68776984601963],[7.769752397057262,44.68707771066899],[7.7698482703259355,44.686367562262234],[7.769859372872682,44.685917569174535],[7.769930595286951,44.68573828213359],[7.770039040780037,44.68566346280754],[7.771536526343554,44.6846302807523],[7.774536754859818,44.68310960681455],[7.780672182623134,44.680096497500074],[7.780755584029803,44.68011021284728],[7.780964935164512,44.680144644133115],[7.781079592469635,44.680183387408675],[7.781171277827972,44.680214368370414],[7.78124331954361,44.68025348483793],[7.78177166160256,44.68054036042835],[7.782542790247098,44.68109322278477],[7.783287424878956,44.68173145548071],[7.783321801178544,44.681763920728805],[7.783602983378938,44.68204076133339],[7.783838477657503,44.68228182253492],[7.792981789554525,44.684725978037015],[7.808707210014089,44.6862934675454],[7.815633522170567,44.685946923858076],[7.833332149178471,44.68191601923348],[7.845735913257806,44.67893389387579],[7.859043660205903,44.68030329383372],[7.860674105213847,44.68035484038703],[7.861333170565676,44.680375668443965],[7.867080461093994,44.67651681969021],[7.87910764908094,44.66929407146612],[7.882089292127342,44.668225020769285],[7.886157557094572,44.667058454984854],[7.887135606248766,44.666820044634115],[7.889495914515275,44.66624474017677],[7.889793474583678,44.66676526880719],[7.8901927858380105,44.66816747352341],[7.890207179374081,44.66870419782426],[7.889893054882229,44.66991607543508],[7.889338275538299,44.67067996719407],[7.888546699657726,44.67127985552298],[7.889964806428268,44.675508220237745],[7.890105482803702,44.67569863748832],[7.8926232851232845,44.67822573295975],[7.8933586534877245,44.67886753003068],[7.894407425374326,44.679615880221526],[7.894805774695407,44.679817785659864],[7.895475392820667,44.6799998167731],[7.899086121156063,44.67672630865074],[7.9016540286118335,44.67439243992207],[7.9018173039832496,44.67399339615368],[7.901816267985655,44.6737018382574],[7.90122020949414,44.67314592964736],[7.898887865753282,44.67143552501729],[7.897905304711864,44.66792746810128],[7.898076152811625,44.66440135753145],[7.898664805354776,44.663520296141336],[7.904350060717538,44.65673660033354],[7.906491617225632,44.63667390250149],[7.904267559134903,44.63171371958892],[7.903898755038871,44.62349132236247],[7.904582020140176,44.62179715679141],[7.904381247584393,44.61787008753137],[7.9034105053890915,44.6164131306935],[7.901774177448746,44.614545649881435],[7.901348998473948,44.6143567755284],[7.901264044597438,44.61432018130468],[7.894151676598929,44.611564311111174],[7.893638841419974,44.61145129565154],[7.892142207570792,44.61127926654171],[7.8917907402396725,44.61132985613324],[7.888497089924648,44.61227912387292],[7.886853116647805,44.61287977243647],[7.886084864912092,44.6134484376485],[7.885851620208928,44.61365149969484],[7.885691162245439,44.61379119433001],[7.883913876527153,44.616654754987934],[7.883668496651536,44.618034072159475],[7.878124748291812,44.62324167842187],[7.8766856354386094,44.62405933158416],[7.870014393808251,44.62427351772043],[7.8680193116747965,44.624285268410894],[7.864086482014237,44.624057162033054],[7.8588438292768705,44.622483474527236],[7.858938000888801,44.621301856251605],[7.859123199937549,44.61897982331262],[7.8593388240739,44.61655876570257],[7.859520516804967,44.614518574636804],[7.859935188926018,44.61081820261613],[7.850461976852487,44.60396690472303],[7.8495009914331,44.604119750630616],[7.84824117979497,44.603769469340136],[7.845536338655602,44.60276040263849],[7.839740298364674,44.59906016626645],[7.831235970186091,44.592775235815864],[7.824382660574209,44.58771144248579],[7.822348373879501,44.58633717911248],[7.820583372587375,44.58778637333299],[7.817407799223718,44.591644950996134],[7.817417746222464,44.59174171610896],[7.817416849563369,44.591878856962076],[7.817413746253974,44.59211287022493],[7.8174082353955034,44.592409802519256],[7.8174069683349705,44.5924752558822],[7.8173534726957445,44.592778481843084],[7.817321492882989,44.5929560606676],[7.817309445866777,44.59301195601379],[7.817224756590449,44.59340162890726],[7.817204542504725,44.59345038975914],[7.817188919738741,44.59348795939133],[7.817147383530072,44.59358432177597],[7.816738720957354,44.59426439183557],[7.816620614397924,44.59442534873641],[7.8165221471113115,44.5945592376543],[7.816415713955601,44.594703124064615],[7.816249720020217,44.59492733300482],[7.81622117139631,44.59496566515855],[7.815122999182909,44.59633170469224],[7.814837382072706,44.59665682923742],[7.810607199187842,44.60086701055468],[7.808596850943264,44.60259267158056],[7.808517003208165,44.60254668273217],[7.807336330361559,44.601841180420706],[7.806089478258653,44.60117546371352],[7.804063433545289,44.60012295096963],[7.803019836980415,44.60011255079329],[7.798816659467996,44.60094164642679],[7.797600951873047,44.601234944601934],[7.795702299846763,44.6017055678691],[7.790423351895134,44.605520829848544],[7.788515752115118,44.60699951875165],[7.789727546892209,44.61353913816276],[7.790382249103729,44.61785824983964],[7.793364257444469,44.62166632941897],[7.79966270611974,44.6254777176265],[7.800140916586089,44.625613278468],[7.801111764424616,44.62602407429455],[7.801858185897338,44.62639199615453],[7.802388721463248,44.62670365319563],[7.807066751437656,44.63012851630201],[7.807646809485973,44.63081427452301],[7.808517936099105,44.63210170956979],[7.811879415556338,44.63746614202065],[7.811296942117118,44.64327636659104],[7.8098470209694755,44.64407974417094],[7.808384591059619,44.64483419644796],[7.806879510016659,44.64555217712255],[7.8057800489470495,44.64607184133165],[7.801822816269008,44.6479334517606],[7.800594636397423,44.64849307152607],[7.798997846446725,44.64907952903671],[7.797499997559184,44.64945536467172],[7.795110754850375,44.64996132759314],[7.792838268292272,44.65036493395452],[7.789486198481217,44.65070314658103],[7.7894063301942875,44.650711203330275],[7.783669339362095,44.65095633044447],[7.782924703556894,44.650925884990194],[7.775869265384262,44.646856609279226],[7.770280343011863,44.64343997145638],[7.767892953376409,44.63438850935],[7.767070457931392,44.63186427123169],[7.7666956881045195,44.631198540189956],[7.764677661828236,44.62764656473678],[7.7631982062651765,44.62738603508443],[7.75771289110294,44.62758526337812],[7.754070020880296,44.62782961711153],[7.751810736456104,44.628181427365114],[7.7505604441627804,44.62840208255631],[7.749730072287307,44.62862842161472],[7.749628285429462,44.6287852656099],[7.749300715673731,44.63120898869392],[7.749884559465623,44.63370744860231],[7.752922686680105,44.63759343734703],[7.755363279610078,44.641158278286795],[7.756904017555185,44.64392280274411],[7.757977874790034,44.64761445312031],[7.761371633577385,44.65321029009515],[7.765762812547066,44.657394749953845],[7.76618622925234,44.657673008826414],[7.766537224059897,44.65792042381841],[7.766700850429333,44.658066238274614],[7.766843118582786,44.65819830918682],[7.766867277296737,44.65824807088846],[7.766889177862117,44.65829333128663],[7.766928673890462,44.65840177895292],[7.767307701231543,44.66095331793639],[7.76740344008085,44.66193118850788],[7.767389705403178,44.662142822518156],[7.767310491861513,44.66232431804723],[7.767293530754452,44.66236206850829],[7.767105311062353,44.66273357989212],[7.76704424400263,44.66280949975305],[7.764405959365794,44.66556766768151],[7.761076521464163,44.66789026995151],[7.7605289952607555,44.67268676089014],[7.760491307314973,44.6774351910141],[7.758667283418622,44.68319475827898],[7.757444482037112,44.686827404628715],[7.755800659348757,44.69123866510513],[7.75626463756458,44.694537246483]]]},"properties":{"name":"Cherasco","op_id":"685","minint_elettorale":"1010270670","minint_finloc":"1010270670","prov_name":"Cuneo","prov_istat_code":"004","prov_istat_code_num":4,"prov_acr":"CN","prov_iso_3166_2":"IT-CN","reg_name":"Piemonte","reg_istat_code":"01","reg_istat_code_num":1,"reg_iso_3166_2":"IT-21","opdm_id":"554","com_catasto_code":"C599","com_istat_code":"004067","com_istat_code_num":4067}},
{"type":"Feature","geometry":{"type":"Polygon","coordinates":[[[7.657824032693863,44.33743944494936],[7.6637109953673495,44.34161827965627],[7.670195714464167,44.34937788653571],[7.6737662732013865,44.35877338259011],[7.678415962503991,44.369792707075405],[7.680611892251583,44.37330667431607],[7.6812102613934226,44.37584785496419],[7.682971240957265,44.37522396683894],[7.683010719143226,44.374761262730225],[7.683027883803515,44.37457240058367],[7.683656010625689,44.37334178282316],[7.683744975889717,44.37321248366276],[7.684006316325578,44.372832661222446],[7.684328125048815,44.372440246553346],[7.684613533154538,44.37209692296025],[7.684836350424868,44.37182963089909],[7.68501024510404,44.37166941606006],[7.685165652300053,44.37152713338539],[7.68652781184842,44.37056198218969],[7.686571547473193,44.370531329857954],[7.68695395270701,44.37026389179303],[7.702505190796759,44.35724895877187],[7.705772589744335,44.35398927536671],[7.707380565549427,44.35146132653604],[7.7076114531848585,44.351082563241505],[7.707688581003275,44.35095165067025],[7.710994236812228,44.343548155658226],[7.713096875603438,44.33757598026008],[7.712556799410331,44.335260663969684],[7.712142105668664,44.33504441351839],[7.711990371285673,44.33490316520751],[7.71179259917669,44.33466234906037],[7.711718166133944,44.334517472601824],[7.711661447884744,44.334314255310765],[7.7116261186439665,44.33415630559835],[7.7116195602061,44.33400769596302],[7.711997900937249,44.330996017938084],[7.712381987216781,44.32991117166019],[7.7123963266611275,44.32988487911238],[7.712756426652198,44.329226754712046],[7.712788747136475,44.329200201121424],[7.71331569310177,44.32878530673048],[7.713973908273365,44.328267716926355],[7.714007648450611,44.32824737299006],[7.71568145820419,44.32725851552247],[7.715774229663319,44.3240208230502],[7.712750114144894,44.31958825663051],[7.7127280061318295,44.31956483656896],[7.7126214724217546,44.31945446874411],[7.712321045478087,44.31915189691447],[7.71185976915471,44.31877758703847],[7.709667704584167,44.31727188085349],[7.708798461158869,44.31668586547691],[7.708670848953547,44.31664389501146],[7.70826595706022,44.31657629570572],[7.708030516286875,44.31653762260136],[7.707981892238272,44.31653032573648],[7.707770015307962,44.316498667272356],[7.707509188390189,44.31647320308333],[7.707137997562183,44.31649178557945],[7.7001203118527695,44.310082829316386],[7.691529901664501,44.296300322946976],[7.68786051046737,44.2912571117193],[7.683215853174282,44.28866030336839],[7.683377566697474,44.284453874235155],[7.688576837912387,44.274392022996174],[7.691933481893173,44.26871093758842],[7.692134189950916,44.268393271401166],[7.694072060527871,44.26575964088252],[7.694114239534402,44.265714625459275],[7.694471370171054,44.26533686646172],[7.6947250048985145,44.26509217762247],[7.695021896790813,44.26485698188433],[7.69545124569687,44.264533835268004],[7.696075996900158,44.26407201518807],[7.7022294029490554,44.255422979223866],[7.7035200864954545,44.24499868478778],[7.706303647065236,44.23909556989803],[7.70681717946541,44.235402857730485],[7.707013629604167,44.23098910647932],[7.705136202456158,44.22731266335235],[7.702237476126019,44.220023277892075],[7.706783195449299,44.21343961059499],[7.707934060962706,44.21172015647328],[7.707969988300378,44.211665772666],[7.708016116509876,44.21153579619545],[7.708020997950845,44.21149653843818],[7.708054603862068,44.21118495454487],[7.70805796712151,44.21115375900141],[7.708041985484338,44.21089840941333],[7.708033478945084,44.210770851673416],[7.7079367409661295,44.210418638830646],[7.707644044928673,44.20969059417263],[7.7075120835296085,44.209427996373925],[7.707059763763631,44.20861261055968],[7.705883359490897,44.20662311341937],[7.700636332873221,44.197443449123995],[7.700130465542634,44.191943509929956],[7.700238010581412,44.187936198249496],[7.701506636990907,44.180982237268054],[7.703729313150893,44.17591174193499],[7.703823523939785,44.17493146728224],[7.703626619526166,44.17397939894019],[7.703380324963338,44.17342741932803],[7.703334041163437,44.17336386906705],[7.703115053261217,44.17315447216215],[7.703082644897705,44.17312660132594],[7.702998289244218,44.17305846188289],[7.702865539570689,44.1729624212026],[7.702504740658292,44.17285477345439],[7.701856591378638,44.172742676193714],[7.701688343636595,44.172713955218676],[7.699358848612653,44.17268847083385],[7.698387466480108,44.17272188860425],[7.694922521807743,44.173182554243596],[7.6942848824136965,44.17375628079944],[7.692210510616576,44.17429041587893],[7.686339981049716,44.17414642847204],[7.684645244835607,44.173915447034695],[7.673415960819247,44.17729229164671],[7.6715704059458565,44.17788149036937],[7.6634651478231115,44.18401861248753],[7.6632906997099255,44.18416062860678],[7.661856453450142,44.186309080848005],[7.661392786935057,44.187532560315],[7.661384048604511,44.18769451171137],[7.661590717256877,44.18887633749379],[7.65332492853459,44.192493904650846],[7.639886166797072,44.19214913916687],[7.63950796855316,44.19214448015118],[7.638450721736921,44.192131657118544],[7.636922959750747,44.19211381433124],[7.636632217823072,44.192214387166295],[7.63647966350693,44.19226715929672],[7.636344296548063,44.19231398728456],[7.633644740807928,44.193313891123466],[7.633319880935713,44.193538258999524],[7.633059797013943,44.19380783971095],[7.625161428579335,44.195947691626074],[7.6237229900746,44.19958110457825],[7.6212949639597145,44.213471062577796],[7.621786067942916,44.22035475701913],[7.615685182805842,44.22682165606146],[7.608832411619987,44.23706761724505],[7.603365476514578,44.24020317755195],[7.611425553763981,44.242525203224496],[7.62226620992145,44.24565446982733],[7.632467277986445,44.251079823591816],[7.640798434404876,44.25787298158066],[7.644319492298594,44.26435644728585],[7.650270742531049,44.278714619213176],[7.654470888311358,44.290526485524616],[7.658012067009223,44.30633223734893],[7.656577909495278,44.31726288739484],[7.654333766595492,44.324546809402605],[7.652047011017785,44.33198770654916],[7.65258794382628,44.33436634758304],[7.657824032693863,44.33743944494936]]]},"properties":{"name":"Chiusa di Pesio","op_id":"686","minint_elettorale":"1010270680","minint_finloc":"1010270680","prov_name":"Cuneo","prov_istat_code":"004","prov_istat_code_num":4,"prov_acr":"CN","prov_iso_3166_2":"IT-CN","reg_name":"Piemonte","reg_istat_code":"01","reg_istat_code_num":1,"reg_iso_3166_2":"IT-21","opdm_id":"555","com_catasto_code":"C653","com_istat_code":"004068","com_istat_code_num":4068}},
{"type":"Feature","geometry":{"type":"Polygon","coordinates":[[[7.897960766591024,44.42925372324108],[7.902890385827549,44.43036802768909],[7.908078183372965,44.432956504536655],[7.916261096194256,44.43721173371065],[7.916620383426883,44.4374447098739],[7.920006076118826,44.43967792430434],[7.920491580186372,44.44001112847275],[7.920907396037636,44.4403751602503],[7.921342489154314,44.44080239561397],[7.921707979759645,44.441192960146914],[7.922319604164907,44.442121515139696],[7.922584328175704,44.44252464175783],[7.923001350095638,44.443444949606835],[7.923561090233367,44.44472149755683],[7.923711794488669,44.44556016758462],[7.923662841047142,44.44602476417861],[7.927380217802231,44.45311192717747],[7.930906090843897,44.454923025087496],[7.931599684833105,44.45557320656641],[7.93173735169876,44.455726002640624],[7.931921427901213,44.455936318157505],[7.932180137131011,44.45637537460375],[7.933056829136734,44.45820209570815],[7.933146056305325,44.458446062086345],[7.933245669882966,44.458798044086976],[7.933321113475898,44.459163349377725],[7.933287887712473,44.461035635296525],[7.936364750038044,44.459875988372225],[7.93629033702908,44.45983925911179],[7.935775340160379,44.45940682256102],[7.9355201126176595,44.458842031279474],[7.934968421488433,44.45761675646014],[7.934846830578008,44.457066461708955],[7.934853376454315,44.45670642067263],[7.935449912142561,44.45282282994738],[7.936265405549107,44.44892326037552],[7.938245218805467,44.4468028514566],[7.942167275118992,44.440281468908694],[7.942577511437768,44.43397436757394],[7.944077892487273,44.43043666637609],[7.94387033311289,44.4305157543417],[7.943586606431677,44.43061666151144],[7.942893185638329,44.430772312783674],[7.942211914323141,44.43079751383463],[7.941569024517367,44.430742034170926],[7.93748886949816,44.43001608988227],[7.936918448860567,44.42989129747987],[7.93542740852277,44.42913197990897],[7.9348852502632266,44.42863178373917],[7.934601724615394,44.428354547568524],[7.93421256923315,44.42795010035958],[7.934181188437587,44.42788593625418],[7.934093119439311,44.427700158135245],[7.932004559145947,44.42436910097002],[7.928746049134336,44.42119210514818],[7.92810535824392,44.420621954376195],[7.927517017293578,44.420221777573744],[7.927044114129892,44.42006430420919],[7.926628089507572,44.42006039413446],[7.926230756900411,44.42012867716614],[7.925915483976503,44.420346281446946],[7.9258209134081925,44.42057945696553],[7.925810483611267,44.42096023262094],[7.925845960817704,44.42129090545874],[7.925345658487849,44.4276646538078],[7.925307587741809,44.42802889720684],[7.925143466114774,44.42841446942547],[7.924872030344621,44.42889356057226],[7.924550294385068,44.429246139142165],[7.923926211043776,44.4296858928111],[7.923345923104279,44.429792966889174],[7.921365882049488,44.42971126407262],[7.920836568537741,44.429544214347295],[7.909293838038578,44.425693918946116],[7.902431071280469,44.42545710904116],[7.897960766591024,44.42925372324108]]]},"properties":{"name":"Cigliè","op_id":"687","minint_elettorale":"1010270690","minint_finloc":"1010270690","prov_name":"Cuneo","prov_istat_code":"004","prov_istat_code_num":4,"prov_acr":"CN","prov_iso_3166_2":"IT-CN","reg_name":"Piemonte","reg_istat_code":"01","reg_istat_code_num":1,"reg_iso_3166_2":"IT-21","opdm_id":"556","com_catasto_code":"C681","com_istat_code":"004069","com_istat_code_num":4069}},
{"type":"Feature","geometry":{"type":"Polygon","coordinates":[[[8.042116475486688,44.553313763134476],[8.03989372632184,44.55368220244474],[8.033729104453295,44.554587836076685],[8.032391178560918,44.55464517282863],[8.029705004672035,44.554671879437294],[8.02744460992083,44.55457613554355],[8.014718471771669,44.55255850174818],[8.00793151250167,44.550802766876295],[8.007451418773742,44.55252258232117],[8.006366487861795,44.55542547241754],[8.005252030072297,44.55802199603417],[8.011649245467265,44.562529317537845],[8.020544000492809,44.56870515181195],[8.029922734531624,44.57509596171938],[8.031549461241333,44.57571293454608],[8.036027738239376,44.57666908044583],[8.036263549077376,44.57666657116804],[8.036545113765715,44.57666034853532],[8.038028125668198,44.57633034979867],[8.040649339784954,44.57502451981572],[8.042175007366273,44.57420459533553],[8.044107240837036,44.573068463313795],[8.044555391795132,44.57259507933699],[8.04500424428178,44.57210370056174],[8.045636243151174,44.57114571891903],[8.045978715435728,44.57039686083778],[8.046195830792387,44.56984952376063],[8.04776093988345,44.56524880266512],[8.047834208703694,44.56442568152423],[8.047838243398484,44.56405662043459],[8.047821107081216,44.563538816553795],[8.047796348746065,44.56283019302682],[8.047756580965734,44.561994350964426],[8.04463117234646,44.554311591897076],[8.042660282426548,44.553453355895314],[8.042116475486688,44.553313763134476]]]},"properties":{"name":"Cissone","op_id":"688","minint_elettorale":"1010270700","minint_finloc":"1010270700","prov_name":"Cuneo","prov_istat_code":"004","prov_istat_code_num":4,"prov_acr":"CN","prov_iso_3166_2":"IT-CN","reg_name":"Piemonte","reg_istat_code":"01","reg_istat_code_num":1,"reg_iso_3166_2":"IT-21","opdm_id":"557","com_catasto_code":"C738","com_istat_code":"004070","com_istat_code_num":4070}},
{"type":"Feature","geometry":{"type":"Polygon","coordinates":[[[7.933287887712473,44.461035635296525],[7.933245197666532,44.461224310470534],[7.932248281321396,44.461629118027645],[7.93144061719683,44.46180160370097],[7.929030321020698,44.46191853494965],[7.920216598797498,44.46227220606396],[7.919798792385697,44.462268185745714],[7.919182216346093,44.462167893677844],[7.918658449317423,44.46204591438296],[7.9181609329157085,44.461928660217204],[7.914860828950916,44.461118625771505],[7.913876999390807,44.460515091347915],[7.9100555063626246,44.45781839504344],[7.908050692398003,44.45606622861426],[7.907912069609811,44.455664275144315],[7.907890696036553,44.455623239664114],[7.9077611389984765,44.45537474541676],[7.906606992438735,44.4546029903488],[7.905818845874547,44.45413179825368],[7.905375308448541,44.453934265973096],[7.905219731446573,44.45386498125348],[7.904797221325694,44.45368988599771],[7.904298914203456,44.45363617630698],[7.903907788982556,44.453636326753255],[7.902816431719342,44.45377439815233],[7.902488412386129,44.45392429776112],[7.900145547212241,44.45718321713525],[7.900038232273603,44.45733523487891],[7.899740860847932,44.45815162165594],[7.8998792380292615,44.45881463882974],[7.900414732453963,44.45958502685574],[7.90054718197787,44.45974834698745],[7.901108315639482,44.46030290893438],[7.903187198563258,44.46399149178883],[7.902864185746053,44.46577992103596],[7.901663707295978,44.46803705572711],[7.901341943488669,44.46824551248252],[7.90031910834675,44.46875783401796],[7.899789781465405,44.468910286456584],[7.899012816907336,44.468938759342734],[7.8985017210034725,44.46885279739962],[7.898003379309354,44.46875797871091],[7.895524359037133,44.46817135562171],[7.895082870644225,44.4680005417398],[7.893924592846557,44.46497348462248],[7.893962926088404,44.464523704456305],[7.894020026510765,44.46410113851951],[7.894201093660492,44.463882526352826],[7.8942603859936575,44.46382004253553],[7.894450962264649,44.463223019733796],[7.894203769984347,44.4632701326364],[7.890397664034136,44.464961728339105],[7.889860945541501,44.46523559551186],[7.8896212427065775,44.46540430645065],[7.88948821391086,44.46568660645037],[7.88913496563152,44.467429694786624],[7.890168241070583,44.46789791874557],[7.898638363516222,44.47290982491331],[7.89995634530631,44.474029863936494],[7.900339587687376,44.47495468485338],[7.900405311459093,44.475246950147074],[7.899714305960024,44.476372717775305],[7.89876468301955,44.476890210601326],[7.8974613728193495,44.47734578272154],[7.897185407754417,44.47747519532354],[7.896643133170892,44.47772949610662],[7.896212080668513,44.477945889340496],[7.895448273782161,44.47833011929741],[7.89447366069825,44.47907908341811],[7.894448339058367,44.479103679496525],[7.894366289551747,44.47992211900221],[7.895669755011219,44.48514726380713],[7.897046038219382,44.489670882630215],[7.89786190898323,44.49174039841956],[7.897278368255761,44.49661870794192],[7.897592269541726,44.49708538338341],[7.898208571283965,44.49793752168626],[7.8986733792313775,44.498072543135486],[7.907712699848567,44.497857805086774],[7.9098830572912435,44.497738964872724],[7.910745155505531,44.49745910725269],[7.911555944246297,44.49704372362616],[7.913939845896405,44.49482930183174],[7.9211106807224665,44.49332725551966],[7.928476031793972,44.49361172074132],[7.943482445995893,44.49523822714998],[7.943750436986665,44.493880048224774],[7.944360737623492,44.49212117989646],[7.944537833770842,44.49178070956136],[7.945982918157597,44.48984498383872],[7.9466982394193115,44.48896933536344],[7.94764538289694,44.48815748629956],[7.94767690967758,44.48813257102083],[7.952759674440586,44.48574360898336],[7.953309585113686,44.48560461764142],[7.955650608588609,44.485824088922364],[7.956194619473512,44.48599560708262],[7.957206766693094,44.486513504706075],[7.957634710681867,44.48706656952243],[7.961654148537777,44.48716167520815],[7.9642993982151,44.48507908829056],[7.9698611616840624,44.48252313540055],[7.965587223688188,44.47990075104254],[7.9641798441716265,44.48006803695743],[7.962974826448509,44.480124638002664],[7.961427652541008,44.48008241100111],[7.959468831748706,44.4795750796201],[7.9584318448656255,44.478640181294914],[7.956970575040385,44.47647329073228],[7.956263875898304,44.47532360597254],[7.956101780412038,44.47489448587059],[7.956087814223225,44.47475031365535],[7.955647443383816,44.47498935762215],[7.955183472580709,44.475205683459485],[7.954962581782623,44.475298191064915],[7.954478041257061,44.47543328954783],[7.953841823295501,44.475458972939926],[7.953807962966575,44.475447332832736],[7.95283570117208,44.47509864848161],[7.952671871817667,44.47496660844432],[7.952368877238316,44.47466224793073],[7.951630572276561,44.47387225082131],[7.951523238028499,44.47370020281196],[7.951047647965864,44.47289909668031],[7.950398183002799,44.4707615760389],[7.950379777811132,44.468904673643415],[7.949818622503689,44.4644387685768],[7.9497032198617035,44.464280160216525],[7.94918681378122,44.4637442696117],[7.949035449512721,44.463617118364795],[7.945911374253866,44.46313345331696],[7.945276596486596,44.46315765563681],[7.9424876324344424,44.46438018274892],[7.9364566487526425,44.464000321149264],[7.936364750038044,44.459875988372225],[7.933287887712473,44.461035635296525]]]},"properties":{"name":"Clavesana","op_id":"689","minint_elettorale":"1010270710","minint_finloc":"1010270710","prov_name":"Cuneo","prov_istat_code":"004","prov_istat_code_num":4,"prov_acr":"CN","prov_iso_3166_2":"IT-CN","reg_name":"Piemonte","reg_istat_code":"01","reg_istat_code_num":1,"reg_iso_3166_2":"IT-21","opdm_id":"558","com_catasto_code":"C792","com_istat_code":"004071","com_istat_code_num":4071}},
{"type":"Feature","geometry":{"type":"Polygon","coordinates":[[[7.977448142341308,44.7214942323749],[7.968574725668749,44.719537456649455],[7.9683475868619205,44.721463215559325],[7.96708684717111,44.72241824026071],[7.9546533870512475,44.72501930650737],[7.9456152235205195,44.72652060974152],[7.941471472941441,44.726446267911285],[7.938055655399867,44.72480764998393],[7.937937515510954,44.72449147009938],[7.9371126282192055,44.72404718603708],[7.936909959364023,44.72394413651914],[7.936777878023697,44.723877490390244],[7.936335441569692,44.72388238694687],[7.93413745290182,44.72414545584925],[7.933500706631486,44.72425112466296],[7.9329048784729945,44.72435000192099],[7.931644368974752,44.72485134532617],[7.931022276669788,44.72516060479143],[7.9305083661989615,44.72565992419959],[7.928311611341704,44.7282004848202],[7.935638478001994,44.73550681891354],[7.939031593693878,44.74712913619908],[7.9412732113746465,44.747104597043595],[7.9510528015839625,44.747946536499775],[7.956589794935733,44.74878792662572],[7.960790642692329,44.74934989626589],[7.962494130879243,44.74932487541255],[7.9673911549525185,44.74827100152853],[7.977303564871238,44.74699130709376],[7.991583416427241,44.74594853617782],[7.994643549102181,44.74603853412029],[7.995930256544,44.746049854757246],[7.996452385083684,44.74585190040337],[8.00037072337037,44.74406331531014],[8.002562015893902,44.74121414600783],[8.002134971670129,44.73641333683663],[7.998708621117709,44.734245308026836],[7.997831191305444,44.73397655076189],[7.994039661302588,44.733857686386614],[7.991947808749238,44.73418133134952],[7.9898759839219435,44.73507674427754],[7.986326530283232,44.736698479317326],[7.985554473087645,44.73769263370402],[7.98559603668122,44.73776648081491],[7.985618082227757,44.73815377219022],[7.9855488712073734,44.738679799752646],[7.985356075022863,44.73934425805501],[7.98402734467543,44.74063775611064],[7.982635546702197,44.74192169854329],[7.98001749415552,44.74379780314544],[7.979835384710571,44.74385019662726],[7.977723416716205,44.74388083702889],[7.977182974683554,44.7437724656748],[7.9754784099401,44.74259139083184],[7.9730719680560505,44.74090886922126],[7.971445658954477,44.73904427870344],[7.971162357835071,44.73871149439006],[7.971100082302476,44.73856403246275],[7.971037617407907,44.73841494477205],[7.970983188041822,44.738234401506425],[7.968987138312938,44.73070849995144],[7.968976049713479,44.73065678223597],[7.968922889163712,44.730392855152346],[7.969721383172574,44.72863865800791],[7.970306773741138,44.72773166226846],[7.972551559949256,44.7243580270385],[7.973233699654048,44.72345371712472],[7.975159666020512,44.72177980838867],[7.975420545754156,44.721597597523406],[7.975805542165132,44.72153151243715],[7.976043504914535,44.72149066738575],[7.976617471699882,44.72145502824579],[7.977035189371932,44.7214410380756],[7.9772568970869555,44.721469523231704],[7.977448142341308,44.7214942323749]]]},"properties":{"name":"Corneliano d'Alba","op_id":"690","minint_elettorale":"1010270720","minint_finloc":"1010270720","prov_name":"Cuneo","prov_istat_code":"004","prov_istat_code_num":4,"prov_acr":"CN","prov_iso_3166_2":"IT-CN","reg_name":"Piemonte","reg_istat_code":"01","reg_istat_code_num":1,"reg_iso_3166_2":"IT-21","opdm_id":"559","com_catasto_code":"D022","com_istat_code":"004072","com_istat_code_num":4072}},
{"type":"Feature","geometry":{"type":"Polygon","coordinates":[[[8.18793625263635,44.55355699280626],[8.186299160268888,44.55341576770712],[8.182297866045085,44.55348974252227],[8.177936723482432,44.556127679172164],[8.173006272361855,44.56039980880079],[8.172178156756768,44.561023993479374],[8.171942190665625,44.56118291813684],[8.171621156516132,44.56139804254793],[8.171224024159912,44.56154370610092],[8.170307837935153,44.56157756013181],[8.169277090737626,44.56153405682387],[8.168820196000137,44.56427200890417],[8.168063803375581,44.56756142630629],[8.167354660834281,44.5683350215192],[8.167040488345933,44.56867028280582],[8.162587746968667,44.57221620487062],[8.162116463872316,44.5725655902468],[8.16199622381894,44.57265299640393],[8.156294016541588,44.57583883585623],[8.150315737385487,44.57796821054709],[8.145424196839828,44.5813346514404],[8.142645200222107,44.58360495752931],[8.147798654556425,44.58723103239512],[8.154635769651183,44.5933022249368],[8.158002084024165,44.59600313034042],[8.160239294562729,44.597477989793084],[8.162413701119007,44.59713835440313],[8.163419778343949,44.5975029389961],[8.165497883681969,44.59956009345076],[8.166348380970025,44.60059033726732],[8.16724015542495,44.60174691026637],[8.175593842178575,44.60607918928562],[8.179364862814172,44.607704288050506],[8.18775020093802,44.6102039162074],[8.189349511334527,44.61038987386987],[8.19074976459805,44.610108168551896],[8.19323093792316,44.60945054050503],[8.193975657350771,44.6091947327375],[8.194456387719349,44.608990102176],[8.194672028288577,44.608875558746455],[8.194758914637477,44.60871410870964],[8.197655628861456,44.60175308905005],[8.196261817500474,44.59520299786693],[8.196419998128288,44.593898762127964],[8.19910748154216,44.59152734245618],[8.201933552928546,44.58962072912577],[8.205852668041206,44.588531769405044],[8.206717330965752,44.588299984959264],[8.209129540705346,44.58772225480118],[8.210817640481139,44.5874048228381],[8.21142195176277,44.587521537320775],[8.215842054354573,44.5870883209908],[8.220114136217147,44.586005778399446],[8.221694708139463,44.584531139436926],[8.227558929489971,44.5783007279584],[8.22862496279139,44.57730865735049],[8.2293873471718,44.5768051599598],[8.23026509596116,44.57638796408144],[8.231321039629524,44.57606196876392],[8.235660572151618,44.57497478051827],[8.23905998661436,44.573831644815066],[8.23973886598979,44.57356609648747],[8.240272236159207,44.57292596967354],[8.240474177399523,44.57266358016821],[8.240718253591917,44.57234375751749],[8.241145053781452,44.571756937080956],[8.24131813850829,44.57121690338843],[8.241447307206244,44.57058739351119],[8.241481682554802,44.56981043326095],[8.241482755844538,44.569764095930886],[8.241454058679576,44.569572000613505],[8.241399911055469,44.569228930154246],[8.240916786946133,44.56812741768386],[8.240226939353507,44.56718655308268],[8.236455376761816,44.563384833931075],[8.236108785998935,44.56307408609234],[8.236053157334679,44.56302654484899],[8.234019165225753,44.56205755556867],[8.233084407755756,44.561641541336186],[8.232709962712427,44.56166290749684],[8.232631571122626,44.561667402458625],[8.232301565653634,44.56168632637107],[8.230841484014311,44.562194868006024],[8.221744700008319,44.564442406342614],[8.220808894342785,44.564616042466895],[8.21975838938696,44.564806921380395],[8.218529694702413,44.56499207378346],[8.217633233019908,44.56508046346762],[8.216936389877263,44.565102699069584],[8.216268792947295,44.5650446883771],[8.216105416702634,44.56498366199967],[8.216002017308497,44.56494503238103],[8.215935612814176,44.56491995799941],[8.215839705491604,44.564867900973326],[8.215527496713984,44.564697746722416],[8.21462000395452,44.56402448434618],[8.214041243258318,44.56345378536615],[8.212728650840884,44.561904889648574],[8.211260963488716,44.56041384930928],[8.208677579339945,44.559130211791334],[8.206058662157318,44.55840146773064],[8.204165453962032,44.5581859877987],[8.201799090187802,44.558016450832284],[8.193865127942578,44.55791569399679],[8.191288236080535,44.55812699106897],[8.189705930161598,44.55617130489584],[8.18793625263635,44.55355699280626]]]},"properties":{"name":"Cortemilia","op_id":"691","minint_elettorale":"1010270730","minint_finloc":"1010270730","prov_name":"Cuneo","prov_istat_code":"004","prov_istat_code_num":4,"prov_acr":"CN","prov_iso_3166_2":"IT-CN","reg_name":"Piemonte","reg_istat_code":"01","reg_istat_code_num":1,"reg_iso_3166_2":"IT-21","opdm_id":"560","com_catasto_code":"D062","com_istat_code":"004073","com_istat_code_num":4073}},
{"type":"Feature","geometry":{"type":"Polygon","coordinates":[[[8.223391006611308,44.673062767176575],[8.223286566389751,44.66993371301527],[8.224211787522416,44.66608143021769],[8.223712201867452,44.65937214019742],[8.222923794389759,44.65893570385889],[8.2216028683979,44.65791107266501],[8.22058377232358,44.657051745040306],[8.219637069196686,44.65613155292631],[8.219194648526038,44.65532281863795],[8.21807613929116,44.652884517996846],[8.218082731498162,44.65239393957117],[8.21809907598864,44.65148851948041],[8.211641804990089,44.64815844412512],[8.20442212746831,44.63921496468749],[8.20438228014451,44.63533877625524],[8.19737593757039,44.631768622901774],[8.19705495984209,44.63167180078614],[8.19332005599243,44.63376225688108],[8.191198594732533,44.635025596263816],[8.187108807900504,44.638079913139144],[8.184977904719636,44.64149416802579],[8.175701867201628,44.64646041436414],[8.17223750059444,44.646849468509835],[8.169538970665162,44.64758608214487],[8.169047171531094,44.647722034117436],[8.168726243622121,44.6481473069319],[8.168426401691724,44.64866727629431],[8.167513373537433,44.651856456231585],[8.16712273025693,44.65255130524285],[8.16328895975153,44.657141504650966],[8.166593135913976,44.669791492680154],[8.167761568456195,44.67908733000789],[8.174536481444227,44.68162876805809],[8.18616556986655,44.68882238027615],[8.188898551600182,44.6897167487107],[8.194226928705195,44.68863367678488],[8.194764293055165,44.6885294470975],[8.195512968948703,44.68842706734276],[8.200557125775303,44.688097519789764],[8.203843407778121,44.688782161625426],[8.209121181555592,44.68686982160535],[8.21336864171494,44.681632793449516],[8.220065433789228,44.67515651274305],[8.223391006611308,44.673062767176575]]]},"properties":{"name":"Cossano Belbo","op_id":"692","minint_elettorale":"1010270740","minint_finloc":"1010270740","prov_name":"Cuneo","prov_istat_code":"004","prov_istat_code_num":4,"prov_acr":"CN","prov_iso_3166_2":"IT-CN","reg_name":"Piemonte","reg_istat_code":"01","reg_istat_code_num":1,"reg_iso_3166_2":"IT-21","opdm_id":"561","com_catasto_code":"D093","com_istat_code":"004074","com_istat_code_num":4074}},
{"type":"Feature","geometry":{"type":"Polygon","coordinates":[[[7.510563898354605,44.55134490055878],[7.507913826867606,44.55200350765294],[7.501682475818242,44.55295719336392],[7.501581681904789,44.552960372048624],[7.501292080674892,44.55296107363022],[7.498170553237151,44.552929073803725],[7.497201426282448,44.55291632352434],[7.496119040905585,44.552902073437636],[7.492607558671119,44.55285577163945],[7.4921426120135655,44.55282263421151],[7.491031321113937,44.55149362126726],[7.490714343532413,44.55109331026601],[7.490255166414593,44.5503490336363],[7.489280452480221,44.548121525768956],[7.488789382277703,44.546665628061824],[7.488547956622203,44.54626630970369],[7.487302154880993,44.54441400698668],[7.4867815106078694,44.54399228980836],[7.485737467409001,44.54329426484879],[7.481967199529528,44.54178578597799],[7.478431293801063,44.541251402179824],[7.478010978719436,44.5411962089597],[7.477753886656661,44.54116306257274],[7.477216320627418,44.541119888209856],[7.47706303811758,44.54110831292154],[7.475190158538835,44.541488439284116],[7.4720983175383,44.542194312510354],[7.470694291100874,44.542526599489165],[7.470313469557701,44.54264753578219],[7.469767604051808,44.54289337850039],[7.469317671551395,44.54311191777654],[7.469262908387569,44.54313884503616],[7.469230076552036,44.5431551011173],[7.46584473414325,44.54408197051349],[7.4635390942451725,44.544636127722875],[7.460832376209722,44.54464468178331],[7.45629489750928,44.54247682916079],[7.4537854383756565,44.54121853756949],[7.453143056558892,44.54075971554972],[7.452484679300758,44.54090384167503],[7.452239171595603,44.54114357167109],[7.45080505770215,44.54348279084998],[7.450671339564089,44.543778054928744],[7.450563093311509,44.548331874275306],[7.449796952943698,44.55347991063635],[7.4495512860860105,44.55467392686923],[7.451610640636199,44.55488193745809],[7.453795380744057,44.55510959325052],[7.458838226862412,44.556469628519665],[7.45918611841905,44.556566006540066],[7.460412722225952,44.55690581230358],[7.460904960056251,44.557042172490654],[7.463314972291028,44.55774530104221],[7.463725180623151,44.5579758823375],[7.473087673871838,44.56749559637312],[7.478081194914568,44.57238759077445],[7.480193925598628,44.57364004941056],[7.485040779118077,44.576144108298614],[7.486993035758142,44.57711526205709],[7.487317361837211,44.57723657859101],[7.488479849518896,44.57756731739897],[7.4888059263659805,44.57763439723616],[7.489247324122031,44.57761322678085],[7.496505830979101,44.578469744874184],[7.513293119729007,44.582508738164705],[7.5191149385249645,44.58342399191415],[7.523928113633866,44.583873417420044],[7.525411132117107,44.582900846079994],[7.526008410361071,44.58106000020139],[7.526589027281614,44.58007290347355],[7.5268983988608404,44.57953859777929],[7.527049353921539,44.57927756096785],[7.526054523777395,44.57406550013912],[7.5230079536243,44.565740181370785],[7.5229709631325115,44.56567961528799],[7.5217494253350985,44.56534845282237],[7.521610239320743,44.56531244833257],[7.521553889601582,44.56529793223547],[7.518790937098303,44.5647662266087],[7.516582429729615,44.56437156702557],[7.512562034156823,44.55707853899444],[7.510563898354605,44.55134490055878]]]},"properties":{"name":"Costigliole Saluzzo","op_id":"693","minint_elettorale":"1010270750","minint_finloc":"1010270750","prov_name":"Cuneo","prov_istat_code":"004","prov_istat_code_num":4,"prov_acr":"CN","prov_iso_3166_2":"IT-CN","reg_name":"Piemonte","reg_istat_code":"01","reg_istat_code_num":1,"reg_iso_3166_2":"IT-21","opdm_id":"562","com_catasto_code":"D120","com_istat_code":"004075","com_istat_code_num":4075}},
{"type":"Feature","geometry":{"type":"Polygon","coordinates":[[[8.11150530848383,44.57606140961752],[8.114765971343388,44.57846789012142],[8.122163831332738,44.585981989924804],[8.124042106547174,44.58797404027587],[8.124175538241111,44.58876276708719],[8.122647252900908,44.590357994370585],[8.126578060866631,44.59053215372827],[8.131996317216627,44.58938637429924],[8.135150580266867,44.58744654598038],[8.138161871741975,44.58523218534479],[8.140779454159022,44.58295175600084],[8.141492630370692,44.580846034125045],[8.140541718497433,44.573519850284896],[8.13870250985391,44.56925230184343],[8.137333092282242,44.567405459409045],[8.135669221291002,44.56604698101595],[8.133739703774264,44.564668470836736],[8.129182300931008,44.56121286797005],[8.12288936843685,44.55357106000796],[8.12258591051067,44.55331665667695],[8.12222094056115,44.55309780553685],[8.121649130714866,44.55297636888799],[8.121056156075444,44.552926801824825],[8.119042983484752,44.55294730086211],[8.11589594707094,44.55382323989879],[8.098327648316767,44.558376177915655],[8.095806590729289,44.559697624181226],[8.09669316717038,44.563103095418455],[8.105953699875268,44.5712737419938],[8.11150530848383,44.57606140961752]]]},"properties":{"name":"Cravanzana","op_id":"694","minint_elettorale":"1010270760","minint_finloc":"1010270760","prov_name":"Cuneo","prov_istat_code":"004","prov_istat_code_num":4,"prov_acr":"CN","prov_iso_3166_2":"IT-CN","reg_name":"Piemonte","reg_istat_code":"01","reg_istat_code_num":1,"reg_iso_3166_2":"IT-21","opdm_id":"563","com_catasto_code":"D133","com_istat_code":"004076","com_istat_code_num":4076}},
{"type":"Feature","geometry":{"type":"Polygon","coordinates":[[[7.0653473693506115,44.71383427298486],[7.066929664948103,44.71578593837901],[7.067399806602255,44.71625300541121],[7.067637825395046,44.716486607891554],[7.06846069397317,44.71712617950042],[7.068988971621024,44.71753572462034],[7.069543717967236,44.717927703008236],[7.070018775406458,44.718129282021515],[7.070099938767096,44.718144150346035],[7.070547241271166,44.718219226449776],[7.071169988843229,44.71825758738913],[7.071940135062614,44.71828767747629],[7.072943742430502,44.71830472585428],[7.073406731126716,44.71828107415974],[7.073735390972726,44.71826406557957],[7.083829967877737,44.715839515968426],[7.086203308268641,44.715052898269],[7.086696224096252,44.715061160101364],[7.08696243408654,44.7150881342036],[7.087967627139952,44.71554608715697],[7.0907929983892615,44.71696201707886],[7.091158476946152,44.717164965913284],[7.092173073070809,44.717771177443815],[7.092540158265924,44.71802623158448],[7.09259951032847,44.718068158546046],[7.0959419665331,44.72089164894093],[7.098716193046174,44.72106670584846],[7.11293111761679,44.72339562591515],[7.118541340159495,44.72495821309822],[7.119119548786549,44.72517832874826],[7.119985598388518,44.72558420467981],[7.120100989869848,44.725640105143185],[7.12049800900417,44.725858202388835],[7.120731969066629,44.72604208641861],[7.120852641389909,44.726336662092926],[7.127744741380034,44.73777909985157],[7.127865984465588,44.73785596824086],[7.127949343099531,44.737908574381514],[7.129694947774729,44.738378297655984],[7.1302488911075095,44.73852224521417],[7.130844096682008,44.73847692361332],[7.131746122738805,44.73829486651532],[7.13316604057815,44.73797920312392],[7.13416730721602,44.73769078599195],[7.134521091855712,44.7375310295864],[7.134598551439907,44.73749559109343],[7.135635479251975,44.73701326178873],[7.144936034868121,44.740517625083065],[7.149432934308056,44.74334877829351],[7.151803253441201,44.74251477661415],[7.1559496356535695,44.74025024553171],[7.160163827555896,44.73782913889917],[7.166140471493658,44.73476550977115],[7.167358609782597,44.73422242352823],[7.16824027307599,44.733835982907124],[7.1684378554106685,44.73380821370268],[7.168909406222607,44.73374319657211],[7.169394816320476,44.73163093984449],[7.1704430474451275,44.725710775459206],[7.170458377920108,44.72391057764672],[7.170388906909918,44.71954336435895],[7.172823932384596,44.7110496197862],[7.17169110126329,44.70423339604624],[7.176012097930889,44.69359034968979],[7.176107899250476,44.69343378978597],[7.176205224404159,44.69330742553966],[7.176262620746006,44.693233777669455],[7.177581655694672,44.69168365757158],[7.178427098659849,44.691251732656895],[7.181019450816978,44.69032618050798],[7.176059987051882,44.68801364281125],[7.174375037441275,44.68349006115078],[7.166710811999165,44.67889309298316],[7.1532258009036465,44.67686178072745],[7.1393070959011915,44.66787654269239],[7.138427504686486,44.6673130644909],[7.136331377408574,44.66634162813353],[7.135738842613727,44.66610319442636],[7.135696652385107,44.666089508743866],[7.135131008340179,44.66591341863455],[7.11891228201524,44.66176732846067],[7.110302000929343,44.663691178417835],[7.103648172575606,44.665477761761814],[7.092693403121692,44.66720714068291],[7.0900244945519635,44.667467790419956],[7.08975753995438,44.66866963496527],[7.089674899792187,44.66903735634164],[7.089532847318008,44.66946688229126],[7.08809508487583,44.67255330733745],[7.087543065600728,44.6736325006613],[7.087291635788624,44.67398909043812],[7.086534142263673,44.674730927023816],[7.086482587519257,44.674781383697606],[7.086287582371248,44.674908645085154],[7.077529791372617,44.68023766815857],[7.073866100137201,44.68173955598443],[7.074550434180715,44.6825072803291],[7.075646094408142,44.6848573526071],[7.075301049045108,44.68955973049778],[7.075261452945134,44.689991836804346],[7.075241743854533,44.69020691108476],[7.074327782084215,44.69227102619595],[7.070637743908495,44.69925750396104],[7.069201472855709,44.701456773526616],[7.067493004005127,44.70424557651489],[7.0660099829207965,44.70746127165441],[7.0653473693506115,44.71383427298486]]]},"properties":{"name":"Crissolo","op_id":"695","minint_elettorale":"1010270770","minint_finloc":"1010270770","prov_name":"Cuneo","prov_istat_code":"004","prov_istat_code_num":4,"prov_acr":"CN","prov_iso_3166_2":"IT-CN","reg_name":"Piemonte","reg_istat_code":"01","reg_istat_code_num":1,"reg_iso_3166_2":"IT-21","opdm_id":"564","com_catasto_code":"D172","com_istat_code":"004077","com_istat_code_num":4077}},
{"type":"Feature","geometry":{"type":"Polygon","coordinates":[[[7.640499962715447,44.38824399257861],[7.6316930240117244,44.385902069491884],[7.630399161303798,44.385558049879556],[7.628352463548215,44.38503460089244],[7.624667903285393,44.38409262955499],[7.623912568908057,44.38390007432954],[7.621474409571107,44.383285530822995],[7.620697786483142,44.38309156027848],[7.604101465561072,44.378820978782635],[7.604003473967129,44.378866554385354],[7.603857701287699,44.378857865401265],[7.603783203676584,44.37882125744],[7.603723108471051,44.37857745841308],[7.603661321173188,44.377694427354],[7.6036457853727955,44.376762321738845],[7.603623748870845,44.374179261592005],[7.603719198657725,44.37209093224673],[7.6041034328571495,44.36557320187305],[7.602835184990334,44.36348066820943],[7.59080629995257,44.359432002340625],[7.589269643876306,44.35916545792707],[7.582081850286873,44.35920696882408],[7.5817016392631835,44.35922631137461],[7.581299695693217,44.3592467628268],[7.580787917143527,44.35928106734902],[7.580053407444061,44.35933029831492],[7.578217671005613,44.35946500471111],[7.577989494038952,44.35950261638874],[7.578127172823652,44.359720456327956],[7.5782088473040465,44.359938386623725],[7.578234324877139,44.36017290456444],[7.578238851706514,44.36022149901297],[7.578224859725685,44.36058060968216],[7.578217726314656,44.36075245773854],[7.578213658234461,44.36081537408376],[7.578179099152903,44.36085896067476],[7.572230510048782,44.36139378405695],[7.557914449050523,44.36070489289073],[7.551636913392662,44.35973863755049],[7.539166608590279,44.35668089271775],[7.536604172633644,44.35691366104548],[7.535589671039954,44.35670966602213],[7.533756276318959,44.35557171806637],[7.529405863359044,44.3523062926589],[7.524329012141638,44.348369608916514],[7.524026505881485,44.34730332032549],[7.519175205260383,44.35115968864139],[7.50895584527534,44.35380113821658],[7.507083587317395,44.353907212616974],[7.498938236336529,44.35448012585982],[7.497173531318778,44.35461154659973],[7.495078741561375,44.35490646639377],[7.494205274831943,44.35503584848432],[7.493993539558024,44.35506772200968],[7.489887106462006,44.355778702267635],[7.490965165151832,44.35722441726091],[7.502399413342829,44.368574354222474],[7.504731710695612,44.37030645319524],[7.505006010384074,44.3705936144046],[7.505221050570285,44.37100605451573],[7.505400136552751,44.37149004464643],[7.505972201959744,44.37368970843369],[7.51275189963156,44.37610991315602],[7.51446354581755,44.37791472280334],[7.514840954331447,44.37849546590916],[7.51812825160992,44.38453436925067],[7.507820904893135,44.39281763381359],[7.500366900135284,44.39491151991185],[7.500128674423752,44.40135822773501],[7.501135273529232,44.40645944937499],[7.5009150310058486,44.41545080874138],[7.500730682542721,44.41995404837218],[7.500524775260511,44.42458715164854],[7.498908452651645,44.42577214025167],[7.492601269343114,44.42746256335591],[7.490159920292472,44.42731778544049],[7.488604560032434,44.42544276829794],[7.487298313566637,44.42795511126689],[7.484746312819495,44.43430721774254],[7.476065939244751,44.457933029544485],[7.474540110985971,44.46332849252379],[7.475514008320015,44.463385373965394],[7.477541484970703,44.46347129179842],[7.48489577605206,44.46373476759981],[7.4849605795336185,44.463736099132966],[7.487304316140243,44.4637766114668],[7.489403216994383,44.46380889914984],[7.492632123015492,44.46383355971115],[7.493719394271523,44.46379174957929],[7.498847039609045,44.464030388624714],[7.500161998743949,44.464175799150354],[7.502122104433617,44.46542090536934],[7.50412859971777,44.46672604650139],[7.510325138180948,44.47075918482291],[7.510678549543167,44.47100215378492],[7.510773062895868,44.471066624990044],[7.512118691543875,44.471961351343296],[7.517398449457003,44.475361545748314],[7.518261612727952,44.475876898415734],[7.518781696657322,44.476131220752116],[7.519150598558484,44.47628171658466],[7.519757180932143,44.47646346636768],[7.52115147731751,44.47683694091109],[7.531254325522783,44.479402735978475],[7.545740451761728,44.48683258390334],[7.551544684782749,44.489937306809644],[7.5511209884376145,44.48305051705118],[7.551167248676041,44.481912272737844],[7.551202792896227,44.48155225685739],[7.5519301988054455,44.48056609162068],[7.552108629066426,44.48038781411476],[7.552549913524986,44.4801616340676],[7.5570657160593635,44.48165388170275],[7.558538123470324,44.482149616272544],[7.5591964212407285,44.482401002949224],[7.559511478418641,44.48254900807486],[7.559788951368492,44.48275506121095],[7.559928493678691,44.4830088954399],[7.562036730687028,44.48133401047875],[7.563034969830228,44.47445946762726],[7.567796417696004,44.474843518805315],[7.572500165955926,44.475384039849494],[7.57682215647119,44.47587463427529],[7.577982451661444,44.475152809970865],[7.576375383108287,44.47088197995524],[7.573561882550699,44.46348724538598],[7.572695310260766,44.46118052651162],[7.574805280136629,44.4610897157209],[7.576618170569402,44.461040295856996],[7.578313425866605,44.46096688675292],[7.5815841757185565,44.46080051629248],[7.583982038074145,44.460663590975344],[7.589265825294469,44.46036002277956],[7.5895009561435565,44.46031792261579],[7.589653089654297,44.46024778428769],[7.600834561303788,44.45398732005126],[7.606491029818532,44.449178743643465],[7.612460626447985,44.443809341172305],[7.613591424372196,44.44275186900266],[7.612657378546537,44.442299290668494],[7.610630951337719,44.4411448259351],[7.5978861327309835,44.43385894522357],[7.5974948411824395,44.433586579028045],[7.596859217135615,44.43314412281892],[7.599840442455463,44.42990826026349],[7.600870512881689,44.429124152267626],[7.6050081513554675,44.42668554263985],[7.612176464855004,44.423356398602486],[7.614024627689358,44.42236156062652],[7.6146792338500315,44.42198688137771],[7.614798298912604,44.42190918037315],[7.615077860232735,44.421726652691945],[7.615124912224256,44.42169592600774],[7.615743120506528,44.42127057177245],[7.617457892169395,44.419918433620744],[7.622334490232218,44.415978132727616],[7.624845380015705,44.41321966123699],[7.629341912588478,44.40686378019912],[7.6351903907572165,44.398727864880044],[7.635540582969399,44.39690001015935],[7.638741733606517,44.393278614925656],[7.639011397820529,44.393223308724785],[7.639808069344159,44.39275130717194],[7.639839051738364,44.39271718453432],[7.640181112355524,44.39232346340433],[7.6404589313961235,44.39181361778161],[7.640542880324153,44.39158877298635],[7.640557642578351,44.39154921471342],[7.640677758208182,44.39073083120753],[7.640671630416579,44.3900156091435],[7.640499962715447,44.38824399257861]]]},"properties":{"name":"Cuneo","op_id":"696","minint_elettorale":"1010270780","minint_finloc":"1010270780","prov_name":"Cuneo","prov_istat_code":"004","prov_istat_code_num":4,"prov_acr":"CN","prov_iso_3166_2":"IT-CN","reg_name":"Piemonte","reg_istat_code":"01","reg_istat_code_num":1,"reg_iso_3166_2":"IT-21","opdm_id":"565","com_catasto_code":"D205","com_istat_code":"004078","com_istat_code_num":4078}},
{"type":"Feature","geometry":{"type":"Polygon","coordinates":[[[7.256645034088021,44.26150027137147],[7.256005318132496,44.262440316482085],[7.254748387869267,44.265477592196326],[7.254664458803617,44.26576223863051],[7.254654985212761,44.26579574156402],[7.254702575485301,44.267025402873294],[7.254781351621008,44.26724718234008],[7.255326135738792,44.26862333004104],[7.255683430749848,44.269471173577],[7.254632045315123,44.27573713421539],[7.240151598293586,44.28573515790917],[7.239555413744269,44.2910601763963],[7.244014098159465,44.29984808991163],[7.248434667352789,44.30313902162875],[7.248600456584434,44.30317270284028],[7.249933033634795,44.30409378841425],[7.252975802552,44.30823217880112],[7.253184286433346,44.30861349052112],[7.254111283551092,44.313502700619885],[7.25478951712932,44.31738877415877],[7.25513223513886,44.321861529552116],[7.254381108077428,44.32348195236591],[7.250072823684625,44.32419093754927],[7.24847214967269,44.32434577268418],[7.2301672634211425,44.325142719172035],[7.213541729455145,44.32755433811224],[7.196889992150051,44.33360805419897],[7.195793086018787,44.33409938882835],[7.1950665180292965,44.334272469224544],[7.1924139516973025,44.33487420906689],[7.191926053236798,44.33493400271892],[7.190965153002641,44.33491428519623],[7.19044058522341,44.33480242625275],[7.187698024489492,44.333957740878944],[7.180354151068913,44.33499325043396],[7.172323606468068,44.338740715835435],[7.168026891498043,44.344213076497006],[7.167423820843064,44.344644520477104],[7.164355143421341,44.345954660610474],[7.163306454336476,44.3461538686033],[7.159358773150087,44.34677000794959],[7.157299948165995,44.3469483558322],[7.156872821423079,44.346666888056674],[7.156068607898173,44.34619476982938],[7.155638499530003,44.34600775936794],[7.1552874081811195,44.3458895442994],[7.154762839613023,44.345777542206115],[7.1543873140271135,44.34576247488354],[7.153732021714913,44.34574288501283],[7.153114121552822,44.34576890141056],[7.152073146233382,44.34584658884927],[7.149804349406329,44.346169953902695],[7.149259191042019,44.34625115232624],[7.146763239117525,44.34692638288048],[7.135888602115262,44.34994535519033],[7.130500314030297,44.35194540911746],[7.128273178550871,44.35269266501048],[7.124014387514363,44.351925056229916],[7.121043453929874,44.35090841429494],[7.120502162715467,44.35066991918812],[7.12108068605867,44.35139967077933],[7.12117057843969,44.351617222496714],[7.1213437728096425,44.352074707254204],[7.1215341282451625,44.35282444588273],[7.121545764304551,44.35287027897837],[7.121516024664484,44.35326140493687],[7.121369866977649,44.35356508414675],[7.119875085638174,44.355898428717474],[7.118357322592945,44.358133911242696],[7.117446718953535,44.358208932002995],[7.117081690516073,44.358383374928],[7.117018986887611,44.35841377429649],[7.116768859239544,44.358618596775685],[7.116685562981494,44.35868702367264],[7.115769412090219,44.35995030074002],[7.1156881797534215,44.36093910968786],[7.115740202587827,44.361409342923096],[7.116031361159277,44.36356651724373],[7.117846898735572,44.36695719949711],[7.117993225917184,44.36718917683711],[7.118395681085761,44.3677629885141],[7.11911496087752,44.36840052007173],[7.109647130499945,44.374612754441074],[7.108048526824367,44.37512279261528],[7.106537789124631,44.375700938352395],[7.104817795089336,44.37672120710234],[7.1015487777832185,44.37894448832951],[7.101504667048961,44.37900724173461],[7.101441585279146,44.37910035401121],[7.10139585572573,44.380359996586115],[7.10150234866758,44.381255131531425],[7.10287791391653,44.38678105799262],[7.108205239389257,44.386855930161424],[7.118676079937586,44.386133164304546],[7.120396937215581,44.386166005230734],[7.128033345005787,44.385980565689664],[7.14939768249534,44.38311964953082],[7.170042857515461,44.380281463698125],[7.170290460312977,44.38002663428768],[7.17059290045037,44.379820479684156],[7.170620476880565,44.37980255037139],[7.171187328281535,44.37957230899913],[7.173232668187223,44.37883556221419],[7.177725902822291,44.377411502202655],[7.1795465179841695,44.3769693768727],[7.188590757245559,44.37492546648137],[7.189871803735864,44.37464661322488],[7.1903957958626945,44.37464798451847],[7.193150204426596,44.3747871094805],[7.201574464125331,44.37541829776617],[7.202925228196861,44.37562461313329],[7.204117712571112,44.375854928466005],[7.205046952691377,44.37608560763459],[7.210808829952638,44.377810034243005],[7.221730404112052,44.378831409877456],[7.235247809870925,44.379639788215236],[7.2350478423812525,44.379132328656524],[7.23751073557085,44.376207528493566],[7.24109636217756,44.367917410714256],[7.251505056261763,44.36236153791913],[7.257102072281703,44.3631403010487],[7.257803014455803,44.36436637115798],[7.258016266078494,44.36458119832321],[7.258294933947442,44.36483752841886],[7.258630255318503,44.36502268561141],[7.260325187089455,44.365701232737486],[7.261841008215157,44.36619345169822],[7.268040120950417,44.367662587203206],[7.269296449955624,44.367512065163815],[7.271773371301875,44.36687887610957],[7.2750182833340284,44.366027663913805],[7.279020006662058,44.364077945687214],[7.281825355190177,44.362263597154154],[7.283767429844245,44.360568769310596],[7.284903715015075,44.35927143774139],[7.284864027971552,44.35889724249275],[7.28498198971387,44.35836302255351],[7.285343163157592,44.357756578652186],[7.285804283710966,44.35712442913135],[7.285836618230923,44.35709731268257],[7.2863866291092965,44.356641544640816],[7.286880469292889,44.356265157442145],[7.287097885315417,44.356099981897465],[7.287129138341021,44.35607798768128],[7.287422144493426,44.355874220250534],[7.287473121149228,44.355838796892776],[7.287516848462216,44.35580842433143],[7.287949800735555,44.355517989634905],[7.288239184607387,44.35553132444115],[7.294957589047489,44.356496105348576],[7.301311598935752,44.35828111994472],[7.3026317664407685,44.35812231320388],[7.305064374511806,44.357456813924124],[7.308247773639244,44.35607525104436],[7.308384935255725,44.350848490005895],[7.314553489100862,44.342784912396766],[7.321257550240259,44.334199351337666],[7.324619518089063,44.33154724891604],[7.3277459756124115,44.32973400101075],[7.337874453024395,44.325887281006246],[7.34210183073203,44.32487923937804],[7.34437351033998,44.324358511887375],[7.345691295152206,44.32418043956398],[7.351142033433239,44.32323205935974],[7.3546021704778335,44.32226465166662],[7.3573140435232,44.32030057467878],[7.3603664457076805,44.3174860193711],[7.359868873532434,44.31648406032586],[7.359674522867516,44.31597712451296],[7.359449160927109,44.31538869047508],[7.359374507794078,44.315049494547345],[7.359297202937143,44.31469780851979],[7.35899296773105,44.312453357754045],[7.358906013163845,44.31093346559879],[7.358795886727488,44.30874310900972],[7.369155375672387,44.30046143344746],[7.371210055015981,44.29851428360089],[7.3715009984163045,44.298257692287905],[7.375619552500498,44.29512482309715],[7.377402332343667,44.293984303281505],[7.379159090722691,44.292861380241575],[7.379706831505804,44.29252620976452],[7.379523065416367,44.29100745545876],[7.379488486645902,44.29085067260037],[7.379409964599994,44.29053194220139],[7.379242361789108,44.29014819219553],[7.378854606850157,44.28953499345024],[7.377704174513267,44.288172725392656],[7.377558274734517,44.28800860036218],[7.365572519380804,44.2764488527121],[7.3651197455042325,44.276230963115765],[7.3646258006623455,44.27616538777754],[7.360340187565896,44.276040915724835],[7.35683047553366,44.27634608394692],[7.350650777540205,44.27792703375188],[7.339743342678647,44.280712926757055],[7.339289985766404,44.28081886119578],[7.33721487950961,44.28080218048185],[7.336633141934825,44.28078161241077],[7.33634869332264,44.280771554035105],[7.335287943600948,44.28063748679262],[7.327361807070377,44.27910078519068],[7.321374040287086,44.278503578378654],[7.320982259545214,44.278476007456554],[7.320769592895272,44.27849087658084],[7.320460043322295,44.27854561529992],[7.320423591968372,44.27855264349734],[7.316332116056894,44.279474590316674],[7.314194379349384,44.28057719798945],[7.314064223615339,44.28064647919716],[7.313873452365825,44.28074802501064],[7.312851600098301,44.281288838045214],[7.3126535110900495,44.28135120084657],[7.312360991980277,44.28137838785084],[7.31197852931347,44.28138625044071],[7.309899489217443,44.28130147562638],[7.309632119788366,44.281284004031676],[7.304135140778572,44.28006364875017],[7.303887604756231,44.27996994205527],[7.303041980948924,44.27957925247745],[7.302304480991513,44.27922119725454],[7.301966827849958,44.278973588763705],[7.301171056942375,44.278241513022905],[7.301016916630525,44.27804565801275],[7.300095126136221,44.27663200470254],[7.299085279630639,44.273209361026645],[7.296660322443156,44.26839717949142],[7.292606900615145,44.26313289400462],[7.2858788504460215,44.260398820774284],[7.285474880034089,44.26031623927851],[7.284920667238663,44.26025839194908],[7.284375551742161,44.26025020403164],[7.283989588611382,44.26038396219922],[7.282356989733568,44.26096660885029],[7.281886018261085,44.261167088027804],[7.272502136681665,44.262619044318775],[7.263176021389328,44.26068148424885],[7.256645034088021,44.26150027137147]]]},"properties":{"name":"Demonte","op_id":"697","minint_elettorale":"1010270790","minint_finloc":"1010270790","prov_name":"Cuneo","prov_istat_code":"004","prov_istat_code_num":4,"prov_acr":"CN","prov_iso_3166_2":"IT-CN","reg_name":"Piemonte","reg_istat_code":"01","reg_istat_code_num":1,"reg_iso_3166_2":"IT-21","opdm_id":"566","com_catasto_code":"D271","com_istat_code":"004079","com_istat_code_num":4079}},
{"type":"Feature","geometry":{"type":"Polygon","coordinates":[[[8.010503043306809,44.65866110694359],[8.01935933187289,44.66209986210122],[8.019193413672125,44.663430794316874],[8.025354634400788,44.66834933980143],[8.034157257838054,44.672136390393234],[8.038244633408542,44.673450442968836],[8.039790339678525,44.673819043234545],[8.044186839166551,44.66388580716886],[8.049684556259239,44.66321600374855],[8.05554995812413,44.66188726746858],[8.063739132273522,44.656715308734476],[8.064136750154942,44.654981119184946],[8.061631720156155,44.65487956443568],[8.058905724314956,44.65423145833966],[8.057899674141991,44.65393058701633],[8.057813198134875,44.653895964935394],[8.057304067606728,44.65369161615549],[8.056948490778105,44.65347711721372],[8.056426314455063,44.65313520542669],[8.053942543098843,44.650750814406],[8.054874688322103,44.64983200362544],[8.059684702820627,44.64751307392201],[8.06390303498077,44.64738568673912],[8.066082435034076,44.64713344914219],[8.074358651419223,44.642690625603436],[8.075941693760909,44.64168756488555],[8.077377123273836,44.64077504464375],[8.07814008175443,44.64019605381794],[8.081018184593388,44.635793646517094],[8.079333161110718,44.63471869392877],[8.076407836148348,44.63582938742771],[8.0643074527099,44.642847295306346],[8.056633916912626,44.647523924939414],[8.055004997797823,44.64912989856048],[8.049859910381008,44.65078965993102],[8.04934590798716,44.65091591619943],[8.048938660141205,44.650868863408064],[8.048674000613547,44.650838274243014],[8.048050587210739,44.65076558242362],[8.046453280044325,44.64874473298186],[8.046209750758106,44.64838260966273],[8.046073674387173,44.648052874049114],[8.0459571981399,44.64775482503844],[8.044138934492088,44.64220763150814],[8.044021598491028,44.641842059863535],[8.043955507079874,44.641494868028154],[8.043892688513557,44.640981242324564],[8.041061679269177,44.63922453996181],[8.038363284377084,44.63698725894211],[8.037031657145755,44.633095980764615],[8.031754037671014,44.62943689638724],[8.031421347156241,44.62925795487956],[8.029988397194987,44.62935888901617],[8.028706504426026,44.62949654095779],[8.028106209047207,44.629608472494716],[8.026573645640338,44.62996450639057],[8.016504780835096,44.629072523540636],[8.008405753479526,44.62815632371297],[8.007520171420973,44.63077958984575],[8.00682016810427,44.632134969755434],[8.005192723550682,44.633196500186294],[8.00515420636955,44.63320281388953],[8.004506614379443,44.63330551012111],[8.004437962377759,44.63331623228025],[7.994492587242869,44.63536718300052],[7.980365742825197,44.64633735835176],[7.97891125331884,44.647958579218326],[7.980131481233274,44.655094054460996],[7.989654023062175,44.6482184191898],[7.993664174688152,44.64954759957752],[8.004105795727659,44.65212831022724],[8.00696159061626,44.65417869507027],[8.006823464118643,44.6573690941167],[8.010503043306809,44.65866110694359]]]},"properties":{"name":"Diano d'Alba","op_id":"698","minint_elettorale":"1010270800","minint_finloc":"1010270800","prov_name":"Cuneo","prov_istat_code":"004","prov_istat_code_num":4,"prov_acr":"CN","prov_iso_3166_2":"IT-CN","reg_name":"Piemonte","reg_istat_code":"01","reg_istat_code_num":1,"reg_iso_3166_2":"IT-21","opdm_id":"567","com_catasto_code":"D291","com_istat_code":"004080","com_istat_code_num":4080}},
{"type":"Feature","geometry":{"type":"Polygon","coordinates":[[[7.990478806838179,44.51230355048407],[7.990009067868524,44.5117635392052],[7.989684281512119,44.51144559085282],[7.989482042027081,44.5112502467595],[7.988723918988602,44.51089243453447],[7.988374419957001,44.51077679766928],[7.986784511098255,44.51086622676642],[7.986030083429424,44.51104409039211],[7.985633410479403,44.511247637449685],[7.9852804417426135,44.51143796210306],[7.984274895493568,44.51227537633255],[7.982019361716375,44.51461847754535],[7.981715932105166,44.51560606057533],[7.981544536321772,44.51587460324097],[7.981160389189401,44.51621102300618],[7.979980720113496,44.51680140640836],[7.979811820898404,44.51674587726082],[7.979743395380597,44.51672275662991],[7.976820230250686,44.51542724863763],[7.976598431519386,44.51524970116213],[7.976187093285617,44.51396073395805],[7.975739496200463,44.51227563553528],[7.975687455195998,44.511901574980484],[7.975700757265167,44.51165861491398],[7.975803799134968,44.510624245043594],[7.976126939854743,44.50869607117779],[7.974075247430324,44.50559427061627],[7.97187049336829,44.50278363571122],[7.9713083273258745,44.50217989294159],[7.971092193593916,44.50204291281873],[7.966281726215351,44.50004591959405],[7.963647474417577,44.499544904648815],[7.963276231021612,44.49948750914731],[7.96280405588935,44.49920415465491],[7.958163177994966,44.49835166203554],[7.95707266883453,44.49822468802829],[7.954928933677121,44.498193801772594],[7.954734075890095,44.498432867524315],[7.954192149369808,44.49913011258029],[7.954114382303964,44.49949429208466],[7.951304880195825,44.50560807359215],[7.948265044300936,44.50784877753204],[7.945298807946084,44.50976599026879],[7.940466251714399,44.51087596084891],[7.93723748953583,44.51416406693514],[7.934917300387357,44.516642136536554],[7.931300617123944,44.52081705599996],[7.926654596861957,44.524050409196306],[7.92183262326449,44.52618936620172],[7.914896918465155,44.53502349672751],[7.9110689506028375,44.54478878741405],[7.910001493941634,44.54827608989656],[7.909893301034296,44.5508387363618],[7.910764297204819,44.55310873459053],[7.914210746339917,44.55489255667668],[7.91494768487566,44.556290445041945],[7.915983638025742,44.557839714424965],[7.91649004210479,44.55828564665232],[7.917369700137203,44.558973677330684],[7.923210450720291,44.56162612600967],[7.928725349236608,44.562015596847715],[7.929834599696149,44.56148134446982],[7.930633110063705,44.56130427034809],[7.93085838974048,44.56126576801819],[7.931507058895496,44.5611549042669],[7.932207862394917,44.56111195194017],[7.933478638213731,44.56123184891066],[7.934519401236818,44.56149363740026],[7.935452735212248,44.56177690800566],[7.939741470482742,44.56340576078688],[7.94138154258549,44.56423570480853],[7.947281177601546,44.56654986725625],[7.950585798017865,44.56639122656478],[7.9561281906841375,44.56382678756988],[7.960725532411313,44.56164510201808],[7.9673820923321,44.56135439273213],[7.972889893814599,44.561849692909036],[7.972987251092733,44.5620359751446],[7.973161711978589,44.56236978022064],[7.9735609350912995,44.56269340056336],[7.973969016180908,44.562894677295915],[7.974378121975438,44.56290285071388],[7.97509145817958,44.56279673316913],[7.979237833537376,44.561960086725705],[7.97961352272245,44.561865738018604],[7.986453072437699,44.55954467797802],[7.9907586145438945,44.55795334662198],[7.991009226961011,44.557850091086834],[7.991121630759006,44.55780350897357],[7.99142809155503,44.55744162123357],[7.991538107873136,44.55715451125422],[7.991827721013894,44.55628832683519],[7.989846610449298,44.55230534883711],[7.989353288593588,44.55128354407255],[7.989907974477995,44.550727607540914],[7.992519892400058,44.548327185931804],[7.9941334188210265,44.547018041821346],[7.9951096589198105,44.54634242971781],[7.997008585724352,44.54540486745606],[7.9973763295356655,44.545474910440525],[8.00453937641687,44.54888721218949],[8.005943575579261,44.54957463423017],[8.007740817807013,44.55065707914319],[8.00793151250167,44.550802766876295],[8.014718471771669,44.55255850174818],[8.016191184144528,44.54949683293704],[8.005279099154645,44.54668803752677],[8.00401473834483,44.54615487750951],[8.001101109675535,44.54489608885192],[7.997699726956658,44.542633645413396],[7.995467775668362,44.54066083198104],[7.989154844916541,44.53119708916029],[7.9869693551988465,44.52699602050432],[7.993032332647066,44.523417103051045],[7.999164323077199,44.516291427004404],[7.998082309103002,44.512226282544155],[7.990478806838179,44.51230355048407]]]},"properties":{"name":"Dogliani","op_id":"699","minint_elettorale":"1010270810","minint_finloc":"1010270810","prov_name":"Cuneo","prov_istat_code":"004","prov_istat_code_num":4,"prov_acr":"CN","prov_iso_3166_2":"IT-CN","reg_name":"Piemonte","reg_istat_code":"01","reg_istat_code_num":1,"reg_iso_3166_2":"IT-21","opdm_id":"568","com_catasto_code":"D314","com_istat_code":"004081","com_istat_code_num":4081}},
{"type":"Feature","geometry":{"type":"Polygon","coordinates":[[[7.439068587287888,44.47955777853175],[7.439964818154711,44.48037125602535],[7.44125531196632,44.48101906605276],[7.442897091087467,44.481274809372195],[7.443518421022801,44.48094296163698],[7.443750449172836,44.48081902779953],[7.445286497236985,44.47695983872596],[7.445328272422939,44.476807359969435],[7.445523514158524,44.47513552467378],[7.4455492595330535,44.47464074596587],[7.445444640287462,44.47242467784858],[7.445376279323061,44.47168552336768],[7.4452843338403385,44.47136017625855],[7.445127034859648,44.47108721086059],[7.442720876017978,44.46563558527278],[7.44275691457445,44.462391506139674],[7.442615755364458,44.46013353559384],[7.442568135117916,44.46002410002842],[7.442433021529395,44.459914973622446],[7.441889718650492,44.459547462131574],[7.4409253913872,44.45894010559639],[7.439379685720978,44.45798272961029],[7.437734663104859,44.45697893955203],[7.437452256865381,44.45683103928767],[7.436904098604395,44.45654445834062],[7.436408234034693,44.45628559266],[7.4155848747888795,44.44572204870374],[7.407797364571566,44.44241881332305],[7.400424974674924,44.44091481981196],[7.400208233815964,44.44226667836374],[7.398754772580875,44.44489679328425],[7.392431993706713,44.446159127083845],[7.389770141236551,44.44567148792871],[7.382206585375338,44.44545697196057],[7.3783526061422275,44.44745636433744],[7.372433748560783,44.447541337191254],[7.370348280431178,44.447543103118406],[7.369700198477158,44.44747533178702],[7.369357604392879,44.447366913165496],[7.368931520194024,44.44722928900111],[7.368763586719949,44.44710635173759],[7.368666068980269,44.446884392726176],[7.368576676302055,44.44665166270916],[7.368380310024997,44.446132944973776],[7.368245862448424,44.44575009769265],[7.368129594496643,44.445418306130684],[7.367841487424359,44.44472096841975],[7.3675579649297855,44.44410023936359],[7.3673334907745165,44.44372791182574],[7.367167273455584,44.44347795644749],[7.366746411104968,44.44299479465827],[7.3657126130400705,44.44191769462724],[7.362259957679247,44.44037379380516],[7.361062455757285,44.439964901800444],[7.360274108382487,44.439715101640914],[7.359426025733509,44.43948685283627],[7.358218181030107,44.43954150791464],[7.355530693298196,44.440506646828375],[7.35427879403856,44.441793981323706],[7.353504071435296,44.44261557673341],[7.353417038120463,44.44270883153851],[7.3508245592502055,44.44365271583959],[7.345350554201731,44.443375468923215],[7.344886546270249,44.443175188307585],[7.3412748560635555,44.44157882934849],[7.332279473870353,44.43724354861392],[7.327390544490803,44.43732059192642],[7.3267837128408715,44.43728469066571],[7.32610539572316,44.43708569173402],[7.324034013596039,44.43645662465027],[7.323092396128855,44.43616822867914],[7.322074143220594,44.43581394755477],[7.322038450238765,44.43580132698484],[7.321742098016601,44.43554970979346],[7.3209717314188465,44.433616314355454],[7.320520736770579,44.43233579852783],[7.320380484584683,44.43141997063724],[7.32031080155062,44.431153373675045],[7.320186648148973,44.430827433215704],[7.319783175926715,44.43017780797038],[7.319442199505108,44.429691150471385],[7.3192960234257445,44.429517952261556],[7.316151756323473,44.428076205492765],[7.313993469188045,44.42756271511817],[7.307864846843687,44.42500983650491],[7.307353713413826,44.42456332458097],[7.297985857898658,44.42583530435302],[7.293080315189325,44.42693241498902],[7.288385057656613,44.42940090016778],[7.285059319712209,44.431907740578936],[7.282651789701164,44.434626391528504],[7.281167604437735,44.43758492462107],[7.280989639396216,44.43826995523518],[7.280783305496864,44.43886552947613],[7.280004402626029,44.44049228078822],[7.279577631184613,44.441372619192705],[7.2788049674687425,44.44289142924424],[7.278456129096708,44.44339030407554],[7.2782952558371,44.44359944882455],[7.277294369861402,44.44427321612566],[7.277109166220971,44.44436927442536],[7.276955104748188,44.444448555842456],[7.276922572641459,44.4444651421972],[7.276649310400705,44.4445513975407],[7.2746098448141145,44.445194801677026],[7.274412105025806,44.445161315974154],[7.274001310214384,44.445015554304916],[7.273278271494291,44.44461751031434],[7.272985368849495,44.44440151041877],[7.272703609016464,44.44418119946984],[7.272229201979634,44.44380940198231],[7.269575088519587,44.44205410967689],[7.259063118563707,44.437600163366135],[7.254961208850489,44.436232156641424],[7.244384670005428,44.43355377917287],[7.2433038889102885,44.433496650922805],[7.2342962068919485,44.4362115555764],[7.234064171109576,44.44065527683865],[7.232801493954328,44.44719867168222],[7.229721757244693,44.461001292912485],[7.229508849707954,44.46823632383499],[7.23222885729511,44.47043008914173],[7.2460698701034305,44.46902757764635],[7.25917367021611,44.4703849466093],[7.2658423683187445,44.47185031525221],[7.26767179891365,44.47318796762002],[7.268046423951059,44.47273002069362],[7.268260700932262,44.472485695165226],[7.2686975665275195,44.472181723849516],[7.269079636747998,44.47200297755234],[7.277396928711372,44.47110695479712],[7.286243233750921,44.46882735691942],[7.286656170146105,44.468288895675485],[7.286903751004072,44.46805854856366],[7.287223981420469,44.467788764168056],[7.287718308990334,44.467490100089286],[7.287877712238101,44.46740877342779],[7.288187995784327,44.46725129514541],[7.2916456102471425,44.468818311281645],[7.29188868980365,44.46892999355354],[7.292194356465928,44.469078598746684],[7.292844893396367,44.46951146551111],[7.293179470286834,44.469746032104574],[7.2938327872399356,44.47020592300675],[7.293931501626956,44.47028391449181],[7.29574435266773,44.47357443479029],[7.296897825139773,44.47580627535148],[7.297074516308492,44.47584941816415],[7.29760238868151,44.47595181761335],[7.299427488330203,44.4756819135565],[7.3000183095245195,44.47545665055646],[7.30160328466525,44.474742023153894],[7.302432215389786,44.47428621842057],[7.305004528472838,44.47211879583794],[7.305988553256116,44.471107101602456],[7.306995192340386,44.47016776989773],[7.309249294242308,44.46914336273275],[7.320204707043479,44.46640620950917],[7.335088733650042,44.46329322480782],[7.339408962502174,44.46318690333076],[7.3458873399494236,44.46988348883111],[7.351257733785716,44.47816159054935],[7.3517496203740835,44.47983867334789],[7.353054244256463,44.48399870532653],[7.353165595764194,44.484189347611256],[7.353335174666726,44.484475378230236],[7.354583317271965,44.48542513796903],[7.355113305135478,44.48576588155821],[7.355572371943545,44.486002057152355],[7.35630433239146,44.48613413375336],[7.356619735603609,44.486163648688645],[7.358367933926124,44.484153995782414],[7.360394145938592,44.48199837445337],[7.362518876274895,44.480061728365904],[7.366386491156924,44.476674933633156],[7.367808907613201,44.47547802602127],[7.373305861121939,44.47102817825688],[7.374807832093183,44.47009526701502],[7.375152743990689,44.46988412703261],[7.376400720583982,44.46924018210759],[7.376862911132757,44.46912071604326],[7.396516250188861,44.468075002275135],[7.408007383551686,44.46860938365808],[7.418801661986072,44.47246394490693],[7.4319500869768,44.47726361404223],[7.439068587287888,44.47955777853175]]]},"properties":{"name":"Dronero","op_id":"700","minint_elettorale":"1010270820","minint_finloc":"1010270820","prov_name":"Cuneo","prov_istat_code":"004","prov_istat_code_num":4,"prov_acr":"CN","prov_iso_3166_2":"IT-CN","reg_name":"Piemonte","reg_istat_code":"01","reg_istat_code_num":1,"reg_iso_3166_2":"IT-21","opdm_id":"569","com_catasto_code":"D372","com_istat_code":"004082","com_istat_code_num":4082}},
{"type":"Feature","geometry":{"type":"Polygon","coordinates":[[[7.02186091685047,44.549392575344186],[7.021793450610839,44.54944575656248],[7.021706151230627,44.54966480632165],[7.021383719210967,44.550612426548795],[7.021340283960589,44.55088281787467],[7.021373814011851,44.55127500072065],[7.021421154773434,44.5515503870896],[7.022059306561097,44.55520744833226],[7.0221197753594256,44.55550107396729],[7.022373948915584,44.5559195911437],[7.023165724306967,44.55699561112571],[7.0234240950424285,44.557279146984065],[7.025950263649274,44.55911434603769],[7.0277521659775495,44.559820671596576],[7.039968900680136,44.56414069725826],[7.04273824938963,44.56476210938171],[7.050494257446426,44.56602687420139],[7.054046416665945,44.567473847657205],[7.060644068757094,44.566208735721915],[7.065387984189993,44.566212864859075],[7.067320417641943,44.56640748146776],[7.083416063144654,44.564594749155795],[7.102864424161709,44.557762605382884],[7.105826293509617,44.55676301041305],[7.107282749689711,44.55624338808462],[7.108832652987644,44.5556740255036],[7.113568845928812,44.55377183241946],[7.115481332267086,44.55290021390627],[7.128152468921484,44.54562154599373],[7.128019378977218,44.54555184652731],[7.125575247188106,44.543517700347],[7.124080399006004,44.54226879480579],[7.1225358442184605,44.54096505020129],[7.120852404864782,44.53950597119463],[7.120274772836993,44.538924799424244],[7.111026623350376,44.529456934181475],[7.105161066545769,44.52067895083962],[7.105057077853702,44.520272103651],[7.104818617548651,44.51964697909251],[7.104502868847956,44.51910158436367],[7.103946870169634,44.51838565474391],[7.102735778210509,44.51723570355294],[7.102486989300494,44.517002009074396],[7.100829347246075,44.51635777789672],[7.1002373250429285,44.516136363952505],[7.099927417049322,44.516034157982],[7.099289912247265,44.515828009524625],[7.098920037733204,44.51572732413991],[7.089880086689822,44.51429808598991],[7.089423935985764,44.515852397186194],[7.088137742791647,44.51775290222653],[7.08466464284323,44.52124169107368],[7.080001124131307,44.522792818719935],[7.075634055498999,44.52394363482236],[7.066182176638261,44.530139711652154],[7.053179860821676,44.540978299992815],[7.045427282400637,44.54726010254788],[7.045078136853918,44.5473682086718],[7.044986424065338,44.5473966041491],[7.0442503577677105,44.547478523536164],[7.043329380010381,44.54752576124086],[7.042414435729423,44.54754608550184],[7.042019197340862,44.54755368055564],[7.041194657344299,44.54749365548096],[7.04015863573804,44.54729242274527],[7.039601644936446,44.54711071507934],[7.037481855134966,44.54676370509904],[7.033535557063738,44.546790329024795],[7.0318334969429905,44.546878038588254],[7.02976574661117,44.54725199104082],[7.027654446980456,44.547656641868265],[7.02186091685047,44.549392575344186]]]},"properties":{"name":"Elva","op_id":"701","minint_elettorale":"1010270830","minint_finloc":"1010270830","prov_name":"Cuneo","prov_istat_code":"004","prov_istat_code_num":4,"prov_acr":"CN","prov_iso_3166_2":"IT-CN","reg_name":"Piemonte","reg_istat_code":"01","reg_istat_code_num":1,"reg_iso_3166_2":"IT-21","opdm_id":"570","com_catasto_code":"D401","com_istat_code":"004083","com_istat_code_num":4083}},
{"type":"Feature","geometry":{"type":"Polygon","coordinates":[[[7.430382340858856,44.254297183037295],[7.432494584415552,44.25329534101494],[7.448108637324754,44.24128708432661],[7.453807166811342,44.23688089841738],[7.454318029287147,44.23472259126425],[7.455202805604984,44.23081827384289],[7.45494759592182,44.229864999595684],[7.455420806974573,44.22732340165229],[7.45562330699854,44.22675459541111],[7.456947436594557,44.22417513184873],[7.457733545862701,44.22294333453929],[7.457773592597975,44.22290325348959],[7.458055825307967,44.22263259863136],[7.4618138148545405,44.21989232869687],[7.464368468367241,44.21808560251096],[7.464582468526535,44.218025458156646],[7.46558111511017,44.21797087815012],[7.465934305704497,44.217976103450766],[7.466395152128396,44.21798304968222],[7.466941467705289,44.217994126755556],[7.467438782959426,44.21800530086593],[7.467617146647712,44.218021210435516],[7.469083204709223,44.21084296500092],[7.468712530987899,44.20250568864442],[7.472898100140475,44.18963788849685],[7.480061075992815,44.180923935999786],[7.485920786554407,44.174390703401336],[7.487088776728177,44.17263088928554],[7.490817453620952,44.16397876070636],[7.490716616540012,44.16314460945231],[7.490779494905438,44.16180401322888],[7.4909189212569185,44.161148621331634],[7.49094858048353,44.1610327139948],[7.491006173142467,44.16080765046747],[7.491146309715861,44.1605079067738],[7.493477433602008,44.15583005955756],[7.493636238949294,44.155598064524895],[7.493676281006183,44.155540084629195],[7.494167457447764,44.155127920268015],[7.494600337071903,44.1548631118497],[7.495100449466655,44.15469006290842],[7.496878702742374,44.15419128580095],[7.497382656019853,44.15405837569573],[7.497821526146066,44.15396511538434],[7.498293248625119,44.15391729576625],[7.501036647908766,44.15366523412244],[7.503826736498371,44.14366336033781],[7.498484560992092,44.142134744573426],[7.489669994990597,44.13681473444694],[7.483877291193586,44.13415408645175],[7.477302894605424,44.13368849666118],[7.466591238423543,44.13007382151822],[7.458040689812772,44.12655142475944],[7.444336856128508,44.128841714255046],[7.431847582522186,44.130336503371275],[7.4302964998043715,44.13037821895361],[7.428170594822318,44.13041200535855],[7.427377076881021,44.122631394994166],[7.426260594331196,44.11619676928579],[7.426074051802502,44.11522186686198],[7.425850484299609,44.114228436483714],[7.425273885294195,44.113824338803326],[7.424244208344855,44.11354005163062],[7.423350308357271,44.113320652889264],[7.422437940740722,44.11332605096357],[7.4214590249217425,44.11348357858768],[7.396827517140675,44.12322402008398],[7.396076525484436,44.123726673540695],[7.392652171461766,44.1255601723765],[7.392017142623699,44.12547021791887],[7.386905326935713,44.12454283374558],[7.3781122145473965,44.12158231443882],[7.375614213604491,44.12061049530878],[7.372107956209733,44.119039055586335],[7.365874763887493,44.11711339314119],[7.360475819100148,44.11666690175699],[7.355276624224673,44.11803265497926],[7.35019351399132,44.12779075264717],[7.3464977791819095,44.135705065966384],[7.345395630013339,44.138912201284924],[7.3452200018154,44.13982797846145],[7.344698020182601,44.141954154710895],[7.344298111917185,44.14328982266048],[7.344014270897265,44.144050971173584],[7.343669199480392,44.14476620612001],[7.34326705671344,44.145291016319966],[7.342781305273898,44.145610534588855],[7.342744146185523,44.14563458934856],[7.341947110698681,44.14603454788482],[7.341907144495787,44.14605416357485],[7.3406212611507,44.14645055679671],[7.340047852518374,44.14638819831633],[7.336498134772534,44.14545425996425],[7.329873987295873,44.14403413994981],[7.320564240947126,44.14342045719159],[7.319489968540643,44.14338664121785],[7.316219146736074,44.14365357703215],[7.315274664822667,44.143891737639684],[7.314214833014633,44.14466837743962],[7.310544507701113,44.147472615800325],[7.310023461182634,44.14804110450158],[7.308181016237585,44.15028710413858],[7.307609128072743,44.152344828590216],[7.307233375333089,44.15657522008576],[7.307954360091195,44.1584630294262],[7.308954224249685,44.16428482409023],[7.307144850439425,44.1701640144957],[7.305581084217912,44.17452530726936],[7.304670861719107,44.177041654238764],[7.305261551090644,44.18056161228464],[7.305718249657531,44.182292471920114],[7.306520522403103,44.182948086300094],[7.306836235672509,44.18314633122704],[7.306989159293728,44.18317111229886],[7.307482219776844,44.183155906218694],[7.307639710420584,44.18314474439349],[7.311305316428727,44.182726339147976],[7.312636235918337,44.18236788002495],[7.314618524785834,44.18181645679105],[7.316888601729443,44.18329491835253],[7.31888827078189,44.18484137484935],[7.32149977071409,44.187715747061915],[7.321750285679522,44.18813356830188],[7.322255972509131,44.189135832031624],[7.322558803851127,44.19123799391168],[7.322585036400217,44.19180105803496],[7.322432112800674,44.19495887547534],[7.325631480875177,44.19866554659189],[7.331031682472595,44.19997351201114],[7.338574272597205,44.203711693222104],[7.33934325516906,44.20416852777094],[7.3401324709018425,44.20464364652759],[7.342703574533713,44.206697658567826],[7.343451320885951,44.20735673973705],[7.344165991559514,44.2084429507503],[7.346627588564729,44.214042467169186],[7.348896702736739,44.21884687980778],[7.353989210265611,44.22386753694539],[7.355870956202754,44.22489846773203],[7.358777462720136,44.226632835080935],[7.368898421697808,44.23646953767288],[7.369606794634413,44.23876189659707],[7.37122301492697,44.2490303190492],[7.369463283964318,44.25674774833614],[7.3672011917025175,44.26077124378741],[7.376670068905461,44.2623376865963],[7.38985804030585,44.263730781392404],[7.392461656890549,44.263569401708196],[7.396322179009211,44.26173789107877],[7.405087470867631,44.256818655971756],[7.408904833826007,44.253486814036755],[7.41448067641479,44.2517141426473],[7.419925186718041,44.251245029503416],[7.423489694345071,44.25132580110728],[7.430382340858856,44.254297183037295]]]},"properties":{"name":"Entracque","op_id":"702","minint_elettorale":"1010270840","minint_finloc":"1010270840","prov_name":"Cuneo","prov_istat_code":"004","prov_istat_code_num":4,"prov_acr":"CN","prov_iso_3166_2":"IT-CN","reg_name":"Piemonte","reg_istat_code":"01","reg_istat_code_num":1,"reg_iso_3166_2":"IT-21","opdm_id":"571","com_catasto_code":"D410","com_istat_code":"004084","com_istat_code_num":4084}},
{"type":"Feature","geometry":{"type":"Polygon","coordinates":[[[7.338375295893353,44.681119900415474],[7.3378773113629405,44.681670786430864],[7.336788809423082,44.68304128524572],[7.335963068167627,44.68411363096634],[7.337441529649373,44.69014911638809],[7.340965284758276,44.69389839567347],[7.340646940035156,44.70060240171601],[7.339696850728706,44.70141230184345],[7.339417542600072,44.701993384861666],[7.339220952317837,44.703115807010136],[7.339288785805696,44.70419257376552],[7.339423749172016,44.704397080624325],[7.339540956842307,44.70457433735318],[7.340706517631679,44.70537260674248],[7.34079763539609,44.70543431684749],[7.358823178282989,44.70913372125201],[7.363521141600512,44.709768286033025],[7.3694888851088285,44.70940961102291],[7.3822522980846506,44.70971114802992],[7.388212279930883,44.71253214490753],[7.391121247379768,44.71491825800103],[7.394799273674034,44.7163968688827],[7.396283964368095,44.71693987649633],[7.397942714910996,44.717296241021835],[7.398954316643362,44.717437849521886],[7.403243653554725,44.7172354674817],[7.406019688345679,44.71657657474503],[7.406016309590393,44.7164414934353],[7.40610273575633,44.71610962430197],[7.406187534304462,44.71588123403519],[7.408328025062261,44.71187807424698],[7.409226778722401,44.710364729136415],[7.409655727631741,44.709655010866165],[7.4112515842895315,44.70728713658197],[7.411516904235886,44.706903729714284],[7.412603762926148,44.7072339084589],[7.4140132135363075,44.70466535559612],[7.416275887739095,44.698561701073764],[7.416217600966691,44.694595382900715],[7.411780198660852,44.68393809019427],[7.405852050367925,44.67837759240082],[7.395416454993657,44.6770926012703],[7.379788993310439,44.67372558279998],[7.374726931510617,44.67171362263457],[7.3709652731498245,44.66994978897881],[7.363322137750516,44.66585668192309],[7.35679760554043,44.666694316304465],[7.35226386856016,44.66840285317576],[7.348234250594161,44.669604947876635],[7.345153859921344,44.67034805365111],[7.344087810549679,44.67059816050027],[7.338680968220673,44.67227506166531],[7.3385901557828195,44.67231794204912],[7.338412677808463,44.67240183553422],[7.338177249658688,44.672573818182464],[7.337942268085751,44.67294706800625],[7.33778694371539,44.67319378793528],[7.337768417535472,44.67324083751821],[7.337702356432518,44.67340861665875],[7.337548506045498,44.6739462853888],[7.3375017256339525,44.674116742460924],[7.337417888385203,44.67461528869521],[7.337469217590646,44.6754486188048],[7.3378962219697215,44.68016780758073],[7.338375295893353,44.681119900415474]]]},"properties":{"name":"Envie","op_id":"703","minint_elettorale":"1010270850","minint_finloc":"1010270850","prov_name":"Cuneo","prov_istat_code":"004","prov_istat_code_num":4,"prov_acr":"CN","prov_iso_3166_2":"IT-CN","reg_name":"Piemonte","reg_istat_code":"01","reg_istat_code_num":1,"reg_iso_3166_2":"IT-21","opdm_id":"572","com_catasto_code":"D412","com_istat_code":"004085","com_istat_code_num":4085}},
{"type":"Feature","geometry":{"type":"Polygon","coordinates":[[[7.963276231021612,44.49948750914731],[7.963813004443738,44.496989644498576],[7.964751918992544,44.4927896509704],[7.965376296508739,44.49229544309696],[7.966404339500971,44.49148100542343],[7.967110921403105,44.49083921323392],[7.967439698978258,44.49033803388494],[7.967491081985488,44.48809686127417],[7.965535523751479,44.48600407421752],[7.964895462224272,44.485485124707786],[7.964705880538248,44.485355593861776],[7.9642993982151,44.48507908829056],[7.961654148537777,44.48716167520815],[7.957634710681867,44.48706656952243],[7.957206766693094,44.486513504706075],[7.956194619473512,44.48599560708262],[7.955650608588609,44.485824088922364],[7.953309585113686,44.48560461764142],[7.952759674440586,44.48574360898336],[7.94767690967758,44.48813257102083],[7.94764538289694,44.48815748629956],[7.9466982394193115,44.48896933536344],[7.945982918157597,44.48984498383872],[7.944537833770842,44.49178070956136],[7.944360737623492,44.49212117989646],[7.943750436986665,44.493880048224774],[7.943482445995893,44.49523822714998],[7.928476031793972,44.49361172074132],[7.9211106807224665,44.49332725551966],[7.913939845896405,44.49482930183174],[7.911555944246297,44.49704372362616],[7.910745155505531,44.49745910725269],[7.9098830572912435,44.497738964872724],[7.907712699848567,44.497857805086774],[7.8986733792313775,44.498072543135486],[7.898208571283965,44.49793752168626],[7.897592269541726,44.49708538338341],[7.897278368255761,44.49661870794192],[7.89786190898323,44.49174039841956],[7.889060518757258,44.49824951968656],[7.8900064977641025,44.50055037454857],[7.890845356972101,44.50683733546468],[7.890922546128763,44.507369252870596],[7.891461509000012,44.50807669074643],[7.8972326946094515,44.51483949358357],[7.897444053473626,44.51499458681215],[7.897994288529475,44.51525647179101],[7.898735756495151,44.515533710441794],[7.899542110659962,44.51578904126733],[7.902311404735109,44.51612178951312],[7.903417950427106,44.516222449344646],[7.904357995617225,44.516416011139036],[7.905355948516861,44.51683520300254],[7.907341795599892,44.51842517103378],[7.907812346393591,44.5190418457575],[7.90830074817185,44.51973522341636],[7.908749075921577,44.520509219191055],[7.9092754799301375,44.52228793841866],[7.909369888782893,44.52270118227778],[7.909408625739195,44.52287402952906],[7.9097335187338915,44.524484263382085],[7.909805718888402,44.53060670469884],[7.909139521490342,44.532585409738154],[7.908756506755907,44.53302287614989],[7.907853910919188,44.534009031114344],[7.90267719133914,44.538379665215466],[7.897268213075311,44.541234211273],[7.895592005521181,44.54213747111385],[7.8952974452192235,44.54248742677502],[7.89562088750026,44.54338806059304],[7.895786185789297,44.54372829435018],[7.896291590784664,44.5445918768574],[7.898593698926248,44.54777502839761],[7.902324826299699,44.54884174061937],[7.909893301034296,44.5508387363618],[7.910001493941634,44.54827608989656],[7.9110689506028375,44.54478878741405],[7.914896918465155,44.53502349672751],[7.92183262326449,44.52618936620172],[7.926654596861957,44.524050409196306],[7.931300617123944,44.52081705599996],[7.934917300387357,44.516642136536554],[7.93723748953583,44.51416406693514],[7.940466251714399,44.51087596084891],[7.945298807946084,44.50976599026879],[7.948265044300936,44.50784877753204],[7.951304880195825,44.50560807359215],[7.954114382303964,44.49949429208466],[7.954192149369808,44.49913011258029],[7.954734075890095,44.498432867524315],[7.954928933677121,44.498193801772594],[7.95707266883453,44.49822468802829],[7.958163177994966,44.49835166203554],[7.96280405588935,44.49920415465491],[7.963276231021612,44.49948750914731]]]},"properties":{"name":"Farigliano","op_id":"704","minint_elettorale":"1010270860","minint_finloc":"1010270860","prov_name":"Cuneo","prov_istat_code":"004","prov_istat_code_num":4,"prov_acr":"CN","prov_iso_3166_2":"IT-CN","reg_name":"Piemonte","reg_istat_code":"01","reg_istat_code_num":1,"reg_iso_3166_2":"IT-21","opdm_id":"573","com_catasto_code":"D499","com_istat_code":"004086","com_istat_code_num":4086}},
{"type":"Feature","geometry":{"type":"MultiPolygon","coordinates":[[[[7.564783466885904,44.811873386705464],[7.56574218820139,44.811399272970256],[7.565782713689004,44.811413558977996],[7.568341781251689,44.812404170890076],[7.56948281557187,44.81292093777084],[7.569929347185756,44.813197605441076],[7.569971421509162,44.81323937326816],[7.570477262256133,44.813818355238354],[7.570529418678249,44.813880224058806],[7.570581898653755,44.814002146974296],[7.570845401784096,44.814627540511836],[7.5723595164859,44.81691506939873],[7.572897210794238,44.8175023812036],[7.5735487805256,44.81805515022691],[7.574644124640789,44.818964541512],[7.575048227015414,44.81927979986531],[7.575519276794591,44.81962655165103],[7.57624076812271,44.81860048819856],[7.579009645780361,44.81436706973716],[7.579030191772664,44.81431559879282],[7.578992689660492,44.81418460020157],[7.57883684510164,44.81364253134824],[7.57867824205181,44.81321296260543],[7.578345923344485,44.81255167924058],[7.577620184297849,44.81122381385897],[7.5841380441370045,44.80943689210862],[7.591521421752934,44.808294906767145],[7.590253273271096,44.80602537627517],[7.58617133797261,44.80057247797387],[7.58142495238337,44.79785347347777],[7.577441910834489,44.7912908485078],[7.572206899039409,44.78180922074786],[7.569699267840718,44.77596243747729],[7.570298304077501,44.771374322494026],[7.566421222608877,44.772320451338544],[7.561154134386981,44.772983383346975],[7.560219032464799,44.77326415332224],[7.559355775876426,44.774198503836885],[7.558036446282588,44.77760268201358],[7.556821202910897,44.7883629255497],[7.555020590715525,44.79285923720737],[7.554143568146288,44.79524720910488],[7.557355394013157,44.796659166619726],[7.562451148051728,44.798030271939176],[7.5647345059058475,44.79899970150357],[7.566894847351202,44.802564699179555],[7.564381939873935,44.8076653345823],[7.564304245732003,44.807686004417846],[7.563995822000063,44.80776842745045],[7.5638082810953975,44.80782410144541],[7.563770471148899,44.807836509824945],[7.563121270158089,44.80807160426029],[7.5624506791383865,44.808326834600045],[7.561598756470752,44.80865556370604],[7.561093834577403,44.80890576208023],[7.560202223309302,44.80973256051634],[7.5598904454251326,44.81020941753712],[7.559735440049932,44.81059455452187],[7.559722094129068,44.810765417245285],[7.561017621067229,44.8119700331843],[7.561676881315726,44.812491461467744],[7.562358814021194,44.81273861505539],[7.56293479818391,44.81260180434233],[7.5635943205477245,44.81236705794903],[7.564783466885904,44.811873386705464]]],[[[7.596712162404735,44.80989431417577],[7.594975909789774,44.81231064632287],[7.59434418231254,44.82109471171508],[7.596768218277722,44.82321657965975],[7.597582507431994,44.81030497336387],[7.596712162404735,44.80989431417577]]]]},"properties":{"name":"Faule","op_id":"705","minint_elettorale":"1010270870","minint_finloc":"1010270870","prov_name":"Cuneo","prov_istat_code":"004","prov_istat_code_num":4,"prov_acr":"CN","prov_iso_3166_2":"IT-CN","reg_name":"Piemonte","reg_istat_code":"01","reg_istat_code_num":1,"reg_iso_3166_2":"IT-21","opdm_id":"574","com_catasto_code":"D511","com_istat_code":"004087","com_istat_code_num":4087}},
{"type":"Feature","geometry":{"type":"Polygon","coordinates":[[[8.077470840907942,44.53682854018655],[8.083490615075394,44.5415281632356],[8.083178896097351,44.54203393183677],[8.083395645570809,44.54442490299943],[8.084560326966768,44.546519255702336],[8.086874427205048,44.55025942132383],[8.089523841681936,44.55446674358918],[8.09234563328146,44.55642026504279],[8.092992724812321,44.559369236220995],[8.095806590729289,44.559697624181226],[8.098327648316767,44.558376177915655],[8.11589594707094,44.55382323989879],[8.119042983484752,44.55294730086211],[8.126692113314515,44.54551591337704],[8.125916569863357,44.54168838054112],[8.124763231357349,44.541161904206376],[8.12356114440564,44.54050450476974],[8.122597744857561,44.53953870293377],[8.12250174647587,44.53919999105934],[8.122430350401322,44.53884096192381],[8.122446706784451,44.538465860329964],[8.122579067333868,44.53743158814068],[8.122768456115558,44.53637074213937],[8.122985879748482,44.53577373715142],[8.123438257889333,44.53480043860201],[8.117220595661701,44.53527018946721],[8.115021582387827,44.535239655851406],[8.110501412667107,44.53480393392046],[8.109919436427747,44.53469137697518],[8.10923586218917,44.534510487745166],[8.108666268858638,44.534307989141745],[8.107847383468695,44.533689421568454],[8.107547777138102,44.533218940429364],[8.10676993101359,44.53097121712843],[8.106322874114982,44.531246804574394],[8.10573059343834,44.53155276337486],[8.103544614239402,44.532503397654494],[8.102661139936114,44.53284306316828],[8.086543180363378,44.53579415572032],[8.079606910984577,44.53691025635602],[8.077470840907942,44.53682854018655]]]},"properties":{"name":"Feisoglio","op_id":"706","minint_elettorale":"1010270880","minint_finloc":"1010270880","prov_name":"Cuneo","prov_istat_code":"004","prov_istat_code_num":4,"prov_acr":"CN","prov_iso_3166_2":"IT-CN","reg_name":"Piemonte","reg_istat_code":"01","reg_istat_code_num":1,"reg_iso_3166_2":"IT-21","opdm_id":"575","com_catasto_code":"D523","com_istat_code":"004088","com_istat_code_num":4088}},
{"type":"Feature","geometry":{"type":"Polygon","coordinates":[[[7.79824847828116,44.558134322090204],[7.800063544585658,44.556612991652706],[7.800560910196265,44.556172590879086],[7.801767821440855,44.5550914562029],[7.801801165773821,44.55501979248783],[7.801903337152451,44.55243713185806],[7.801921858713139,44.551343520780094],[7.798797543823704,44.546219767254065],[7.7985876641062095,44.54589864012618],[7.797661843370482,44.54448217065169],[7.795642693644505,44.54188294933648],[7.793273084328341,44.54000086252639],[7.791859909269002,44.53887835362014],[7.79044717200575,44.53780028301872],[7.789488392656858,44.53730797310112],[7.788256721998029,44.536687228112704],[7.786060884024904,44.535590390087506],[7.784217564642621,44.53534220116213],[7.782984219148697,44.53526089521884],[7.768210475989213,44.53880891169417],[7.766112290195964,44.539759542585074],[7.765340059017456,44.544120935994364],[7.765791606813615,44.545165620480184],[7.766390523915677,44.54686416464145],[7.766551402824043,44.54791509416722],[7.766567567824786,44.5485094443603],[7.766499205196716,44.54902634855439],[7.766259143349354,44.54951440531191],[7.765341828352036,44.55071831407755],[7.765311494083134,44.55075726806383],[7.764786615480315,44.55122244778527],[7.764407260412324,44.55152443859176],[7.758576920173862,44.554296898816716],[7.754787814879424,44.55472292097672],[7.746923686940162,44.553279201873224],[7.737006190086727,44.549685283228044],[7.733222081791479,44.54463344759026],[7.7329029507795815,44.54099289944999],[7.73193890288528,44.53942921577021],[7.73226791587524,44.53730303277503],[7.729771760880926,44.531095758133176],[7.72577364854884,44.525172532702854],[7.719025966855647,44.51689120731188],[7.7061235373533945,44.50596064617371],[7.6901790080604675,44.49439507352766],[7.6830033120161945,44.484972326904156],[7.682390477430366,44.484177537080335],[7.682163060435969,44.483945327952284],[7.681053107766991,44.48306375975102],[7.679327716310532,44.48169793440911],[7.674445824684329,44.47816186268814],[7.673773831815561,44.47785246272267],[7.6729561709821406,44.477833961288134],[7.671747167386983,44.477846920935605],[7.669538514627952,44.47646179816216],[7.664174746662005,44.47044682194206],[7.657117742456316,44.46588684534182],[7.6543236857984285,44.46400842841505],[7.651083961435889,44.46113885166072],[7.647195166147319,44.457100187877906],[7.643405692413591,44.4557318342705],[7.642953311455406,44.45805692627627],[7.6419383959696745,44.461232967691544],[7.64033412458596,44.46575419718658],[7.628703134290025,44.485327995950776],[7.622136441369938,44.496268137313685],[7.621440967113766,44.49741245325443],[7.619157035419981,44.50024730034463],[7.616746849213482,44.50186559749471],[7.61331410931038,44.50429520053596],[7.611922900934817,44.50535409747461],[7.611787922949047,44.505465720956856],[7.611707031127866,44.50553262662253],[7.611664014819314,44.505568870517536],[7.6027781176531715,44.51509140098314],[7.6017437472701745,44.51635260986624],[7.601586267164104,44.51670627956885],[7.601249251330756,44.517660926140735],[7.599443744844697,44.519925480229674],[7.5974910319144975,44.52189107582561],[7.590397066520344,44.527988495067426],[7.585728796682243,44.5296817547269],[7.578433256406668,44.529699191652895],[7.582951405798837,44.54151716955021],[7.584717157660936,44.53975207031472],[7.5892731290360915,44.537026660905475],[7.5933695212291985,44.53706819778168],[7.606498027273298,44.53874610257562],[7.608460126482713,44.53933717666674],[7.612961155442585,44.54109337051838],[7.612970475112068,44.541413073560655],[7.613014347144038,44.54248041972707],[7.613095260319319,44.54372825503267],[7.61328615969452,44.54385660984707],[7.630714826269793,44.55049022702636],[7.630784047500873,44.55015616952458],[7.631304084792088,44.55027672593159],[7.632650752492634,44.55063046159642],[7.635694021005078,44.55160312103123],[7.638868650814182,44.55386463822514],[7.639182825336252,44.55454806819979],[7.640105045774734,44.557109848263025],[7.641731258931205,44.56484578254775],[7.643020458584993,44.568313553359104],[7.645053839064048,44.57221781501531],[7.651901063900106,44.57330956388899],[7.660978357092372,44.573224875935594],[7.6723593454786485,44.57138171877836],[7.672255028992453,44.570637777110896],[7.672445601113843,44.57061750705676],[7.672940504329,44.57058503098541],[7.6733782117699105,44.570556335587746],[7.673583792677938,44.57054488405928],[7.674418442279132,44.57050086659603],[7.674870101243232,44.570483600442905],[7.679750101779537,44.570742925794406],[7.679821175199511,44.57074711985053],[7.6808427475658245,44.570807900436094],[7.6815094402038016,44.570847578105486],[7.6848180408027345,44.57205255061444],[7.683907749789466,44.57470724488907],[7.680902950520436,44.579195854903126],[7.688798679859829,44.582379133354166],[7.695045198829976,44.58852735663548],[7.697182881976872,44.58877425133326],[7.6977912960254145,44.5890493272134],[7.698433256486293,44.59011443546166],[7.699940410971712,44.593111438244385],[7.70136140907953,44.59616592125692],[7.701977242027257,44.598157919376376],[7.702483751720722,44.600316744015394],[7.702587162258891,44.60132926061755],[7.702977706190622,44.60538480924622],[7.70271485479351,44.60581845085163],[7.712169156216651,44.612150895938086],[7.712729599252138,44.61237968231173],[7.714552040057514,44.613122757384176],[7.718642667051936,44.614712643974094],[7.721706178059212,44.6158947939886],[7.72213391368981,44.6159490851893],[7.724304105392412,44.61620290831381],[7.7287113649598025,44.61671569277067],[7.73217892898716,44.61628611288338],[7.734717948548743,44.61590015885817],[7.734995321298748,44.615851248715536],[7.745775483821847,44.613704041278076],[7.746028637942314,44.613652801031726],[7.748411583221959,44.613170302800846],[7.749274344365835,44.612995221304885],[7.750561805843014,44.612721237640194],[7.756129982376096,44.61145482153383],[7.757750253425246,44.61085964281738],[7.758917302114108,44.6091528580433],[7.7661817318464745,44.60541452446467],[7.766236154032817,44.605394491286525],[7.7666046727106615,44.6052757687441],[7.766759663587743,44.60524392178576],[7.766921111310223,44.60521154116947],[7.767420605646476,44.60511731445776],[7.770357641935305,44.604626839108796],[7.771369059271165,44.604507190762746],[7.7718897665051125,44.60465664409614],[7.771954639072695,44.60468044222047],[7.785020111445582,44.60304180036129],[7.78713779875938,44.602591702730734],[7.783054672920589,44.596746162677235],[7.779845699294271,44.58779048511456],[7.775565416701961,44.57816150721207],[7.775627291691672,44.57219352534899],[7.781283596943634,44.56616141594799],[7.783133706321496,44.564900714719236],[7.784999156314245,44.56364671831568],[7.788360748654345,44.56244458906512],[7.792255454203732,44.56104454507674],[7.793875082712352,44.56026122813508],[7.79824847828116,44.558134322090204]]]},"properties":{"name":"Fossano","op_id":"707","minint_elettorale":"1010270890","minint_finloc":"1010270890","prov_name":"Cuneo","prov_istat_code":"004","prov_istat_code_num":4,"prov_acr":"CN","prov_iso_3166_2":"IT-CN","reg_name":"Piemonte","reg_istat_code":"01","reg_istat_code_num":1,"reg_iso_3166_2":"IT-21","opdm_id":"576","com_catasto_code":"D742","com_istat_code":"004089","com_istat_code_num":4089}},
{"type":"Feature","geometry":{"type":"Polygon","coordinates":[[[7.834403661847804,44.29735260834378],[7.834937342483945,44.29653430853786],[7.835036309911796,44.29638226175092],[7.835342196965732,44.295849705035494],[7.835927280415999,44.29480682265552],[7.836323472630421,44.29019685942836],[7.833231883026425,44.28762641217408],[7.830967185486382,44.286266400368426],[7.829054890005515,44.28410860607055],[7.828867682240718,44.28242164974737],[7.8302017488294515,44.2802941204914],[7.830323380773953,44.280120651833904],[7.830411834666002,44.27999489510189],[7.830490708214965,44.279882939959904],[7.840346538343796,44.267437799424364],[7.846638789711979,44.25935383164806],[7.847927013131232,44.258480033935655],[7.850412522536103,44.25353543398755],[7.849016024589295,44.24965458327325],[7.845476715666446,44.24541896938811],[7.839976549020127,44.23733255603506],[7.835740575533938,44.22430259211413],[7.834777703323629,44.22228059448313],[7.832423477162815,44.22104114017506],[7.829858549088965,44.21628379210749],[7.82943628531378,44.21522610748745],[7.829372426474141,44.215013892447764],[7.8294296648281945,44.2147579622897],[7.830310763096332,44.21278624693363],[7.828855949666899,44.20884150350574],[7.825506011341114,44.20046578167374],[7.821608272322703,44.195802550180126],[7.819533560692024,44.192949669120274],[7.817696295327796,44.19006317737629],[7.816157172558653,44.18714474808122],[7.817169742818988,44.18488720297384],[7.817040080259804,44.18379122087878],[7.814830757694382,44.18218729264734],[7.81461559779243,44.18225440058173],[7.813983289509449,44.18245309923741],[7.80984114466584,44.18401706216573],[7.807723692780574,44.18453516958882],[7.807006187573753,44.18490580984091],[7.80616344114949,44.185360654949235],[7.805632525484931,44.18717822953826],[7.805619527828828,44.187821813766966],[7.805669639022944,44.188398535057246],[7.805755940762965,44.18871454683792],[7.8064197464360525,44.1905806205391],[7.806494490168342,44.19075245238174],[7.806680642703914,44.19117755700737],[7.806950596300748,44.19169782928519],[7.8069728205812945,44.1917392733207],[7.802417666730005,44.20009549906952],[7.801653275956344,44.20024051932358],[7.800204512946809,44.20057642947919],[7.799430375027616,44.20095092496117],[7.797474752400261,44.205071774217544],[7.796866358920931,44.206618385105465],[7.79667299255021,44.2079713011644],[7.79659564403108,44.20861872096878],[7.796682635255783,44.20911029763999],[7.797482887253441,44.21099586765664],[7.798267419442938,44.21448378800092],[7.797951673196197,44.21504336989481],[7.797562923308915,44.21573231242593],[7.795498601479927,44.21859153360254],[7.794207176340281,44.220202941303654],[7.7938650131101195,44.21990669721854],[7.793780845395864,44.21983382409008],[7.79336102205546,44.219415248832206],[7.793129219473023,44.21915577288637],[7.792702090569534,44.21867453828413],[7.792062645785131,44.217862007776816],[7.791913229939876,44.21760620140894],[7.791769393325042,44.21735934712214],[7.791720494339135,44.21725879182786],[7.791629367248094,44.2170696511524],[7.791442435493495,44.21655000367486],[7.791144535811633,44.21594814269249],[7.790863563880982,44.21543651368694],[7.790406085648449,44.2150625361266],[7.789659379549334,44.21461762325254],[7.787945403977797,44.21392457065563],[7.786040295454204,44.21331914737807],[7.785103875674851,44.21320116194841],[7.781972264324093,44.213100287904794],[7.781072195534752,44.21309968311354],[7.780876222303212,44.213705296314274],[7.780377035452113,44.21636036383537],[7.771937282571747,44.22071293710432],[7.767829462499706,44.22245579999572],[7.765072579216984,44.223290315680615],[7.761011974285894,44.22421866008369],[7.764188776802749,44.22525240752463],[7.781191845063112,44.23035526736226],[7.786657222723151,44.23089511742013],[7.794168774319334,44.23557521222918],[7.796492386557523,44.23709068403683],[7.797001897346921,44.24258691488609],[7.796964453354683,44.24285648296292],[7.796936614920336,44.24304992050011],[7.796889813095847,44.24314667238513],[7.796663914991654,44.243519660364704],[7.793730995660669,44.24711692393216],[7.793176639904535,44.255200257913025],[7.79341899697732,44.25553788131404],[7.79356356549963,44.25573993965477],[7.793717266306968,44.255957777567005],[7.793722564110864,44.25598748056051],[7.793743836847691,44.25611848262025],[7.793759735912336,44.25624175282338],[7.793693710664454,44.25769054987333],[7.7935218793950085,44.26138444680447],[7.7931264025599365,44.26270822527572],[7.7909507036173515,44.26991010565557],[7.7870035093226315,44.27518446966659],[7.785830369312373,44.28383283602334],[7.787065659785621,44.29047212817137],[7.7931983605028,44.29232416874452],[7.801382732055668,44.3017734207496],[7.805590788776692,44.31290905087717],[7.804985530713935,44.32375120364976],[7.808607012296625,44.327475715328816],[7.80855760512203,44.32716543297571],[7.808513722122833,44.32688982903425],[7.8084519365002905,44.3265017733798],[7.808516314030481,44.325296071059476],[7.80937792423089,44.322208070805175],[7.809688317660406,44.32121496206048],[7.80989444419256,44.32075497953096],[7.81297187893897,44.31516021604556],[7.817796673783147,44.31266693187951],[7.818664120511893,44.312396829776425],[7.819321107589259,44.31218754751394],[7.8207534618111225,44.31135040985675],[7.825297398296161,44.308548957945],[7.825861611151957,44.308194646884715],[7.82705047628331,44.30718503288011],[7.82739904169234,44.30687800485675],[7.831496471799129,44.30326483656208],[7.8316566581508225,44.30300989299893],[7.831678907340532,44.30297410956407],[7.8307634069402585,44.302181496983046],[7.829094890692339,44.30079933196589],[7.828590053598251,44.30038114345551],[7.8286975733773545,44.2996620027644],[7.830115282032935,44.29893379540931],[7.832966569569865,44.297738574634984],[7.834403661847804,44.29735260834378]]]},"properties":{"name":"Frabosa Soprana","op_id":"708","minint_elettorale":"1010270900","minint_finloc":"1010270900","prov_name":"Cuneo","prov_istat_code":"004","prov_istat_code_num":4,"prov_acr":"CN","prov_iso_3166_2":"IT-CN","reg_name":"Piemonte","reg_istat_code":"01","reg_istat_code_num":1,"reg_iso_3166_2":"IT-21","opdm_id":"577","com_catasto_code":"D751","com_istat_code":"004090","com_istat_code_num":4090}},
{"type":"Feature","geometry":{"type":"Polygon","coordinates":[[[7.808607012296625,44.327475715328816],[7.804985530713935,44.32375120364976],[7.805590788776692,44.31290905087717],[7.801382732055668,44.3017734207496],[7.7931983605028,44.29232416874452],[7.787065659785621,44.29047212817137],[7.785830369312373,44.28383283602334],[7.7870035093226315,44.27518446966659],[7.7909507036173515,44.26991010565557],[7.7931264025599365,44.26270822527572],[7.7935218793950085,44.26138444680447],[7.793693710664454,44.25769054987333],[7.793759735912336,44.25624175282338],[7.793743836847691,44.25611848262025],[7.793722564110864,44.25598748056051],[7.793717266306968,44.255957777567005],[7.79356356549963,44.25573993965477],[7.79341899697732,44.25553788131404],[7.793176639904535,44.255200257913025],[7.793730995660669,44.24711692393216],[7.796663914991654,44.243519660364704],[7.796889813095847,44.24314667238513],[7.796936614920336,44.24304992050011],[7.796964453354683,44.24285648296292],[7.797001897346921,44.24258691488609],[7.796492386557523,44.23709068403683],[7.794168774319334,44.23557521222918],[7.786657222723151,44.23089511742013],[7.781191845063112,44.23035526736226],[7.764188776802749,44.22525240752463],[7.761011974285894,44.22421866008369],[7.755823333987761,44.22280279181777],[7.752696443748112,44.22458730006333],[7.743128137790357,44.2293440434189],[7.737220641260789,44.232578487850155],[7.7388667399984366,44.24335525908303],[7.739312511647002,44.244107441619235],[7.740938977185994,44.24629508664189],[7.743606570315034,44.24959256379532],[7.744244053479801,44.250076714608866],[7.747475717344807,44.25191731938611],[7.747921144404114,44.25169713494724],[7.748874050305832,44.25133844551666],[7.750446108746537,44.251463704093275],[7.750549263512657,44.251486546134906],[7.750694547918788,44.25151872321186],[7.751341254934698,44.25166311408704],[7.75424005030136,44.25371537919998],[7.754963894925483,44.25423194229307],[7.755735796018242,44.254902058997295],[7.757043265704094,44.256442306778446],[7.757132096261516,44.256703400222904],[7.757184598895933,44.256857777745374],[7.759011746869854,44.263652592437246],[7.760516585777272,44.270676875914035],[7.760958538122403,44.27901474861542],[7.76435149965597,44.28790588445122],[7.7703738353608545,44.29548833643485],[7.770742945770595,44.295728584077196],[7.770985632798298,44.2958865441438],[7.771386031865574,44.29640302470422],[7.771640642739815,44.296879412201605],[7.771826530282659,44.29726403813544],[7.772034190983437,44.29777043813049],[7.773399187105546,44.30263316408295],[7.770984261071901,44.3123798658285],[7.769943287632471,44.31539362518122],[7.76934415004991,44.315337664596825],[7.768122121166759,44.31566658670066],[7.767341489018726,44.31595075405055],[7.765570792083366,44.31669236692061],[7.762819866992613,44.31852169588883],[7.754347240265323,44.32455608378627],[7.753762037181208,44.325778018772084],[7.753480619027763,44.329075058389414],[7.753620381087401,44.329805825940866],[7.7536455841087,44.32987362118632],[7.753661983322868,44.32991430794891],[7.753882165625268,44.33017780909648],[7.754055091725739,44.33037775575106],[7.755189094545049,44.33157850379016],[7.756935277090771,44.33326755268165],[7.762094315642319,44.33705982868546],[7.762980058796695,44.337384527991986],[7.781813391078729,44.342867118716704],[7.783916959676293,44.34351520660424],[7.786462589140817,44.34253444008557],[7.789656868793218,44.34091579154664],[7.791641848026334,44.338839358589574],[7.7940756400973354,44.33633166870844],[7.797913097091794,44.33380971953226],[7.801149787258346,44.33169345854804],[7.808607012296625,44.327475715328816]]]},"properties":{"name":"Frabosa Sottana","op_id":"709","minint_elettorale":"1010270910","minint_finloc":"1010270910","prov_name":"Cuneo","prov_istat_code":"004","prov_istat_code_num":4,"prov_acr":"CN","prov_iso_3166_2":"IT-CN","reg_name":"Piemonte","reg_istat_code":"01","reg_istat_code_num":1,"reg_iso_3166_2":"IT-21","opdm_id":"578","com_catasto_code":"D752","com_istat_code":"004091","com_istat_code_num":4091}},
{"type":"Feature","geometry":{"type":"Polygon","coordinates":[[[7.258489887492402,44.592444250822524],[7.2582651863441825,44.59207173312331],[7.258143013158298,44.59179978602264],[7.258488899874125,44.59162052703447],[7.258545556836521,44.59160033522406],[7.258743976356482,44.591529891010595],[7.2590881387058035,44.591409104899654],[7.262618987252284,44.59061214766122],[7.263940033982641,44.590447687520324],[7.2645052934228405,44.59038426704631],[7.26495522339985,44.59038660561004],[7.2791070370981235,44.58931793352658],[7.281402101073473,44.58790761156926],[7.288607127296863,44.58353247069338],[7.290255181392723,44.582684055785684],[7.2908433184377355,44.58241380004519],[7.292764196053384,44.58170433694188],[7.293388150451121,44.58150210631068],[7.294550599858838,44.57970999351876],[7.294758933966819,44.57919544894813],[7.295287874677247,44.57706977646809],[7.295487892080358,44.57569539756961],[7.295693640979861,44.573825946075054],[7.296325521416046,44.5677677139801],[7.296336273397167,44.56762832505387],[7.29631701974656,44.56747950747339],[7.2962926314537055,44.567384616842716],[7.296239811259344,44.56723977985191],[7.296123640352745,44.567067004252344],[7.295990952828902,44.56688047011742],[7.295538222124718,44.566347076339106],[7.293046644349812,44.56402320520272],[7.290976539616855,44.56250244646825],[7.290771385243703,44.56236873233603],[7.2904555445637955,44.56222895120193],[7.290049521958134,44.562065326692576],[7.289764351655052,44.56198841225195],[7.28969545016409,44.56196991344329],[7.289576961348698,44.561940603327976],[7.289307460637411,44.561874174582314],[7.287924624996695,44.561718154025996],[7.287199268943435,44.561653513003314],[7.281746920448122,44.55994214030599],[7.280253662076597,44.559073440362056],[7.277570863416624,44.55559545786167],[7.27606256838803,44.55070992898199],[7.275679499936648,44.546855577929826],[7.272454872630893,44.5396048151065],[7.267949215444585,44.53427908884117],[7.266558537039496,44.53472610313058],[7.265775371543414,44.534993294645176],[7.265329715338976,44.53515306565725],[7.258350209389041,44.537909627193464],[7.255483091262746,44.539517805492295],[7.24932432375738,44.542812990259094],[7.248904996959087,44.543036120404686],[7.2485213985062265,44.54333765225093],[7.2482427314835345,44.54355715427985],[7.248066671597086,44.543706807202234],[7.248040017204915,44.54372954834625],[7.2479947111697,44.543809883549756],[7.24795497977623,44.543993831194925],[7.24730271321159,44.55340492683513],[7.246886907458886,44.56346333200829],[7.247140820709165,44.57240667991585],[7.250043388797454,44.58278603367991],[7.250236136154641,44.58328860952422],[7.251775521580847,44.58680063844367],[7.252160306610572,44.587661767335824],[7.253249701704801,44.58920885678086],[7.253983463630846,44.590210351573],[7.254751712481515,44.59094228349234],[7.255264733576935,44.59138554120214],[7.255304377878623,44.59141920780741],[7.256929178320974,44.59273552380885],[7.257180519667755,44.59291491756781],[7.257334474310527,44.592993780648],[7.258489887492402,44.592444250822524]]]},"properties":{"name":"Frassino","op_id":"710","minint_elettorale":"1010270920","minint_finloc":"1010270920","prov_name":"Cuneo","prov_istat_code":"004","prov_istat_code_num":4,"prov_acr":"CN","prov_iso_3166_2":"IT-CN","reg_name":"Piemonte","reg_istat_code":"01","reg_istat_code_num":1,"reg_iso_3166_2":"IT-21","opdm_id":"579","com_catasto_code":"D782","com_istat_code":"004092","com_istat_code_num":4092}},
{"type":"Feature","geometry":{"type":"Polygon","coordinates":[[[7.421780086614119,44.32423432636462],[7.420721562175542,44.31928193562787],[7.4152822656957875,44.321218727101],[7.4110957444968575,44.32330772762313],[7.396830772825569,44.33051769461267],[7.39228186436033,44.331561101052266],[7.388709540681752,44.33256408829107],[7.388410348232238,44.33265439952341],[7.388055474971729,44.332802441047015],[7.387731839942262,44.33296892017817],[7.3871759233552075,44.33357325900218],[7.387099418080359,44.33374772500785],[7.386762943177987,44.33453972463746],[7.386728752012152,44.334642788387235],[7.387034410085733,44.34090856186628],[7.387662236453273,44.34264596750114],[7.389290216457988,44.34453687101091],[7.393189322826508,44.34400524776523],[7.401436227627781,44.34205636824432],[7.412354285490801,44.34431983197363],[7.415264171912741,44.343441958423085],[7.416036978902927,44.3427684735865],[7.424017305566383,44.332773211217344],[7.4242810560139425,44.332173653792815],[7.423723169875322,44.32610704909962],[7.422479721971731,44.32464042806432],[7.421780086614119,44.32423432636462]]]},"properties":{"name":"Gaiola","op_id":"711","minint_elettorale":"1010270930","minint_finloc":"1010270930","prov_name":"Cuneo","prov_istat_code":"004","prov_istat_code_num":4,"prov_acr":"CN","prov_iso_3166_2":"IT-CN","reg_name":"Piemonte","reg_istat_code":"01","reg_istat_code_num":1,"reg_iso_3166_2":"IT-21","opdm_id":"580","com_catasto_code":"D856","com_istat_code":"004093","com_istat_code_num":4093}},
{"type":"Feature","geometry":{"type":"Polygon","coordinates":[[[7.325257387816211,44.60213487681149],[7.3210889759404605,44.60336559663817],[7.321459949301463,44.60460443766688],[7.322323140806522,44.60879419341383],[7.323956724468424,44.618950407988244],[7.324639176348265,44.623790223536425],[7.3306090012352945,44.62897301417477],[7.33215302926063,44.62943670100924],[7.33404784640389,44.63041861861424],[7.336313570630067,44.63161745657739],[7.338514319413621,44.633508493710664],[7.339442338805883,44.63451228456591],[7.341674523653404,44.64040977328318],[7.343083992894952,44.64323715539632],[7.343340022470759,44.64371980295723],[7.3445077397386385,44.64313357908628],[7.349410016516654,44.640298113227416],[7.352383977457415,44.638570762614904],[7.353168245447335,44.63823098333676],[7.353531103452396,44.638092169074945],[7.3538501752608125,44.63799774542934],[7.354834614448649,44.63776888327769],[7.355847189612842,44.6376169268828],[7.359837971453938,44.637219699590986],[7.354893553275772,44.634416365637065],[7.353168424014609,44.63166574078898],[7.352224206518858,44.629296025480535],[7.344112486338404,44.61905995448809],[7.342413996981607,44.61821140756475],[7.3407351298358465,44.61712941522048],[7.337456772198296,44.61390388054778],[7.3370300228037575,44.61347005797431],[7.336834345360844,44.61323313162222],[7.333157324731423,44.60727393410326],[7.332367639089859,44.60599755404659],[7.331845033666691,44.605296746073805],[7.330930502416673,44.60427060150603],[7.329290433543175,44.603017790887904],[7.32887050460058,44.60284508590929],[7.325257387816211,44.60213487681149]]]},"properties":{"name":"Gambasca","op_id":"712","minint_elettorale":"1010270940","minint_finloc":"1010270940","prov_name":"Cuneo","prov_istat_code":"004","prov_istat_code_num":4,"prov_acr":"CN","prov_iso_3166_2":"IT-CN","reg_name":"Piemonte","reg_istat_code":"01","reg_istat_code_num":1,"reg_iso_3166_2":"IT-21","opdm_id":"581","com_catasto_code":"D894","com_istat_code":"004094","com_istat_code_num":4094}},
{"type":"Feature","geometry":{"type":"Polygon","coordinates":[[[8.068738502131467,44.22728781307089],[8.06793965366781,44.226212765309675],[8.067131691496607,44.22495024822161],[8.06617667029264,44.22319134773717],[8.066080149559179,44.22286195096592],[8.065363252890359,44.2169365754126],[8.065398676641033,44.21677480977604],[8.06546730048589,44.21656317460193],[8.06556624154636,44.216402707306315],[8.065583022112389,44.2163791411288],[8.066152256216585,44.21558130908995],[8.067785635740812,44.21359386585217],[8.067806226169385,44.21357078238523],[8.068180367036382,44.21315593370546],[8.075214018262198,44.2057178990414],[8.083061262696091,44.203922025640836],[8.087962275239557,44.20316369810657],[8.093743123595358,44.19858798613225],[8.094846588152429,44.197263703422806],[8.094810779306009,44.196376360337894],[8.093064306443125,44.193481297678034],[8.091934746074376,44.190078624942046],[8.091718738957864,44.18829116988493],[8.092237264865464,44.18456213799675],[8.092260470392292,44.18451818429192],[8.092294779175289,44.18445455141999],[8.093111813016565,44.183700742526405],[8.092410838830718,44.17521477212601],[8.090731175213826,44.173138686317955],[8.085520727887625,44.170432168147435],[8.07983323139819,44.16341836824766],[8.074496709195243,44.154720592837656],[8.074576007640536,44.15435240179954],[8.07477299822741,44.153437720774306],[8.074923610585339,44.15260164815334],[8.074812360867762,44.151718432236244],[8.074280210458987,44.15056173241427],[8.073007565375704,44.148795901938875],[8.071987058795946,44.147725151317104],[8.0711886566519,44.146927123874804],[8.071056771580503,44.146828974051246],[8.071023030486844,44.14680409651591],[8.070432869054422,44.146370815320104],[8.069292322702282,44.14564390464726],[8.069245608865128,44.145614132065376],[8.068204852466305,44.14497537292616],[8.067310193306644,44.14468992661868],[8.054486760003357,44.142901003019915],[8.052652573811233,44.14268700546442],[8.050241466362666,44.14259698200399],[8.045994088775032,44.14244269612836],[8.044504574505956,44.142547047179775],[8.04293116111411,44.14282598439387],[8.042144851780028,44.14405651969984],[8.041313369600056,44.145021170068624],[8.041288547881603,44.14504960826785],[8.040965869159121,44.14530790189287],[8.040223777290304,44.145895963380404],[8.039255155238548,44.1466376540721],[8.039223574293619,44.146661811548014],[8.036161402908334,44.14894081925097],[8.035241387772805,44.149621237727814],[8.034934689645779,44.14984781451491],[8.032890704035479,44.15131162573534],[8.029126365363433,44.15382950352648],[8.01795179092368,44.15574364893403],[8.01654144049283,44.15590334037387],[8.011840724452199,44.15589884303748],[8.009445810703474,44.155606635983695],[8.005918787050433,44.154217860624954],[8.003089813593359,44.15290621086447],[7.9939276500114795,44.147620788908156],[7.989025307394757,44.14469842959838],[7.988409367530796,44.14528424728763],[7.988028666902124,44.145643715681196],[7.987572950912609,44.146040327047146],[7.984172505227689,44.14808537076512],[7.983160183479404,44.148238420529744],[7.9821882329253615,44.14820275228417],[7.981442790449479,44.14806106316972],[7.980545568353294,44.14782077806875],[7.969738944237247,44.14776544463352],[7.968445645101534,44.14829556052089],[7.96809606108091,44.148467954423914],[7.967450776526951,44.14879075310539],[7.957434700304241,44.156347733344816],[7.96224017005687,44.16000649492513],[7.963042000037011,44.16001376746566],[7.963667238087622,44.16004195847465],[7.965084826581914,44.16017186012822],[7.966045693822312,44.16027059252127],[7.967181565027971,44.16046541495094],[7.967997008632693,44.16063484168333],[7.969761666658507,44.16110092734525],[7.970670835744136,44.16141073808232],[7.972231882289212,44.162059523623526],[7.97378352539618,44.16278022085706],[7.974272016384077,44.16330227913832],[7.974567013057625,44.16364705578613],[7.974759671834516,44.16387386342926],[7.975523761782218,44.16561381304064],[7.9761022365346,44.16694695301933],[7.976130304586544,44.167176784430204],[7.976100633372267,44.170674230435814],[7.9731721489589535,44.17940795457931],[7.972554545619738,44.180707857955326],[7.972186329281991,44.18090710797533],[7.971670732122327,44.1810150154462],[7.97127654550485,44.18102046307188],[7.965230490874339,44.18056071813011],[7.957408341924079,44.17966580930384],[7.947929431728358,44.17857955121557],[7.937656793850976,44.1801320343879],[7.933191457572502,44.181098775764404],[7.931902443959553,44.181532385527476],[7.931027457028077,44.182095880608344],[7.930835033566465,44.182230926164564],[7.9298057872301015,44.18295325764931],[7.929313918717242,44.183571563433986],[7.92828856700527,44.18468420589779],[7.926555843267674,44.185763224707834],[7.924991887040645,44.186234681730305],[7.922434835195987,44.186651320620236],[7.913671649112302,44.18715008312494],[7.896710024795297,44.18847238646849],[7.874080437611178,44.19197434024204],[7.865471408503668,44.19861895224933],[7.8638371261936335,44.20318417555605],[7.861554204384071,44.20508471010236],[7.867228170171219,44.20639254627874],[7.86891346854838,44.206764867979516],[7.870446133041359,44.20757228754125],[7.871493251660386,44.208572976373326],[7.871627407777237,44.2088243411002],[7.872024612693906,44.209568560787176],[7.87232300887067,44.21016571703852],[7.872251312329831,44.21211867286478],[7.872083836244236,44.213679053713996],[7.872049236181364,44.21393562149892],[7.871883902692341,44.215135560375316],[7.8717919914585455,44.21563900907855],[7.871615648179033,44.21660490779984],[7.874123672831934,44.213091469995874],[7.877359157729501,44.203512552023014],[7.877612935433962,44.203015360120226],[7.878211737999314,44.20295823035915],[7.878366861109821,44.2029462570853],[7.87944561461688,44.20292081600597],[7.88113659183145,44.20309494780344],[7.885062507689355,44.20355197687087],[7.886105913280132,44.203868268678065],[7.889100647332519,44.20572055556127],[7.894394119248751,44.20906703841502],[7.895517963648846,44.20980305070795],[7.895087558099721,44.21164411694823],[7.894023162949597,44.21344343861682],[7.894447096730315,44.21564427449424],[7.897259497646408,44.222531794295236],[7.8988515870440885,44.22525255675835],[7.90182331404077,44.22899041593285],[7.908275467744234,44.23684437820024],[7.919245238490896,44.243750580883166],[7.928541451175482,44.243379973197804],[7.929437577057178,44.24302725043199],[7.929501491176689,44.243002169064304],[7.92969034336158,44.24292806086194],[7.9298973463440845,44.24284696134287],[7.930818606162151,44.24265300833666],[7.935989108205272,44.24327748319213],[7.936913928065671,44.243407638615686],[7.945145563000551,44.24569419354083],[7.946778313959536,44.24697419094298],[7.946876386584933,44.24713645013763],[7.947125776049296,44.24754906619196],[7.950298189714603,44.24716863621992],[7.9514689422792735,44.24690029125612],[7.953463050869291,44.246373897400694],[7.953754834411422,44.24616499266874],[7.953902596335328,44.24599056181353],[7.954044677084737,44.245821028631276],[7.954105430112121,44.24557401736985],[7.954177127959511,44.24525956427237],[7.955520231580213,44.24453810719793],[7.956091379871362,44.24437677504744],[7.956330103214399,44.244384150407654],[7.956600244248742,44.24439249649884],[7.956711762511466,44.24439594236204],[7.9571793966791295,44.24443777710639],[7.957384282809214,44.24445610599167],[7.958257746539051,44.24454961106571],[7.965217914998408,44.24551586987355],[7.968432014926669,44.246550576986486],[7.97478161596369,44.24880448458776],[7.975308918358803,44.24904778689406],[7.975674431839534,44.24926803401613],[7.97638689599401,44.24974619200158],[7.979960857849312,44.252920210232034],[7.980932554161623,44.25397773931623],[7.982849750834723,44.2530774106347],[7.986330490373148,44.25225216934285],[7.989627374259996,44.25148461411799],[7.9929696468601446,44.25114952029493],[8.008710302783335,44.244962593058375],[8.017841718953084,44.23962618267345],[8.034929128147288,44.23034114036382],[8.04008690203854,44.22888558985597],[8.051821098901458,44.2262466636643],[8.05768449118438,44.22575951647953],[8.061171325709184,44.226427444538814],[8.068738502131467,44.22728781307089]]]},"properties":{"name":"Garessio","op_id":"713","minint_elettorale":"1010270950","minint_finloc":"1010270950","prov_name":"Cuneo","prov_istat_code":"004","prov_istat_code_num":4,"prov_acr":"CN","prov_iso_3166_2":"IT-CN","reg_name":"Piemonte","reg_istat_code":"01","reg_istat_code_num":1,"reg_iso_3166_2":"IT-21","opdm_id":"582","com_catasto_code":"D920","com_istat_code":"004095","com_istat_code_num":4095}},
{"type":"Feature","geometry":{"type":"Polygon","coordinates":[[[7.70271485479351,44.60581845085163],[7.702977706190622,44.60538480924622],[7.702587162258891,44.60132926061755],[7.702483751720722,44.600316744015394],[7.701977242027257,44.598157919376376],[7.70136140907953,44.59616592125692],[7.699940410971712,44.593111438244385],[7.698433256486293,44.59011443546166],[7.6977912960254145,44.5890493272134],[7.697182881976872,44.58877425133326],[7.695045198829976,44.58852735663548],[7.688798679859829,44.582379133354166],[7.680902950520436,44.579195854903126],[7.683907749789466,44.57470724488907],[7.6848180408027345,44.57205255061444],[7.6815094402038016,44.570847578105486],[7.6808427475658245,44.570807900436094],[7.679821175199511,44.57074711985053],[7.679750101779537,44.570742925794406],[7.674870101243232,44.570483600442905],[7.674418442279132,44.57050086659603],[7.673583792677938,44.57054488405928],[7.6733782117699105,44.570556335587746],[7.672940504329,44.57058503098541],[7.672445601113843,44.57061750705676],[7.672255028992453,44.570637777110896],[7.6723593454786485,44.57138171877836],[7.660978357092372,44.573224875935594],[7.651901063900106,44.57330956388899],[7.645053839064048,44.57221781501531],[7.642954576327128,44.57664912677366],[7.637631287754893,44.57677478865149],[7.633924404024195,44.58102014652491],[7.639289920487713,44.58450066738488],[7.646901741538665,44.59633933055796],[7.647613233324866,44.599088994548175],[7.649590051324269,44.60212370982728],[7.6528010538095605,44.60584815510019],[7.656766917950959,44.60481007970908],[7.675362138850771,44.60234007651089],[7.687673913730889,44.602009586380305],[7.692632991428381,44.60305224733091],[7.70271485479351,44.60581845085163]]]},"properties":{"name":"Genola","op_id":"714","minint_elettorale":"1010270960","minint_finloc":"1010270960","prov_name":"Cuneo","prov_istat_code":"004","prov_istat_code_num":4,"prov_acr":"CN","prov_iso_3166_2":"IT-CN","reg_name":"Piemonte","reg_istat_code":"01","reg_istat_code_num":1,"reg_iso_3166_2":"IT-21","opdm_id":"583","com_catasto_code":"D967","com_istat_code":"004096","com_istat_code_num":4096}},
{"type":"Feature","geometry":{"type":"Polygon","coordinates":[[[8.10676993101359,44.53097121712843],[8.107547777138102,44.533218940429364],[8.107847383468695,44.533689421568454],[8.108666268858638,44.534307989141745],[8.10923586218917,44.534510487745166],[8.109919436427747,44.53469137697518],[8.110501412667107,44.53480393392046],[8.115021582387827,44.535239655851406],[8.117220595661701,44.53527018946721],[8.123438257889333,44.53480043860201],[8.128872952675755,44.53430545244623],[8.1418130169534,44.53255879957782],[8.144030374946052,44.52864582648958],[8.144191271544411,44.52816087628176],[8.143769966597393,44.5274960412411],[8.142353781578455,44.525351794972515],[8.142092591108577,44.525034740142566],[8.141214680047938,44.52435025247628],[8.140780221040474,44.524116037646266],[8.141785544778475,44.51862708809358],[8.147108008803583,44.51337793244837],[8.15029205098318,44.51239788169601],[8.149174286315164,44.50882900969561],[8.148473273618638,44.506915244258124],[8.147887098698499,44.506132131560506],[8.145785089519398,44.504324906106206],[8.144420426086276,44.50326138312076],[8.144243555973741,44.50314110808421],[8.144179496330114,44.503097546578246],[8.143832166578221,44.50311295683328],[8.142809636762678,44.50316829669752],[8.142241660267292,44.50321805571942],[8.141853988276798,44.50333280238139],[8.14173745488098,44.50336729739271],[8.141202283631673,44.50381776458447],[8.14095248858984,44.504086113500385],[8.135229553851966,44.50482614886056],[8.121971553459822,44.50129049442751],[8.11883646022672,44.49683705762225],[8.113366266912745,44.49215836229797],[8.102894856406605,44.492013567147005],[8.101400282450166,44.49186235024048],[8.089650542051805,44.498746263171206],[8.091037935711496,44.50123753053026],[8.092582485468187,44.503486966006086],[8.098363364793176,44.511585597106425],[8.106017405943039,44.522754977755824],[8.103860242720623,44.52820712976183],[8.10676993101359,44.53097121712843]]]},"properties":{"name":"Gorzegno","op_id":"715","minint_elettorale":"1010270970","minint_finloc":"1010270970","prov_name":"Cuneo","prov_istat_code":"004","prov_istat_code_num":4,"prov_acr":"CN","prov_iso_3166_2":"IT-CN","reg_name":"Piemonte","reg_istat_code":"01","reg_istat_code_num":1,"reg_iso_3166_2":"IT-21","opdm_id":"584","com_catasto_code":"E111","com_istat_code":"004097","com_istat_code_num":4097}},
{"type":"Feature","geometry":{"type":"Polygon","coordinates":[[[8.165105918570898,44.44378025260442],[8.164782193929618,44.44444872387949],[8.16153505124062,44.45007904169409],[8.155922805773374,44.45715433788768],[8.153472409651258,44.459634445684834],[8.152292436424904,44.46049543069172],[8.15101835823855,44.461322254130884],[8.15053873283858,44.46153925546545],[8.14967738928645,44.46166337776485],[8.150109217296334,44.46198168853789],[8.151107110569678,44.463546563499214],[8.15117356265763,44.46381262879127],[8.151198851183945,44.46399287364615],[8.151186981797492,44.46632898198498],[8.150988448927912,44.46715125534957],[8.150725759167143,44.46795503939677],[8.150453094659465,44.468301829343304],[8.150460524128881,44.4700034263674],[8.151102999569197,44.47293633243877],[8.152083139598457,44.47709832939523],[8.161091216489066,44.48129257460975],[8.161083556027448,44.481360038808745],[8.161601310201709,44.48143897930566],[8.162541408202593,44.48158230659181],[8.165690459202185,44.48184391541343],[8.167049776764387,44.48184034118326],[8.16804372710131,44.481775571232866],[8.16912687231392,44.48157188574936],[8.170071696063133,44.48131318115915],[8.171244170482515,44.48093458493195],[8.171559616812107,44.48080183614566],[8.172103260122483,44.48056719777608],[8.177814756966097,44.47663378847948],[8.185227561387904,44.47340542987169],[8.190484538800856,44.47176832201797],[8.195288329752358,44.46946607834383],[8.197417875395475,44.46763094359339],[8.196808582027614,44.466990370149865],[8.195813770434695,44.46497743372065],[8.19573534885048,44.464265670053734],[8.196435043591148,44.46360439550345],[8.197196808664886,44.463114598117926],[8.198185132791796,44.46254536873051],[8.199946810294346,44.46154892388118],[8.204414001769923,44.45921250220169],[8.210257529912234,44.455516033858466],[8.207149203014577,44.44813509845808],[8.202996498389137,44.448089231558896],[8.199934501772494,44.44841892994254],[8.196793833387453,44.4485274230178],[8.194113632119096,44.44819344291081],[8.187732766896398,44.44550143815757],[8.182296136988388,44.43996647969028],[8.170484747188507,44.439840797758244],[8.166991846418643,44.440225002022515],[8.165445066239666,44.44132059083691],[8.165105918570898,44.44378025260442]]]},"properties":{"name":"Gottasecca","op_id":"716","minint_elettorale":"1010270980","minint_finloc":"1010270980","prov_name":"Cuneo","prov_istat_code":"004","prov_istat_code_num":4,"prov_acr":"CN","prov_iso_3166_2":"IT-CN","reg_name":"Piemonte","reg_istat_code":"01","reg_istat_code_num":1,"reg_iso_3166_2":"IT-21","opdm_id":"585","com_catasto_code":"E115","com_istat_code":"004098","com_istat_code_num":4098}},
{"type":"Feature","geometry":{"type":"Polygon","coordinates":[[[8.13057455958703,44.8101310421895],[8.12881414151097,44.79134735950118],[8.132387205253538,44.787155103657945],[8.137640889847006,44.78337786890902],[8.137603661577034,44.782995313068824],[8.13745589263935,44.782602334919105],[8.13713825002651,44.78213183208354],[8.136918395711907,44.781986126389704],[8.136192332658565,44.78180510156357],[8.134290549290336,44.78142609978896],[8.13336011774016,44.7813514059208],[8.130142663188527,44.78136849989806],[8.124799071233088,44.777209017358494],[8.124185422285121,44.775539075363724],[8.1158747417824,44.77125511424403],[8.11174539560113,44.77212115984182],[8.111724613109898,44.77221552120186],[8.111671574508094,44.77245366717843],[8.11148510650917,44.772690784057026],[8.111236001350964,44.772855484967856],[8.111109970405266,44.77293872933936],[8.110981772346996,44.773023329546945],[8.110383773067415,44.77328423166213],[8.109577427212654,44.7734581593361],[8.109065517263614,44.773565875067],[8.10883488333839,44.77361440182425],[8.107089907681697,44.77396100537712],[8.106036234988588,44.77407060165401],[8.105218690879402,44.77412271541432],[8.104442262516244,44.77394107763016],[8.10383265798884,44.7735717131644],[8.103401536707402,44.77307771502204],[8.102971859637808,44.77248918374636],[8.102624745128738,44.771901318512825],[8.102587687630356,44.77128438026256],[8.102717622211063,44.77049320250269],[8.10367561695924,44.768277181075426],[8.104038871156886,44.767564342870564],[8.104157677068637,44.76402195493915],[8.102274676774393,44.76523242897905],[8.098127087738357,44.76549231515832],[8.09671807386721,44.766133856339394],[8.094369037493736,44.76776716657838],[8.09344430463941,44.76942523901006],[8.091668706411129,44.77293099352729],[8.088373551950857,44.77782098133171],[8.085627193204294,44.78075071432451],[8.085560509505727,44.78079924180762],[8.084917521617939,44.78126715207095],[8.081868838959105,44.7830907442724],[8.081416449436807,44.78605968586426],[8.079489368283442,44.791314942409],[8.075118265528964,44.80119101625572],[8.071141507287729,44.80632643650172],[8.071121281825423,44.80723410387319],[8.071449476921625,44.80780345471694],[8.072729514478153,44.80868733850836],[8.073284789604289,44.80877671979169],[8.07396824480395,44.80888304659255],[8.074588221104074,44.808882858269655],[8.075183484616263,44.808621466880865],[8.075221568246924,44.80859657807822],[8.075262632925808,44.8085694448431],[8.082972568529385,44.81378986344515],[8.085358594957805,44.81667555648837],[8.08590956566159,44.817138783592505],[8.086474073188125,44.817557399630424],[8.087089402257396,44.81794039770873],[8.093978533944151,44.82179416923182],[8.095151164247087,44.82215097051004],[8.096193584198247,44.82191063419558],[8.096600036858423,44.82170783856613],[8.100507101035667,44.81974803392057],[8.101527467423427,44.81842394270651],[8.106049141162563,44.811262518841865],[8.106966117042589,44.80997763833847],[8.109520373040393,44.80989426491437],[8.111188325191414,44.810587641229795],[8.11360298232673,44.81170779720693],[8.115749771875329,44.81348037817572],[8.115788474749694,44.81350589935374],[8.116068677550167,44.81368983766437],[8.116612722462245,44.813783908470995],[8.117858720030185,44.813892710400204],[8.119049103682134,44.81399566479506],[8.12174759077882,44.813976696891366],[8.123205742509917,44.81379648043458],[8.128217933171326,44.81137163570962],[8.13057455958703,44.8101310421895]]]},"properties":{"name":"Govone","op_id":"717","minint_elettorale":"1010270990","minint_finloc":"1010270990","prov_name":"Cuneo","prov_istat_code":"004","prov_istat_code_num":4,"prov_acr":"CN","prov_iso_3166_2":"IT-CN","reg_name":"Piemonte","reg_istat_code":"01","reg_istat_code_num":1,"reg_iso_3166_2":"IT-21","opdm_id":"586","com_catasto_code":"E118","com_istat_code":"004099","com_istat_code_num":4099}},
{"type":"Feature","geometry":{"type":"Polygon","coordinates":[[[7.980131481233274,44.655094054460996],[7.9804564159074385,44.659013302760144],[7.984049947305809,44.666575993777585],[7.987918116928921,44.67132305505442],[7.990576546586364,44.66946467143317],[7.996140479444813,44.66831235471798],[7.996875931083478,44.66848743202394],[7.99846563277222,44.66858481414964],[7.998654832404761,44.66856329743507],[7.998906456271631,44.66853468008482],[8.001992855263712,44.66766145926436],[8.003350966131471,44.66678658102324],[8.004843439939703,44.66553438593866],[8.009481446414853,44.660857842993806],[8.010503043306809,44.65866110694359],[8.006823464118643,44.6573690941167],[8.00696159061626,44.65417869507027],[8.004105795727659,44.65212831022724],[7.993664174688152,44.64954759957752],[7.989654023062175,44.6482184191898],[7.980131481233274,44.655094054460996]]]},"properties":{"name":"Grinzane Cavour","op_id":"718","minint_elettorale":"1010271000","minint_finloc":"1010271000","prov_name":"Cuneo","prov_istat_code":"004","prov_istat_code_num":4,"prov_acr":"CN","prov_iso_3166_2":"IT-CN","reg_name":"Piemonte","reg_istat_code":"01","reg_istat_code_num":1,"reg_iso_3166_2":"IT-21","opdm_id":"587","com_catasto_code":"E182","com_istat_code":"004100","com_istat_code_num":4100}},
{"type":"Feature","geometry":{"type":"Polygon","coordinates":[[[8.065010592389728,44.72919447926898],[8.060167811603286,44.73412851054035],[8.059563166047772,44.73422705243505],[8.058231487932483,44.73443514629277],[8.057936647279895,44.734438243646835],[8.05633918988834,44.73210735349183],[8.056019423418848,44.731473414518156],[8.055992997798182,44.731420201108065],[8.055845067402906,44.73109058993307],[8.05574599458272,44.73069703561688],[8.055723669577961,44.73060784668368],[8.055710524236133,44.73052410804792],[8.055683042482471,44.73032855522259],[8.056011856544243,44.729330359249715],[8.056234689312161,44.728657698710045],[8.05587916371179,44.727678810492826],[8.055118624233149,44.726209836245665],[8.053124671306476,44.722966000124856],[8.048651762811472,44.721269780731014],[8.045648583219327,44.720212098510714],[8.02153350694568,44.721902998648346],[8.013474169984974,44.72491102965272],[8.007501229883648,44.727149038951815],[8.006030775829032,44.72767009484797],[8.005379845296064,44.7278453221666],[8.004091503619659,44.72776573542407],[8.002688252014902,44.72748792713204],[8.002426719352636,44.727436122703175],[8.001968979778598,44.72729709971846],[7.998708621117709,44.734245308026836],[8.002134971670129,44.73641333683663],[8.002562015893902,44.74121414600783],[8.00037072337037,44.74406331531014],[8.001317812196735,44.7448593045835],[8.005670578465576,44.74794904097665],[8.006417790838817,44.74823012236925],[8.007254155626958,44.74853896285443],[8.008025481532114,44.748518656906526],[8.008959081578118,44.74840522807368],[8.009764129457757,44.74821416720982],[8.010270451109458,44.747714425302306],[8.010834584701831,44.74703718274403],[8.012427180089913,44.745728459125935],[8.013033411906207,44.74606414910814],[8.013248792537015,44.74618403522735],[8.013378018060353,44.74625596667809],[8.014044961692553,44.74666231820762],[8.016760982119209,44.74861222963734],[8.017285653931632,44.74903085039235],[8.019605910652439,44.7516344184915],[8.020134147767198,44.751143837980216],[8.022047873960176,44.74989091632531],[8.022427810194689,44.749646600460466],[8.022555136844543,44.74959495482964],[8.023003777658342,44.74941297912641],[8.023675006559364,44.749175663698445],[8.024994513105753,44.7488133584096],[8.02540894587573,44.74869985881607],[8.027941877611044,44.749284096508454],[8.030629187999752,44.749986600542556],[8.038606286698986,44.748951248753606],[8.049716771700998,44.74743284660394],[8.053969611523792,44.74680199209221],[8.054681247259182,44.74668625580695],[8.054950693019148,44.74657606322999],[8.063898437598763,44.741968613838544],[8.069311881301358,44.73782228862261],[8.07378223983837,44.734977910865105],[8.073065034634745,44.73394909243353],[8.070385347668232,44.73220346177498],[8.068468913710266,44.73222845205025],[8.068029681038025,44.732185415569326],[8.067336568731383,44.73194570428392],[8.06658553570968,44.73128239373817],[8.066205412109225,44.7309191988264],[8.065930777428425,44.73064689251481],[8.065615213290002,44.730238171263636],[8.065113561464557,44.72946540244646],[8.065010592389728,44.72919447926898]]]},"properties":{"name":"Guarene","op_id":"719","minint_elettorale":"1010271010","minint_finloc":"1010271010","prov_name":"Cuneo","prov_istat_code":"004","prov_istat_code_num":4,"prov_acr":"CN","prov_iso_3166_2":"IT-CN","reg_name":"Piemonte","reg_istat_code":"01","reg_istat_code_num":1,"reg_iso_3166_2":"IT-21","opdm_id":"588","com_catasto_code":"E251","com_istat_code":"004101","com_istat_code_num":4101}},
{"type":"Feature","geometry":{"type":"Polygon","coordinates":[[[8.013749833810495,44.42819670239887],[8.00662279903268,44.43364459601642],[8.002345054220276,44.44003076310683],[8.002149163382189,44.442887402746464],[8.002450998697826,44.442782017836095],[8.003104876917162,44.4427112116652],[8.00488940899694,44.44279879115522],[8.006497598443794,44.44311887397831],[8.006842240795159,44.4432358340785],[8.006906029767778,44.4432574822791],[8.009053612823028,44.444032351602154],[8.010089180724378,44.44505905293647],[8.010695290974109,44.44842190492377],[8.01122466436376,44.450542123212465],[8.011328293832776,44.450871613300556],[8.011879775416265,44.45148266657908],[8.013092177857894,44.452736926001506],[8.01324903909251,44.452891331085986],[8.013731716923088,44.453314123519796],[8.014290709953464,44.45356652995084],[8.019965000632116,44.454421099891455],[8.027255907105785,44.4465385630705],[8.023580692482767,44.44579653668663],[8.023169275657018,44.44438804776863],[8.023039268741991,44.44004282228454],[8.023173929529024,44.43728702338532],[8.022615026334648,44.43355269623373],[8.021157630087416,44.430965756887346],[8.013749833810495,44.42819670239887]]]},"properties":{"name":"Igliano","op_id":"720","minint_elettorale":"1010271020","minint_finloc":"1010271020","prov_name":"Cuneo","prov_istat_code":"004","prov_istat_code_num":4,"prov_acr":"CN","prov_iso_3166_2":"IT-CN","reg_name":"Piemonte","reg_istat_code":"01","reg_istat_code_num":1,"reg_iso_3166_2":"IT-21","opdm_id":"589","com_catasto_code":"E282","com_istat_code":"004102","com_istat_code_num":4102}},
{"type":"Feature","geometry":{"type":"Polygon","coordinates":[[[7.359325045648553,44.599208663308],[7.359670625981095,44.59946569856191],[7.360820395223624,44.600179903503864],[7.361500485304028,44.60037419992428],[7.361973327659787,44.60050251981741],[7.36253522038405,44.60058711314029],[7.363172029129948,44.60068175406328],[7.364687499875454,44.60089702080552],[7.366744775898641,44.601169539676626],[7.3674253532284375,44.601192769207955],[7.36785668322674,44.60115843062773],[7.369093642827701,44.60102755781167],[7.370378142812822,44.60082985563584],[7.3732050165936895,44.60033451650991],[7.374381146006183,44.600067688403],[7.374986052656262,44.599923252759346],[7.375480717581944,44.599750256886566],[7.37582352085669,44.59943560949772],[7.38300209812058,44.59420797736143],[7.38783266434831,44.590954043614076],[7.390873301086596,44.58913377119536],[7.390136005361116,44.58891632764869],[7.389550101427749,44.58869200316139],[7.389215328550461,44.5884982280277],[7.389169066707675,44.58845598644826],[7.388944975441323,44.58825135832243],[7.3870461134341845,44.5863070257192],[7.386447006490833,44.58565036938572],[7.385733692431344,44.58456900262336],[7.386430372287205,44.583975683185166],[7.386644749916486,44.58260133716615],[7.3862190496751134,44.579256953600876],[7.385981102622906,44.57848569208697],[7.385864908483974,44.578277287426914],[7.385806972272892,44.578215142224145],[7.385611857877445,44.5780494900462],[7.384266957665623,44.57744980706981],[7.382878102639413,44.57764171443014],[7.374725520161428,44.57997914280979],[7.358310340745159,44.58479466244479],[7.354847095318308,44.58677036109435],[7.353772754499927,44.587538104157105],[7.352725264118055,44.58848175909383],[7.3517341250953505,44.58950722958927],[7.351104556319492,44.59017783966001],[7.350858948519209,44.590439857801144],[7.350106415115649,44.59154529106284],[7.347637600360704,44.59734766717217],[7.359325045648553,44.599208663308]]]},"properties":{"name":"Isasca","op_id":"721","minint_elettorale":"1010271030","minint_finloc":"1010271030","prov_name":"Cuneo","prov_istat_code":"004","prov_istat_code_num":4,"prov_acr":"CN","prov_iso_3166_2":"IT-CN","reg_name":"Piemonte","reg_istat_code":"01","reg_istat_code_num":1,"reg_iso_3166_2":"IT-21","opdm_id":"590","com_catasto_code":"E327","com_istat_code":"004103","com_istat_code_num":4103}},
{"type":"Feature","geometry":{"type":"Polygon","coordinates":[[[7.580102373467725,44.65367924862277],[7.580078783273515,44.65104597758699],[7.582987794263406,44.64807471822864],[7.586227031576706,44.64441534128375],[7.586236011888461,44.63705601579281],[7.585663844971071,44.63457775835168],[7.58203246899862,44.62716424958518],[7.580516018948769,44.6241476153037],[7.5801644234693635,44.62360759456922],[7.567833932020377,44.60942783679375],[7.5617477794208225,44.60363082698047],[7.558530095868672,44.5995207967604],[7.555901321786223,44.600887336170054],[7.5552219377832435,44.603882569973756],[7.555334908630846,44.609864536637346],[7.55543441129562,44.61023490340802],[7.555466999146345,44.610541388076804],[7.555660949473778,44.61288447038138],[7.555383456479017,44.61437087041033],[7.55497665797505,44.61627233327655],[7.554073724847901,44.61749224321459],[7.533956200705445,44.61430061615422],[7.5291864728482345,44.62076123780754],[7.528807414500915,44.62204870688177],[7.528489934325256,44.6278146781934],[7.528728594257637,44.6285964548066],[7.5294370934523815,44.63085167804354],[7.529828736611723,44.63203603818321],[7.531862340065936,44.63727459240593],[7.53693887500595,44.64861972291748],[7.537775972443123,44.64949488978202],[7.540650443788792,44.65044068189815],[7.548561909006672,44.65249953262008],[7.552016448583842,44.65273694674134],[7.563264694890156,44.65470186193429],[7.563821041982569,44.655177135897816],[7.564103559146591,44.65521217942471],[7.566080487067634,44.65515151170535],[7.567048086216322,44.65511863635582],[7.571882916591701,44.654670591372216],[7.576359662452408,44.654238258235864],[7.580102373467725,44.65367924862277]]]},"properties":{"name":"Lagnasco","op_id":"723","minint_elettorale":"1010271040","minint_finloc":"1010271040","prov_name":"Cuneo","prov_istat_code":"004","prov_istat_code_num":4,"prov_acr":"CN","prov_iso_3166_2":"IT-CN","reg_name":"Piemonte","reg_istat_code":"01","reg_istat_code_num":1,"reg_iso_3166_2":"IT-21","opdm_id":"591","com_catasto_code":"E406","com_istat_code":"004104","com_istat_code_num":4104}},
{"type":"Feature","geometry":{"type":"Polygon","coordinates":[[[7.966398550022367,44.65985934896502],[7.967512663717269,44.65964887372507],[7.968263252719622,44.65806861425733],[7.970071693957108,44.65065160844829],[7.9716704202540845,44.64872150843952],[7.972556345489373,44.64370166422635],[7.966372678574846,44.63707412715244],[7.965481429453301,44.63671946223882],[7.964264522357545,44.63615478644559],[7.963481812096665,44.635413987069256],[7.96189420165448,44.632086667676546],[7.961135952572122,44.63047046941615],[7.96056873099964,44.62915329298774],[7.959692829647776,44.626426583658315],[7.953099262373227,44.62668145178529],[7.941481935620406,44.62440023933988],[7.9260163628074025,44.62023173682763],[7.9220633566226955,44.61917721441818],[7.917134062064966,44.6220028022532],[7.916558641189417,44.622248928358665],[7.915907645610387,44.62249482027383],[7.915485969409479,44.62265285608927],[7.914812287203892,44.622785236123164],[7.912884093271053,44.62314124594865],[7.911974024858383,44.62328433037749],[7.909717313702113,44.623313603723034],[7.9086083394212885,44.62328822039045],[7.907686874759897,44.623257181225355],[7.906893974823625,44.62313257440766],[7.906409379758604,44.62291608798796],[7.904582020140176,44.62179715679141],[7.903898755038871,44.62349132236247],[7.904267559134903,44.63171371958892],[7.906491617225632,44.63667390250149],[7.904350060717538,44.65673660033354],[7.898664805354776,44.663520296141336],[7.898076152811625,44.66440135753145],[7.897905304711864,44.66792746810128],[7.898887865753282,44.67143552501729],[7.90122020949414,44.67314592964736],[7.901816267985655,44.6737018382574],[7.9018173039832496,44.67399339615368],[7.9016540286118335,44.67439243992207],[7.899086121156063,44.67672630865074],[7.895475392820667,44.6799998167731],[7.897168287800336,44.6811144572002],[7.899086543079921,44.68215923219396],[7.900789437378127,44.682814803854825],[7.902000852021199,44.68295699035917],[7.90276867283556,44.68286984605915],[7.903783323322253,44.68259601661857],[7.911282493960678,44.68314488788475],[7.91412161364473,44.68561606265489],[7.918257382259713,44.68034393125942],[7.919021536470783,44.67922136260919],[7.919076295089379,44.67906438189963],[7.919234365072247,44.678611221841436],[7.918396577147969,44.67720793871095],[7.91709936276475,44.675854296186465],[7.916835063932145,44.67564548293305],[7.916119066935544,44.67507979120935],[7.915525343967094,44.674327346853396],[7.915331957522216,44.67367245556603],[7.915186927109843,44.67295090027968],[7.9162680527863625,44.66778480184927],[7.917477361979611,44.6640647771681],[7.918522016590895,44.66237331327829],[7.919156555586495,44.66160953831177],[7.923256250007756,44.65812835945629],[7.923775709275138,44.657768667876454],[7.924239418294497,44.657492175108025],[7.924407401518249,44.65739201446153],[7.925791656669701,44.65664433444242],[7.92602102647449,44.65656997369336],[7.926426041054413,44.65643871823896],[7.926999519623426,44.656417116972],[7.927557089481615,44.65641781463274],[7.933041150908583,44.65673029803189],[7.934671298449328,44.65750620149704],[7.934534943929317,44.65780652128938],[7.934545732251651,44.65812171030427],[7.934549360188388,44.65822526599244],[7.9346803912758475,44.65858481011501],[7.934819663381053,44.658961481567154],[7.9349811987997185,44.65933207585193],[7.936050974724513,44.66009382749432],[7.936541782649278,44.660435979136935],[7.939912068253474,44.662267811719744],[7.945729154485663,44.665328456361834],[7.94788068823439,44.66585241663963],[7.950370708669755,44.66636597405152],[7.951286467034636,44.66647366451533],[7.951367167341065,44.66648267252275],[7.955022124117598,44.66659765995626],[7.9553191390007,44.66659138941492],[7.956138234165607,44.66646384666436],[7.956887200086191,44.666290636293624],[7.957704699583747,44.665987531024236],[7.958390065646684,44.66573271915096],[7.958837675633539,44.66553061367928],[7.959136440363444,44.665275821581595],[7.959645399346718,44.66457412273974],[7.9597687746017645,44.664016755148],[7.959779788742443,44.66388370129767],[7.959788880168735,44.66377386612611],[7.959657127245195,44.663186412635866],[7.9600104803908875,44.66144434487485],[7.961299430689461,44.65987162688102],[7.961459284838233,44.659697402519136],[7.961509209600211,44.65964394088785],[7.962571468445544,44.65942404164537],[7.964514032349309,44.65930663924205],[7.964969289004631,44.65932877936167],[7.96541713604594,44.65943635937527],[7.965663494305972,44.65950160813437],[7.966398550022367,44.65985934896502]]]},"properties":{"name":"La Morra","op_id":"722","minint_elettorale":"1010271050","minint_finloc":"1010271050","prov_name":"Cuneo","prov_istat_code":"004","prov_istat_code_num":4,"prov_acr":"CN","prov_iso_3166_2":"IT-CN","reg_name":"Piemonte","reg_istat_code":"01","reg_istat_code_num":1,"reg_iso_3166_2":"IT-21","opdm_id":"592","com_catasto_code":"E430","com_istat_code":"004105","com_istat_code_num":4105}},
{"type":"Feature","geometry":{"type":"Polygon","coordinates":[[[8.083892233175042,44.597813820561036],[8.080263476308827,44.59918454143902],[8.073448603061928,44.6027844549657],[8.06715801063856,44.60639723475705],[8.064840054318855,44.60752609284081],[8.0633391961092,44.60781267876133],[8.070576918746962,44.61128540337863],[8.076370963169435,44.61542506766864],[8.080972286375346,44.62060708545804],[8.080182001059464,44.6223607008907],[8.084828567889462,44.62173634695721],[8.09028081084284,44.618399513677275],[8.104226452974938,44.620283664061404],[8.10808927600625,44.6207635821657],[8.112170971977623,44.6208629039423],[8.115808814658235,44.62080109847896],[8.116544972718781,44.62049711286943],[8.115738237498597,44.61937816495845],[8.115720882361217,44.61917096465946],[8.115697447980766,44.61832878431925],[8.115691448851551,44.6179238515317],[8.115687337889101,44.61764480471955],[8.115715305410202,44.61673576166476],[8.115963864952864,44.61644960724787],[8.124624144953327,44.61276680075141],[8.133970503879354,44.610281363902544],[8.133460670674374,44.60984538241254],[8.132559879878817,44.60900581625491],[8.130781990820036,44.607326842605715],[8.130398464631469,44.6069278033332],[8.128881181979967,44.605264298213825],[8.128606983116208,44.60495611742718],[8.127723968109239,44.60392181965927],[8.12558509788113,44.60098543972426],[8.125436545967402,44.59967894063272],[8.125944123776543,44.59936323886761],[8.127367509678699,44.598199112479996],[8.127778217239637,44.59736716286574],[8.128102713836453,44.59570222274195],[8.12830913939428,44.59389331239126],[8.127845941308998,44.59212628982184],[8.127607879791524,44.59166983073651],[8.126927835879503,44.59083642114692],[8.126578060866631,44.59053215372827],[8.122647252900908,44.590357994370585],[8.118854684309786,44.59163866053337],[8.110684531813305,44.59150778932571],[8.101708636170079,44.59393678891885],[8.088055532243711,44.5974533324826],[8.085518259560395,44.59777744120885],[8.083892233175042,44.597813820561036]]]},"properties":{"name":"Lequio Berria","op_id":"724","minint_elettorale":"1010271060","minint_finloc":"1010271060","prov_name":"Cuneo","prov_istat_code":"004","prov_istat_code_num":4,"prov_acr":"CN","prov_iso_3166_2":"IT-CN","reg_name":"Piemonte","reg_istat_code":"01","reg_istat_code_num":1,"reg_iso_3166_2":"IT-21","opdm_id":"593","com_catasto_code":"E540","com_istat_code":"004106","com_istat_code_num":4106}},
{"type":"Feature","geometry":{"type":"Polygon","coordinates":[[[7.863205937428803,44.52184746144788],[7.862161800297361,44.52559572100998],[7.861388001666001,44.529337501381946],[7.865491126178762,44.53037312046776],[7.870309867676847,44.531627242362525],[7.872708231320296,44.53283028025434],[7.873753829868646,44.53337173866948],[7.875508769263802,44.53457738631075],[7.875652696282,44.5346823282887],[7.875996077930314,44.53498728677014],[7.876258515305866,44.53522844822018],[7.876471525415707,44.535442092392856],[7.876623760513968,44.53564616001818],[7.876920515937924,44.53631075412743],[7.877418362364935,44.5375445105971],[7.877464487479444,44.53776552838497],[7.8776921218017675,44.5410266756449],[7.87769807790187,44.543335896655236],[7.877654936712366,44.54342204186757],[7.877637518463802,44.54345681975119],[7.877155177515901,44.543767172653524],[7.874984812201721,44.54511870449816],[7.874922858663635,44.54514960422043],[7.874718679918486,44.545243477580506],[7.860717753136611,44.54749347921643],[7.860364912630018,44.54739093262009],[7.859726011719225,44.54729002760914],[7.858204271698586,44.54722203081357],[7.857720019599008,44.547391497603],[7.857077909967963,44.5484203770382],[7.85426849392799,44.55387287372205],[7.854388901220608,44.55453750680818],[7.8545623346507245,44.55539011920663],[7.854587933176208,44.55544845353436],[7.854605273895765,44.555485069984],[7.854676525774886,44.555585637839584],[7.85487182229867,44.55579386119586],[7.8578327400093,44.55833985276081],[7.860173868280628,44.56006007786271],[7.860349902378838,44.560133869879834],[7.860646939390326,44.56025730377294],[7.8627940383405015,44.561067297854926],[7.8629671433231785,44.56113237455827],[7.8634449304961835,44.56125407164864],[7.863698683124199,44.561311125509626],[7.863951175895224,44.561367008539975],[7.864198938346245,44.56141447515592],[7.865818977545099,44.56133519827515],[7.873893568419193,44.56533526477471],[7.878306700117516,44.56795249428253],[7.878963433244344,44.56916308684791],[7.880941709405174,44.57322398049553],[7.880871793195169,44.573368203486396],[7.882813620140681,44.57380559940635],[7.89345179511535,44.57581141482371],[7.895256982169259,44.5755425815651],[7.897010965311314,44.57524446469084],[7.900780343488925,44.57414198513126],[7.911381915800579,44.56768095803122],[7.9029794214821925,44.56664153242137],[7.902380149043969,44.56630269018882],[7.901841294711449,44.56561780100313],[7.901197670582564,44.56456283467423],[7.900204141770635,44.56228013396128],[7.900620876653709,44.55983545002508],[7.901403953717427,44.55924882980071],[7.909348424603238,44.553311288411464],[7.909912205015432,44.55319627043744],[7.910381212323859,44.553100586021586],[7.910764297204819,44.55310873459053],[7.909893301034296,44.5508387363618],[7.902324826299699,44.54884174061937],[7.898593698926248,44.54777502839761],[7.896291590784664,44.5445918768574],[7.895786185789297,44.54372829435018],[7.89562088750026,44.54338806059304],[7.8952974452192235,44.54248742677502],[7.895592005521181,44.54213747111385],[7.89328330752212,44.54097629991988],[7.885492810180259,44.536187685644634],[7.879135179465933,44.53131809540175],[7.875927389201755,44.5280906498088],[7.867286014150493,44.523355426844496],[7.8666462006321165,44.52301147334337],[7.864263296127962,44.522010894566854],[7.863205937428803,44.52184746144788]]]},"properties":{"name":"Lequio Tanaro","op_id":"725","minint_elettorale":"1010271070","minint_finloc":"1010271070","prov_name":"Cuneo","prov_istat_code":"004","prov_istat_code_num":4,"prov_acr":"CN","prov_iso_3166_2":"IT-CN","reg_name":"Piemonte","reg_istat_code":"01","reg_istat_code_num":1,"reg_iso_3166_2":"IT-21","opdm_id":"594","com_catasto_code":"E539","com_istat_code":"004107","com_istat_code_num":4107}},
{"type":"Feature","geometry":{"type":"Polygon","coordinates":[[[7.960968918160446,44.41793825230637],[7.963639238905969,44.41876373083728],[7.963966972333327,44.41884658535243],[7.964285640125936,44.41892714292255],[7.964831804732971,44.41900862654444],[7.966238744867387,44.41911590856009],[7.967896761128839,44.419099394058556],[7.969453210195552,44.41898740230232],[7.970002788183815,44.41885280823006],[7.970713277082346,44.41865215957759],[7.971229178636335,44.41846774960466],[7.971763829559083,44.41826551036718],[7.972125932239137,44.41805269501835],[7.972297781387993,44.41792370156584],[7.97239331162616,44.41769048070041],[7.972399540627703,44.41733492906517],[7.972407738708292,44.41686687790324],[7.9723958431264155,44.41656066784304],[7.9733532050095794,44.41286014217785],[7.9791324408114725,44.411822608500266],[7.979107408800887,44.41168586949023],[7.979087288575962,44.41157464427459],[7.979295807741662,44.41089228952897],[7.979391887286792,44.410753884308036],[7.979621903569821,44.41042255130559],[7.98148180314712,44.4079859174872],[7.982072716996296,44.40729346608796],[7.984674164747043,44.404310533087994],[7.987334117393478,44.402428123335284],[7.992029432487313,44.39585371737885],[7.992094936992684,44.395534704124564],[7.992103900455686,44.39501262677887],[7.990833402409684,44.391836929420855],[7.98929343392695,44.38855078229085],[7.98665723388579,44.38237100058582],[7.9863316904351,44.380272414751516],[7.980337906811997,44.38219622636419],[7.98016118057841,44.382230679756475],[7.979877797399677,44.382285913222574],[7.977795064398489,44.3825336281972],[7.9764780038831375,44.38267486550704],[7.975700723413418,44.382703924921],[7.975132536272489,44.382644805182],[7.974342626019806,44.38254318328668],[7.970966928643671,44.381869119828124],[7.96140734600521,44.37874413343908],[7.959286008617696,44.3774554222335],[7.957137922285644,44.37588735046841],[7.946796193256746,44.374590576741575],[7.9453172475764635,44.375426166391655],[7.945069336453135,44.375560442399134],[7.944862294164694,44.3757124160735],[7.944834606046097,44.37573416871601],[7.943552687198753,44.37690133982695],[7.9427687296116565,44.37765482694533],[7.941852078976482,44.378978760927694],[7.940691735095454,44.3820284616948],[7.939421275959447,44.389613320852504],[7.941025176173843,44.391903623258635],[7.943260609647255,44.393919365212405],[7.948053527561366,44.39565069939198],[7.948373871644622,44.39772429993349],[7.942223802730609,44.39944104835505],[7.942362979343863,44.401954106525835],[7.942519902950438,44.40278381533939],[7.942851427189087,44.40394373281003],[7.943468598211641,44.40528186157225],[7.946239787430992,44.41061009451974],[7.94814320580287,44.41383711574603],[7.950963811540804,44.416541424985105],[7.954389521591571,44.41745959428754],[7.960968918160446,44.41793825230637]]]},"properties":{"name":"Lesegno","op_id":"726","minint_elettorale":"1010271080","minint_finloc":"1010271080","prov_name":"Cuneo","prov_istat_code":"004","prov_istat_code_num":4,"prov_acr":"CN","prov_iso_3166_2":"IT-CN","reg_name":"Piemonte","reg_istat_code":"01","reg_istat_code_num":1,"reg_iso_3166_2":"IT-21","opdm_id":"595","com_catasto_code":"E546","com_istat_code":"004108","com_istat_code_num":4108}},
{"type":"Feature","geometry":{"type":"Polygon","coordinates":[[[8.161811134076174,44.5587112297679],[8.162893280371982,44.55609941952882],[8.167394492469965,44.549839534936105],[8.170546937481634,44.54578411840926],[8.172244515207979,44.54368553926077],[8.179573236507819,44.53925964225293],[8.183113475993665,44.53860982747846],[8.184382080411032,44.53840732683871],[8.184771876194926,44.53812652669912],[8.185410827479672,44.53732535741164],[8.185848221772478,44.536648788396846],[8.18599649703674,44.536363138088475],[8.186041438518142,44.536276555864646],[8.186159383947198,44.53599833510792],[8.18628807570673,44.53542758318058],[8.186208941991874,44.534981391033526],[8.184479519824201,44.53001762310609],[8.182201812516942,44.525139933914886],[8.180057124271302,44.51854819468625],[8.179737195301993,44.517299011826246],[8.170910282931255,44.5128432923276],[8.169947689051021,44.5123893956049],[8.167977729805685,44.51209597450795],[8.165288485177474,44.51238605445114],[8.162186515296492,44.512727912743465],[8.152769563558124,44.513474094232826],[8.15029205098318,44.51239788169601],[8.147108008803583,44.51337793244837],[8.141785544778475,44.51862708809358],[8.140780221040474,44.524116037646266],[8.141214680047938,44.52435025247628],[8.142092591108577,44.525034740142566],[8.142353781578455,44.525351794972515],[8.143769966597393,44.5274960412411],[8.144191271544411,44.52816087628176],[8.144030374946052,44.52864582648958],[8.1418130169534,44.53255879957782],[8.128872952675755,44.53430545244623],[8.123438257889333,44.53480043860201],[8.122985879748482,44.53577373715142],[8.122768456115558,44.53637074213937],[8.122579067333868,44.53743158814068],[8.122446706784451,44.538465860329964],[8.122430350401322,44.53884096192381],[8.12250174647587,44.53919999105934],[8.122597744857561,44.53953870293377],[8.12356114440564,44.54050450476974],[8.124763231357349,44.541161904206376],[8.125916569863357,44.54168838054112],[8.126692113314515,44.54551591337704],[8.13033452731494,44.54483249310733],[8.133846076818577,44.54453059122276],[8.138912149358024,44.544595911119515],[8.140182577939,44.545213164772115],[8.142602851888205,44.54812567354715],[8.14039763332701,44.55112946481387],[8.138459400191486,44.555355051705966],[8.14317616313171,44.55951371032578],[8.15515619923068,44.557892477621834],[8.161811134076174,44.5587112297679]]]},"properties":{"name":"Levice","op_id":"727","minint_elettorale":"1010271090","minint_finloc":"1010271090","prov_name":"Cuneo","prov_istat_code":"004","prov_istat_code_num":4,"prov_acr":"CN","prov_iso_3166_2":"IT-CN","reg_name":"Piemonte","reg_istat_code":"01","reg_istat_code_num":1,"reg_iso_3166_2":"IT-21","opdm_id":"596","com_catasto_code":"E564","com_istat_code":"004109","com_istat_code_num":4109}},
{"type":"Feature","geometry":{"type":"Polygon","coordinates":[[[7.588228598572411,44.24250938977803],[7.589979044330391,44.23868825218221],[7.592680645411201,44.23928876791217],[7.594400275223022,44.239895131640814],[7.596304818746667,44.24087287635947],[7.59671224818594,44.241084942378194],[7.599993543610747,44.2427952607456],[7.60028013107103,44.24305535934088],[7.603365476514578,44.24020317755195],[7.608832411619987,44.23706761724505],[7.615685182805842,44.22682165606146],[7.621786067942916,44.22035475701913],[7.6212949639597145,44.213471062577796],[7.6237229900746,44.19958110457825],[7.625161428579335,44.195947691626074],[7.628711296205077,44.19172292350529],[7.6298679926644395,44.18814458638011],[7.6296620551267145,44.183735109410996],[7.629698321019925,44.17871674928272],[7.630151992433037,44.176660069836586],[7.630248328708689,44.17631460468691],[7.630436898478923,44.176055435930344],[7.6325586186497,44.17359634053513],[7.6311806968228915,44.171617169043984],[7.628798967358661,44.16438594653271],[7.62810461283122,44.16076304116858],[7.62795198736556,44.16043354994447],[7.62750910330426,44.15947744505632],[7.625783436498381,44.15733196702852],[7.624397408302033,44.15560918127984],[7.6192146507042935,44.14944654762909],[7.609146076226717,44.15018018745558],[7.599737012310723,44.15156874763515],[7.5902406124416135,44.15082796359121],[7.5805027664024855,44.152317156888124],[7.566005017365308,44.15510220283561],[7.564500222399233,44.15378725208087],[7.564714097718332,44.15329102505077],[7.564897743449071,44.152864926172434],[7.564978909780901,44.15253602710264],[7.564990977279008,44.152486274983715],[7.565022891484225,44.15234430503567],[7.564785079113562,44.15183715789423],[7.561655609021634,44.150060176598345],[7.5581433347922165,44.14838183127365],[7.556345280212864,44.14778291847613],[7.55149396995282,44.14680319141691],[7.547527276950061,44.14605739178322],[7.542637275018326,44.14552911199968],[7.541574996412828,44.14552457181805],[7.540211197961496,44.14557916842321],[7.538795628350121,44.14570510834707],[7.538000229806935,44.146009935534565],[7.535789576731364,44.14694505916819],[7.5349525312295125,44.147438502456815],[7.528280185920208,44.14278813631037],[7.5264215059720305,44.14012176527726],[7.525919376427384,44.139701141929976],[7.521800274957451,44.13798232926044],[7.519455774716419,44.138112549275604],[7.51510391593113,44.13836362260916],[7.5125019061174285,44.1404364991511],[7.511899580322086,44.14102286678874],[7.510317854379865,44.14278487291888],[7.507662679740602,44.14448780798477],[7.503826736498371,44.14366336033781],[7.501036647908766,44.15366523412244],[7.501316064445074,44.153587866788946],[7.501843797501118,44.153441746924734],[7.502554511156004,44.15341505591427],[7.502894144136915,44.15342850766559],[7.503467541875723,44.153517058574195],[7.503911493869751,44.1536980663066],[7.506053456177767,44.15461403120042],[7.5137514237433844,44.15924759464143],[7.514959687042421,44.16810801438556],[7.519605685748861,44.16919917528585],[7.524700722724617,44.170786610549776],[7.525495399540012,44.171084970279665],[7.52620064512827,44.17145429385489],[7.52717940755037,44.1720685435143],[7.528462850376322,44.178146221218206],[7.533749004560613,44.193941966844214],[7.540384564056581,44.199001379299716],[7.546318293206794,44.20466589438296],[7.548115399028836,44.21194250391493],[7.5493380332234965,44.21561326142972],[7.550397908706468,44.21782346246569],[7.563572171303386,44.230850687397854],[7.564066820120582,44.2312895793069],[7.5645450858912335,44.2317137231961],[7.564934783854594,44.232010361866905],[7.5658029472777635,44.2326703308871],[7.566822137929756,44.23338534614555],[7.568145611658835,44.23414019128088],[7.568238900603128,44.234181888047495],[7.568364797944227,44.234236879559255],[7.56942727846967,44.2347009315978],[7.570843508244238,44.235277343819554],[7.571628369203904,44.23546869708382],[7.571697619840668,44.2354850780929],[7.572300294719665,44.23562368340989],[7.573746548812642,44.23574078467486],[7.574964712882262,44.235837257146656],[7.576181127648464,44.236009749945524],[7.576805677287496,44.23610364920552],[7.577788358073323,44.23638089228946],[7.578418478119386,44.236604794113816],[7.578943064583266,44.2367913888235],[7.580033361316959,44.23719657587479],[7.580726178657248,44.237466270499546],[7.581144029813662,44.237665026064846],[7.58507050989621,44.23973040462823],[7.58759121093125,44.241593727321586],[7.5879104038753775,44.24194427268195],[7.588228598572411,44.24250938977803]]]},"properties":{"name":"Limone Piemonte","op_id":"728","minint_elettorale":"1010271100","minint_finloc":"1010271100","prov_name":"Cuneo","prov_istat_code":"004","prov_istat_code_num":4,"prov_acr":"CN","prov_iso_3166_2":"IT-CN","reg_name":"Piemonte","reg_istat_code":"01","reg_istat_code_num":1,"reg_iso_3166_2":"IT-21","opdm_id":"597","com_catasto_code":"E597","com_istat_code":"004110","com_istat_code_num":4110}},
{"type":"Feature","geometry":{"type":"Polygon","coordinates":[[[8.00276439571392,44.29066848581329],[8.002674919487005,44.287405041186304],[7.997714759335879,44.28852659787424],[7.988342361668796,44.29142394117814],[7.982805293185446,44.2947418782273],[7.973266266705975,44.29900944562388],[7.96210929382198,44.30114371261612],[7.956443974418184,44.30340795349683],[7.957838172166418,44.31007832989376],[7.960244102231006,44.31104623798369],[7.971717939214923,44.31750548763834],[7.981679472708299,44.32228108576072],[7.988505862054857,44.31990612043019],[7.9934099448214315,44.31894112943778],[7.996932757098355,44.31492530014074],[7.996852549740321,44.30679946534924],[8.000452656561977,44.30067432186249],[8.003713965636159,44.29541232601798],[8.003172623879403,44.29175241349485],[8.00276439571392,44.29066848581329]]]},"properties":{"name":"Lisio","op_id":"729","minint_elettorale":"1010271110","minint_finloc":"1010271110","prov_name":"Cuneo","prov_istat_code":"004","prov_istat_code_num":4,"prov_acr":"CN","prov_iso_3166_2":"IT-CN","reg_name":"Piemonte","reg_istat_code":"01","reg_istat_code_num":1,"reg_iso_3166_2":"IT-21","opdm_id":"598","com_catasto_code":"E615","com_istat_code":"004111","com_istat_code_num":4111}},
{"type":"Feature","geometry":{"type":"Polygon","coordinates":[[[7.198267584612103,44.48954293354442],[7.197462597904972,44.49121823460957],[7.196313138826567,44.49196528404521],[7.1946778789916,44.4929162281719],[7.193127792144662,44.49371544894046],[7.192542767199703,44.49397625890292],[7.192141029845216,44.494091436187254],[7.191857699226784,44.49414097188498],[7.175767720730474,44.49528121813744],[7.171058148329592,44.494980013558084],[7.170895291786128,44.49482771248767],[7.170218465651787,44.49419234135055],[7.170035250516734,44.49401836391532],[7.169984758568776,44.49394979358791],[7.169974765067585,44.493923882263196],[7.169956588161719,44.49387334089012],[7.163308660998175,44.484403633821685],[7.1488240800718685,44.470036692730396],[7.139298925598821,44.46791820990684],[7.138025351133045,44.467938007915166],[7.1376878056548465,44.46794144344014],[7.1365607455512015,44.467914059507166],[7.136039881075388,44.46783803936864],[7.135751399818638,44.46777930992435],[7.135379386273896,44.46759319350638],[7.135096500968118,44.46743461600363],[7.134510952206168,44.467106365845254],[7.133877805115795,44.4667403139374],[7.132568435144914,44.465166047237034],[7.131918790036208,44.46434969586536],[7.13136165778299,44.46377340779224],[7.130063164158553,44.46274385016021],[7.129926221507089,44.46266507374422],[7.129738481464518,44.46272501746032],[7.128660180178594,44.46353559081583],[7.128070157302794,44.463989566035735],[7.1255609140871,44.46610451594113],[7.12533928033863,44.46630342840741],[7.124899512908382,44.46714246304313],[7.124706727181656,44.467829642537154],[7.124656907879443,44.468007227544355],[7.124246937198075,44.47063824684854],[7.12420873927524,44.47129031906785],[7.124221491326357,44.47198371684626],[7.124241218413833,44.47209208373638],[7.12671341384894,44.47664657156658],[7.132767010493526,44.48371013958155],[7.141463678731436,44.49133320165571],[7.152157190906121,44.49767351064852],[7.159684559445533,44.501184604157565],[7.160267835544523,44.501324537511444],[7.160839210039312,44.50155429165619],[7.162190478070423,44.50283640225934],[7.16241542451531,44.50309659493933],[7.162930587145976,44.50375306310298],[7.163882782321394,44.505078255110064],[7.164145023942158,44.50552809823263],[7.164400874729001,44.50619390541899],[7.164661301996084,44.5069768070021],[7.16481955109907,44.50772205695264],[7.164974280641699,44.508566296847675],[7.165176770110411,44.510658135758355],[7.16518303557231,44.51100933665687],[7.1639654113199125,44.51537850059139],[7.161412441486061,44.526473506744445],[7.162125391716848,44.53344377164892],[7.160995622173244,44.537341837903746],[7.166386742611838,44.54021032198805],[7.1726504248469976,44.54176014083698],[7.185492435632455,44.54213599336487],[7.190532795261086,44.54215746445239],[7.189204977599744,44.539791268908004],[7.188544439618816,44.53813334014019],[7.188154472231503,44.536997323359216],[7.188089252028691,44.5367631332421],[7.187981756009866,44.53636441977842],[7.187948951184738,44.53597679354129],[7.187922410121086,44.535526227897876],[7.187927263166137,44.53421645781866],[7.188219302647173,44.531834150204965],[7.1883054140437155,44.53169722154173],[7.188850197665246,44.53087316107051],[7.194117187104626,44.52708696453095],[7.196088342667802,44.525792431455834],[7.2038319731275635,44.519946688990515],[7.205395324754267,44.51742806187714],[7.20596588715239,44.51691488675357],[7.207134093544185,44.51588895304912],[7.21540724307245,44.512115956739734],[7.219195480537902,44.51041058754356],[7.21923437955521,44.51030767128172],[7.219722969236066,44.50895591327279],[7.219873294613212,44.50799498525115],[7.21996707598799,44.505637763682714],[7.21997941490421,44.505232839562765],[7.219892484597701,44.5050019235883],[7.214187152580475,44.50019999285734],[7.209084732547083,44.49793245721084],[7.200259977485018,44.49352196743728],[7.198267584612103,44.48954293354442]]]},"properties":{"name":"Macra","op_id":"730","minint_elettorale":"1010271120","minint_finloc":"1010271120","prov_name":"Cuneo","prov_istat_code":"004","prov_istat_code_num":4,"prov_acr":"CN","prov_iso_3166_2":"IT-CN","reg_name":"Piemonte","reg_istat_code":"01","reg_istat_code_num":1,"reg_iso_3166_2":"IT-21","opdm_id":"599","com_catasto_code":"E789","com_istat_code":"004112","com_istat_code_num":4112}},
{"type":"Feature","geometry":{"type":"Polygon","coordinates":[[[8.07506155366193,44.751093313905955],[8.070550753951665,44.75199292536845],[8.060718402777475,44.754820193585296],[8.06065663885609,44.75597647055788],[8.060567637410568,44.75677248793535],[8.05735163099221,44.760054253320924],[8.056611388152476,44.76041274156154],[8.052505235084551,44.762156671481314],[8.05069496966584,44.762555741809045],[8.048307990927512,44.76285980361705],[8.05083606603769,44.76387122282695],[8.05165278599987,44.764202105877274],[8.053250712506033,44.764889350634206],[8.05379457701305,44.76519660695517],[8.05466302847664,44.76596448988629],[8.054625228714848,44.77070384958448],[8.054317265243357,44.7737260509112],[8.05399828763023,44.7747564071593],[8.061725654239964,44.776186254396514],[8.075981002223092,44.779943888688905],[8.081868838959105,44.7830907442724],[8.084917521617939,44.78126715207095],[8.085560509505727,44.78079924180762],[8.085627193204294,44.78075071432451],[8.088373551950857,44.77782098133171],[8.091668706411129,44.77293099352729],[8.09344430463941,44.76942523901006],[8.094369037493736,44.76776716657838],[8.09671807386721,44.766133856339394],[8.098127087738357,44.76549231515832],[8.102274676774393,44.76523242897905],[8.104157677068637,44.76402195493915],[8.104191466044895,44.7639225358404],[8.10424329422018,44.76376702272283],[8.104323691253853,44.76339405556498],[8.104350284211645,44.763161208326586],[8.10438221927996,44.762853786575654],[8.104320840609764,44.76261598947179],[8.10430837526231,44.762571186320855],[8.102859181658813,44.76052166257062],[8.102759791852355,44.76048011842787],[8.102544210919392,44.76039265866478],[8.102481756834143,44.760367372813775],[8.101138802530095,44.75984466421604],[8.10054368893883,44.75972702127209],[8.099825008489386,44.759600264090196],[8.098958536337772,44.75953491494195],[8.097518925005685,44.75936027604147],[8.096716457729555,44.75923284791085],[8.096229636606965,44.75913911818132],[8.095607249937897,44.75884102116139],[8.095087358742704,44.758503444977315],[8.096974999003663,44.75726340905927],[8.097272504002984,44.75711194340097],[8.09756833683996,44.756961634048366],[8.092429005078738,44.75270002432259],[8.08350153499804,44.74973360285761],[8.077819725616832,44.750922066112835],[8.07506155366193,44.751093313905955]]]},"properties":{"name":"Magliano Alfieri","op_id":"731","minint_elettorale":"1010271130","minint_finloc":"1010271130","prov_name":"Cuneo","prov_istat_code":"004","prov_istat_code_num":4,"prov_acr":"CN","prov_iso_3166_2":"IT-CN","reg_name":"Piemonte","reg_istat_code":"01","reg_istat_code_num":1,"reg_iso_3166_2":"IT-21","opdm_id":"600","com_catasto_code":"E809","com_istat_code":"004113","com_istat_code_num":4113}},
{"type":"Feature","geometry":{"type":"MultiPolygon","coordinates":[[[[7.761011974285894,44.22421866008369],[7.765072579216984,44.223290315680615],[7.767829462499706,44.22245579999572],[7.771937282571747,44.22071293710432],[7.780377035452113,44.21636036383537],[7.780876222303212,44.213705296314274],[7.781072195534752,44.21309968311354],[7.781972264324093,44.213100287904794],[7.785103875674851,44.21320116194841],[7.786040295454204,44.21331914737807],[7.787945403977797,44.21392457065563],[7.789659379549334,44.21461762325254],[7.790406085648449,44.2150625361266],[7.790863563880982,44.21543651368694],[7.791144535811633,44.21594814269249],[7.791442435493495,44.21655000367486],[7.791629367248094,44.2170696511524],[7.791720494339135,44.21725879182786],[7.791769393325042,44.21735934712214],[7.791913229939876,44.21760620140894],[7.792062645785131,44.217862007776816],[7.792702090569534,44.21867453828413],[7.793129219473023,44.21915577288637],[7.79336102205546,44.219415248832206],[7.793780845395864,44.21983382409008],[7.7938650131101195,44.21990669721854],[7.794207176340281,44.220202941303654],[7.795498601479927,44.21859153360254],[7.797562923308915,44.21573231242593],[7.797951673196197,44.21504336989481],[7.798267419442938,44.21448378800092],[7.797482887253441,44.21099586765664],[7.796682635255783,44.20911029763999],[7.79659564403108,44.20861872096878],[7.79667299255021,44.2079713011644],[7.796866358920931,44.206618385105465],[7.797474752400261,44.205071774217544],[7.799430375027616,44.20095092496117],[7.800204512946809,44.20057642947919],[7.801653275956344,44.20024051932358],[7.802417666730005,44.20009549906952],[7.8069728205812945,44.1917392733207],[7.806950596300748,44.19169782928519],[7.806680642703914,44.19117755700737],[7.806494490168342,44.19075245238174],[7.8064197464360525,44.1905806205391],[7.805755940762965,44.18871454683792],[7.805669639022944,44.188398535057246],[7.805619527828828,44.187821813766966],[7.805632525484931,44.18717822953826],[7.80616344114949,44.185360654949235],[7.807006187573753,44.18490580984091],[7.807723692780574,44.18453516958882],[7.80984114466584,44.18401706216573],[7.80798689917548,44.18373664080042],[7.8075791647527515,44.183605883511305],[7.806914709916549,44.18339193374652],[7.806804900001594,44.18333797959102],[7.806591414200124,44.18322943280295],[7.806333383030889,44.183097493570614],[7.806253968961699,44.1830369772028],[7.806158066125839,44.182963644406506],[7.8057853252877925,44.18266927725526],[7.80269334677775,44.17895014490003],[7.802010691701632,44.175787392668965],[7.792746051761442,44.1746589981784],[7.791328104125206,44.17508515853598],[7.788871649648529,44.17559482894881],[7.788352293575278,44.175643325692974],[7.785755808425159,44.17543120523578],[7.785030628985543,44.174518667306934],[7.784939803888637,44.17439165679623],[7.781344449136599,44.179057501591515],[7.774564064749162,44.188469699778636],[7.765551637747254,44.195250984727934],[7.756082971037727,44.200737772047944],[7.755786986460716,44.208145468797284],[7.758824837338374,44.21668703402075],[7.757844810772331,44.21739147994463],[7.75702108482147,44.218593429153565],[7.756320889453644,44.21990924522772],[7.755540046737597,44.221615807424165],[7.755564711043109,44.22209775626973],[7.755823333987761,44.22280279181777],[7.761011974285894,44.22421866008369]]],[[[7.797695654530877,44.49246420679565],[7.811859951245086,44.4917422508621],[7.8077925475840955,44.481359393419154],[7.811155420376708,44.476759025462655],[7.81585145202174,44.474480624328585],[7.821445040210333,44.471618272190796],[7.823098659288565,44.47064886328959],[7.825907218903763,44.46857067520976],[7.828875859941934,44.4663505103444],[7.8394155748351375,44.45730687514193],[7.841251386170481,44.45564650918088],[7.836489521417294,44.455098473546386],[7.832807926948956,44.45413141978893],[7.829109112788867,44.45279138185525],[7.816532893742397,44.44819090184825],[7.808468398033138,44.44444996795617],[7.803890958492514,44.43999582652512],[7.801403518101544,44.43785105725134],[7.797944238256785,44.435064353412415],[7.797020049752936,44.43452347347847],[7.796003923910095,44.43431021019114],[7.79452446797723,44.43413705395372],[7.793362320275253,44.43402093942071],[7.793265154331068,44.43401124308617],[7.792213481136119,44.434153174859446],[7.784737650476539,44.434465463082326],[7.774751251437102,44.432067566535004],[7.7736244062426625,44.43173137405647],[7.772501840695125,44.433508848890845],[7.771933640796865,44.436084026584076],[7.773688153711478,44.4412028988562],[7.773941746000531,44.44477520459476],[7.773509241515066,44.450221674972596],[7.772748590742742,44.45932872126192],[7.775904363028178,44.46252234011666],[7.776126028699944,44.46241237072015],[7.780120435999575,44.46799765070592],[7.786424540369603,44.477336157491905],[7.793747741072053,44.48575917933813],[7.796872396864285,44.48941119266043],[7.797695654530877,44.49246420679565]]]]},"properties":{"name":"Magliano Alpi","op_id":"732","minint_elettorale":"1010271140","minint_finloc":"1010271140","prov_name":"Cuneo","prov_istat_code":"004","prov_istat_code_num":4,"prov_acr":"CN","prov_iso_3166_2":"IT-CN","reg_name":"Piemonte","reg_istat_code":"01","reg_istat_code_num":1,"reg_iso_3166_2":"IT-21","opdm_id":"601","com_catasto_code":"E808","com_istat_code":"004114","com_istat_code_num":4114}},
{"type":"Feature","geometry":{"type":"Polygon","coordinates":[[[8.159543525592238,44.71853612402826],[8.16465378549733,44.71841241513881],[8.164121315957878,44.71653605536026],[8.164972231574326,44.71344548588821],[8.167581109375112,44.70932797056677],[8.170659341447234,44.706154537518195],[8.17366132172667,44.701666140172556],[8.17298945510498,44.69868150978522],[8.172947827113171,44.69844716050992],[8.172964096301783,44.698330240919354],[8.173019436194268,44.697934546261926],[8.175310894953366,44.69308085113453],[8.177894477275858,44.69233428193387],[8.178988511330353,44.6920270664583],[8.180505908163322,44.691790397290035],[8.181181917423459,44.69178681009078],[8.188898551600182,44.6897167487107],[8.18616556986655,44.68882238027615],[8.174536481444227,44.68162876805809],[8.167761568456195,44.67908733000789],[8.166593135913976,44.669791492680154],[8.16328895975153,44.657141504650966],[8.16712273025693,44.65255130524285],[8.167513373537433,44.651856456231585],[8.15217698873865,44.65008719939203],[8.147858100160878,44.652395664309886],[8.146263188274453,44.65174458195805],[8.144403742343398,44.64973664157952],[8.141654040352707,44.64678558507368],[8.1383561174561,44.644663313348595],[8.13687114384854,44.64408945938268],[8.132747450881777,44.644585320574556],[8.132242413694676,44.645573174268726],[8.131213248966173,44.64836321237685],[8.130658867843085,44.65110021063744],[8.130872243397897,44.653149899664186],[8.132817919992444,44.652786606086664],[8.133773839817877,44.652721826687426],[8.13399092468764,44.65309707887052],[8.134588220537724,44.654276425177265],[8.135428869357028,44.65783358316997],[8.130419344532543,44.667817327913355],[8.129027481560337,44.670330397765355],[8.134304922023986,44.67619955672483],[8.133788446587157,44.69196773676679],[8.133368976719208,44.6924326827954],[8.133006760279526,44.69289354451431],[8.132532316466508,44.69363264951275],[8.131589504358828,44.696074101893245],[8.132055917714807,44.69745950982494],[8.135078980337987,44.69810811558137],[8.136025722394052,44.69823231941856],[8.136872460793626,44.69831973384577],[8.13830554859195,44.69844309415306],[8.138419454582175,44.69844844486305],[8.141841180286967,44.69961748176061],[8.142095980889493,44.70236461684599],[8.146691114382678,44.70668652274134],[8.150659828116323,44.7089647959108],[8.151228573528812,44.708946533779766],[8.151398024913101,44.7089900583239],[8.151834580111302,44.70910407298861],[8.152067297807367,44.70940287144107],[8.152186031401172,44.70961981447998],[8.152562174086452,44.71033828159001],[8.152931221271995,44.71113772510211],[8.152963752352724,44.71133644080308],[8.152974178970254,44.711412609790834],[8.15288430110424,44.711758535356125],[8.152500546903495,44.71257665393672],[8.152276806108315,44.713053622315066],[8.152229928782603,44.713153539122196],[8.159543525592238,44.71853612402826]]]},"properties":{"name":"Mango","op_id":"733","minint_elettorale":"1010271150","minint_finloc":"1010271150","prov_name":"Cuneo","prov_istat_code":"004","prov_istat_code_num":4,"prov_acr":"CN","prov_iso_3166_2":"IT-CN","reg_name":"Piemonte","reg_istat_code":"01","reg_istat_code_num":1,"reg_iso_3166_2":"IT-21","opdm_id":"602","com_catasto_code":"E887","com_istat_code":"004115","com_istat_code_num":4115}},
{"type":"Feature","geometry":{"type":"MultiPolygon","coordinates":[[[[7.533956200705445,44.61430061615422],[7.554073724847901,44.61749224321459],[7.55497665797505,44.61627233327655],[7.555383456479017,44.61437087041033],[7.555660949473778,44.61288447038138],[7.555466999146345,44.610541388076804],[7.55543441129562,44.61023490340802],[7.555334908630846,44.609864536637346],[7.5552219377832435,44.603882569973756],[7.555901321786223,44.600887336170054],[7.555498528109763,44.601039704443906],[7.554881847560968,44.60123186819598],[7.554748904575569,44.60127329238355],[7.548898072894978,44.602594487417456],[7.545684091904261,44.60319277259187],[7.544644506079729,44.60338207497736],[7.542955858075359,44.60365311723643],[7.5422320108488226,44.603510780978674],[7.540900775278402,44.602911188739476],[7.540727667223634,44.60280995080002],[7.540349438459327,44.602535033126166],[7.540122594922565,44.60219003324287],[7.538801123695035,44.600053057758686],[7.538268994572879,44.599037986114865],[7.537875827373044,44.5988889004878],[7.537366154228345,44.59870683403129],[7.53684423221051,44.59860562199185],[7.536227993474879,44.59854370448081],[7.535389891215187,44.598519462086855],[7.534080704065495,44.598565679194536],[7.533643078098511,44.59868157795803],[7.531925691258443,44.59915914967539],[7.531128007346501,44.599477419189654],[7.530821101931015,44.60028825691603],[7.530388753533073,44.60291140611114],[7.530379002713436,44.60300131021626],[7.530388229978747,44.60307344184977],[7.530473445295316,44.60325459595046],[7.530895033860123,44.60402522954471],[7.531077760704405,44.604338152445955],[7.531192538581516,44.60453317742548],[7.531544481333049,44.605100366082375],[7.531688692546568,44.605300271204484],[7.533266860581468,44.60882699926839],[7.5340782012141405,44.61280162596823],[7.534160405276027,44.61346121288351],[7.534152819937606,44.61376268916799],[7.533956200705445,44.61430061615422]]],[[[7.528807414500915,44.62204870688177],[7.5291864728482345,44.62076123780754],[7.529385373182246,44.617329373704585],[7.5285875191202285,44.61648187552116],[7.528131455641018,44.61638596745866],[7.526509263692556,44.6160679717524],[7.521788784484737,44.615196729454],[7.518304398001746,44.614633931835314],[7.517732946257165,44.614558464438524],[7.517544426603123,44.61453404020092],[7.51673214518333,44.6144469767563],[7.512436474580165,44.60702262261383],[7.499651711904378,44.6055770237081],[7.4890096527215375,44.60662474291255],[7.480600254190543,44.60733712727895],[7.479934235549893,44.60734559731115],[7.4783311206423635,44.60735894057644],[7.477006033348141,44.606859526233166],[7.47471710089461,44.605953331853605],[7.472199753313216,44.605461845249756],[7.465605858439452,44.606006792923125],[7.459829399401182,44.60663514118767],[7.454677613882578,44.60821355801438],[7.452355398827563,44.60730435935373],[7.451807856373464,44.607013376885334],[7.451147864808874,44.60649145582151],[7.451301976502524,44.608080565130756],[7.45162096524297,44.60922993132342],[7.45344188432945,44.613314705493615],[7.453690553053704,44.61366467004992],[7.45373682701096,44.613719258515545],[7.453836980740876,44.61383657940279],[7.4544334557798,44.614507452120904],[7.454755987570045,44.61483590243962],[7.45694082554898,44.61695850432644],[7.45709873850633,44.61706415959157],[7.45794183508376,44.61760669981344],[7.458205528096671,44.617763306513716],[7.45921586842256,44.61825407419319],[7.459417277212687,44.61832721102008],[7.459486226764822,44.61835224812202],[7.459773660272888,44.61835612566771],[7.4602560994088565,44.618344176267875],[7.460313533292045,44.61833943491364],[7.475282603295167,44.619275527261436],[7.488278923065159,44.62225253274869],[7.494993554956281,44.62587917718172],[7.504181285424288,44.62631049535543],[7.508901078036766,44.6211553195449],[7.511939858275957,44.6211319437602],[7.5133398494056225,44.62112699925258],[7.515704804510772,44.62118023583813],[7.525252635952181,44.621509812352954],[7.528807414500915,44.62204870688177]]]]},"properties":{"name":"Manta","op_id":"734","minint_elettorale":"1010271160","minint_finloc":"1010271160","prov_name":"Cuneo","prov_istat_code":"004","prov_istat_code_num":4,"prov_acr":"CN","prov_iso_3166_2":"IT-CN","reg_name":"Piemonte","reg_istat_code":"01","reg_istat_code_num":1,"reg_iso_3166_2":"IT-21","opdm_id":"603","com_catasto_code":"E894","com_istat_code":"004116","com_istat_code_num":4116}},
{"type":"Feature","geometry":{"type":"Polygon","coordinates":[[[7.696831337270577,44.6775050148181],[7.699049846762933,44.67781022701469],[7.70015616886908,44.67796772587965],[7.70619255957072,44.67888039743043],[7.707033428879974,44.679016358623706],[7.70839115965919,44.679257986005894],[7.708786643199607,44.67932872445692],[7.709623056268387,44.67947870674305],[7.710284423369426,44.67959800991717],[7.71169688032354,44.6798657792827],[7.7120901710999155,44.679946728081674],[7.712620835165551,44.68007424717786],[7.716251272935408,44.6811954047135],[7.717539184100382,44.68296081651475],[7.717491646189297,44.68307731921647],[7.717268443574657,44.68361495432558],[7.7195356303334695,44.68450012705052],[7.7230103137776185,44.68552741769702],[7.733026725937887,44.68812999673512],[7.736221463974758,44.68883607312012],[7.747859711129721,44.69063873093879],[7.752158864540486,44.69107738743723],[7.755800659348757,44.69123866510513],[7.757444482037112,44.686827404628715],[7.758667283418622,44.68319475827898],[7.760491307314973,44.6774351910141],[7.7605289952607555,44.67268676089014],[7.761076521464163,44.66789026995151],[7.764405959365794,44.66556766768151],[7.76704424400263,44.66280949975305],[7.767105311062353,44.66273357989212],[7.767293530754452,44.66236206850829],[7.767310491861513,44.66232431804723],[7.767389705403178,44.662142822518156],[7.76740344008085,44.66193118850788],[7.767307701231543,44.66095331793639],[7.766928673890462,44.65840177895292],[7.766889177862117,44.65829333128663],[7.766867277296737,44.65824807088846],[7.766843118582786,44.65819830918682],[7.766700850429333,44.658066238274614],[7.766537224059897,44.65792042381841],[7.76618622925234,44.657673008826414],[7.765762812547066,44.657394749953845],[7.761371633577385,44.65321029009515],[7.757977874790034,44.64761445312031],[7.756904017555185,44.64392280274411],[7.755363279610078,44.641158278286795],[7.752922686680105,44.63759343734703],[7.749884559465623,44.63370744860231],[7.749300715673731,44.63120898869392],[7.749628285429462,44.6287852656099],[7.749105361786401,44.6286114820308],[7.748913346105515,44.628547799700584],[7.746093666267158,44.62768229657078],[7.745388401559986,44.62746898292735],[7.743183216884717,44.62680556180847],[7.742614099753165,44.62665435121318],[7.742329099364971,44.62660710681918],[7.7422560423694895,44.62659730329293],[7.741824572552823,44.62654752694854],[7.741411433073656,44.62652463347396],[7.737366384870281,44.62630928817546],[7.729146741697195,44.625572523781045],[7.719028144156374,44.62349433445023],[7.717784466509665,44.62276469113513],[7.716957961308944,44.62079771128445],[7.712036299468047,44.62035053951138],[7.708931140620036,44.62067088936257],[7.710029643744761,44.62579668478368],[7.7121215187147705,44.63071764599775],[7.713631756299819,44.63541138802667],[7.712356482132497,44.637170503424144],[7.712194924643353,44.637384723709665],[7.710798727478057,44.6391379560809],[7.707308281817826,44.64167988165482],[7.705859279931267,44.64180980239695],[7.704841075208276,44.64513813479347],[7.702681663481123,44.65953992997884],[7.700654874400132,44.67072481296289],[7.699329155060001,44.67391005462967],[7.699076056776424,44.674438317412005],[7.698893895627307,44.6747558258034],[7.6987876757177345,44.6749391477972],[7.698341939943555,44.67556423917954],[7.696831337270577,44.6775050148181]]]},"properties":{"name":"Marene","op_id":"735","minint_elettorale":"1010271170","minint_finloc":"1010271170","prov_name":"Cuneo","prov_istat_code":"004","prov_istat_code_num":4,"prov_acr":"CN","prov_iso_3166_2":"IT-CN","reg_name":"Piemonte","reg_istat_code":"01","reg_istat_code_num":1,"reg_iso_3166_2":"IT-21","opdm_id":"604","com_catasto_code":"E939","com_istat_code":"004117","com_istat_code_num":4117}},
{"type":"Feature","geometry":{"type":"Polygon","coordinates":[[[7.6812102613934226,44.37584785496419],[7.682298788049094,44.37708475881168],[7.681866728239286,44.37861759667492],[7.67906828864221,44.383479938881486],[7.678402267210625,44.383944884770486],[7.678010194549455,44.38409723236026],[7.677288545109063,44.38437761941523],[7.675452644590211,44.38470293197922],[7.672719727808866,44.38498179822986],[7.670854380155583,44.38424888817596],[7.667009207883934,44.385050326891296],[7.659634917617474,44.38695364409556],[7.6586768474081275,44.387393832200495],[7.656878789399154,44.389820160975425],[7.657584360713519,44.390364124699666],[7.656224725061213,44.39115837895502],[7.6517182341079435,44.391015231458304],[7.649622048656186,44.390822683347764],[7.649105556751752,44.39077523398254],[7.647395880295814,44.39061815004787],[7.646995110593973,44.390580880849036],[7.647877171887094,44.397177221366135],[7.659572164499679,44.41322742672551],[7.661179261538366,44.41451118547217],[7.673059438858995,44.41711283667412],[7.687888802219293,44.415928519118204],[7.699830394510196,44.41304404211366],[7.701661184533028,44.412530428808935],[7.703914599880771,44.41179471877817],[7.705528777254221,44.41066967442478],[7.704600820378029,44.40960131962592],[7.691802428627841,44.400038560634336],[7.690879962043865,44.39698883949957],[7.691236995703702,44.39144690590838],[7.689888780006166,44.391274954910955],[7.689400132651455,44.39110728010816],[7.688220931772328,44.39069312794879],[7.688074478228079,44.390574403362464],[7.685304153735559,44.37847881937886],[7.682971240957265,44.37522396683894],[7.6812102613934226,44.37584785496419]]]},"properties":{"name":"Margarita","op_id":"736","minint_elettorale":"1010271180","minint_finloc":"1010271180","prov_name":"Cuneo","prov_istat_code":"004","prov_istat_code_num":4,"prov_acr":"CN","prov_iso_3166_2":"IT-CN","reg_name":"Piemonte","reg_istat_code":"01","reg_istat_code_num":1,"reg_iso_3166_2":"IT-21","opdm_id":"605","com_catasto_code":"E945","com_istat_code":"004118","com_istat_code_num":4118}},
{"type":"Feature","geometry":{"type":"Polygon","coordinates":[[[7.088867451145676,44.39152956160239],[7.09045816437887,44.39254281381567],[7.094699729230195,44.39651634379403],[7.094780486748947,44.39665999001508],[7.09488857604352,44.3968534480922],[7.095645229483911,44.398449911166],[7.095858369326072,44.39896311782977],[7.095889640402734,44.39903894025759],[7.095914506348138,44.39949398832469],[7.0959212897884,44.39977115436265],[7.095887879562784,44.40026719154856],[7.0958779777717735,44.40040266207972],[7.095828957394157,44.400562730298056],[7.095805281929213,44.400635515338166],[7.095651096986274,44.401033572310055],[7.093800091298906,44.404260159368],[7.090284321538759,44.40670115798808],[7.087922056276056,44.40800300531668],[7.083772085071181,44.414383862661005],[7.082843120425682,44.41647402069762],[7.0821549215294795,44.41977847699076],[7.081468583240738,44.42997829711979],[7.084137368922833,44.436532039496875],[7.086166884021561,44.43878522339857],[7.0888485636150875,44.441684738225526],[7.090878137218897,44.44751564232382],[7.091665953860159,44.44980647471764],[7.092096576136898,44.45123609590784],[7.092100655046779,44.45178543003301],[7.091934276451863,44.45293937672558],[7.091517668808817,44.454728462058554],[7.093207148171072,44.46390779706159],[7.095132852226498,44.47337466709782],[7.095612868906773,44.476578595243375],[7.094369007616558,44.48533535637995],[7.093736117385138,44.48788602186424],[7.093227476049166,44.48907036397667],[7.093178005715298,44.489177581172456],[7.092944579403029,44.489430255951554],[7.09291558767644,44.489454800841266],[7.0927616387628065,44.48958023063754],[7.096037223608921,44.49264175684936],[7.102427060706854,44.488588740576894],[7.1103319015979025,44.48330113785515],[7.114132697532001,44.48017011280126],[7.117936871045621,44.478479209823426],[7.12671341384894,44.47664657156658],[7.124241218413833,44.47209208373638],[7.124221491326357,44.47198371684626],[7.12420873927524,44.47129031906785],[7.124246937198075,44.47063824684854],[7.124656907879443,44.468007227544355],[7.124706727181656,44.467829642537154],[7.124899512908382,44.46714246304313],[7.12533928033863,44.46630342840741],[7.1255609140871,44.46610451594113],[7.128070157302794,44.463989566035735],[7.128660180178594,44.46353559081583],[7.129738481464518,44.46272501746032],[7.129926221507089,44.46266507374422],[7.130063164158553,44.46274385016021],[7.13136165778299,44.46377340779224],[7.131918790036208,44.46434969586536],[7.132568435144914,44.465166047237034],[7.133820241839797,44.46252173450204],[7.136115479402661,44.45832799899094],[7.141405091072129,44.45018654620302],[7.147193944961893,44.44977891737064],[7.15873588319253,44.44947183644413],[7.159182999141574,44.44947904569292],[7.160138919075054,44.44930539801225],[7.1617945899684585,44.4477070838808],[7.162376132736095,44.446771159661374],[7.1623487667078924,44.446554670476985],[7.161535850608613,44.44328712306866],[7.158178417422502,44.43338411144367],[7.157676620704635,44.43240647202027],[7.156914652603841,44.431306616895114],[7.156613859600205,44.430995663048705],[7.155606973352934,44.430079138372406],[7.153198065991844,44.42846474092208],[7.151356247302279,44.427210577150404],[7.150098853130379,44.42629894467914],[7.148953285398554,44.425416123869255],[7.148525925541425,44.42501308451827],[7.148048888869869,44.42454170200551],[7.147757706720546,44.42419037170352],[7.147534561436345,44.42388516986776],[7.147348100611274,44.42349953096613],[7.147279387934327,44.42328672747153],[7.1472225987333085,44.4231103813367],[7.1471087169911245,44.42179414333048],[7.14699899150158,44.420028705832095],[7.146951983952344,44.41787026873475],[7.139592034725834,44.41801167749606],[7.133303529147013,44.41501083254871],[7.12906282309873,44.408635044490346],[7.126112198350568,44.40148353203086],[7.12518396546084,44.39928964193797],[7.123945971753614,44.39638337419152],[7.120903611937211,44.39387401830644],[7.120005213021426,44.3928125643029],[7.120118563847027,44.387556852658435],[7.120153964678794,44.3872108282216],[7.12019479727212,44.386891904238944],[7.120396937215581,44.386166005230734],[7.118676079937586,44.386133164304546],[7.108205239389257,44.386855930161424],[7.10287791391653,44.38678105799262],[7.098403100891656,44.38823256691143],[7.091656218299431,44.390244656265644],[7.088867451145676,44.39152956160239]]]},"properties":{"name":"Marmora","op_id":"737","minint_elettorale":"1010271190","minint_finloc":"1010271190","prov_name":"Cuneo","prov_istat_code":"004","prov_istat_code_num":4,"prov_acr":"CN","prov_iso_3166_2":"IT-CN","reg_name":"Piemonte","reg_istat_code":"01","reg_istat_code_num":1,"reg_iso_3166_2":"IT-21","opdm_id":"606","com_catasto_code":"E963","com_istat_code":"004119","com_istat_code_num":4119}},
{"type":"Feature","geometry":{"type":"Polygon","coordinates":[[[8.002149163382189,44.442887402746464],[7.9914512019784185,44.44543572940506],[7.979799460688106,44.44298255983748],[7.977869753536205,44.44102071350035],[7.975174093127873,44.43883139879433],[7.968062502375179,44.43464861216337],[7.967880580313804,44.43463347307457],[7.967424773234894,44.43462935298433],[7.966672107483633,44.43462704336729],[7.966390889165494,44.43538973219962],[7.966406285035281,44.43571845893716],[7.964611192926767,44.44024406303167],[7.958851368719635,44.448550706234315],[7.957655135597186,44.44916548989703],[7.955807444967976,44.45089512574256],[7.954948166333786,44.4521251426531],[7.954745779281164,44.452460900450475],[7.951679653843247,44.4580459631241],[7.9498691986115135,44.462472156235705],[7.949818622503689,44.4644387685768],[7.950379777811132,44.468904673643415],[7.950398183002799,44.4707615760389],[7.951047647965864,44.47289909668031],[7.951523238028499,44.47370020281196],[7.951630572276561,44.47387225082131],[7.952368877238316,44.47466224793073],[7.952671871817667,44.47496660844432],[7.95283570117208,44.47509864848161],[7.953807962966575,44.475447332832736],[7.953841823295501,44.475458972939926],[7.954478041257061,44.47543328954783],[7.954962581782623,44.475298191064915],[7.955183472580709,44.475205683459485],[7.955647443383816,44.47498935762215],[7.956087814223225,44.47475031365535],[7.958832167729857,44.47263720912216],[7.963610618030884,44.467180042446536],[7.963637038201853,44.46691459961124],[7.963699579419108,44.46629724234787],[7.964654324316632,44.46354342485905],[7.965012043645197,44.46290747668698],[7.965595068794309,44.46190446811244],[7.966977918694017,44.461030214644495],[7.971698822007772,44.45857457885636],[7.972033371382106,44.458672121300324],[7.9724823266994385,44.45905427796851],[7.972715830170977,44.45926792884747],[7.97375050300484,44.460569129494296],[7.974436825561929,44.461484558930806],[7.975954923723913,44.46248397224959],[7.977292108249122,44.4631621630993],[7.979057941455488,44.46318662372769],[7.981039219706142,44.463173146797565],[7.984209519961839,44.462692731171565],[7.988084493618085,44.461957746423636],[7.994159734995745,44.46230365608689],[7.997236120809428,44.46261878948479],[7.999233417962952,44.46355458630254],[8.00233972849871,44.465787425774124],[8.003398652059987,44.466499626967696],[8.007200974146606,44.46782838770521],[8.007885892621099,44.46800540249255],[8.008382494479985,44.468050224090724],[8.017520294859134,44.4672109218867],[8.018659519483316,44.46684260028371],[8.024024472547772,44.46486297309276],[8.02593530168205,44.46360988966547],[8.02947907935656,44.458778614370054],[8.030091124499208,44.457874555001354],[8.03013048313402,44.4570151221272],[8.029020889997144,44.45565979114234],[8.028097459499381,44.45544488388877],[8.02411953767569,44.454722247212366],[8.022555042441097,44.454465805462505],[8.021851054498384,44.454378744414655],[8.020512029303944,44.45438076445187],[8.019965000632116,44.454421099891455],[8.014290709953464,44.45356652995084],[8.013731716923088,44.453314123519796],[8.01324903909251,44.452891331085986],[8.013092177857894,44.452736926001506],[8.011879775416265,44.45148266657908],[8.011328293832776,44.450871613300556],[8.01122466436376,44.450542123212465],[8.010695290974109,44.44842190492377],[8.010089180724378,44.44505905293647],[8.009053612823028,44.444032351602154],[8.006906029767778,44.4432574822791],[8.006842240795159,44.4432358340785],[8.006497598443794,44.44311887397831],[8.00488940899694,44.44279879115522],[8.003104876917162,44.4427112116652],[8.002450998697826,44.442782017836095],[8.002149163382189,44.442887402746464]]]},"properties":{"name":"Marsaglia","op_id":"738","minint_elettorale":"1010271200","minint_finloc":"1010271200","prov_name":"Cuneo","prov_istat_code":"004","prov_istat_code_num":4,"prov_acr":"CN","prov_iso_3166_2":"IT-CN","reg_name":"Piemonte","reg_istat_code":"01","reg_istat_code_num":1,"reg_iso_3166_2":"IT-21","opdm_id":"607","com_catasto_code":"E973","com_istat_code":"004120","com_istat_code_num":4120}},
{"type":"Feature","geometry":{"type":"Polygon","coordinates":[[[7.391418361643218,44.61128294297014],[7.389122651012664,44.61020179443073],[7.386486272690598,44.608967252143515],[7.384025712407997,44.60791517804473],[7.381137756787948,44.60688400034495],[7.3794207023618315,44.606758157086325],[7.375569928295683,44.606777907616014],[7.369970787612751,44.607044709636206],[7.368209644482173,44.606947537957474],[7.365629873426116,44.60662256267219],[7.363823325142539,44.606132482411496],[7.359151066316401,44.60179436288474],[7.358683789448634,44.60120249512745],[7.3591498659035395,44.599696769865474],[7.359325045648553,44.599208663308],[7.347637600360704,44.59734766717217],[7.341655121485498,44.597152914091524],[7.341050184026572,44.59714412644757],[7.340292199878872,44.59720062803327],[7.3387148203141495,44.597326236262106],[7.337741496718921,44.59750562175926],[7.336492606874329,44.59779350592785],[7.3282226049183485,44.60083727728757],[7.325257387816211,44.60213487681149],[7.32887050460058,44.60284508590929],[7.329290433543175,44.603017790887904],[7.330930502416673,44.60427060150603],[7.331845033666691,44.605296746073805],[7.332367639089859,44.60599755404659],[7.333157324731423,44.60727393410326],[7.336834345360844,44.61323313162222],[7.3370300228037575,44.61347005797431],[7.337456772198296,44.61390388054778],[7.3407351298358465,44.61712941522048],[7.342413996981607,44.61821140756475],[7.344112486338404,44.61905995448809],[7.352224206518858,44.629296025480535],[7.353168424014609,44.63166574078898],[7.354893553275772,44.634416365637065],[7.359837971453938,44.637219699590986],[7.366874839943549,44.6350069508743],[7.367756734313805,44.63476299316025],[7.368719254591594,44.63452468266888],[7.370704271471566,44.634057902798894],[7.371848460552226,44.63383115151041],[7.37833879999632,44.632906238356966],[7.384188964765605,44.631476788300496],[7.388261878773583,44.62996793732572],[7.390996121579938,44.62829771750065],[7.390597646070394,44.624054796108595],[7.39075037713929,44.62105014551],[7.39108285084597,44.61520327541221],[7.391418361643218,44.61128294297014]]]},"properties":{"name":"Martiniana Po","op_id":"739","minint_elettorale":"1010271210","minint_finloc":"1010271210","prov_name":"Cuneo","prov_istat_code":"004","prov_istat_code_num":4,"prov_acr":"CN","prov_iso_3166_2":"IT-CN","reg_name":"Piemonte","reg_istat_code":"01","reg_istat_code_num":1,"reg_iso_3166_2":"IT-21","opdm_id":"608","com_catasto_code":"E988","com_istat_code":"004121","com_istat_code_num":4121}},
{"type":"Feature","geometry":{"type":"Polygon","coordinates":[[[7.293388150451121,44.58150210631068],[7.297923647687652,44.58074608236295],[7.307790378444419,44.579240803268824],[7.321124001544037,44.57657034637644],[7.326469063433579,44.57533897046206],[7.327883853956107,44.574328919217194],[7.328419041466373,44.57381011957846],[7.328527253324192,44.573577627801384],[7.3430082116986926,44.56544791299711],[7.349364756075786,44.56188946665676],[7.341620086621991,44.55395856861238],[7.340094999720366,44.554458561611376],[7.338946422673393,44.55455887759147],[7.3388965978473255,44.55454015842819],[7.338931224221171,44.554207555446],[7.338937942448012,44.55417361987062],[7.339759461540668,44.55076264109475],[7.3398932166158035,44.5504855222746],[7.340427565087414,44.54940398744126],[7.339836785658533,44.544056893347864],[7.337744742016151,44.541487753238336],[7.334595445388746,44.53848002390187],[7.332809375756879,44.53711258226834],[7.328225566066913,44.53147299800038],[7.32795037173105,44.530973838074395],[7.327605900092499,44.530257577842605],[7.326478574543074,44.52787339316179],[7.3238062576562655,44.5183725310141],[7.3232030959833585,44.51534619012774],[7.313297685338093,44.51451772511275],[7.303426156693028,44.517797171506515],[7.293905819264872,44.521953796614824],[7.285366762735939,44.523896477148206],[7.284307062650165,44.52432168589477],[7.2842823859083,44.52453288266096],[7.284174751951209,44.52478332025609],[7.2841362909961385,44.524838772711895],[7.284004192890988,44.525029227240225],[7.283920030224615,44.5251480265113],[7.2837568040590135,44.52535311117293],[7.278005317120348,44.52977687604412],[7.274277010601233,44.532637403613556],[7.270831460716727,44.534025678939244],[7.267949215444585,44.53427908884117],[7.272454872630893,44.5396048151065],[7.275679499936648,44.546855577929826],[7.27606256838803,44.55070992898199],[7.277570863416624,44.55559545786167],[7.280253662076597,44.559073440362056],[7.281746920448122,44.55994214030599],[7.287199268943435,44.561653513003314],[7.287924624996695,44.561718154025996],[7.289307460637411,44.561874174582314],[7.289576961348698,44.561940603327976],[7.28969545016409,44.56196991344329],[7.289764351655052,44.56198841225195],[7.290049521958134,44.562065326692576],[7.2904555445637955,44.56222895120193],[7.290771385243703,44.56236873233603],[7.290976539616855,44.56250244646825],[7.293046644349812,44.56402320520272],[7.295538222124718,44.566347076339106],[7.295990952828902,44.56688047011742],[7.296123640352745,44.567067004252344],[7.296239811259344,44.56723977985191],[7.2962926314537055,44.567384616842716],[7.29631701974656,44.56747950747339],[7.296336273397167,44.56762832505387],[7.296325521416046,44.5677677139801],[7.295693640979861,44.573825946075054],[7.295487892080358,44.57569539756961],[7.295287874677247,44.57706977646809],[7.294758933966819,44.57919544894813],[7.294550599858838,44.57970999351876],[7.293388150451121,44.58150210631068]]]},"properties":{"name":"Melle","op_id":"740","minint_elettorale":"1010271220","minint_finloc":"1010271220","prov_name":"Cuneo","prov_istat_code":"004","prov_istat_code_num":4,"prov_acr":"CN","prov_iso_3166_2":"IT-CN","reg_name":"Piemonte","reg_istat_code":"01","reg_istat_code_num":1,"reg_iso_3166_2":"IT-21","opdm_id":"609","com_catasto_code":"F114","com_istat_code":"004122","com_istat_code_num":4122}},
{"type":"Feature","geometry":{"type":"Polygon","coordinates":[[[7.420721562175542,44.31928193562787],[7.421594197429367,44.31914105836236],[7.422430435814067,44.318904918621456],[7.424331665706863,44.31830128701443],[7.424363015433274,44.31813484593104],[7.424112762981764,44.317378207678175],[7.4238260396169915,44.31684306308379],[7.423647026865276,44.31658547915515],[7.423334217395984,44.31613551895796],[7.42324703044332,44.316026288245524],[7.422363196412519,44.315010277519235],[7.421231851880684,44.31381526241632],[7.420753537143014,44.31348904690148],[7.420622393612808,44.313338682302735],[7.420571831647901,44.313207441493915],[7.420576056735399,44.313049949606935],[7.420615963884061,44.31290646549221],[7.420722650973301,44.31262434599042],[7.420993755566646,44.31193936623539],[7.421426417076905,44.310928041789616],[7.421586601640683,44.31068267077345],[7.4219290825961215,44.310345289717745],[7.423364636545575,44.3089426759055],[7.423641276817407,44.30870790264121],[7.414196827220303,44.30791994779475],[7.40201885376293,44.30355935593828],[7.402072444205539,44.30339946455821],[7.402248237897767,44.30287375591371],[7.4022646697524355,44.30282001047917],[7.402391929905693,44.30238519685404],[7.402336696578975,44.30160568325478],[7.40176350791688,44.29874824929558],[7.401608573209066,44.29840846502317],[7.400507758227638,44.29764582050743],[7.394154975652556,44.29352337593074],[7.388344113362923,44.292473710427814],[7.387504248083858,44.29239965255754],[7.3873055027988315,44.29238350108083],[7.386624926135656,44.29234588643583],[7.386176529610564,44.29237717421426],[7.38603469198621,44.292387071674455],[7.379706831505804,44.29252620976452],[7.379159090722691,44.292861380241575],[7.377402332343667,44.293984303281505],[7.375619552500498,44.29512482309715],[7.3715009984163045,44.298257692287905],[7.371210055015981,44.29851428360089],[7.369155375672387,44.30046143344746],[7.358795886727488,44.30874310900972],[7.358906013163845,44.31093346559879],[7.35899296773105,44.312453357754045],[7.359297202937143,44.31469780851979],[7.359374507794078,44.315049494547345],[7.359449160927109,44.31538869047508],[7.359674522867516,44.31597712451296],[7.359868873532434,44.31648406032586],[7.3603664457076805,44.3174860193711],[7.3573140435232,44.32030057467878],[7.3546021704778335,44.32226465166662],[7.35565467258902,44.32410739048066],[7.358688909644008,44.328418397386606],[7.368037625193401,44.33050149486216],[7.370675745072486,44.330732575843435],[7.376093820135305,44.32879776697908],[7.377715628763003,44.32824366606737],[7.378857185384279,44.327994375290785],[7.381314587494331,44.32753946237813],[7.381781946722708,44.327550119210514],[7.385001472504246,44.32771066309767],[7.385541875241071,44.327770340964946],[7.386063592884677,44.32792626961169],[7.387331588403347,44.32839432332607],[7.388074474866238,44.32867490767498],[7.388858939281875,44.32906859832845],[7.389576177640666,44.329470335773735],[7.389885260302426,44.32964733362083],[7.390071588623055,44.3297563883293],[7.391208138145151,44.33043412105935],[7.392083124192548,44.33097312004196],[7.39232397839083,44.33121057824623],[7.392405570313898,44.33135126546469],[7.39228186436033,44.331561101052266],[7.396830772825569,44.33051769461267],[7.4110957444968575,44.32330772762313],[7.4152822656957875,44.321218727101],[7.420721562175542,44.31928193562787]]]},"properties":{"name":"Moiola","op_id":"741","minint_elettorale":"1010271230","minint_finloc":"1010271230","prov_name":"Cuneo","prov_istat_code":"004","prov_istat_code_num":4,"prov_acr":"CN","prov_iso_3166_2":"IT-CN","reg_name":"Piemonte","reg_istat_code":"01","reg_istat_code_num":1,"reg_iso_3166_2":"IT-21","opdm_id":"610","com_catasto_code":"F279","com_istat_code":"004123","com_istat_code_num":4123}},
{"type":"Feature","geometry":{"type":"Polygon","coordinates":[[[8.110057632921952,44.445831861215055],[8.107048713479047,44.441698629068775],[8.10327138906057,44.43643396020551],[8.100432183020754,44.43343371098412],[8.09890300004574,44.431094702256104],[8.097692658384773,44.432770922264254],[8.091470101278112,44.440045293629076],[8.083954138836573,44.44553997558549],[8.07192019758572,44.44656812292449],[8.071647964770953,44.44649839138775],[8.069207996668249,44.44632098269969],[8.067951284022874,44.44641875997734],[8.066014148084026,44.44657849544819],[8.061556294189387,44.44750974089609],[8.055234607067284,44.45110084251037],[8.054854439929203,44.451333656072606],[8.054579781106515,44.451548334249225],[8.054551271573992,44.45157078972711],[8.053870878907132,44.452177258973194],[8.049399410532223,44.45666847320297],[8.0471533428133,44.460993559285434],[8.043209513203319,44.468464309661606],[8.049308026218418,44.47546531613927],[8.051914726521332,44.4771119510876],[8.05369733838969,44.474421446628305],[8.05861018715486,44.47576511494893],[8.060623648610887,44.477827605684475],[8.069268430433471,44.483358506132575],[8.079135960924356,44.4963527793601],[8.089650542051805,44.498746263171206],[8.101400282450166,44.49186235024048],[8.100571305454238,44.491905251463436],[8.099411831426686,44.491855605747894],[8.099111525039385,44.49170468627685],[8.098665943428433,44.4914671082474],[8.09751207750698,44.49077380357114],[8.096780076282073,44.48500632283391],[8.097359467737343,44.484259172684396],[8.09797870393748,44.48352584908253],[8.098648652046121,44.48299487225888],[8.099997051482458,44.48204283032522],[8.098211426196228,44.47821612041205],[8.097579511103632,44.467281893658644],[8.100143067039046,44.460577119962565],[8.108797438633625,44.447636067914225],[8.110057632921952,44.445831861215055]]]},"properties":{"name":"Mombarcaro","op_id":"742","minint_elettorale":"1010271240","minint_finloc":"1010271240","prov_name":"Cuneo","prov_istat_code":"004","prov_istat_code_num":4,"prov_acr":"CN","prov_iso_3166_2":"IT-CN","reg_name":"Piemonte","reg_istat_code":"01","reg_istat_code_num":1,"reg_iso_3166_2":"IT-21","opdm_id":"611","com_catasto_code":"F309","com_istat_code":"004124","com_istat_code_num":4124}},
{"type":"Feature","geometry":{"type":"Polygon","coordinates":[[[7.9863316904351,44.380272414751516],[7.987021847138832,44.37646691741253],[7.993350863602331,44.365829745192656],[7.995562017232029,44.36188376381175],[7.995670360510147,44.36169037987349],[7.9921492823636155,44.359258371338846],[7.991842042939874,44.359086570778615],[7.991780680928095,44.359052542811995],[7.990402270833703,44.35890163461362],[7.988941085869608,44.358761869903006],[7.988358129945171,44.3587747020524],[7.986684937216729,44.357882093305804],[7.986458138838252,44.35775403928786],[7.986185995880427,44.35759407304599],[7.985918740200792,44.357402637558266],[7.98582248647123,44.3573007333424],[7.9857257968350925,44.35719836692459],[7.985718489819703,44.35715626024325],[7.985646271553845,44.356671666508205],[7.98572138053009,44.355726362449666],[7.986021114674963,44.35499079213003],[7.98640398161052,44.354071396252586],[7.9875108933883,44.35368509662788],[7.983423097723652,44.35083088904109],[7.976312171039266,44.34620600051698],[7.966451161290058,44.341680214996096],[7.965297856946552,44.33444506952072],[7.963110620246701,44.32940601866631],[7.958607577559283,44.322536364177125],[7.955847248510136,44.31870294956508],[7.953524712361578,44.31801548492769],[7.951542241495457,44.31743019441898],[7.951045749799264,44.317970230762604],[7.946538134741891,44.33284473212747],[7.94652514823921,44.335767838193284],[7.947272794589017,44.33751227199992],[7.948360714661572,44.33946773968152],[7.947603576857621,44.3423970525534],[7.946013577547162,44.344528015792626],[7.944841455324028,44.346090390704454],[7.940482702897616,44.353632121402576],[7.938386723842599,44.361773482813724],[7.937718581703366,44.367188277061004],[7.939098468851056,44.37045456173129],[7.939386719366913,44.370826363536715],[7.940540610295429,44.372219003410024],[7.9453172475764635,44.375426166391655],[7.946796193256746,44.374590576741575],[7.957137922285644,44.37588735046841],[7.959286008617696,44.3774554222335],[7.96140734600521,44.37874413343908],[7.970966928643671,44.381869119828124],[7.974342626019806,44.38254318328668],[7.975132536272489,44.382644805182],[7.975700723413418,44.382703924921],[7.9764780038831375,44.38267486550704],[7.977795064398489,44.3825336281972],[7.979877797399677,44.382285913222574],[7.98016118057841,44.382230679756475],[7.980337906811997,44.38219622636419],[7.9863316904351,44.380272414751516]]]},"properties":{"name":"Mombasiglio","op_id":"743","minint_elettorale":"1010271250","minint_finloc":"1010271250","prov_name":"Cuneo","prov_istat_code":"004","prov_istat_code_num":4,"prov_acr":"CN","prov_iso_3166_2":"IT-CN","reg_name":"Piemonte","reg_istat_code":"01","reg_istat_code_num":1,"reg_iso_3166_2":"IT-21","opdm_id":"612","com_catasto_code":"F312","com_istat_code":"004125","com_istat_code_num":4125}},
{"type":"Feature","geometry":{"type":"Polygon","coordinates":[[[7.834403661847804,44.29735260834378],[7.832966569569865,44.297738574634984],[7.830115282032935,44.29893379540931],[7.8286975733773545,44.2996620027644],[7.828590053598251,44.30038114345551],[7.829094890692339,44.30079933196589],[7.8307634069402585,44.302181496983046],[7.831678907340532,44.30297410956407],[7.8316566581508225,44.30300989299893],[7.831496471799129,44.30326483656208],[7.82739904169234,44.30687800485675],[7.82705047628331,44.30718503288011],[7.825861611151957,44.308194646884715],[7.825297398296161,44.308548957945],[7.8207534618111225,44.31135040985675],[7.819321107589259,44.31218754751394],[7.818664120511893,44.312396829776425],[7.817796673783147,44.31266693187951],[7.81297187893897,44.31516021604556],[7.80989444419256,44.32075497953096],[7.809688317660406,44.32121496206048],[7.80937792423089,44.322208070805175],[7.808516314030481,44.325296071059476],[7.8084519365002905,44.3265017733798],[7.808513722122833,44.32688982903425],[7.80855760512203,44.32716543297571],[7.808607012296625,44.327475715328816],[7.801149787258346,44.33169345854804],[7.797913097091794,44.33380971953226],[7.7940756400973354,44.33633166870844],[7.791641848026334,44.338839358589574],[7.789656868793218,44.34091579154664],[7.786462589140817,44.34253444008557],[7.783916959676293,44.34351520660424],[7.792795957050685,44.35095568543628],[7.793755321146474,44.35092080015798],[7.794556302314184,44.351019287854456],[7.795393137578523,44.35132070807605],[7.796359887895606,44.351673011855205],[7.797266274524075,44.3521402357517],[7.801966905774799,44.355711214968004],[7.803587675664609,44.35728571889957],[7.803726412144351,44.35747456385437],[7.803837610361834,44.35762593105519],[7.8047110751171545,44.35931411491448],[7.81603835768516,44.36035839715056],[7.826278305338691,44.3593224963733],[7.834633359902093,44.35967205316994],[7.836049972411461,44.35828315439894],[7.837199293269119,44.3543516574863],[7.839208649959162,44.346813868929125],[7.839846405496543,44.3439979593813],[7.840273592523038,44.33778133171397],[7.840091700513267,44.33370567378143],[7.839699652461417,44.333202324842716],[7.839396232484034,44.332478722512334],[7.8393673422876935,44.332408127694784],[7.839257498476135,44.33213971328341],[7.839153663447115,44.33167981240448],[7.839129238984463,44.33150820221572],[7.839294264674972,44.33095171068628],[7.839419904541314,44.330823342410824],[7.839831396629394,44.330407976127134],[7.841126473184884,44.32944882167425],[7.841459733746215,44.3292046181174],[7.843887064049477,44.32784727770859],[7.844409280266196,44.32774003657429],[7.845298371287833,44.327690505115676],[7.8459312769825145,44.327674391084344],[7.845967047826867,44.32769077776711],[7.8465671451537204,44.32749110885924],[7.846687364607435,44.32741561418125],[7.84729642305925,44.32700417818349],[7.847506334231007,44.3262003292847],[7.8475250061272295,44.32587280138427],[7.8473773746904865,44.324345572772664],[7.847228913335313,44.32415628098684],[7.847052434100716,44.32393320799518],[7.844684528282231,44.32186393372865],[7.844416598636616,44.32165866484346],[7.843920541555931,44.32155461411244],[7.837126717545021,44.31815907647619],[7.83679791381439,44.31772357812623],[7.836280622004736,44.31671450556431],[7.834056723103204,44.30995316398319],[7.834021520136392,44.30595098790291],[7.834314085261967,44.30544080897975],[7.834475748611031,44.30509134534989],[7.834657914522188,44.30469708116486],[7.834814708098902,44.30431605599242],[7.83495575566187,44.303840339567934],[7.834968461219648,44.30347585924336],[7.834586799167616,44.29837181049025],[7.834403661847804,44.29735260834378]]]},"properties":{"name":"Monastero di Vasco","op_id":"744","minint_elettorale":"1010271260","minint_finloc":"1010271260","prov_name":"Cuneo","prov_istat_code":"004","prov_istat_code_num":4,"prov_acr":"CN","prov_iso_3166_2":"IT-CN","reg_name":"Piemonte","reg_istat_code":"01","reg_istat_code_num":1,"reg_iso_3166_2":"IT-21","opdm_id":"613","com_catasto_code":"F326","com_istat_code":"004126","com_istat_code_num":4126}},
{"type":"Feature","geometry":{"type":"Polygon","coordinates":[[[7.957838172166418,44.31007832989376],[7.956443974418184,44.30340795349683],[7.949174009635314,44.30403450421952],[7.944683315382438,44.304312687111306],[7.943051502061936,44.30428411815781],[7.941504886750111,44.3002229905652],[7.941081576985522,44.298490504230166],[7.940925290479711,44.297422199922984],[7.924100670125845,44.293906865477844],[7.92296297714764,44.29465272302922],[7.921266853601697,44.296538804767245],[7.920387229868267,44.29850382741034],[7.920298939522222,44.29891712702076],[7.920262341605209,44.29926789604938],[7.920252230251797,44.299456863344005],[7.922175954235698,44.30490378282655],[7.923455085333578,44.30587454450489],[7.926873330425161,44.30832861672669],[7.9272906507831165,44.30856210930393],[7.927883065408801,44.30887134936247],[7.927923115795397,44.308891864060904],[7.928198250881443,44.308982011014805],[7.928565986667406,44.30910075967858],[7.9297403594712,44.3094768714804],[7.93020726331926,44.30952639823676],[7.930434961936598,44.314578532960866],[7.931045265403101,44.323609652212504],[7.935420871930213,44.3314785320817],[7.936340775272045,44.337334460303815],[7.939187357406938,44.339319072092245],[7.948360714661572,44.33946773968152],[7.947272794589017,44.33751227199992],[7.94652514823921,44.335767838193284],[7.946538134741891,44.33284473212747],[7.951045749799264,44.317970230762604],[7.951542241495457,44.31743019441898],[7.953524712361578,44.31801548492769],[7.955847248510136,44.31870294956508],[7.957838172166418,44.31007832989376]]]},"properties":{"name":"Monasterolo Casotto","op_id":"745","minint_elettorale":"1010271270","minint_finloc":"1010271270","prov_name":"Cuneo","prov_istat_code":"004","prov_istat_code_num":4,"prov_acr":"CN","prov_iso_3166_2":"IT-CN","reg_name":"Piemonte","reg_istat_code":"01","reg_istat_code_num":1,"reg_iso_3166_2":"IT-21","opdm_id":"614","com_catasto_code":"F329","com_istat_code":"004127","com_istat_code_num":4127}},
{"type":"Feature","geometry":{"type":"Polygon","coordinates":[[[7.62350601132354,44.706829402285656],[7.621847327987795,44.703431029819825],[7.621840544995637,44.70263158735692],[7.62185047525552,44.70255945511293],[7.62325819772993,44.700709349029765],[7.624637970473684,44.69907858223887],[7.627518042332908,44.69689415612131],[7.631523449239056,44.69208550140351],[7.633951187570086,44.68762689291408],[7.63438304676608,44.687750793732285],[7.638775440544814,44.6769165843007],[7.638780592882508,44.67419589839578],[7.637940422515359,44.672150033029716],[7.629009226645569,44.67033719757476],[7.617315762512732,44.66514586648835],[7.616135111171186,44.66438437553374],[7.615617651406178,44.66413053560797],[7.615068578458064,44.66388082372487],[7.614070536657104,44.663580639683],[7.602156127371836,44.66029808425055],[7.601511095948101,44.66014161728525],[7.592516637536127,44.658460217834964],[7.59154637609296,44.65829071071729],[7.591044045488414,44.659778910666326],[7.590236622045587,44.66252244262064],[7.587047625765478,44.68349570277366],[7.586638578339831,44.68658295644233],[7.586549974615534,44.687641398474845],[7.586501250305309,44.688224175212895],[7.5871160744088595,44.69326582684912],[7.587371464630956,44.69815548503149],[7.589732800242366,44.69942699163383],[7.592246363817996,44.70032681413916],[7.600023682752249,44.70039085245398],[7.611602815042137,44.70112336149449],[7.615478021016799,44.701430029280665],[7.617165146636418,44.7016260096308],[7.617708443073084,44.701916137202446],[7.616659398018253,44.703528477273196],[7.6157724938906854,44.70467889466305],[7.615632804557102,44.704830242267036],[7.615529393180471,44.70498203406042],[7.615340347367798,44.705348781943236],[7.616270088607098,44.7060124527475],[7.616567036003811,44.70619841885165],[7.616615662062157,44.7062285042094],[7.616745306896253,44.706284091667285],[7.619020862026237,44.70685627427361],[7.619575940339699,44.70687198483534],[7.62350601132354,44.706829402285656]]]},"properties":{"name":"Monasterolo di Savigliano","op_id":"746","minint_elettorale":"1010271280","minint_finloc":"1010271280","prov_name":"Cuneo","prov_istat_code":"004","prov_istat_code_num":4,"prov_acr":"CN","prov_iso_3166_2":"IT-CN","reg_name":"Piemonte","reg_istat_code":"01","reg_istat_code_num":1,"reg_iso_3166_2":"IT-21","opdm_id":"615","com_catasto_code":"F330","com_istat_code":"004128","com_istat_code_num":4128}},
{"type":"Feature","geometry":{"type":"Polygon","coordinates":[[[7.94138154258549,44.56423570480853],[7.939741470482742,44.56340576078688],[7.935452735212248,44.56177690800566],[7.934519401236818,44.56149363740026],[7.933478638213731,44.56123184891066],[7.932207862394917,44.56111195194017],[7.931507058895496,44.5611549042669],[7.93085838974048,44.56126576801819],[7.930633110063705,44.56130427034809],[7.929834599696149,44.56148134446982],[7.928725349236608,44.562015596847715],[7.923210450720291,44.56162612600967],[7.917369700137203,44.558973677330684],[7.91649004210479,44.55828564665232],[7.915983638025742,44.557839714424965],[7.91494768487566,44.556290445041945],[7.914210746339917,44.55489255667668],[7.910764297204819,44.55310873459053],[7.910381212323859,44.553100586021586],[7.909912205015432,44.55319627043744],[7.909348424603238,44.553311288411464],[7.901403953717427,44.55924882980071],[7.900620876653709,44.55983545002508],[7.900204141770635,44.56228013396128],[7.901197670582564,44.56456283467423],[7.901841294711449,44.56561780100313],[7.902380149043969,44.56630269018882],[7.9029794214821925,44.56664153242137],[7.911381915800579,44.56768095803122],[7.91145350973847,44.567672393026896],[7.9114843944597935,44.567687698322416],[7.912104342471327,44.56801618005578],[7.912969585168936,44.568527620471805],[7.913166967014252,44.56883653579658],[7.913513333671474,44.56938448333401],[7.913896256338733,44.570040800312775],[7.914160634168944,44.57078601824603],[7.914173391321772,44.57153785939679],[7.914134518785642,44.572195624150076],[7.914067199868435,44.57241861345332],[7.915451756298369,44.57491961184751],[7.920941932639002,44.57703502627442],[7.927621896431218,44.57949261054763],[7.932116217843332,44.58166832077971],[7.9343105465403285,44.579442731831946],[7.938098391947039,44.56992633122601],[7.938250191881901,44.56889244831057],[7.938821609215089,44.56675065996963],[7.939029220598057,44.56617642785359],[7.939151991763672,44.56593899169305],[7.939201679403567,44.56588196181713],[7.939434102921955,44.56561752597896],[7.939914976800058,44.565185379597885],[7.940636521769685,44.5645438805715],[7.94074062892025,44.56450039416278],[7.94138154258549,44.56423570480853]]]},"properties":{"name":"Monchiero","op_id":"747","minint_elettorale":"1010271290","minint_finloc":"1010271290","prov_name":"Cuneo","prov_istat_code":"004","prov_istat_code_num":4,"prov_acr":"CN","prov_iso_3166_2":"IT-CN","reg_name":"Piemonte","reg_istat_code":"01","reg_istat_code_num":1,"reg_iso_3166_2":"IT-21","opdm_id":"616","com_catasto_code":"F338","com_istat_code":"004129","com_istat_code_num":4129}},
{"type":"Feature","geometry":{"type":"Polygon","coordinates":[[[7.884507289967561,44.46279321430471],[7.882720974442893,44.45923321103642],[7.8762079036509745,44.455374668752164],[7.874593688882385,44.44761645528711],[7.874280652127877,44.44600189116436],[7.874023521524809,44.443177026770904],[7.87443390219673,44.44291098078044],[7.876331459558192,44.442069893597825],[7.883886790898609,44.435873601394775],[7.8841748848303075,44.43528224805514],[7.8857339403039,44.43262901045052],[7.889984734045035,44.42838876557097],[7.895461281748206,44.42856830305613],[7.897960766591024,44.42925372324108],[7.902431071280469,44.42545710904116],[7.903724537857951,44.422107056362975],[7.90282602749781,44.416332176767945],[7.898059450988065,44.411505795869694],[7.89604067791826,44.408447865791736],[7.891303680557684,44.408771094011165],[7.886972439332579,44.41126773762523],[7.879430402724774,44.41107694407625],[7.871270835034651,44.41140622490405],[7.867686995144785,44.414251623863436],[7.865938273471493,44.41549465418197],[7.862548283376638,44.415645500429235],[7.861080703592173,44.41562187720653],[7.86064533559881,44.41545959747893],[7.86053570331762,44.415409372662985],[7.860300964245047,44.415046925962656],[7.8597335875606165,44.41404645969963],[7.859623482103934,44.413248615640555],[7.8595454564543585,44.41027692707097],[7.859912115896884,44.406918054898654],[7.855342526669397,44.398553788056866],[7.855530441065832,44.39436939763791],[7.85561595047895,44.38929717806929],[7.852210740255866,44.38522527572811],[7.841043680205966,44.37494831562301],[7.836187047365812,44.370384021757914],[7.833719928013962,44.36643363947177],[7.834931158757866,44.365082069820616],[7.836304100643045,44.363363026185425],[7.836718410504886,44.35982916924734],[7.836650506531733,44.3591982739545],[7.836294032937953,44.35850591532012],[7.836049972411461,44.35828315439894],[7.834633359902093,44.35967205316994],[7.826278305338691,44.3593224963733],[7.81603835768516,44.36035839715056],[7.8047110751171545,44.35931411491448],[7.803837610361834,44.35762593105519],[7.803726412144351,44.35747456385437],[7.803587675664609,44.35728571889957],[7.801966905774799,44.355711214968004],[7.797266274524075,44.3521402357517],[7.796359887895606,44.351673011855205],[7.795393137578523,44.35132070807605],[7.794556302314184,44.351019287854456],[7.793755321146474,44.35092080015798],[7.792795957050685,44.35095568543628],[7.7904972977970965,44.35347022754572],[7.780572453833848,44.36693368760984],[7.773269946361212,44.373236649121196],[7.76553125731423,44.384393267688644],[7.762129091840244,44.39020272707661],[7.752881386864864,44.39347763493369],[7.750744489637209,44.39549656116809],[7.744945738259156,44.39710034162443],[7.7442915609793905,44.39689246047096],[7.741896958648767,44.39507369971078],[7.741376707052355,44.39428471795391],[7.74030750882535,44.39219780793734],[7.734328485948276,44.395678950702894],[7.731435772146272,44.39766330291366],[7.730817408945843,44.39806520340734],[7.730440249676169,44.39830841540383],[7.730411941569391,44.39832661863339],[7.7287493960432485,44.39938447381122],[7.728016862811192,44.39972292626191],[7.7242199966687926,44.40119752919663],[7.722945897504456,44.4013903621935],[7.722729172317975,44.40134291090685],[7.722534235607882,44.40130022775088],[7.722198292062408,44.40106690194783],[7.721531082783213,44.40030783212726],[7.721223154388687,44.3998766234155],[7.7176307525273975,44.394839810916174],[7.71410018248074,44.388138371461544],[7.708740672904505,44.39016625046217],[7.69864871835851,44.39167669395181],[7.691236995703702,44.39144690590838],[7.690879962043865,44.39698883949957],[7.691802428627841,44.400038560634336],[7.704600820378029,44.40960131962592],[7.705528777254221,44.41066967442478],[7.707519759406218,44.41191659641759],[7.713845035826751,44.4164558993561],[7.715876396125518,44.41787164461938],[7.720695937800798,44.420032380388314],[7.7210066405042355,44.42009694172469],[7.721268430171492,44.42015133505999],[7.721824352284026,44.4202385736138],[7.722377655710986,44.42026940465705],[7.722733987257646,44.42028925700286],[7.723596988145982,44.420334915047825],[7.724450100690759,44.42027692757424],[7.724997812488148,44.420028718322236],[7.724212694423912,44.41926147548519],[7.721667152430724,44.416510651190585],[7.721764583361935,44.4164427235614],[7.721888408381463,44.4163573278133],[7.723462512177394,44.415291869420706],[7.732184527831156,44.40957775452696],[7.736512548769719,44.40733003378759],[7.748160052098597,44.401908094254765],[7.748413977589751,44.40181832288026],[7.749298026331477,44.401506434984654],[7.7494153419376035,44.40152007156488],[7.750281369653294,44.401620746581465],[7.750454236210516,44.40165498163498],[7.7509120237299935,44.40174916696072],[7.756783530832433,44.40864183674314],[7.765552658575195,44.41438617607726],[7.7672027882423835,44.414386003875094],[7.768568661464648,44.41483735973042],[7.7700034175625925,44.415500019465796],[7.770188654410333,44.41558742125488],[7.770547135321118,44.41575671474586],[7.774612184148689,44.425984742595276],[7.774646234581765,44.42918952723082],[7.773850433318068,44.43124764804835],[7.773636298702526,44.431706365093966],[7.7736244062426625,44.43173137405647],[7.774751251437102,44.432067566535004],[7.784737650476539,44.434465463082326],[7.792213481136119,44.434153174859446],[7.793265154331068,44.43401124308617],[7.793362320275253,44.43402093942071],[7.79452446797723,44.43413705395372],[7.796003923910095,44.43431021019114],[7.797020049752936,44.43452347347847],[7.797944238256785,44.435064353412415],[7.801403518101544,44.43785105725134],[7.803890958492514,44.43999582652512],[7.808468398033138,44.44444996795617],[7.816532893742397,44.44819090184825],[7.829109112788867,44.45279138185525],[7.832807926948956,44.45413141978893],[7.836489521417294,44.455098473546386],[7.841251386170481,44.45564650918088],[7.841989663983452,44.45593308822978],[7.847585483674172,44.45746612904222],[7.851203859645726,44.45835334460324],[7.854668769018056,44.45882027961392],[7.872647681556708,44.46251541127469],[7.879451569555984,44.4650664189476],[7.881474270484345,44.466055800747405],[7.884507289967561,44.46279321430471]]]},"properties":{"name":"Mondovì","op_id":"748","minint_elettorale":"1010271300","minint_finloc":"1010271300","prov_name":"Cuneo","prov_istat_code":"004","prov_istat_code_num":4,"prov_acr":"CN","prov_iso_3166_2":"IT-CN","reg_name":"Piemonte","reg_istat_code":"01","reg_istat_code_num":1,"reg_iso_3166_2":"IT-21","opdm_id":"617","com_catasto_code":"F351","com_istat_code":"004130","com_istat_code_num":4130}},
{"type":"Feature","geometry":{"type":"Polygon","coordinates":[[[8.14967738928645,44.46166337776485],[8.147253711458998,44.45979524550522],[8.138522256024322,44.45257256634389],[8.120974525417875,44.443638709217545],[8.118912868560203,44.44209237736896],[8.118330973637846,44.441799799447146],[8.11730479646057,44.441578476475904],[8.11724866746022,44.441566371449824],[8.116118865242669,44.44159364199351],[8.115440080150423,44.441660402887024],[8.114952514885713,44.44188168999603],[8.112969300398783,44.443108688165985],[8.11184347501313,44.443839780521266],[8.110801817605822,44.44464479425506],[8.110442975224489,44.44512813488404],[8.110057632921952,44.445831861215055],[8.108797438633625,44.447636067914225],[8.100143067039046,44.460577119962565],[8.097579511103632,44.467281893658644],[8.098211426196228,44.47821612041205],[8.099997051482458,44.48204283032522],[8.103893923994077,44.48175062478033],[8.119550665744464,44.47907133327041],[8.129448183875803,44.478255937243034],[8.144100867567879,44.47406755951656],[8.144943417564113,44.47484396031088],[8.1454830984464,44.475262103796624],[8.146484469438061,44.476003310198294],[8.147489045674359,44.47665902097423],[8.14837515156345,44.477088751339856],[8.149576963405355,44.47750733272305],[8.150556264338695,44.477609149223376],[8.1512150815039,44.47751050235292],[8.151822790569375,44.47724944541973],[8.152083139598457,44.47709832939523],[8.151102999569197,44.47293633243877],[8.150460524128881,44.4700034263674],[8.150453094659465,44.468301829343304],[8.150725759167143,44.46795503939677],[8.150988448927912,44.46715125534957],[8.151186981797492,44.46632898198498],[8.151198851183945,44.46399287364615],[8.15117356265763,44.46381262879127],[8.151107110569678,44.463546563499214],[8.150109217296334,44.46198168853789],[8.14967738928645,44.46166337776485]]]},"properties":{"name":"Monesiglio","op_id":"749","minint_elettorale":"1010271310","minint_finloc":"1010271310","prov_name":"Cuneo","prov_istat_code":"004","prov_istat_code_num":4,"prov_acr":"CN","prov_iso_3166_2":"IT-CN","reg_name":"Piemonte","reg_istat_code":"01","reg_istat_code_num":1,"reg_iso_3166_2":"IT-21","opdm_id":"618","com_catasto_code":"F355","com_istat_code":"004131","com_istat_code_num":4131}},
{"type":"Feature","geometry":{"type":"Polygon","coordinates":[[[7.946451295765449,44.5995904382088],[7.949424118220893,44.601800919466335],[7.954011417734163,44.610192813042914],[7.957742963863463,44.6192653848039],[7.960438648615002,44.620352229805704],[7.9620533281036545,44.61910655963687],[7.96636705381049,44.614765994937024],[7.970764724237345,44.615665434403574],[7.9792179415763025,44.61946381289784],[7.985391885908133,44.621548952472],[7.98634135567445,44.615066618359755],[7.986747488575813,44.61311382982833],[7.987977258810156,44.60819867777946],[7.9894594994885315,44.60302639317139],[7.990607857914401,44.60018625970544],[7.994153763963712,44.591724474185355],[7.99794390268321,44.587986060039455],[8.000450877607292,44.58570333696712],[8.002238837552405,44.58333780056473],[8.004546502035957,44.57876668140551],[8.000798442927618,44.565918852337],[7.991827721013894,44.55628832683519],[7.991538107873136,44.55715451125422],[7.99142809155503,44.55744162123357],[7.991121630759006,44.55780350897357],[7.991009226961011,44.557850091086834],[7.9907586145438945,44.55795334662198],[7.986453072437699,44.55954467797802],[7.97961352272245,44.561865738018604],[7.979237833537376,44.561960086725705],[7.97509145817958,44.56279673316913],[7.974378121975438,44.56290285071388],[7.973969016180908,44.562894677295915],[7.9735609350912995,44.56269340056336],[7.973161711978589,44.56236978022064],[7.972987251092733,44.5620359751446],[7.972889893814599,44.561849692909036],[7.9673820923321,44.56135439273213],[7.960725532411313,44.56164510201808],[7.9561281906841375,44.56382678756988],[7.950585798017865,44.56639122656478],[7.947281177601546,44.56654986725625],[7.94138154258549,44.56423570480853],[7.94074062892025,44.56450039416278],[7.940636521769685,44.5645438805715],[7.939914976800058,44.565185379597885],[7.939434102921955,44.56561752597896],[7.939201679403567,44.56588196181713],[7.939151991763672,44.56593899169305],[7.939029220598057,44.56617642785359],[7.938821609215089,44.56675065996963],[7.938250191881901,44.56889244831057],[7.938098391947039,44.56992633122601],[7.9343105465403285,44.579442731831946],[7.932116217843332,44.58166832077971],[7.931986014679357,44.58187865262055],[7.9321960711041495,44.5823938530308],[7.933449339756981,44.58453906806473],[7.933702814548143,44.58495105151481],[7.934067003356525,44.58529203475362],[7.9355292460833,44.586156435374214],[7.936724836372733,44.586662700477795],[7.937764840624955,44.58705496318899],[7.939348964359703,44.587228353439414],[7.944607249947924,44.58753703726842],[7.946323201043583,44.58765644162853],[7.947808214600192,44.58833182406474],[7.950678819965563,44.59035230202417],[7.9509873552062915,44.59097179960793],[7.950475548481337,44.592348970472585],[7.949611607855666,44.593623875988754],[7.946451295765449,44.5995904382088]]]},"properties":{"name":"Monforte d'Alba","op_id":"750","minint_elettorale":"1010271320","minint_finloc":"1010271320","prov_name":"Cuneo","prov_istat_code":"004","prov_istat_code_num":4,"prov_acr":"CN","prov_iso_3166_2":"IT-CN","reg_name":"Piemonte","reg_istat_code":"01","reg_istat_code_num":1,"reg_iso_3166_2":"IT-21","opdm_id":"619","com_catasto_code":"F358","com_istat_code":"004132","com_istat_code_num":4132}},
{"type":"Feature","geometry":{"type":"Polygon","coordinates":[[[7.902628946332974,44.821533804904426],[7.906399614932922,44.823775130621975],[7.90650283961392,44.82386598983413],[7.906525476925728,44.82389233276967],[7.906790769687499,44.82421087410436],[7.906921237312496,44.8243733433128],[7.9071064942755855,44.824605600515255],[7.907273133093633,44.82484701452254],[7.907291017583955,44.82487335233125],[7.907782313973945,44.825741828922816],[7.908140389708589,44.82645124818487],[7.919033922750703,44.832039574315836],[7.925533659414616,44.83561098494343],[7.938501569384324,44.84304198624101],[7.943355913287688,44.8463377978363],[7.951253685614362,44.84761043932556],[7.954107592305787,44.84954497551314],[7.955456531496748,44.85249763253731],[7.964684686852941,44.856604851073975],[7.968877091312885,44.85331716469167],[7.971418250931556,44.85199647865113],[7.974589206059158,44.85126116382871],[7.975277207398925,44.851279789675566],[7.975509349352429,44.85126535272051],[7.975899197592044,44.85123548579621],[7.975988728444211,44.85122845590746],[7.976655384491596,44.850874709623824],[7.977034776904394,44.85062242613414],[7.9773339689751825,44.85042140340408],[7.977652004208855,44.85012370250404],[7.977777833091263,44.84997385200968],[7.97783920772039,44.84989589180287],[7.978950233892546,44.8467632465857],[7.979952464630853,44.84167786198332],[7.981158340604562,44.837900641693984],[7.983897695467534,44.826989081050584],[7.987454156237296,44.82548146377273],[7.986201027394224,44.82471003566587],[7.984245127002126,44.82319429345848],[7.981691123419821,44.81871097896954],[7.981431261213224,44.818001993840184],[7.981267553096705,44.81743674436261],[7.981184248724988,44.817149100900046],[7.981286188329745,44.81299755989271],[7.980642179962325,44.807762732041574],[7.979643443627292,44.8035105994449],[7.979402802755905,44.802747753656604],[7.979010318900055,44.80239766846235],[7.976767278620238,44.80090460849645],[7.97503847162779,44.799958497159004],[7.97268817989668,44.79920821947807],[7.97021557961376,44.7982935691384],[7.962010163715551,44.79451604642743],[7.960008943420618,44.79348958844407],[7.95854596764199,44.79424732613807],[7.945456455269867,44.79822426728989],[7.93469226693564,44.80400089480962],[7.915738070013018,44.81336866948195],[7.904374156058779,44.82048442619112],[7.902628946332974,44.821533804904426]]]},"properties":{"name":"Montà","op_id":"751","minint_elettorale":"1010271330","minint_finloc":"1010271330","prov_name":"Cuneo","prov_istat_code":"004","prov_istat_code_num":4,"prov_acr":"CN","prov_iso_3166_2":"IT-CN","reg_name":"Piemonte","reg_istat_code":"01","reg_istat_code_num":1,"reg_iso_3166_2":"IT-21","opdm_id":"620","com_catasto_code":"F385","com_istat_code":"004133","com_istat_code_num":4133}},
{"type":"Feature","geometry":{"type":"Polygon","coordinates":[[[7.847927013131232,44.258480033935655],[7.846638789711979,44.25935383164806],[7.840346538343796,44.267437799424364],[7.830490708214965,44.279882939959904],[7.830411834666002,44.27999489510189],[7.830323380773953,44.280120651833904],[7.8302017488294515,44.2802941204914],[7.828867682240718,44.28242164974737],[7.829054890005515,44.28410860607055],[7.830967185486382,44.286266400368426],[7.833231883026425,44.28762641217408],[7.836323472630421,44.29019685942836],[7.835927280415999,44.29480682265552],[7.835342196965732,44.295849705035494],[7.835036309911796,44.29638226175092],[7.834937342483945,44.29653430853786],[7.834403661847804,44.29735260834378],[7.834586799167616,44.29837181049025],[7.834968461219648,44.30347585924336],[7.83495575566187,44.303840339567934],[7.834814708098902,44.30431605599242],[7.834657914522188,44.30469708116486],[7.834475748611031,44.30509134534989],[7.834314085261967,44.30544080897975],[7.834021520136392,44.30595098790291],[7.834056723103204,44.30995316398319],[7.836280622004736,44.31671450556431],[7.83679791381439,44.31772357812623],[7.837126717545021,44.31815907647619],[7.843920541555931,44.32155461411244],[7.844416598636616,44.32165866484346],[7.844684528282231,44.32186393372865],[7.847052434100716,44.32393320799518],[7.847228913335313,44.32415628098684],[7.8473773746904865,44.324345572772664],[7.8475250061272295,44.32587280138427],[7.847506334231007,44.3262003292847],[7.84729642305925,44.32700417818349],[7.846687364607435,44.32741561418125],[7.8465671451537204,44.32749110885924],[7.845967047826867,44.32769077776711],[7.846065139820946,44.32906217994547],[7.8461403805635435,44.32960311397466],[7.8461953120709325,44.329819744033024],[7.846756139689914,44.331342383996294],[7.848436863452868,44.33222361823367],[7.850008912536078,44.33303171535545],[7.851551941998573,44.33380348810237],[7.853490846971887,44.334678246816935],[7.85578079035183,44.33556548647605],[7.856546510446573,44.33460983115295],[7.857004828988608,44.333817682256594],[7.86779918598463,44.33548268875218],[7.867902008313017,44.336352480369364],[7.868151720068837,44.33812403242485],[7.868484881657917,44.33867650603143],[7.8691709182147305,44.33912444323152],[7.871019493176029,44.34017355743643],[7.88725001868976,44.34731455725007],[7.888378471455281,44.34760012501542],[7.889935680556635,44.3477503286828],[7.892347481757423,44.347949287459876],[7.893101529269811,44.34800612285664],[7.893721566945141,44.34801958918862],[7.8938492970272645,44.348022362218046],[7.888968237004545,44.343262029505695],[7.886345831723549,44.34061178070405],[7.882296059582761,44.33628719465189],[7.88087117285121,44.33447267336185],[7.880438555062481,44.33380671576386],[7.880156279376413,44.333151247970704],[7.879223255999108,44.326407933870875],[7.879388233901649,44.32601793153032],[7.879560084731298,44.32574052423316],[7.880262056244188,44.32549082606928],[7.881077893396533,44.32521072970369],[7.881669195536424,44.32504490307944],[7.881806843592096,44.32500632808196],[7.877767588091269,44.32287803772577],[7.874375621345687,44.313945299884345],[7.874694376031759,44.31135110906548],[7.874172204137601,44.303144292811],[7.873439806135905,44.29889218754316],[7.872502914262283,44.296963962999875],[7.869268245588973,44.29104995527795],[7.866684238347281,44.28608171942945],[7.867890907128086,44.28263655614757],[7.868930094671837,44.28183209039553],[7.8691001616337095,44.28163061861293],[7.869321314996163,44.28136818149648],[7.869524636957011,44.28087016643539],[7.869773409665905,44.28017039741368],[7.870326975493664,44.27764604455075],[7.870605764908299,44.274560777223236],[7.870759973133512,44.272356576726565],[7.869911987344672,44.26681136524263],[7.869848135073263,44.2664866276269],[7.86977099469565,44.266179769053004],[7.869562387428587,44.2660717415532],[7.869506379034166,44.266042740312116],[7.869068518173348,44.265816437541396],[7.864746143331499,44.263942189045395],[7.862662167554186,44.26367029360496],[7.85837427397499,44.26354109628824],[7.85428060251488,44.26283838012128],[7.853157625627617,44.262624550663304],[7.85165941474422,44.26223584887104],[7.850981567553918,44.2619634501685],[7.847927013131232,44.258480033935655]]]},"properties":{"name":"Montaldo di Mondovì","op_id":"752","minint_elettorale":"1010271340","minint_finloc":"1010271340","prov_name":"Cuneo","prov_istat_code":"004","prov_istat_code_num":4,"prov_acr":"CN","prov_iso_3166_2":"IT-CN","reg_name":"Piemonte","reg_istat_code":"01","reg_istat_code_num":1,"reg_iso_3166_2":"IT-21","opdm_id":"621","com_catasto_code":"F405","com_istat_code":"004134","com_istat_code_num":4134}},
{"type":"Feature","geometry":{"type":"Polygon","coordinates":[[[7.939031593693878,44.74712913619908],[7.935596803138875,44.75565345599496],[7.933420482154175,44.757694660413634],[7.92954597850651,44.75989997674047],[7.9290020951400875,44.76018744705528],[7.928155643030366,44.7604810711947],[7.917415476421,44.76370658944391],[7.911989983799578,44.76484282924908],[7.896283715875519,44.77225846875919],[7.88514808709076,44.77813223114897],[7.878296844897202,44.78134458338153],[7.858508335510773,44.78627254919492],[7.857252129919681,44.78627350089889],[7.851341055525407,44.78637641469478],[7.849993892283384,44.78669124589614],[7.8467272130534935,44.78761253377678],[7.845996816031174,44.787830208289314],[7.845578167130197,44.788105068854875],[7.850046898834265,44.78885681643693],[7.852919679390256,44.7885166047337],[7.8634545514349705,44.78759019088085],[7.865745003202816,44.78755546727513],[7.86778538030978,44.7880498588087],[7.870591314914388,44.788660716173396],[7.87362996857631,44.78917000166608],[7.880785531879437,44.789909408965045],[7.881996517167184,44.79002479377678],[7.883929346504052,44.7901967398777],[7.894834481553554,44.787647158607854],[7.9071109261751795,44.78451101067918],[7.909253688447704,44.78362229910189],[7.918975220703053,44.77886255713808],[7.93821307140253,44.768920083377914],[7.946324906065313,44.76364342149308],[7.9480819593813035,44.76262887198071],[7.951351083335282,44.76214581320871],[7.95798980515502,44.76129238935142],[7.959818202869906,44.76121497292261],[7.962494130879243,44.74932487541255],[7.960790642692329,44.74934989626589],[7.956589794935733,44.74878792662572],[7.9510528015839625,44.747946536499775],[7.9412732113746465,44.747104597043595],[7.939031593693878,44.74712913619908]]]},"properties":{"name":"Montaldo Roero","op_id":"753","minint_elettorale":"1010271350","minint_finloc":"1010271350","prov_name":"Cuneo","prov_istat_code":"004","prov_istat_code_num":4,"prov_acr":"CN","prov_iso_3166_2":"IT-CN","reg_name":"Piemonte","reg_istat_code":"01","reg_istat_code_num":1,"reg_iso_3166_2":"IT-21","opdm_id":"622","com_catasto_code":"F408","com_istat_code":"004135","com_istat_code_num":4135}},
{"type":"Feature","geometry":{"type":"Polygon","coordinates":[[[7.677466841499083,44.44063328898757],[7.676092372842271,44.44051383782202],[7.67448156625778,44.44040962281402],[7.673057434372922,44.44033456166667],[7.672319712792091,44.440328247084786],[7.661951888013276,44.44401312046777],[7.657416397925905,44.445661390016745],[7.647459157318616,44.44976613094362],[7.646032139292035,44.45123319365449],[7.645948483495666,44.45131919439227],[7.643155674156586,44.45455400492231],[7.642726928150477,44.4552916502694],[7.642640910655857,44.455529191430976],[7.643405692413591,44.4557318342705],[7.647195166147319,44.457100187877906],[7.651083961435889,44.46113885166072],[7.6543236857984285,44.46400842841505],[7.657117742456316,44.46588684534182],[7.664174746662005,44.47044682194206],[7.669538514627952,44.47646179816216],[7.671747167386983,44.477846920935605],[7.672168234085344,44.47759524232293],[7.674836918920735,44.47654995216783],[7.67981074937723,44.47460494727406],[7.680778759124335,44.47426679710764],[7.680995678456419,44.47419102237252],[7.681836009611475,44.47389914422876],[7.688866486083873,44.47152685241264],[7.697155981614059,44.46842242608074],[7.699741167591887,44.466533175511486],[7.703531547004652,44.46502332060725],[7.7041014671908234,44.46492174394474],[7.7046638250084865,44.464824599826635],[7.704999705907811,44.464841904219774],[7.709294438790575,44.46551622234772],[7.709284252180763,44.464089174845284],[7.708129910547642,44.46315337320041],[7.6946118191091095,44.453371276899766],[7.6933501336191945,44.4523530383619],[7.688167324006737,44.448381964163154],[7.684015378625214,44.44522826750725],[7.6802514812096625,44.44244354407962],[7.677466841499083,44.44063328898757]]]},"properties":{"name":"Montanera","op_id":"754","minint_elettorale":"1010271360","minint_finloc":"1010271360","prov_name":"Cuneo","prov_istat_code":"004","prov_istat_code_num":4,"prov_acr":"CN","prov_iso_3166_2":"IT-CN","reg_name":"Piemonte","reg_istat_code":"01","reg_istat_code_num":1,"reg_iso_3166_2":"IT-21","opdm_id":"623","com_catasto_code":"F424","com_istat_code":"004136","com_istat_code_num":4136}},
{"type":"Feature","geometry":{"type":"Polygon","coordinates":[[[8.008405753479526,44.62815632371297],[8.016504780835096,44.629072523540636],[8.026573645640338,44.62996450639057],[8.028106209047207,44.629608472494716],[8.028706504426026,44.62949654095779],[8.029988397194987,44.62935888901617],[8.031421347156241,44.62925795487956],[8.031754037671014,44.62943689638724],[8.037031657145755,44.633095980764615],[8.038363284377084,44.63698725894211],[8.041061679269177,44.63922453996181],[8.043892688513557,44.640981242324564],[8.046040418674192,44.63892414628635],[8.046339821035835,44.638616057717734],[8.047449487757843,44.63677983782173],[8.047745994382971,44.636210644731115],[8.048668444066257,44.63401273882685],[8.048992329330455,44.63314220759688],[8.04916597553406,44.63261700242281],[8.054775283140915,44.617841676951066],[8.05468183124215,44.61732266740393],[8.054550706726188,44.61683545152722],[8.05395357412708,44.61462797135442],[8.053759344448164,44.614074141370494],[8.050346635340698,44.61274044999105],[8.049926134026006,44.61308325427522],[8.047163449767899,44.6127454425513],[8.043393767693683,44.61143557713223],[8.04029880636278,44.610297803985084],[8.020823939755305,44.61912592885559],[8.010899743361353,44.62072235251734],[8.009057665386278,44.626086732038665],[8.00821658307524,44.627110324749815],[8.007846524805688,44.62738084386916],[8.008405753479526,44.62815632371297]]]},"properties":{"name":"Montelupo Albese","op_id":"755","minint_elettorale":"1010271370","minint_finloc":"1010271370","prov_name":"Cuneo","prov_istat_code":"004","prov_istat_code_num":4,"prov_acr":"CN","prov_iso_3166_2":"IT-CN","reg_name":"Piemonte","reg_istat_code":"01","reg_istat_code_num":1,"reg_iso_3166_2":"IT-21","opdm_id":"624","com_catasto_code":"F550","com_istat_code":"004137","com_istat_code_num":4137}},
{"type":"Feature","geometry":{"type":"Polygon","coordinates":[[[7.400424974674924,44.44091481981196],[7.398108086438958,44.43723624426042],[7.38891696761775,44.43299989268258],[7.380918860468696,44.425744955179916],[7.379022562572927,44.42356191307673],[7.378269301344014,44.420654654318014],[7.37833574523474,44.42057226382316],[7.378674452445789,44.4201366823767],[7.378723250952465,44.420073606825696],[7.378843557226915,44.41969719864751],[7.3788518226971505,44.41964889010613],[7.379014158752775,44.418695927138984],[7.379147258645702,44.4179144954146],[7.379086987390455,44.417837123560766],[7.377420628503221,44.417228288770055],[7.377128197285215,44.417160364745584],[7.377046200941937,44.417141934787146],[7.376551796076851,44.417089533913504],[7.376457660485367,44.41707956370644],[7.375768216699136,44.417024735579126],[7.375309999131811,44.417003017724674],[7.375241334998181,44.41699981168315],[7.37131468759156,44.418635996260015],[7.3708184244258,44.41884442895676],[7.369829276013331,44.41964991618198],[7.369287798898292,44.420102485508444],[7.368337438537234,44.42134810858268],[7.3427960036274875,44.426849834740175],[7.338822607040893,44.424253549074415],[7.338010924468624,44.42363855532174],[7.336835226016185,44.422126984949315],[7.336593802202178,44.42178135991217],[7.336430257850754,44.42134685665538],[7.336315411269593,44.42096707020901],[7.3327959304392865,44.425020962443845],[7.3296360282888795,44.42922404675767],[7.327100174264251,44.43091543794262],[7.325324231703549,44.431510582898056],[7.320520736770579,44.43233579852783],[7.3209717314188465,44.433616314355454],[7.321742098016601,44.43554970979346],[7.322038450238765,44.43580132698484],[7.322074143220594,44.43581394755477],[7.323092396128855,44.43616822867914],[7.324034013596039,44.43645662465027],[7.32610539572316,44.43708569173402],[7.3267837128408715,44.43728469066571],[7.327390544490803,44.43732059192642],[7.332279473870353,44.43724354861392],[7.3412748560635555,44.44157882934849],[7.344886546270249,44.443175188307585],[7.345350554201731,44.443375468923215],[7.3508245592502055,44.44365271583959],[7.353417038120463,44.44270883153851],[7.353504071435296,44.44261557673341],[7.35427879403856,44.441793981323706],[7.355530693298196,44.440506646828375],[7.358218181030107,44.43954150791464],[7.359426025733509,44.43948685283627],[7.360274108382487,44.439715101640914],[7.361062455757285,44.439964901800444],[7.362259957679247,44.44037379380516],[7.3657126130400705,44.44191769462724],[7.366746411104968,44.44299479465827],[7.367167273455584,44.44347795644749],[7.3673334907745165,44.44372791182574],[7.3675579649297855,44.44410023936359],[7.367841487424359,44.44472096841975],[7.368129594496643,44.445418306130684],[7.368245862448424,44.44575009769265],[7.368380310024997,44.446132944973776],[7.368576676302055,44.44665166270916],[7.368666068980269,44.446884392726176],[7.368763586719949,44.44710635173759],[7.368931520194024,44.44722928900111],[7.369357604392879,44.447366913165496],[7.369700198477158,44.44747533178702],[7.370348280431178,44.447543103118406],[7.372433748560783,44.447541337191254],[7.3783526061422275,44.44745636433744],[7.382206585375338,44.44545697196057],[7.389770141236551,44.44567148792871],[7.392431993706713,44.446159127083845],[7.398754772580875,44.44489679328425],[7.400208233815964,44.44226667836374],[7.400424974674924,44.44091481981196]]]},"properties":{"name":"Montemale di Cuneo","op_id":"756","minint_elettorale":"1010271380","minint_finloc":"1010271380","prov_name":"Cuneo","prov_istat_code":"004","prov_istat_code_num":4,"prov_acr":"CN","prov_iso_3166_2":"IT-CN","reg_name":"Piemonte","reg_istat_code":"01","reg_istat_code_num":1,"reg_iso_3166_2":"IT-21","opdm_id":"625","com_catasto_code":"F558","com_istat_code":"004138","com_istat_code_num":4138}},
{"type":"Feature","geometry":{"type":"Polygon","coordinates":[[[7.308247773639244,44.35607525104436],[7.305064374511806,44.357456813924124],[7.3026317664407685,44.35812231320388],[7.301311598935752,44.35828111994472],[7.294957589047489,44.356496105348576],[7.288239184607387,44.35553132444115],[7.287949800735555,44.355517989634905],[7.287516848462216,44.35580842433143],[7.287473121149228,44.355838796892776],[7.287422144493426,44.355874220250534],[7.287129138341021,44.35607798768128],[7.287097885315417,44.356099981897465],[7.286880469292889,44.356265157442145],[7.2863866291092965,44.356641544640816],[7.285836618230923,44.35709731268257],[7.285804283710966,44.35712442913135],[7.285343163157592,44.357756578652186],[7.28498198971387,44.35836302255351],[7.284864027971552,44.35889724249275],[7.284903715015075,44.35927143774139],[7.283767429844245,44.360568769310596],[7.281825355190177,44.362263597154154],[7.279020006662058,44.364077945687214],[7.2750182833340284,44.366027663913805],[7.271773371301875,44.36687887610957],[7.269296449955624,44.367512065163815],[7.268040120950417,44.367662587203206],[7.261841008215157,44.36619345169822],[7.260325187089455,44.365701232737486],[7.258630255318503,44.36502268561141],[7.258294933947442,44.36483752841886],[7.258016266078494,44.36458119832321],[7.257803014455803,44.36436637115798],[7.257102072281703,44.3631403010487],[7.251505056261763,44.36236153791913],[7.24109636217756,44.367917410714256],[7.23751073557085,44.376207528493566],[7.2350478423812525,44.379132328656524],[7.237275613950957,44.37966211364879],[7.253250493867839,44.38489512157116],[7.260364049399396,44.387759829389736],[7.264458570660731,44.390296609930445],[7.269281271215864,44.39343973563109],[7.278779250709633,44.39752648683326],[7.283088403393572,44.40088635478487],[7.290879688500333,44.408817158100014],[7.294948585051565,44.41494625875],[7.296100190943919,44.41724924766591],[7.296244698251565,44.41745935328747],[7.296585281930851,44.417842551368295],[7.298601453680352,44.41981692345484],[7.299147824344736,44.42030781704266],[7.299383076540262,44.42048658570544],[7.301543484449133,44.42186777650158],[7.301621574965208,44.421907917237725],[7.301803675215443,44.42199819446118],[7.3029348239886795,44.42254850814825],[7.307353713413826,44.42456332458097],[7.307864846843687,44.42500983650491],[7.313993469188045,44.42756271511817],[7.316151756323473,44.428076205492765],[7.3192960234257445,44.429517952261556],[7.319442199505108,44.429691150471385],[7.319783175926715,44.43017780797038],[7.320186648148973,44.430827433215704],[7.32031080155062,44.431153373675045],[7.320380484584683,44.43141997063724],[7.320520736770579,44.43233579852783],[7.325324231703549,44.431510582898056],[7.327100174264251,44.43091543794262],[7.3296360282888795,44.42922404675767],[7.3327959304392865,44.425020962443845],[7.336315411269593,44.42096707020901],[7.333787790165293,44.41585268758472],[7.333611023732059,44.41533245705984],[7.333551261091482,44.41515604082807],[7.334536529075325,44.41157382311285],[7.336372348489869,44.407333303923025],[7.336936783247606,44.40631636452615],[7.339542444725715,44.40229290886382],[7.340900506126426,44.40134036331598],[7.341630272914189,44.400887311123675],[7.343110660871781,44.3999973806381],[7.344691780009506,44.398541525037615],[7.346097211077221,44.39590156473567],[7.346944717602285,44.39421682221414],[7.349131507500074,44.38813110051306],[7.348613727694041,44.385197730549784],[7.347831685389898,44.38111717844921],[7.347743724606982,44.38082781733512],[7.34698358324212,44.37987601795371],[7.345832931820866,44.37848645233636],[7.344588160606199,44.37747359221977],[7.3431174651786515,44.376322422491356],[7.342739703140541,44.376100869309845],[7.342293009940794,44.37583330730926],[7.341513468333801,44.37511527534366],[7.341343394878399,44.37492083425046],[7.341036252996905,44.37456817380955],[7.340580631232672,44.37403873428327],[7.3404046923934665,44.37383428721],[7.340182293961997,44.373556464018186],[7.339996993595166,44.373090136432765],[7.339930059754779,44.372738054798766],[7.3399336596720355,44.37271073222246],[7.339987485394004,44.372302248660816],[7.340360307260408,44.371101291686486],[7.340811465680779,44.36984746796624],[7.3409151370455925,44.3695624931794],[7.340943162201269,44.36948927605046],[7.341065925520125,44.36917888438792],[7.333412446095288,44.36667730032353],[7.331971076117051,44.3647311382637],[7.330955452450765,44.360764089225576],[7.330726364274494,44.360371586267014],[7.330304174339647,44.35968755617758],[7.330127676286695,44.35946156425556],[7.330101569896547,44.35942821676195],[7.329965163786628,44.35931816256531],[7.3273425548000235,44.35771779245003],[7.325848443728633,44.35710172297019],[7.323743330178251,44.35635060956568],[7.322441436728819,44.355939874711794],[7.320110538789886,44.355450972143686],[7.319611122749393,44.355354633713894],[7.319544931314704,44.35534520419352],[7.3191648241693,44.35529749913527],[7.314231848902342,44.3552607913267],[7.308247773639244,44.35607525104436]]]},"properties":{"name":"Monterosso Grana","op_id":"757","minint_elettorale":"1010271390","minint_finloc":"1010271390","prov_name":"Cuneo","prov_istat_code":"004","prov_istat_code_num":4,"prov_acr":"CN","prov_iso_3166_2":"IT-CN","reg_name":"Piemonte","reg_istat_code":"01","reg_istat_code_num":1,"reg_iso_3166_2":"IT-21","opdm_id":"626","com_catasto_code":"F608","com_istat_code":"004139","com_istat_code_num":4139}},
{"type":"Feature","geometry":{"type":"MultiPolygon","coordinates":[[[[7.892151699336162,44.82381285493046],[7.897080686981,44.82405767875896],[7.898423633200517,44.82288826920669],[7.8927419238936025,44.82079659569907],[7.892151699336162,44.82381285493046]]],[[[7.864236229911824,44.82394862988921],[7.8652014333427225,44.82679471327552],[7.868278612464342,44.82858087984278],[7.870620835287657,44.82963480555915],[7.8713636561558875,44.82987878569387],[7.87229362454496,44.83009244992814],[7.875255438172821,44.82925745775546],[7.878291671734557,44.8276579347381],[7.882964587965877,44.82502038230038],[7.889157318707425,44.81931565843242],[7.893125858699552,44.81660657241315],[7.893286226626576,44.80747293968284],[7.897737929388621,44.79987315970759],[7.89814087748945,44.799319914903165],[7.89967105356525,44.79856052984888],[7.901622204775553,44.79856926472815],[7.906133286379259,44.79871510503733],[7.910200126063597,44.79745416956261],[7.924432196444437,44.791659438869445],[7.929440243081774,44.78932806447227],[7.931127077490643,44.78842925118991],[7.9316574223521705,44.78794815118655],[7.931966409968476,44.78762239821078],[7.932236140777405,44.78711179601277],[7.938573680517507,44.78433068465905],[7.944919597570541,44.781792368371356],[7.959318083414589,44.77923266692188],[7.961963116954895,44.77886981483582],[7.9677293279841495,44.78013738542078],[7.968033709493945,44.78021214828235],[7.969593650985268,44.78060433143123],[7.970442104929449,44.780913568814746],[7.974149732641577,44.782684352978194],[7.97419639548955,44.78276512720958],[7.974310648589624,44.782964872913404],[7.974550708897882,44.7834396284542],[7.976780348283967,44.78666892128297],[7.976957613663522,44.78676503313898],[7.978091275528415,44.7871937838848],[7.980960713400857,44.78820966802977],[7.983060492581231,44.78860646205334],[7.986195758410537,44.78900346857578],[7.988377749920443,44.78810905748489],[7.991988143667411,44.78498345647209],[7.9931707473471425,44.78342977793683],[7.993455859794107,44.783162215518466],[7.993455477592205,44.78288765589039],[7.993297139001375,44.782566682679494],[7.9928977182625545,44.781775460466456],[7.9925048229906945,44.78120035398145],[7.984822111378446,44.77690128724246],[7.979932668304752,44.77247365102943],[7.977462935695666,44.76798647772976],[7.972999255054369,44.763588365407976],[7.97124557759535,44.76275885286182],[7.961584695202877,44.7613300697287],[7.959818202869906,44.76121497292261],[7.95798980515502,44.76129238935142],[7.951351083335282,44.76214581320871],[7.9480819593813035,44.76262887198071],[7.946324906065313,44.76364342149308],[7.93821307140253,44.768920083377914],[7.918975220703053,44.77886255713808],[7.909253688447704,44.78362229910189],[7.9071109261751795,44.78451101067918],[7.894834481553554,44.787647158607854],[7.883929346504052,44.7901967398777],[7.881996517167184,44.79002479377678],[7.880785531879437,44.789909408965045],[7.87362996857631,44.78917000166608],[7.870591314914388,44.788660716173396],[7.86778538030978,44.7880498588087],[7.865745003202816,44.78755546727513],[7.8634545514349705,44.78759019088085],[7.852919679390256,44.7885166047337],[7.850046898834265,44.78885681643693],[7.853637765447669,44.790076271774836],[7.856450234107588,44.79127518773854],[7.861028506924411,44.796374977758006],[7.862153512793666,44.79843301732579],[7.858730761245104,44.802366167512844],[7.857013804580676,44.80399188074297],[7.856092194965282,44.804657811711714],[7.855773646561734,44.805059724665746],[7.855718252523828,44.805423748710744],[7.855710799360893,44.805720759881304],[7.856221552040072,44.809227691560324],[7.858508888108583,44.81631726023455],[7.859856625117192,44.819085381201695],[7.86062856275803,44.819092415333955],[7.861383891192394,44.81936617673714],[7.862128536065815,44.819990259749495],[7.862590946955526,44.820494474116906],[7.862947035034309,44.82120018723888],[7.86376434135743,44.822854561178524],[7.864236229911824,44.82394862988921]]]]},"properties":{"name":"Monteu Roero","op_id":"758","minint_elettorale":"1010271400","minint_finloc":"1010271400","prov_name":"Cuneo","prov_istat_code":"004","prov_istat_code_num":4,"prov_acr":"CN","prov_iso_3166_2":"IT-CN","reg_name":"Piemonte","reg_istat_code":"01","reg_istat_code_num":1,"reg_iso_3166_2":"IT-21","opdm_id":"627","com_catasto_code":"F654","com_istat_code":"004140","com_istat_code_num":4140}},
{"type":"Feature","geometry":{"type":"Polygon","coordinates":[[[8.116515174645182,44.39955654478752],[8.11802373594758,44.40006067086089],[8.118415113422438,44.400116099849065],[8.11924487715981,44.39988103238936],[8.123349151515908,44.39841797427455],[8.127083018071751,44.39626807354897],[8.128798741403273,44.39412171221987],[8.13235002454231,44.39396297919466],[8.145579137988923,44.39355405749399],[8.148142889463573,44.39534226199809],[8.149519229390407,44.384792023943334],[8.150360446878002,44.375323010857684],[8.145848346430713,44.37316919440199],[8.142786548220034,44.37225964204509],[8.142104014585156,44.371999717514846],[8.141713060618939,44.371846293321944],[8.140832599730057,44.37120947263132],[8.140925220368107,44.36916651999906],[8.141248103463566,44.36844872760437],[8.141482745855646,44.36807199238895],[8.126378430239857,44.36206998981064],[8.125796042880824,44.363177386084814],[8.12362381663508,44.365992124302274],[8.120777460720342,44.36692455335461],[8.118961299040434,44.37209618824193],[8.118922775306142,44.374927266921816],[8.121806577748124,44.38164758794454],[8.123213285464796,44.39040910923218],[8.122921655504852,44.39119912604435],[8.122459721008664,44.39191579181429],[8.121262099292192,44.39373246289841],[8.116515174645182,44.39955654478752]]]},"properties":{"name":"Montezemolo","op_id":"759","minint_elettorale":"1010271410","minint_finloc":"1010271410","prov_name":"Cuneo","prov_istat_code":"004","prov_istat_code_num":4,"prov_acr":"CN","prov_iso_3166_2":"IT-CN","reg_name":"Piemonte","reg_istat_code":"01","reg_istat_code_num":1,"reg_iso_3166_2":"IT-21","opdm_id":"628","com_catasto_code":"F666","com_istat_code":"004141","com_istat_code_num":4141}},
{"type":"Feature","geometry":{"type":"Polygon","coordinates":[[[7.968574725668749,44.719537456649455],[7.969145858393785,44.71730554443228],[7.973818309755068,44.7091735292141],[7.9790434073161505,44.700672672512425],[7.984651686616809,44.69213896654383],[7.985943081465888,44.690660563293115],[7.969118075007294,44.69062243796605],[7.969153192126963,44.690775796647614],[7.96906117410473,44.691253771117246],[7.9690519800417094,44.69130151155262],[7.96795916538335,44.6954260667777],[7.967016105401073,44.69852505669919],[7.960518523514076,44.70962157433378],[7.957872113552777,44.71073001811187],[7.955374006189381,44.71143242337729],[7.952057536429224,44.712324784231384],[7.943815476395118,44.71241539003836],[7.933452371859552,44.710014469320576],[7.916547960456115,44.705034619568416],[7.916292431833335,44.704775629009454],[7.915915985294985,44.704546825495484],[7.915448377135105,44.70430398629872],[7.91308685287459,44.70357135777259],[7.910017128109115,44.702969441321564],[7.909205856764425,44.70302471155927],[7.9081430642860395,44.703262123766514],[7.907486265914056,44.70347188284978],[7.907373895370612,44.70352462394381],[7.907044517998488,44.70367921790618],[7.906427197167955,44.704118921903614],[7.905902532532594,44.7044964954757],[7.905149299596526,44.70521846774103],[7.9049213914545335,44.70558986654018],[7.906759761993996,44.7089158387833],[7.910002278692972,44.710400693821036],[7.9149584038862235,44.716551458143144],[7.922111137977718,44.72441244979961],[7.9263609013168805,44.727007345888936],[7.928311611341704,44.7282004848202],[7.9305083661989615,44.72565992419959],[7.931022276669788,44.72516060479143],[7.931644368974752,44.72485134532617],[7.9329048784729945,44.72435000192099],[7.933500706631486,44.72425112466296],[7.93413745290182,44.72414545584925],[7.936335441569692,44.72388238694687],[7.936777878023697,44.723877490390244],[7.936909959364023,44.72394413651914],[7.9371126282192055,44.72404718603708],[7.937937515510954,44.72449147009938],[7.938055655399867,44.72480764998393],[7.941471472941441,44.726446267911285],[7.9456152235205195,44.72652060974152],[7.9546533870512475,44.72501930650737],[7.96708684717111,44.72241824026071],[7.9683475868619205,44.721463215559325],[7.968574725668749,44.719537456649455]]]},"properties":{"name":"Monticello d'Alba","op_id":"760","minint_elettorale":"1010271420","minint_finloc":"1010271420","prov_name":"Cuneo","prov_istat_code":"004","prov_istat_code_num":4,"prov_acr":"CN","prov_iso_3166_2":"IT-CN","reg_name":"Piemonte","reg_istat_code":"01","reg_istat_code_num":1,"reg_iso_3166_2":"IT-21","opdm_id":"629","com_catasto_code":"F669","com_istat_code":"004142","com_istat_code_num":4142}},
{"type":"Feature","geometry":{"type":"Polygon","coordinates":[[[7.499309291592494,44.76811379592216],[7.502623734250873,44.7668294873085],[7.50795551581291,44.77080820273558],[7.509376069384514,44.77554981173933],[7.507989709326556,44.77695425223266],[7.513829469873889,44.78273872919458],[7.513994310006914,44.782872937523976],[7.51420534734645,44.783044731582066],[7.514298551383486,44.78308016099475],[7.514583311350907,44.78318600351741],[7.514662341556465,44.78321194982361],[7.5154940415429365,44.783396823491714],[7.515550573554153,44.78340749694279],[7.51589632545659,44.78347098226491],[7.516200229138011,44.783525461517044],[7.516608418043346,44.783598578236926],[7.519206860348461,44.784028394247336],[7.5198877982023955,44.78412275253671],[7.520416538856379,44.78416111311631],[7.521009708149017,44.78407427532461],[7.521780073904751,44.783931205035714],[7.522260770935813,44.78376187631044],[7.522550242736603,44.783594589587764],[7.523134708581566,44.783228552294865],[7.524534740074829,44.78218439373413],[7.524544282373602,44.782103506740576],[7.5306510243705596,44.78175913653578],[7.53327159769835,44.785042616520286],[7.532908536809607,44.78986313602112],[7.534445408510591,44.79390911564405],[7.544010143313923,44.79647832359275],[7.549362689686153,44.79646369254565],[7.554143568146288,44.79524720910488],[7.555020590715525,44.79285923720737],[7.556821202910897,44.7883629255497],[7.558036446282588,44.77760268201358],[7.559355775876426,44.774198503836885],[7.560219032464799,44.77326415332224],[7.561154134386981,44.772983383346975],[7.566421222608877,44.772320451338544],[7.570298304077501,44.771374322494026],[7.577030601270824,44.76555713850049],[7.577844387992729,44.763159553461236],[7.576832194229717,44.759852126688],[7.568138554377905,44.751726934150504],[7.556203128666821,44.74657585639959],[7.547805948120865,44.74257145365463],[7.537710723374853,44.736154555740704],[7.5373319591217385,44.73494339616779],[7.537505039007903,44.73435597410572],[7.533913348041932,44.73644346520408],[7.52872946821977,44.742358780694225],[7.527925152738082,44.74241592954058],[7.52695056716368,44.742524893641374],[7.526781223216842,44.74256730084842],[7.526416956025667,44.742662054224205],[7.522148878278051,44.74412825925587],[7.51633350349639,44.746204567402735],[7.511289119824049,44.74962259454259],[7.503313093650992,44.75532476167035],[7.500099110338942,44.75838292823562],[7.500912967063414,44.758849097346825],[7.503026213582328,44.76080329182785],[7.5035358858012975,44.761647176192724],[7.499857268487166,44.767002077251234],[7.499309291592494,44.76811379592216]]]},"properties":{"name":"Moretta","op_id":"761","minint_elettorale":"1010271430","minint_finloc":"1010271430","prov_name":"Cuneo","prov_istat_code":"004","prov_istat_code_num":4,"prov_acr":"CN","prov_iso_3166_2":"IT-CN","reg_name":"Piemonte","reg_istat_code":"01","reg_istat_code_num":1,"reg_iso_3166_2":"IT-21","opdm_id":"630","com_catasto_code":"F723","com_istat_code":"004143","com_istat_code_num":4143}},
{"type":"Feature","geometry":{"type":"Polygon","coordinates":[[[7.646995110593973,44.390580880849036],[7.640499962715447,44.38824399257861],[7.640671630416579,44.3900156091435],[7.640677758208182,44.39073083120753],[7.640557642578351,44.39154921471342],[7.640542880324153,44.39158877298635],[7.6404589313961235,44.39181361778161],[7.640181112355524,44.39232346340433],[7.639839051738364,44.39271718453432],[7.639808069344159,44.39275130717194],[7.639011397820529,44.393223308724785],[7.638741733606517,44.393278614925656],[7.635540582969399,44.39690001015935],[7.6351903907572165,44.398727864880044],[7.635940462244631,44.40019975404416],[7.637507860045143,44.403008663664316],[7.637708577518912,44.40336731304011],[7.639071245276145,44.405562223510564],[7.640379730345419,44.40750890819249],[7.650804294056664,44.421784838747804],[7.651045378259043,44.42210728387846],[7.65172811384464,44.42297511073125],[7.652898173878244,44.42388918638219],[7.653371669240113,44.42417836022143],[7.655902966486448,44.4255675829066],[7.668322123178382,44.43302711165493],[7.672099206582053,44.43534493923684],[7.676914674033999,44.43983464732667],[7.677466841499083,44.44063328898757],[7.6802514812096625,44.44244354407962],[7.684015378625214,44.44522826750725],[7.688167324006737,44.448381964163154],[7.6933501336191945,44.4523530383619],[7.6946118191091095,44.453371276899766],[7.708129910547642,44.46315337320041],[7.709284252180763,44.464089174845284],[7.709294438790575,44.46551622234772],[7.7092565893078095,44.46619999005678],[7.709255459856459,44.466978436638044],[7.713890118966955,44.46767919473125],[7.714576858175736,44.46776794127012],[7.719710335745677,44.46766808165085],[7.721458394131149,44.46685040048394],[7.723228195564657,44.465609838831774],[7.7245883539423925,44.46387401383148],[7.7288281519014195,44.46199921430756],[7.723714324499187,44.45794049829839],[7.715848525055161,44.45189706461225],[7.710839150491153,44.44805949158659],[7.71185640198419,44.43915385903752],[7.7119979686658,44.437935542041814],[7.712085696640905,44.43744589133144],[7.712651399169604,44.434994531151],[7.713080984270517,44.434553733784924],[7.719613142057275,44.43216041742876],[7.724791226332659,44.430804934265424],[7.730276908928625,44.42532937380486],[7.728619115816511,44.423640933420685],[7.726441533048102,44.42145592909068],[7.725436543113255,44.42045899951965],[7.724997812488148,44.420028718322236],[7.724450100690759,44.42027692757424],[7.723596988145982,44.420334915047825],[7.722733987257646,44.42028925700286],[7.722377655710986,44.42026940465705],[7.721824352284026,44.4202385736138],[7.721268430171492,44.42015133505999],[7.7210066405042355,44.42009694172469],[7.720695937800798,44.420032380388314],[7.715876396125518,44.41787164461938],[7.713845035826751,44.4164558993561],[7.707519759406218,44.41191659641759],[7.705528777254221,44.41066967442478],[7.703914599880771,44.41179471877817],[7.701661184533028,44.412530428808935],[7.699830394510196,44.41304404211366],[7.687888802219293,44.415928519118204],[7.673059438858995,44.41711283667412],[7.661179261538366,44.41451118547217],[7.659572164499679,44.41322742672551],[7.647877171887094,44.397177221366135],[7.646995110593973,44.390580880849036]]]},"properties":{"name":"Morozzo","op_id":"762","minint_elettorale":"1010271440","minint_finloc":"1010271440","prov_name":"Cuneo","prov_istat_code":"004","prov_istat_code_num":4,"prov_acr":"CN","prov_iso_3166_2":"IT-CN","reg_name":"Piemonte","reg_istat_code":"01","reg_istat_code_num":1,"reg_iso_3166_2":"IT-21","opdm_id":"631","com_catasto_code":"F743","com_istat_code":"004144","com_istat_code_num":4144}},
{"type":"Feature","geometry":{"type":"Polygon","coordinates":[[[7.9698611616840624,44.48252313540055],[7.976781403933934,44.48641146680889],[7.984265087104423,44.49477417442339],[7.984257351874893,44.495219739236546],[7.984406974590132,44.49570270704646],[7.984701648465749,44.49595740534678],[7.985009410539841,44.496207716948255],[7.985455037787039,44.49650875924915],[7.985674761821613,44.496637200646326],[7.986806174277244,44.496997895189686],[7.991985640421197,44.49841213069897],[7.993416528808081,44.49871366745836],[7.993475495634987,44.498726061717015],[7.9940543445186645,44.49875896391601],[7.994369150553239,44.49873922421766],[7.995719081133041,44.497058192920015],[7.999370149353298,44.49257518836895],[8.002978572095914,44.49208525089722],[8.013152987051578,44.49402818444933],[8.01696872844235,44.495172921298156],[8.022876638911157,44.497483250542345],[8.031700027104586,44.498134453367335],[8.034049581985894,44.497150789461365],[8.038839636615807,44.499018629766795],[8.039072514906838,44.499143406902846],[8.03934881015963,44.499297503241394],[8.03956051981597,44.49947442137824],[8.03984151066807,44.499712002884316],[8.040052844664988,44.49989214080348],[8.040595951098197,44.50069438370969],[8.040613680247917,44.501171672671425],[8.040556136705879,44.501485890981456],[8.04050148267657,44.50175589429455],[8.040391766162065,44.502214117828125],[8.039977855158298,44.503889619258125],[8.051751851804887,44.50428956849623],[8.052614700033073,44.5019380569606],[8.052636164108232,44.501389077072176],[8.052348758351355,44.501076096121324],[8.051605176985326,44.50041272255498],[8.051040361271236,44.50033601647322],[8.049994522938347,44.50034983111663],[8.049273506271255,44.50048389423347],[8.049165331037171,44.5005049746444],[8.048655419373464,44.500725793757915],[8.045362309547675,44.49769955262387],[8.0465602212853,44.488545763389155],[8.04878893724039,44.484027009440325],[8.051016604031178,44.47974677911654],[8.051914726521332,44.4771119510876],[8.049308026218418,44.47546531613927],[8.043209513203319,44.468464309661606],[8.0471533428133,44.460993559285434],[8.049399410532223,44.45666847320297],[8.053870878907132,44.452177258973194],[8.054551271573992,44.45157078972711],[8.054579781106515,44.451548334249225],[8.054854439929203,44.451333656072606],[8.055234607067284,44.45110084251037],[8.061556294189387,44.44750974089609],[8.058502057198378,44.44572007668384],[8.05384532744613,44.441963484592684],[8.053571366321478,44.44177034394911],[8.053242690227115,44.44153986738186],[8.04820558107831,44.43991800729336],[8.03777160152005,44.446094664188465],[8.031550157447226,44.447290766200084],[8.027255907105785,44.4465385630705],[8.019965000632116,44.454421099891455],[8.020512029303944,44.45438076445187],[8.021851054498384,44.454378744414655],[8.022555042441097,44.454465805462505],[8.02411953767569,44.454722247212366],[8.028097459499381,44.45544488388877],[8.029020889997144,44.45565979114234],[8.03013048313402,44.4570151221272],[8.030091124499208,44.457874555001354],[8.02947907935656,44.458778614370054],[8.02593530168205,44.46360988966547],[8.024024472547772,44.46486297309276],[8.018659519483316,44.46684260028371],[8.017520294859134,44.4672109218867],[8.008382494479985,44.468050224090724],[8.007885892621099,44.46800540249255],[8.007200974146606,44.46782838770521],[8.003398652059987,44.466499626967696],[8.00233972849871,44.465787425774124],[7.999233417962952,44.46355458630254],[7.997236120809428,44.46261878948479],[7.994159734995745,44.46230365608689],[7.988084493618085,44.461957746423636],[7.984209519961839,44.462692731171565],[7.981039219706142,44.463173146797565],[7.979057941455488,44.46318662372769],[7.977292108249122,44.4631621630993],[7.975954923723913,44.46248397224959],[7.974436825561929,44.461484558930806],[7.97375050300484,44.460569129494296],[7.972715830170977,44.45926792884747],[7.9724823266994385,44.45905427796851],[7.972033371382106,44.458672121300324],[7.971698822007772,44.45857457885636],[7.966977918694017,44.461030214644495],[7.965595068794309,44.46190446811244],[7.965012043645197,44.46290747668698],[7.964654324316632,44.46354342485905],[7.963699579419108,44.46629724234787],[7.963637038201853,44.46691459961124],[7.963610618030884,44.467180042446536],[7.958832167729857,44.47263720912216],[7.956087814223225,44.47475031365535],[7.956101780412038,44.47489448587059],[7.956263875898304,44.47532360597254],[7.956970575040385,44.47647329073228],[7.9584318448656255,44.478640181294914],[7.959468831748706,44.4795750796201],[7.961427652541008,44.48008241100111],[7.962974826448509,44.480124638002664],[7.9641798441716265,44.48006803695743],[7.965587223688188,44.47990075104254],[7.9698611616840624,44.48252313540055]]]},"properties":{"name":"Murazzano","op_id":"763","minint_elettorale":"1010271450","minint_finloc":"1010271450","prov_name":"Cuneo","prov_istat_code":"004","prov_istat_code_num":4,"prov_acr":"CN","prov_iso_3166_2":"IT-CN","reg_name":"Piemonte","reg_istat_code":"01","reg_istat_code_num":1,"reg_iso_3166_2":"IT-21","opdm_id":"632","com_catasto_code":"F809","com_istat_code":"004145","com_istat_code_num":4145}},
{"type":"Feature","geometry":{"type":"Polygon","coordinates":[[[7.623519027677751,44.75806142157196],[7.622756748690374,44.754509890415925],[7.623099042479313,44.75120120027873],[7.625282327850584,44.74521851247736],[7.626020059268596,44.7381066179519],[7.626061020751516,44.736027592150776],[7.62600755865393,44.734118482547686],[7.62395642534031,44.728994012543914],[7.6174825265129025,44.7275541403768],[7.61826635828176,44.726152579330154],[7.6159903495198,44.72427050051466],[7.613900535614131,44.72268325528581],[7.613324713056181,44.72237469646717],[7.613120046021812,44.72233620325786],[7.612862620653746,44.72229255140955],[7.612633308833321,44.72226277467894],[7.612546693456027,44.722270718298766],[7.61196006625335,44.72257867237304],[7.608644136352435,44.72448218556835],[7.604766633003623,44.72947225185802],[7.602491045354163,44.73070473124139],[7.601850004902684,44.73075989914824],[7.601170612205218,44.73052202349621],[7.601066296558719,44.73046222861977],[7.599644905526017,44.72962459217237],[7.599381850413875,44.72946942454098],[7.595990398436958,44.73246595279765],[7.590619322262811,44.73841778236716],[7.589503598748281,44.74076707600095],[7.5892083096513785,44.74143409542967],[7.589132769122129,44.74166723556938],[7.58903902086311,44.74201716444487],[7.588288216134165,44.74577982179986],[7.588377715122436,44.74878746651206],[7.584782172138526,44.75583692516905],[7.582985236806971,44.75760158040068],[7.579296964202573,44.761377179870045],[7.578491909160769,44.76224488684045],[7.577844387992729,44.763159553461236],[7.577030601270824,44.76555713850049],[7.578160015612312,44.765760600261785],[7.578779247963967,44.765903338949165],[7.579815176169231,44.76623580701721],[7.580754414046379,44.76659857094284],[7.581364410656596,44.76692573091741],[7.581604281833863,44.76711325827402],[7.581668419447728,44.767429137084086],[7.581741052474498,44.76875335550101],[7.5799692658501705,44.77362852521059],[7.58649820821083,44.7791243481919],[7.5916081046534005,44.78017773137883],[7.600378242584761,44.780362081703785],[7.614915111646578,44.78395569205629],[7.619323256973552,44.78360401634133],[7.623519027677751,44.75806142157196]]]},"properties":{"name":"Murello","op_id":"764","minint_elettorale":"1010271460","minint_finloc":"1010271460","prov_name":"Cuneo","prov_istat_code":"004","prov_istat_code_num":4,"prov_acr":"CN","prov_iso_3166_2":"IT-CN","reg_name":"Piemonte","reg_istat_code":"01","reg_istat_code_num":1,"reg_iso_3166_2":"IT-21","opdm_id":"633","com_catasto_code":"F811","com_istat_code":"004146","com_istat_code_num":4146}},
{"type":"Feature","geometry":{"type":"Polygon","coordinates":[[[7.9220633566226955,44.61917721441818],[7.919005053068251,44.60763911972432],[7.912231659519796,44.60361323700798],[7.908152479498103,44.601382218783996],[7.903131706958722,44.59873238602119],[7.901574496404224,44.59793419418745],[7.899873534622936,44.59713527507983],[7.899245657077651,44.596840486289324],[7.89882816347141,44.59670141063074],[7.898109320236752,44.5964960509675],[7.8972035189362435,44.59626711606055],[7.895941913122254,44.59604179532809],[7.895846503178589,44.59602019764139],[7.895134444961875,44.595851129960266],[7.895100423232451,44.59571053401165],[7.8950033535649995,44.595239013069516],[7.894984670245934,44.59514745198879],[7.89496940051295,44.59502316638632],[7.8948439563735615,44.593980227760646],[7.894853945647974,44.589229616486655],[7.8950521903437485,44.58824764777251],[7.895511129373199,44.58679819304867],[7.8963593001076955,44.58414616019152],[7.896919019190212,44.582733486680546],[7.9003130300686095,44.57516790529067],[7.900780343488925,44.57414198513126],[7.897010965311314,44.57524446469084],[7.895256982169259,44.5755425815651],[7.89345179511535,44.57581141482371],[7.882813620140681,44.57380559940635],[7.880871793195169,44.573368203486396],[7.880941709405174,44.57322398049553],[7.872153617934855,44.56904771385508],[7.862650041908132,44.57118936151635],[7.85648557002316,44.570065508289986],[7.8502535386497705,44.569722657205546],[7.850174192243503,44.56972058625633],[7.8500081217466855,44.56971702798702],[7.849821750527091,44.569809532280736],[7.849411855570767,44.5703185455978],[7.848883970084646,44.571042433544406],[7.846482527757183,44.57436264969873],[7.842752012177752,44.57936628383128],[7.841906425948716,44.58046052742794],[7.841575287338373,44.58087200233604],[7.841523991563357,44.580871603513195],[7.8397518184358255,44.58071952694573],[7.837955086629906,44.58056442178564],[7.8273632041581145,44.58024116276801],[7.82422428977932,44.583809448105235],[7.822348373879501,44.58633717911248],[7.824382660574209,44.58771144248579],[7.831235970186091,44.592775235815864],[7.839740298364674,44.59906016626645],[7.845536338655602,44.60276040263849],[7.84824117979497,44.603769469340136],[7.8495009914331,44.604119750630616],[7.850461976852487,44.60396690472303],[7.859935188926018,44.61081820261613],[7.859520516804967,44.614518574636804],[7.8593388240739,44.61655876570257],[7.859123199937549,44.61897982331262],[7.858938000888801,44.621301856251605],[7.8588438292768705,44.622483474527236],[7.864086482014237,44.624057162033054],[7.8680193116747965,44.624285268410894],[7.870014393808251,44.62427351772043],[7.8766856354386094,44.62405933158416],[7.878124748291812,44.62324167842187],[7.883668496651536,44.618034072159475],[7.883913876527153,44.616654754987934],[7.885691162245439,44.61379119433001],[7.885851620208928,44.61365149969484],[7.886084864912092,44.6134484376485],[7.886853116647805,44.61287977243647],[7.888497089924648,44.61227912387292],[7.8917907402396725,44.61132985613324],[7.892142207570792,44.61127926654171],[7.893638841419974,44.61145129565154],[7.894151676598929,44.611564311111174],[7.901264044597438,44.61432018130468],[7.901348998473948,44.6143567755284],[7.901774177448746,44.614545649881435],[7.9034105053890915,44.6164131306935],[7.904381247584393,44.61787008753137],[7.904582020140176,44.62179715679141],[7.906409379758604,44.62291608798796],[7.906893974823625,44.62313257440766],[7.907686874759897,44.623257181225355],[7.9086083394212885,44.62328822039045],[7.909717313702113,44.623313603723034],[7.911974024858383,44.62328433037749],[7.912884093271053,44.62314124594865],[7.914812287203892,44.622785236123164],[7.915485969409479,44.62265285608927],[7.915907645610387,44.62249482027383],[7.916558641189417,44.622248928358665],[7.917134062064966,44.6220028022532],[7.9220633566226955,44.61917721441818]]]},"properties":{"name":"Narzole","op_id":"765","minint_elettorale":"1010271470","minint_finloc":"1010271470","prov_name":"Cuneo","prov_istat_code":"004","prov_istat_code_num":4,"prov_acr":"CN","prov_iso_3166_2":"IT-CN","reg_name":"Piemonte","reg_istat_code":"01","reg_istat_code_num":1,"reg_iso_3166_2":"IT-21","opdm_id":"634","com_catasto_code":"F846","com_istat_code":"004147","com_istat_code_num":4147}},
{"type":"Feature","geometry":{"type":"Polygon","coordinates":[[[8.088928670194116,44.70650398700361],[8.089687468312077,44.70736975526246],[8.08992423735588,44.70764172447047],[8.090173930404246,44.70794528195179],[8.090591020683561,44.708668798690155],[8.090659720510962,44.70884787994668],[8.090822513592197,44.709278297688904],[8.091268154271912,44.71068652276231],[8.091263463084912,44.71071894798489],[8.09118371057736,44.71120767593251],[8.090979449054753,44.71157963327883],[8.090365189869612,44.712061776660974],[8.089184427605844,44.713311785039664],[8.087874562507446,44.71665468981946],[8.087870081050031,44.71670085414919],[8.08783912636305,44.71705050171192],[8.08842379548824,44.71921572949403],[8.088760688687138,44.72027618713131],[8.089873980891474,44.72280569031025],[8.090444263186233,44.72353042294724],[8.091965231110414,44.7248600479027],[8.092844667622451,44.72718644181686],[8.093208284661044,44.72821109050892],[8.093459704785598,44.72972546235094],[8.093713596210623,44.73125786924412],[8.093776143833033,44.734733230038884],[8.093727217723595,44.73556555137571],[8.093511944539221,44.73673864267079],[8.093318914945117,44.737371774615845],[8.092434693428892,44.73942176057425],[8.091854885391049,44.74022734802072],[8.091134707790758,44.74009108941423],[8.090554239793468,44.73987942368409],[8.090315091862834,44.73972447576445],[8.086632821066347,44.7371924474154],[8.085248907931298,44.73619670076167],[8.083976763978544,44.73514513796793],[8.08433205811454,44.73897447310317],[8.081036399671016,44.74250388529577],[8.079476542860712,44.74433678820124],[8.076190232056579,44.74885296249298],[8.07506155366193,44.751093313905955],[8.077819725616832,44.750922066112835],[8.08350153499804,44.74973360285761],[8.092429005078738,44.75270002432259],[8.09756833683996,44.756961634048366],[8.099040424772824,44.7560506107388],[8.10527278761653,44.752597868811634],[8.112894284372038,44.748439092480716],[8.115448348192425,44.74774375665692],[8.115540682436757,44.747804620784265],[8.11567873738419,44.747907281050445],[8.115965838401834,44.74812151743243],[8.116484922095959,44.74862066546637],[8.116935652177228,44.749321970537686],[8.117628782829973,44.75052554672275],[8.124446573954726,44.74960116020772],[8.131883391307056,44.74695001045343],[8.13400416736407,44.745740052577354],[8.1355387056092,44.7439827428916],[8.1362959874554,44.74227115641358],[8.137662757553477,44.738196849404225],[8.136543445927666,44.73792733142804],[8.135866501632748,44.737611627045546],[8.135766311230515,44.73750284899625],[8.135537138966686,44.73725354401933],[8.135536598056445,44.73686644594052],[8.136039863586722,44.73342134819481],[8.136304557700802,44.73273928610657],[8.1367830386877,44.73204742184002],[8.137161962356721,44.73168893240092],[8.137445888696675,44.73143901172172],[8.138457823148384,44.7307794364859],[8.143791182497926,44.72568252733656],[8.145452955117278,44.72366175090096],[8.146431044362243,44.722408730675944],[8.14756714262,44.72094532414846],[8.149315487967138,44.71840540357628],[8.15020241612578,44.71700945684402],[8.152229928782603,44.713153539122196],[8.152276806108315,44.713053622315066],[8.152500546903495,44.71257665393672],[8.15288430110424,44.711758535356125],[8.152974178970254,44.711412609790834],[8.152963752352724,44.71133644080308],[8.152931221271995,44.71113772510211],[8.152562174086452,44.71033828159001],[8.152186031401172,44.70961981447998],[8.152067297807367,44.70940287144107],[8.151834580111302,44.70910407298861],[8.151398024913101,44.7089900583239],[8.151228573528812,44.708946533779766],[8.150659828116323,44.7089647959108],[8.146691114382678,44.70668652274134],[8.142095980889493,44.70236461684599],[8.141841180286967,44.69961748176061],[8.138419454582175,44.69844844486305],[8.138107865998734,44.698873699172694],[8.137390488607146,44.69958396019846],[8.137200424678708,44.69976908902885],[8.13700899222548,44.69995423960362],[8.136952918207092,44.69999884490131],[8.136400864139635,44.70043170781256],[8.135172995277438,44.70129627410898],[8.134511775089422,44.701178093122856],[8.132330458039128,44.700729419828384],[8.123504181193304,44.70686013330599],[8.117057481586286,44.71204981632544],[8.114885795844225,44.71169386601074],[8.114699014765232,44.711662453801715],[8.11400511945584,44.71129354050245],[8.109101393874392,44.70868014284716],[8.104043071587384,44.707573346877524],[8.104913548069844,44.70862892364044],[8.104709164301937,44.70874628700101],[8.104484915967172,44.70887312766479],[8.10396997667064,44.70916166119062],[8.103679899915301,44.70927190370127],[8.103155220098888,44.709321804070946],[8.10168701981349,44.709413779071554],[8.100704805124765,44.70943305838508],[8.100161374863797,44.70941978162068],[8.096941524767571,44.70922797527579],[8.09596077626262,44.709008502213145],[8.088928670194116,44.70650398700361]]]},"properties":{"name":"Neive","op_id":"766","minint_elettorale":"1010271480","minint_finloc":"1010271480","prov_name":"Cuneo","prov_istat_code":"004","prov_istat_code_num":4,"prov_acr":"CN","prov_iso_3166_2":"IT-CN","reg_name":"Piemonte","reg_istat_code":"01","reg_istat_code_num":1,"reg_iso_3166_2":"IT-21","opdm_id":"635","com_catasto_code":"F863","com_istat_code":"004148","com_istat_code_num":4148}},
{"type":"Feature","geometry":{"type":"Polygon","coordinates":[[[8.138419454582175,44.69844844486305],[8.13830554859195,44.69844309415306],[8.136872460793626,44.69831973384577],[8.136025722394052,44.69823231941856],[8.135078980337987,44.69810811558137],[8.132055917714807,44.69745950982494],[8.131589504358828,44.696074101893245],[8.132532316466508,44.69363264951275],[8.133006760279526,44.69289354451431],[8.133368976719208,44.6924326827954],[8.133788446587157,44.69196773676679],[8.134304922023986,44.67619955672483],[8.129027481560337,44.670330397765355],[8.123473315908226,44.67428945427949],[8.109421791293135,44.68586579773055],[8.100472677322164,44.693677190385955],[8.099015827285923,44.69583979626835],[8.098470060415345,44.69972449090091],[8.104043071587384,44.707573346877524],[8.109101393874392,44.70868014284716],[8.11400511945584,44.71129354050245],[8.114699014765232,44.711662453801715],[8.114885795844225,44.71169386601074],[8.117057481586286,44.71204981632544],[8.123504181193304,44.70686013330599],[8.132330458039128,44.700729419828384],[8.134511775089422,44.701178093122856],[8.135172995277438,44.70129627410898],[8.136400864139635,44.70043170781256],[8.136952918207092,44.69999884490131],[8.13700899222548,44.69995423960362],[8.137200424678708,44.69976908902885],[8.137390488607146,44.69958396019846],[8.138107865998734,44.698873699172694],[8.138419454582175,44.69844844486305]]]},"properties":{"name":"Neviglie","op_id":"767","minint_elettorale":"1010271490","minint_finloc":"1010271490","prov_name":"Cuneo","prov_istat_code":"004","prov_istat_code_num":4,"prov_acr":"CN","prov_iso_3166_2":"IT-CN","reg_name":"Piemonte","reg_istat_code":"01","reg_istat_code_num":1,"reg_iso_3166_2":"IT-21","opdm_id":"636","com_catasto_code":"F883","com_istat_code":"004149","com_istat_code_num":4149}},
{"type":"Feature","geometry":{"type":"Polygon","coordinates":[[[8.054100992725482,44.50524534117203],[8.05405819895879,44.50587516128464],[8.054101559788771,44.50608708894198],[8.054234818976155,44.50652482730524],[8.054431624605213,44.50685054997],[8.055738616221282,44.50900398600724],[8.05850633538204,44.51142603571156],[8.05855992773744,44.51145178493026],[8.059078282820469,44.51170081971514],[8.059469688560942,44.511861855279875],[8.072575669972572,44.526971597580356],[8.074317731982834,44.529263380471185],[8.07699023856478,44.532841028168576],[8.078001121888192,44.53542843934056],[8.077470840907942,44.53682854018655],[8.079606910984577,44.53691025635602],[8.086543180363378,44.53579415572032],[8.102661139936114,44.53284306316828],[8.103544614239402,44.532503397654494],[8.10573059343834,44.53155276337486],[8.106322874114982,44.531246804574394],[8.10676993101359,44.53097121712843],[8.103860242720623,44.52820712976183],[8.106017405943039,44.522754977755824],[8.098363364793176,44.511585597106425],[8.092582485468187,44.503486966006086],[8.091037935711496,44.50123753053026],[8.089650542051805,44.498746263171206],[8.079135960924356,44.4963527793601],[8.077960296016752,44.49750014092832],[8.077701651643636,44.49765108220055],[8.07703428719055,44.49801930739621],[8.076528726148366,44.49822229078013],[8.076064948506442,44.49839408160055],[8.072968899575134,44.498949659526154],[8.071320305502342,44.49909831260805],[8.068287646359604,44.4993482088748],[8.064538351815305,44.49930404633457],[8.063966221743158,44.49911529849748],[8.063199023462683,44.49889245984753],[8.062261680150835,44.498907280354885],[8.061110473364256,44.498947326196955],[8.060355351281425,44.499022148268416],[8.05505692949825,44.49970762912102],[8.054779669126589,44.49988539585726],[8.054685242905725,44.500037661029545],[8.05452467002333,44.50121567935442],[8.054100992725482,44.50524534117203]]]},"properties":{"name":"Niella Belbo","op_id":"768","minint_elettorale":"1010271500","minint_finloc":"1010271500","prov_name":"Cuneo","prov_istat_code":"004","prov_istat_code_num":4,"prov_acr":"CN","prov_iso_3166_2":"IT-CN","reg_name":"Piemonte","reg_istat_code":"01","reg_istat_code_num":1,"reg_iso_3166_2":"IT-21","opdm_id":"637","com_catasto_code":"F894","com_istat_code":"004150","com_istat_code_num":4150}},
{"type":"Feature","geometry":{"type":"Polygon","coordinates":[[[7.890884035463082,44.393741410009746],[7.888813317495969,44.39485816610401],[7.887442211663538,44.396020023230264],[7.88488832857221,44.39823391355883],[7.884685131142474,44.398560545699354],[7.884822359314562,44.39871041818456],[7.884978901949022,44.39887849825362],[7.8864831301701255,44.39945135552805],[7.887624900028291,44.39968755101409],[7.894934262146716,44.40438592402803],[7.89604067791826,44.408447865791736],[7.898059450988065,44.411505795869694],[7.90282602749781,44.416332176767945],[7.903724537857951,44.422107056362975],[7.902431071280469,44.42545710904116],[7.909293838038578,44.425693918946116],[7.920836568537741,44.429544214347295],[7.921365882049488,44.42971126407262],[7.923345923104279,44.429792966889174],[7.923926211043776,44.4296858928111],[7.924550294385068,44.429246139142165],[7.924872030344621,44.42889356057226],[7.925143466114774,44.42841446942547],[7.925307587741809,44.42802889720684],[7.925345658487849,44.4276646538078],[7.925845960817704,44.42129090545874],[7.925810483611267,44.42096023262094],[7.9258209134081925,44.42057945696553],[7.925915483976503,44.420346281446946],[7.926230756900411,44.42012867716614],[7.926628089507572,44.42006039413446],[7.927044114129892,44.42006430420919],[7.927517017293578,44.420221777573744],[7.92810535824392,44.420621954376195],[7.928746049134336,44.42119210514818],[7.932004559145947,44.42436910097002],[7.934093119439311,44.427700158135245],[7.934181188437587,44.42788593625418],[7.93421256923315,44.42795010035958],[7.934601724615394,44.428354547568524],[7.9348852502632266,44.42863178373917],[7.93542740852277,44.42913197990897],[7.936918448860567,44.42989129747987],[7.93748886949816,44.43001608988227],[7.941569024517367,44.430742034170926],[7.942211914323141,44.43079751383463],[7.942893185638329,44.430772312783674],[7.943586606431677,44.43061666151144],[7.94387033311289,44.4305157543417],[7.944077892487273,44.43043666637609],[7.943189736644235,44.42614764303665],[7.943101619166594,44.42576421211889],[7.94351772468488,44.42520088092655],[7.947023275567548,44.421780705681755],[7.947439084503109,44.42149194995831],[7.948832532113746,44.42082058439163],[7.949487992444804,44.42065105236046],[7.95002420983882,44.42054345805642],[7.950723716284495,44.420500363206976],[7.951120974043181,44.42069757088067],[7.952710064117433,44.421796985175604],[7.95321366722476,44.42230576477041],[7.954122970990531,44.42368701274634],[7.955386038011666,44.42546310870112],[7.955961218649172,44.42625611704013],[7.956242759783462,44.4266052955886],[7.956518127111553,44.426904892603176],[7.956919940000276,44.42709312863204],[7.95739054604942,44.427277470965066],[7.957936335834713,44.42744899406609],[7.961616639148756,44.428045194911554],[7.962276517886598,44.42800618758139],[7.962892347259425,44.42794876364006],[7.963238345978765,44.42787537223957],[7.963596921810113,44.42775708081757],[7.964106673628474,44.4275276434416],[7.964346358281307,44.42718320299365],[7.964886548446244,44.425315540472916],[7.964963250988606,44.424974131730956],[7.96471547983463,44.42381953581207],[7.9644965256284666,44.42356996642814],[7.964195979764823,44.42329266624448],[7.962699730913501,44.42165859344849],[7.961710688784704,44.42053775819813],[7.960503668248611,44.41896030182934],[7.960579391886321,44.41866380180356],[7.960732036886044,44.41828271802514],[7.960968918160446,44.41793825230637],[7.954389521591571,44.41745959428754],[7.950963811540804,44.416541424985105],[7.94814320580287,44.41383711574603],[7.946239787430992,44.41061009451974],[7.943468598211641,44.40528186157225],[7.942851427189087,44.40394373281003],[7.942519902950438,44.40278381533939],[7.942362979343863,44.401954106525835],[7.942223802730609,44.39944104835505],[7.941452718528646,44.39783141510455],[7.93832087620191,44.39566418247474],[7.933248818614129,44.392794550908405],[7.931468062222169,44.39185511198462],[7.928907394868723,44.39084981511431],[7.928485106754871,44.39079185220805],[7.921521608582027,44.39096037702916],[7.912793320365824,44.39256564289676],[7.90990464756326,44.393244825629516],[7.9066595233640395,44.392286518677444],[7.905148512575775,44.39171838182169],[7.904457853211802,44.39132463802399],[7.903066849494604,44.39032097901192],[7.9024943049812,44.38984282780712],[7.902456975535184,44.38961402523497],[7.890884035463082,44.393741410009746]]]},"properties":{"name":"Niella Tanaro","op_id":"769","minint_elettorale":"1010271510","minint_finloc":"1010271510","prov_name":"Cuneo","prov_istat_code":"004","prov_istat_code_num":4,"prov_acr":"CN","prov_iso_3166_2":"IT-CN","reg_name":"Piemonte","reg_istat_code":"01","reg_istat_code_num":1,"reg_iso_3166_2":"IT-21","opdm_id":"638","com_catasto_code":"F895","com_istat_code":"004151","com_istat_code_num":4151}},
{"type":"Feature","geometry":{"type":"Polygon","coordinates":[[[7.919005053068251,44.60763911972432],[7.920696260884549,44.60907909815737],[7.92366489952379,44.609820780567986],[7.9280380784278695,44.609258747431014],[7.929377942967445,44.60895625086924],[7.930306757813414,44.608637592480285],[7.930501517796106,44.608570679658044],[7.93531174239206,44.60668910500655],[7.9456247030691385,44.60099171267496],[7.946451295765449,44.5995904382088],[7.949611607855666,44.593623875988754],[7.950475548481337,44.592348970472585],[7.9509873552062915,44.59097179960793],[7.950678819965563,44.59035230202417],[7.947808214600192,44.58833182406474],[7.946323201043583,44.58765644162853],[7.944607249947924,44.58753703726842],[7.939348964359703,44.587228353439414],[7.937764840624955,44.58705496318899],[7.936724836372733,44.586662700477795],[7.9355292460833,44.586156435374214],[7.934067003356525,44.58529203475362],[7.933702814548143,44.58495105151481],[7.933449339756981,44.58453906806473],[7.9321960711041495,44.5823938530308],[7.931986014679357,44.58187865262055],[7.932116217843332,44.58166832077971],[7.927621896431218,44.57949261054763],[7.920941932639002,44.57703502627442],[7.915451756298369,44.57491961184751],[7.914067199868435,44.57241861345332],[7.914134518785642,44.572195624150076],[7.914173391321772,44.57153785939679],[7.914160634168944,44.57078601824603],[7.913896256338733,44.570040800312775],[7.913513333671474,44.56938448333401],[7.913166967014252,44.56883653579658],[7.912969585168936,44.568527620471805],[7.912104342471327,44.56801618005578],[7.9114843944597935,44.567687698322416],[7.91145350973847,44.567672393026896],[7.911381915800579,44.56768095803122],[7.900780343488925,44.57414198513126],[7.9003130300686095,44.57516790529067],[7.896919019190212,44.582733486680546],[7.8963593001076955,44.58414616019152],[7.895511129373199,44.58679819304867],[7.8950521903437485,44.58824764777251],[7.894853945647974,44.589229616486655],[7.8948439563735615,44.593980227760646],[7.89496940051295,44.59502316638632],[7.894984670245934,44.59514745198879],[7.8950033535649995,44.595239013069516],[7.895100423232451,44.59571053401165],[7.895134444961875,44.595851129960266],[7.895846503178589,44.59602019764139],[7.895941913122254,44.59604179532809],[7.8972035189362435,44.59626711606055],[7.898109320236752,44.5964960509675],[7.89882816347141,44.59670141063074],[7.899245657077651,44.596840486289324],[7.899873534622936,44.59713527507983],[7.901574496404224,44.59793419418745],[7.903131706958722,44.59873238602119],[7.908152479498103,44.601382218783996],[7.912231659519796,44.60361323700798],[7.919005053068251,44.60763911972432]]]},"properties":{"name":"Novello","op_id":"770","minint_elettorale":"1010271520","minint_finloc":"1010271520","prov_name":"Cuneo","prov_istat_code":"004","prov_istat_code_num":4,"prov_acr":"CN","prov_iso_3166_2":"IT-CN","reg_name":"Piemonte","reg_istat_code":"01","reg_istat_code_num":1,"reg_iso_3166_2":"IT-21","opdm_id":"639","com_catasto_code":"F961","com_istat_code":"004152","com_istat_code_num":4152}},
{"type":"Feature","geometry":{"type":"Polygon","coordinates":[[[8.073375113408487,44.322480737550414],[8.069749063564625,44.321632049501844],[8.052774091069864,44.32784819788813],[8.043801081169542,44.33008754176003],[8.040844889921127,44.33103058099656],[8.03368367410039,44.342021269551545],[8.034536611640537,44.34339241921552],[8.041709623474256,44.3497278061132],[8.052817345873388,44.35614944616692],[8.054107638107014,44.356673303527444],[8.05605634191659,44.356050223578926],[8.058501915618157,44.35522414720221],[8.065161291635068,44.34900835748818],[8.0724669164462,44.34157304305483],[8.07482293451153,44.34038126382851],[8.073307590393922,44.333450270074096],[8.072477206611643,44.32783922334213],[8.072459752340395,44.32457103542488],[8.073375113408487,44.322480737550414]]]},"properties":{"name":"Nucetto","op_id":"771","minint_elettorale":"1010271530","minint_finloc":"1010271530","prov_name":"Cuneo","prov_istat_code":"004","prov_istat_code_num":4,"prov_acr":"CN","prov_iso_3166_2":"IT-CN","reg_name":"Piemonte","reg_istat_code":"01","reg_istat_code_num":1,"reg_iso_3166_2":"IT-21","opdm_id":"640","com_catasto_code":"F972","com_istat_code":"004153","com_istat_code_num":4153}},
{"type":"Feature","geometry":{"type":"Polygon","coordinates":[[[7.1131361217434135,44.628016716154164],[7.108933193147295,44.636215484388906],[7.108199968194207,44.63703828936458],[7.107593775403785,44.638255040405035],[7.106878970420076,44.63996279259345],[7.105487045882777,44.64855046081037],[7.100796101609568,44.65841561226129],[7.094537918725657,44.66449593033419],[7.0900244945519635,44.667467790419956],[7.092693403121692,44.66720714068291],[7.103648172575606,44.665477761761814],[7.110302000929343,44.663691178417835],[7.11891228201524,44.66176732846067],[7.135131008340179,44.66591341863455],[7.135696652385107,44.666089508743866],[7.135738842613727,44.66610319442636],[7.136331377408574,44.66634162813353],[7.138427504686486,44.6673130644909],[7.1393070959011915,44.66787654269239],[7.1532258009036465,44.67686178072745],[7.166710811999165,44.67889309298316],[7.174375037441275,44.68349006115078],[7.176059987051882,44.68801364281125],[7.181019450816978,44.69032618050798],[7.185071885380485,44.68881891746292],[7.190063032575595,44.68610744762446],[7.193098418190602,44.68489482683766],[7.193338066961921,44.68479995874642],[7.19445894687851,44.68436308307453],[7.194992224450333,44.68415545113196],[7.197481977265692,44.68354662876068],[7.198703734777004,44.683786497109544],[7.202497355826166,44.68460695885224],[7.2050293826286955,44.6853760244345],[7.20690960585925,44.68598175864741],[7.208713775862523,44.685232946013954],[7.211654384178309,44.683562443328306],[7.212734604530595,44.682901392283995],[7.210038849329376,44.68008026413728],[7.207074057148893,44.6789309521153],[7.206460201156969,44.675108831518585],[7.20664664794651,44.670394552948096],[7.208465430374485,44.65885958172441],[7.2093649501347885,44.65577240393701],[7.2105650372788785,44.65263588898253],[7.212186611352178,44.64847519665575],[7.213360714778555,44.64492864468135],[7.212333616207577,44.642869028579774],[7.210402983791592,44.64019657925523],[7.208233699883026,44.638214144817496],[7.2026560848439285,44.63569974797568],[7.201486591240886,44.626808093800015],[7.200106970361071,44.62155285562019],[7.188527087774468,44.618354221549765],[7.180178466576942,44.615143489574365],[7.179725220016905,44.61485602647091],[7.1794331332178025,44.61483787372866],[7.178829066865301,44.614859730533205],[7.17856570338989,44.61490060739451],[7.173580240925406,44.61667540214978],[7.168506668886972,44.619434386888344],[7.1663575188187485,44.62075024765741],[7.163223284023365,44.62307199120882],[7.159116574180475,44.62617918828573],[7.158512690875222,44.62674892316682],[7.157420733226023,44.62774525518625],[7.15701280378721,44.628062755579386],[7.156939846970585,44.628105620549],[7.156468479806265,44.62838254983709],[7.156059064564778,44.62854699468538],[7.155451537484171,44.62873523049051],[7.154841572101663,44.62890091212768],[7.153864871683753,44.628903136226036],[7.153223130572305,44.62886574573455],[7.152646676711962,44.62880053538441],[7.152436503955536,44.6287764054544],[7.152244959894837,44.62874263342304],[7.151763726741473,44.628656877523134],[7.145527501265852,44.62747166078108],[7.141946349202844,44.6259955676173],[7.136024443256006,44.62417058023457],[7.127266838322921,44.62455841149699],[7.117983689504919,44.62651681930933],[7.1131361217434135,44.628016716154164]]]},"properties":{"name":"Oncino","op_id":"772","minint_elettorale":"1010271540","minint_finloc":"1010271540","prov_name":"Cuneo","prov_istat_code":"004","prov_istat_code_num":4,"prov_acr":"CN","prov_iso_3166_2":"IT-CN","reg_name":"Piemonte","reg_istat_code":"01","reg_istat_code_num":1,"reg_iso_3166_2":"IT-21","opdm_id":"641","com_catasto_code":"G066","com_istat_code":"004154","com_istat_code_num":4154}},
{"type":"Feature","geometry":{"type":"Polygon","coordinates":[[[7.9789315342648806,44.13354202763824],[7.967095741403729,44.133455139752826],[7.9647947757924475,44.13439765025653],[7.963131043717607,44.13500876968149],[7.961955855610726,44.135359153241595],[7.956151372962724,44.136646302186975],[7.953362850738233,44.13703943274325],[7.951073129389909,44.13721651668858],[7.944245545887116,44.13744622092842],[7.943087457490953,44.13745350584278],[7.9427892012644215,44.137419234581024],[7.940574971225196,44.1371061190663],[7.939963275324601,44.1369924118289],[7.939561857805294,44.136861536943],[7.939395026962405,44.13680706705384],[7.938788467325237,44.13655835884441],[7.935490576400782,44.13502864397768],[7.934707539280506,44.1343407736742],[7.93454101717123,44.13371882393048],[7.933949511939943,44.1302911661057],[7.928624284316191,44.120298261999466],[7.92686448244156,44.11917742085972],[7.9263034879476555,44.1185118298009],[7.925754486124238,44.11765159531662],[7.9255515739202025,44.11731184279877],[7.925401714333695,44.116788252352535],[7.9252496274061786,44.116215114597836],[7.925017128964912,44.11525408538101],[7.9250109886879745,44.11503499139988],[7.924992754775169,44.114358035402915],[7.92596246682398,44.11030220350017],[7.9252930292520265,44.11000780338929],[7.925089327763096,44.109918646816475],[7.924809529920091,44.109796184500475],[7.924189258316559,44.10954725256058],[7.923506518883505,44.10929773130492],[7.922200922159248,44.108943304889095],[7.921167564705712,44.10873548201402],[7.92004325409341,44.108724804638264],[7.9190044116379505,44.10881406646888],[7.918002965981047,44.10891262052341],[7.916926233413692,44.10902846309394],[7.916086870417736,44.109146547998314],[7.901865232426851,44.10769561308856],[7.886434475371523,44.105170026038266],[7.883944707240613,44.104658684247326],[7.8823424324113605,44.108816879836645],[7.876882777239867,44.11404821440358],[7.868471473531502,44.11693632899418],[7.861995638577846,44.11865482855935],[7.8556457194432046,44.11950045235487],[7.845786476524498,44.12070671315541],[7.843396391677468,44.120281228303845],[7.83979172402105,44.11974203948515],[7.829588185018132,44.12116768523212],[7.8160015187470755,44.123071323278396],[7.815310643205673,44.123244223626145],[7.788776883530269,44.13394081971387],[7.785563991226109,44.135284189937195],[7.784088748454375,44.135898720713904],[7.7764216774191555,44.13859882564462],[7.768825229656802,44.14024580741175],[7.763803655093977,44.14070475202274],[7.758054227984949,44.138913780413006],[7.757331193872916,44.138551850825124],[7.756765764273928,44.13826883832034],[7.755539985764288,44.13778803522347],[7.749651457568512,44.136002164155485],[7.746023890594166,44.135357169011485],[7.746454726391937,44.14037794729477],[7.746732721598504,44.14404935563219],[7.745106419678752,44.14900885080552],[7.74653344517671,44.154453396078765],[7.753689575133991,44.16222938101779],[7.756648443288768,44.16469246962064],[7.7586500062962305,44.165205004451074],[7.7704014333676295,44.1689627186449],[7.7788380638676,44.169020434450374],[7.78169659419028,44.169292869382666],[7.784027484860662,44.17157299506343],[7.7848198347639155,44.17349457208755],[7.784939803888637,44.17439165679623],[7.785030628985543,44.174518667306934],[7.785755808425159,44.17543120523578],[7.788352293575278,44.175643325692974],[7.788871649648529,44.17559482894881],[7.791328104125206,44.17508515853598],[7.792746051761442,44.1746589981784],[7.802010691701632,44.175787392668965],[7.80269334677775,44.17895014490003],[7.8057853252877925,44.18266927725526],[7.806158066125839,44.182963644406506],[7.806253968961699,44.1830369772028],[7.806333383030889,44.183097493570614],[7.806591414200124,44.18322943280295],[7.806804900001594,44.18333797959102],[7.806914709916549,44.18339193374652],[7.8075791647527515,44.183605883511305],[7.80798689917548,44.18373664080042],[7.80984114466584,44.18401706216573],[7.813983289509449,44.18245309923741],[7.81461559779243,44.18225440058173],[7.814830757694382,44.18218729264734],[7.817040080259804,44.18379122087878],[7.817169742818988,44.18488720297384],[7.816157172558653,44.18714474808122],[7.817696295327796,44.19006317737629],[7.819533560692024,44.192949669120274],[7.821608272322703,44.195802550180126],[7.825506011341114,44.20046578167374],[7.828855949666899,44.20884150350574],[7.830310763096332,44.21278624693363],[7.8294296648281945,44.2147579622897],[7.829372426474141,44.215013892447764],[7.82943628531378,44.21522610748745],[7.829858549088965,44.21628379210749],[7.832423477162815,44.22104114017506],[7.834777703323629,44.22228059448313],[7.842781128569879,44.21589327823234],[7.848354810792928,44.212884068503705],[7.852618916186686,44.210631218315186],[7.857405180824464,44.20777570488124],[7.859766553124913,44.20635431527977],[7.861554204384071,44.20508471010236],[7.8638371261936335,44.20318417555605],[7.865471408503668,44.19861895224933],[7.874080437611178,44.19197434024204],[7.896710024795297,44.18847238646849],[7.913671649112302,44.18715008312494],[7.922434835195987,44.186651320620236],[7.924991887040645,44.186234681730305],[7.926555843267674,44.185763224707834],[7.92828856700527,44.18468420589779],[7.929313918717242,44.183571563433986],[7.9298057872301015,44.18295325764931],[7.930835033566465,44.182230926164564],[7.931027457028077,44.182095880608344],[7.931902443959553,44.181532385527476],[7.933191457572502,44.181098775764404],[7.937656793850976,44.1801320343879],[7.947929431728358,44.17857955121557],[7.957408341924079,44.17966580930384],[7.965230490874339,44.18056071813011],[7.97127654550485,44.18102046307188],[7.971670732122327,44.1810150154462],[7.972186329281991,44.18090710797533],[7.972554545619738,44.180707857955326],[7.9731721489589535,44.17940795457931],[7.976100633372267,44.170674230435814],[7.976130304586544,44.167176784430204],[7.9761022365346,44.16694695301933],[7.975523761782218,44.16561381304064],[7.974759671834516,44.16387386342926],[7.974567013057625,44.16364705578613],[7.974272016384077,44.16330227913832],[7.97378352539618,44.16278022085706],[7.972231882289212,44.162059523623526],[7.970670835744136,44.16141073808232],[7.969761666658507,44.16110092734525],[7.967997008632693,44.16063484168333],[7.967181565027971,44.16046541495094],[7.966045693822312,44.16027059252127],[7.965084826581914,44.16017186012822],[7.963667238087622,44.16004195847465],[7.963042000037011,44.16001376746566],[7.96224017005687,44.16000649492513],[7.957434700304241,44.156347733344816],[7.967450776526951,44.14879075310539],[7.96809606108091,44.148467954423914],[7.968445645101534,44.14829556052089],[7.969738944237247,44.14776544463352],[7.980545568353294,44.14782077806875],[7.981442790449479,44.14806106316972],[7.9821882329253615,44.14820275228417],[7.983160183479404,44.148238420529744],[7.984172505227689,44.14808537076512],[7.987572950912609,44.146040327047146],[7.988028666902124,44.145643715681196],[7.988409367530796,44.14528424728763],[7.989025307394757,44.14469842959838],[7.985408504722668,44.142765472165976],[7.984957311541558,44.14244803685306],[7.984606243321405,44.14220098937812],[7.9805936475672725,44.139257182518826],[7.980396656930877,44.13909289787843],[7.979633362455454,44.13845631725444],[7.979466770105377,44.13819849859388],[7.979048561535998,44.13755126547984],[7.97897683516274,44.13731203837443],[7.978796200076598,44.13670698286363],[7.978773987194166,44.13663250479198],[7.9789315342648806,44.13354202763824]]]},"properties":{"name":"Ormea","op_id":"773","minint_elettorale":"1010271550","minint_finloc":"1010271550","prov_name":"Cuneo","prov_istat_code":"004","prov_istat_code_num":4,"prov_acr":"CN","prov_iso_3166_2":"IT-CN","reg_name":"Piemonte","reg_istat_code":"01","reg_istat_code_num":1,"reg_iso_3166_2":"IT-21","opdm_id":"642","com_catasto_code":"G114","com_istat_code":"004155","com_istat_code_num":4155}},
{"type":"Feature","geometry":{"type":"Polygon","coordinates":[[[7.168909406222607,44.73374319657211],[7.169363362359635,44.733678444512314],[7.1720289253733345,44.73319003561501],[7.17349551503701,44.73265085958622],[7.176265713508191,44.731317804602796],[7.177087117232869,44.73078628784317],[7.178440062314099,44.72966459104949],[7.178638368609342,44.72934367632536],[7.178713495555178,44.7291378316738],[7.178759686545852,44.728936006729356],[7.178826085591013,44.728455446996726],[7.179518597059311,44.72784084640367],[7.18006321610723,44.72739941835919],[7.180481873315934,44.727149527249786],[7.181838374857425,44.72664000144487],[7.182432002000755,44.72644690778339],[7.186481493529373,44.72556605975575],[7.186940637128798,44.72548334602895],[7.187811253036047,44.7253666177678],[7.19363004444923,44.72519327113737],[7.199096040142342,44.725693727146755],[7.199850231868151,44.72560210084579],[7.200559155239614,44.72391635467066],[7.200785898299863,44.72327177224091],[7.201108693164518,44.72221457545451],[7.202073241427644,44.71880893066041],[7.2063795935508,44.71853907202829],[7.207481654469692,44.718434847772166],[7.208213979891488,44.71830681343951],[7.209761772093681,44.71792598743727],[7.210473643384173,44.71757706091318],[7.210831662313342,44.71738012866393],[7.218146429755103,44.7129438671914],[7.218920875752436,44.71242932647863],[7.220021532060841,44.711672299802686],[7.221194869221677,44.71062832549407],[7.221325943605594,44.710508831543706],[7.22409998217006,44.70788283041433],[7.217991167577626,44.70187383287926],[7.208206118862752,44.691155870407044],[7.206112181004491,44.68846731083023],[7.206069388949962,44.68828208726417],[7.2060531534949375,44.68816929448411],[7.206032880399122,44.687880902013376],[7.206236762852859,44.687267454071296],[7.2065621534037945,44.68651186574704],[7.20690960585925,44.68598175864741],[7.2050293826286955,44.6853760244345],[7.202497355826166,44.68460695885224],[7.198703734777004,44.683786497109544],[7.197481977265692,44.68354662876068],[7.194992224450333,44.68415545113196],[7.19445894687851,44.68436308307453],[7.193338066961921,44.68479995874642],[7.193098418190602,44.68489482683766],[7.190063032575595,44.68610744762446],[7.185071885380485,44.68881891746292],[7.181019450816978,44.69032618050798],[7.178427098659849,44.691251732656895],[7.177581655694672,44.69168365757158],[7.176262620746006,44.693233777669455],[7.176205224404159,44.69330742553966],[7.176107899250476,44.69343378978597],[7.176012097930889,44.69359034968979],[7.17169110126329,44.70423339604624],[7.172823932384596,44.7110496197862],[7.170388906909918,44.71954336435895],[7.170458377920108,44.72391057764672],[7.1704430474451275,44.725710775459206],[7.169394816320476,44.73163093984449],[7.168909406222607,44.73374319657211]]]},"properties":{"name":"Ostana","op_id":"774","minint_elettorale":"1010271560","minint_finloc":"1010271560","prov_name":"Cuneo","prov_istat_code":"004","prov_istat_code_num":4,"prov_acr":"CN","prov_iso_3166_2":"IT-CN","reg_name":"Piemonte","reg_istat_code":"01","reg_istat_code_num":1,"reg_iso_3166_2":"IT-21","opdm_id":"643","com_catasto_code":"G183","com_istat_code":"004156","com_istat_code_num":4156}},
{"type":"Feature","geometry":{"type":"Polygon","coordinates":[[[7.218146429755103,44.7129438671914],[7.219940782915823,44.71355558725305],[7.2202220159877175,44.71365142811091],[7.221149856844021,44.713960596481606],[7.2223977921131475,44.71430453287949],[7.227510018418846,44.71561036197886],[7.227880421384048,44.71570153578164],[7.228389643515005,44.71582195773438],[7.228872089201338,44.71592846574833],[7.229191962925216,44.71599644373462],[7.230173064798885,44.71616919804727],[7.236042179206054,44.717200777917824],[7.236870107124319,44.71732608285438],[7.238251520797507,44.717414922920554],[7.238318718638399,44.717417828687466],[7.2385758174845956,44.71742894328584],[7.2398816249990325,44.7174085575398],[7.241105864332511,44.717363801202595],[7.241267272222567,44.71735789840511],[7.248674341320743,44.71681910350543],[7.253644346785795,44.71597249462241],[7.261349100663459,44.71429863562612],[7.26277690410705,44.71344265740865],[7.26286218979069,44.71337786532515],[7.264331582271299,44.71225999309599],[7.264403168119493,44.71217555463952],[7.265633811166067,44.71071788586666],[7.26598887197553,44.71000734458611],[7.266255193649013,44.709476010950155],[7.266552526101128,44.709096186928264],[7.266801917541935,44.708777634372105],[7.267464117862368,44.708121514387905],[7.26818347111464,44.70750678055324],[7.268958747178391,44.706973882280806],[7.26910187891611,44.70690291634256],[7.269846114785717,44.70653418346578],[7.271085985828819,44.706173404011935],[7.27232338143342,44.705818552958235],[7.278063338074191,44.704540344122336],[7.279478499935292,44.70435120795524],[7.280968277664949,44.704369130685464],[7.28232530791378,44.704421074245346],[7.282629044438385,44.70447516435663],[7.283603030024052,44.704633838190944],[7.283899750093091,44.70466030196547],[7.284188404641668,44.70466064948339],[7.285569953599959,44.70444285160483],[7.286131489511366,44.70430273983679],[7.291945742902808,44.702431877996155],[7.293028404503653,44.70197994540764],[7.293841308340353,44.70161011974444],[7.299566316441091,44.69880611162884],[7.299701038606611,44.69801618066057],[7.2991561453936695,44.69687707334067],[7.298989688636539,44.69635246750869],[7.298920090518497,44.69561774093505],[7.299013143233477,44.69187417285104],[7.299037471151847,44.6916629742743],[7.299192086573514,44.69058499531885],[7.299228364436983,44.69047751630797],[7.29930444547325,44.6903436194704],[7.299482764300608,44.6900987067311],[7.30042194797847,44.688865871749705],[7.30377889190559,44.6886457332348],[7.304679916218081,44.688688189559414],[7.305259064393407,44.68888375411824],[7.306370177087998,44.688837225545235],[7.307401428209304,44.685994292405695],[7.308701182083779,44.68240362125221],[7.307808702705222,44.68213833344753],[7.303343126104937,44.680487663768375],[7.302598481921841,44.67983293090477],[7.302067082782825,44.67932989307049],[7.29440061301905,44.67069493998398],[7.294411062012125,44.6705663816075],[7.294448115306181,44.670110502779],[7.294656817885481,44.669204374367055],[7.295017504645608,44.66827802171245],[7.295572907136633,44.66739993146818],[7.2909073066924215,44.66290069600026],[7.280229863967455,44.654651751657894],[7.271819265890037,44.64858319259164],[7.265445484063998,44.645601285087274],[7.256907406098522,44.640015808830825],[7.254634913529685,44.638338165352785],[7.252729958273365,44.6345010242886],[7.249853933232396,44.63136464865514],[7.248503102065969,44.630118527018915],[7.248425754182164,44.630068926159154],[7.247448972084231,44.62957680982298],[7.245884310252489,44.62917917582516],[7.244496511667915,44.628861506111754],[7.243478852898729,44.62862905837584],[7.243277225373177,44.628508918074054],[7.242925613239443,44.627576261940646],[7.242720945167953,44.62695645375352],[7.242180728783113,44.623959352438575],[7.2423938620556205,44.623710562892036],[7.242612727235367,44.623569765561086],[7.242919092270104,44.62337345305525],[7.245578365672899,44.62189155105898],[7.2462332501458615,44.62154605080625],[7.246540526442788,44.62138397437148],[7.243933673735035,44.62021832342376],[7.241569895635565,44.61969116467983],[7.23505513556594,44.61883139870753],[7.231033571581873,44.61880885272179],[7.229618450364026,44.61884772512289],[7.2293699192516945,44.618855032428016],[7.219277955909476,44.61971662328372],[7.205202475597338,44.6212104835674],[7.200106970361071,44.62155285562019],[7.201486591240886,44.626808093800015],[7.2026560848439285,44.63569974797568],[7.208233699883026,44.638214144817496],[7.210402983791592,44.64019657925523],[7.212333616207577,44.642869028579774],[7.213360714778555,44.64492864468135],[7.212186611352178,44.64847519665575],[7.2105650372788785,44.65263588898253],[7.2093649501347885,44.65577240393701],[7.208465430374485,44.65885958172441],[7.20664664794651,44.670394552948096],[7.206460201156969,44.675108831518585],[7.207074057148893,44.6789309521153],[7.210038849329376,44.68008026413728],[7.212734604530595,44.682901392283995],[7.211654384178309,44.683562443328306],[7.208713775862523,44.685232946013954],[7.20690960585925,44.68598175864741],[7.2065621534037945,44.68651186574704],[7.206236762852859,44.687267454071296],[7.206032880399122,44.687880902013376],[7.2060531534949375,44.68816929448411],[7.206069388949962,44.68828208726417],[7.206112181004491,44.68846731083023],[7.208206118862752,44.691155870407044],[7.217991167577626,44.70187383287926],[7.22409998217006,44.70788283041433],[7.221325943605594,44.710508831543706],[7.221194869221677,44.71062832549407],[7.220021532060841,44.711672299802686],[7.218920875752436,44.71242932647863],[7.218146429755103,44.7129438671914]]]},"properties":{"name":"Paesana","op_id":"775","minint_elettorale":"1010271570","minint_finloc":"1010271570","prov_name":"Cuneo","prov_istat_code":"004","prov_istat_code_num":4,"prov_acr":"CN","prov_iso_3166_2":"IT-CN","reg_name":"Piemonte","reg_istat_code":"01","reg_istat_code_num":1,"reg_iso_3166_2":"IT-21","opdm_id":"644","com_catasto_code":"G228","com_istat_code":"004157","com_istat_code_num":4157}},
{"type":"Feature","geometry":{"type":"Polygon","coordinates":[[[7.424609029839688,44.58385167742113],[7.424575415462625,44.583903554357256],[7.424427044584752,44.58413271915716],[7.424230058516372,44.584517105179444],[7.424126242602111,44.58479025591255],[7.423676401286419,44.58624245273828],[7.423534411158047,44.58715423183873],[7.4231303399124675,44.589853899206815],[7.423515983369832,44.59115556842353],[7.423784308567912,44.59272120083879],[7.4240300575344085,44.59448007292205],[7.42400369604179,44.596082143133415],[7.423859364121136,44.59874037140289],[7.423765672509106,44.5997878649297],[7.423714838501327,44.60025528006836],[7.423672558532126,44.6004932709277],[7.423072301314686,44.603352247080146],[7.422884024273268,44.60405183738133],[7.4226735918223685,44.60456658708103],[7.422540575400849,44.60488433558243],[7.422321797994086,44.60518288587654],[7.422218271189457,44.60531198983724],[7.419843888127926,44.607732358187256],[7.4182044349416865,44.60822275107896],[7.415333793474074,44.608052413129776],[7.413159762496691,44.60809788560106],[7.411463842754717,44.608439741543016],[7.409596073557174,44.60928698690497],[7.406385614408606,44.610943689151554],[7.404729775246856,44.61181180989255],[7.40475629795283,44.61210925447071],[7.4043608579843205,44.61259885332892],[7.403298790930319,44.613585539521765],[7.4028382314783885,44.61373439290706],[7.400376490333179,44.614442624361054],[7.3997891979647905,44.61457392834065],[7.398049562970941,44.61468459643834],[7.400795634476074,44.61542973751547],[7.404400737839276,44.61644112295514],[7.411729454105692,44.61873320687546],[7.415804286087305,44.62087387138566],[7.420382760931554,44.6233559775936],[7.421696546622929,44.62514630602718],[7.421980225388628,44.625569236040405],[7.422031785433303,44.62564533347928],[7.422136417104965,44.62574947958584],[7.422397126483338,44.62600548331497],[7.422602952624984,44.62620655949976],[7.422674117532396,44.62627564087656],[7.423562956296017,44.6267833019536],[7.424318153778766,44.62711780758628],[7.428467063588705,44.62808388752435],[7.430101681296622,44.6281832411714],[7.431454850754791,44.62716207181084],[7.433314619346925,44.625274590578776],[7.437540221649842,44.61793705473931],[7.447252751882944,44.61154725441375],[7.451301976502524,44.608080565130756],[7.451147864808874,44.60649145582151],[7.445355348130231,44.602436554193396],[7.440609756089657,44.59882180420437],[7.440389021273032,44.59837691112968],[7.440583884657658,44.59411574241753],[7.440712681248161,44.593845070739086],[7.440732553457541,44.59358407193842],[7.440672238412626,44.592998075579295],[7.440469423708398,44.592494381241906],[7.440223580745584,44.592226737183466],[7.438218506766288,44.590047746250654],[7.437976692196166,44.589801384804865],[7.436554421186438,44.58866561104253],[7.435878296786969,44.588143211918315],[7.43306035951865,44.58604751974835],[7.431757284525542,44.58509785960068],[7.430755666538111,44.584503440895745],[7.430541327339853,44.58437895905201],[7.428475442944279,44.583837405123084],[7.427872131099349,44.583801724324964],[7.427123201092601,44.58398535638683],[7.424609029839688,44.58385167742113]]]},"properties":{"name":"Pagno","op_id":"776","minint_elettorale":"1010271580","minint_finloc":"1010271580","prov_name":"Cuneo","prov_istat_code":"004","prov_istat_code_num":4,"prov_acr":"CN","prov_iso_3166_2":"IT-CN","reg_name":"Piemonte","reg_istat_code":"01","reg_istat_code_num":1,"reg_iso_3166_2":"IT-21","opdm_id":"645","com_catasto_code":"G240","com_istat_code":"004158","com_istat_code_num":4158}},
{"type":"Feature","geometry":{"type":"Polygon","coordinates":[[[7.947125776049296,44.24754906619196],[7.946876386584933,44.24713645013763],[7.946778313959536,44.24697419094298],[7.945145563000551,44.24569419354083],[7.936913928065671,44.243407638615686],[7.935989108205272,44.24327748319213],[7.930818606162151,44.24265300833666],[7.9298973463440845,44.24284696134287],[7.92969034336158,44.24292806086194],[7.929501491176689,44.243002169064304],[7.929437577057178,44.24302725043199],[7.928541451175482,44.243379973197804],[7.919245238490896,44.243750580883166],[7.908275467744234,44.23684437820024],[7.90182331404077,44.22899041593285],[7.8988515870440885,44.22525255675835],[7.897259497646408,44.222531794295236],[7.894447096730315,44.21564427449424],[7.894023162949597,44.21344343861682],[7.895087558099721,44.21164411694823],[7.895517963648846,44.20980305070795],[7.894394119248751,44.20906703841502],[7.889100647332519,44.20572055556127],[7.886105913280132,44.203868268678065],[7.885062507689355,44.20355197687087],[7.88113659183145,44.20309494780344],[7.87944561461688,44.20292081600597],[7.878366861109821,44.2029462570853],[7.878211737999314,44.20295823035915],[7.877612935433962,44.203015360120226],[7.877359157729501,44.203512552023014],[7.874123672831934,44.213091469995874],[7.871615648179033,44.21660490779984],[7.873624513691095,44.22014631028142],[7.877075998474272,44.23714062237631],[7.879323330593578,44.248276901911574],[7.87825351958231,44.25590094750154],[7.877551510103465,44.26055760934185],[7.885369964006911,44.26395627452158],[7.886300353977435,44.26415441670654],[7.887915125915279,44.264498752222345],[7.88829159435596,44.26463297827973],[7.88833971937468,44.26465690230459],[7.889261591062504,44.26511954681893],[7.889608681144909,44.265379506535496],[7.890826882717193,44.26703439715649],[7.891468050313032,44.268021934157176],[7.894443652503569,44.273313034487195],[7.895514903702593,44.275677644850845],[7.895875090051971,44.280407685605745],[7.896468689072577,44.28643639093031],[7.89979292887991,44.28806198486229],[7.902722933026518,44.291790384915],[7.905090477648817,44.296102989285],[7.906139742068704,44.299192036843266],[7.911220221391526,44.29614357044175],[7.912245712639851,44.2953610782777],[7.9144195562742095,44.29405383642813],[7.915909865108594,44.29336128076296],[7.918524358844233,44.292566950200346],[7.922369993472061,44.2925228298274],[7.923911942643231,44.29304530973207],[7.924100670125845,44.293906865477844],[7.940925290479711,44.297422199922984],[7.939962391842243,44.29361404852107],[7.939726093034144,44.29185627988873],[7.939755158224829,44.2901324825463],[7.940099356605228,44.288438623850574],[7.940722775268781,44.287337498378804],[7.94173435911269,44.28544229909505],[7.943303202600903,44.282369730796844],[7.9439886968561355,44.28064747833388],[7.943967445120302,44.280160233496915],[7.943819617110994,44.27911685098017],[7.943532223485908,44.278441155592944],[7.942756172362875,44.27743013454372],[7.942487893396505,44.277126059396],[7.942097107091485,44.276775821256415],[7.946351800302682,44.26721028900258],[7.9479126383732925,44.26483701608152],[7.950885254221395,44.2593460865775],[7.95135629394809,44.25805540214764],[7.951698753700163,44.25694526048303],[7.951864486179397,44.25624320470642],[7.952031487723967,44.255534846398305],[7.9513215378591315,44.25200364173785],[7.9502432263256155,44.250083529997966],[7.947125776049296,44.24754906619196]]]},"properties":{"name":"Pamparato","op_id":"777","minint_elettorale":"1010271590","minint_finloc":"1010271590","prov_name":"Cuneo","prov_istat_code":"004","prov_istat_code_num":4,"prov_acr":"CN","prov_iso_3166_2":"IT-CN","reg_name":"Piemonte","reg_istat_code":"01","reg_istat_code_num":1,"reg_iso_3166_2":"IT-21","opdm_id":"646","com_catasto_code":"G302","com_istat_code":"004159","com_istat_code_num":4159}},
{"type":"Feature","geometry":{"type":"Polygon","coordinates":[[[8.056720645508605,44.41247628218487],[8.047166660172369,44.41378789528338],[8.044461066178314,44.417085677202806],[8.043504892277316,44.42026629038277],[8.043336284054911,44.4214111401933],[8.043344219228677,44.42200696794484],[8.04382653932516,44.42283476169994],[8.046217523989863,44.42617677218993],[8.045337026641425,44.43461397628845],[8.045297953046989,44.43477119858946],[8.045277324567,44.4349285777635],[8.04529025800284,44.435243782786614],[8.04544772967068,44.43569973110739],[8.04637441008024,44.43819321789975],[8.046934213098728,44.439497789002644],[8.04820558107831,44.43991800729336],[8.053242690227115,44.44153986738186],[8.053571366321478,44.44177034394911],[8.05384532744613,44.441963484592684],[8.058502057198378,44.44572007668384],[8.061556294189387,44.44750974089609],[8.066014148084026,44.44657849544819],[8.067951284022874,44.44641875997734],[8.069207996668249,44.44632098269969],[8.071647964770953,44.44649839138775],[8.07192019758572,44.44656812292449],[8.083954138836573,44.44553997558549],[8.091470101278112,44.440045293629076],[8.097692658384773,44.432770922264254],[8.09890300004574,44.431094702256104],[8.098916941395633,44.43003475543123],[8.098792545866342,44.42903447327216],[8.096611978967621,44.4256186966728],[8.091748575375338,44.418467954265225],[8.091306327808017,44.41823036944318],[8.088512415320784,44.41718179179403],[8.088013520935787,44.41700675645766],[8.086639430021544,44.416617674567775],[8.084824519210647,44.41630604315475],[8.08348283209548,44.41608867772568],[8.082197072970343,44.41604639359737],[8.081778974904065,44.416200582488294],[8.08091071417809,44.41654919594703],[8.07678691143016,44.41801489950129],[8.071658339546762,44.41821638950043],[8.071038976985907,44.41821135351688],[8.07014689410047,44.41817708299738],[8.06952817204832,44.418131538537494],[8.067935297812634,44.41780796665009],[8.065751037036488,44.41732646966723],[8.065107868571111,44.417091638393224],[8.06453963064313,44.41681239321305],[8.062570641404516,44.41573392847472],[8.056720645508605,44.41247628218487]]]},"properties":{"name":"Paroldo","op_id":"778","minint_elettorale":"1010271600","minint_finloc":"1010271600","prov_name":"Cuneo","prov_istat_code":"004","prov_istat_code_num":4,"prov_acr":"CN","prov_iso_3166_2":"IT-CN","reg_name":"Piemonte","reg_istat_code":"01","reg_istat_code_num":1,"reg_iso_3166_2":"IT-21","opdm_id":"647","com_catasto_code":"G339","com_istat_code":"004160","com_istat_code_num":4160}},
{"type":"Feature","geometry":{"type":"Polygon","coordinates":[[[8.189349511334527,44.61038987386987],[8.195678817870112,44.618145056049784],[8.196821189913516,44.61507416538581],[8.205999834143075,44.6153471716871],[8.215038132855229,44.61712406907895],[8.21762964732056,44.61517362691753],[8.221691831259914,44.609548866722],[8.226330528012658,44.602435853087876],[8.232129069569261,44.60085584358449],[8.23240504016341,44.60076759587713],[8.232760129247836,44.60039827038444],[8.234027259951265,44.59903096699467],[8.23434599108815,44.59862828572151],[8.23142209383715,44.59503990363134],[8.23057695590822,44.59406117165585],[8.229178536880317,44.59373630742645],[8.228911875194099,44.593620683473354],[8.229799634905298,44.59204361001003],[8.230343649674372,44.59151210412458],[8.233138321405251,44.58878679564237],[8.237768958667512,44.58504467032094],[8.240195603208397,44.58318277946339],[8.240466315247549,44.582998189066004],[8.240594749002115,44.58291070628502],[8.241642588123229,44.582296374275565],[8.242448101942216,44.58193255610512],[8.244171766364385,44.57551305916492],[8.245608586436123,44.56974172465941],[8.24131813850829,44.57121690338843],[8.241145053781452,44.571756937080956],[8.240718253591917,44.57234375751749],[8.240474177399523,44.57266358016821],[8.240272236159207,44.57292596967354],[8.23973886598979,44.57356609648747],[8.23905998661436,44.573831644815066],[8.235660572151618,44.57497478051827],[8.231321039629524,44.57606196876392],[8.23026509596116,44.57638796408144],[8.2293873471718,44.5768051599598],[8.22862496279139,44.57730865735049],[8.227558929489971,44.5783007279584],[8.221694708139463,44.584531139436926],[8.220114136217147,44.586005778399446],[8.215842054354573,44.5870883209908],[8.21142195176277,44.587521537320775],[8.210817640481139,44.5874048228381],[8.209129540705346,44.58772225480118],[8.206717330965752,44.588299984959264],[8.205852668041206,44.588531769405044],[8.201933552928546,44.58962072912577],[8.19910748154216,44.59152734245618],[8.196419998128288,44.593898762127964],[8.196261817500474,44.59520299786693],[8.197655628861456,44.60175308905005],[8.194758914637477,44.60871410870964],[8.194672028288577,44.608875558746455],[8.194456387719349,44.608990102176],[8.193975657350771,44.6091947327375],[8.19323093792316,44.60945054050503],[8.19074976459805,44.610108168551896],[8.189349511334527,44.61038987386987]]]},"properties":{"name":"Perletto","op_id":"779","minint_elettorale":"1010271610","minint_finloc":"1010271610","prov_name":"Cuneo","prov_istat_code":"004","prov_istat_code_num":4,"prov_acr":"CN","prov_iso_3166_2":"IT-CN","reg_name":"Piemonte","reg_istat_code":"01","reg_istat_code_num":1,"reg_iso_3166_2":"IT-21","opdm_id":"648","com_catasto_code":"G457","com_istat_code":"004161","com_istat_code_num":4161}},
{"type":"Feature","geometry":{"type":"Polygon","coordinates":[[[8.08212717369489,44.31116331160072],[8.078664210509643,44.317607996402366],[8.078321311104359,44.31820840780596],[8.076933401214095,44.32022736622228],[8.076717335937827,44.32045968998869],[8.076372346473642,44.32076749884335],[8.07503211938814,44.32188651278427],[8.074627120609085,44.32212182004645],[8.073375113408487,44.322480737550414],[8.072459752340395,44.32457103542488],[8.072477206611643,44.32783922334213],[8.073307590393922,44.333450270074096],[8.07482293451153,44.34038126382851],[8.079615104826315,44.341324756108435],[8.080278603100274,44.34146152656704],[8.084063172149108,44.34207173948923],[8.110081718720359,44.340764943037804],[8.11256206857154,44.33990646686318],[8.11288969924705,44.33978297162351],[8.113116443185948,44.3396947012055],[8.113895931449907,44.33898053159651],[8.114449916531951,44.33837713269444],[8.115085296376336,44.33624387100284],[8.115120096370326,44.335884008153386],[8.114811140771872,44.33549901124886],[8.112900764793974,44.33330150043565],[8.1111758761083,44.3332650550007],[8.109935303913511,44.33323739576997],[8.10919613349941,44.333177582288656],[8.1078968716024,44.33306191194133],[8.107755650272699,44.33304933728872],[8.107093059685166,44.3328545976971],[8.106968940667066,44.332818116974636],[8.106436352659678,44.332372807713476],[8.105907839085583,44.33164748093995],[8.10529627746633,44.32902380408218],[8.105038199010993,44.327896330883206],[8.105039936980463,44.32786839480128],[8.105128422620076,44.326568399217074],[8.105243287304978,44.32618639575004],[8.105556269623907,44.32514564453732],[8.105568919393606,44.325116649605356],[8.106973959763014,44.32151734700878],[8.108258742842843,44.31788114793564],[8.108774507055749,44.31632090112064],[8.108820801454144,44.31614290966449],[8.1088605299666,44.31597957512947],[8.108888991271636,44.31586174107455],[8.109068595297563,44.31511680477634],[8.108998420612847,44.314929240212834],[8.108550325475568,44.31373531525886],[8.10767571132235,44.31270215357635],[8.106924359862598,44.31201374867353],[8.106525785449698,44.31164882130273],[8.10547204974466,44.31098279740731],[8.104856695644758,44.31024033369911],[8.10356117877454,44.3071331376264],[8.102768538136075,44.30438845882325],[8.10195677018786,44.30093101978733],[8.101450874135006,44.30102112167664],[8.101380561899399,44.301033744427286],[8.099892390233716,44.30145956742225],[8.09829909854029,44.30194080545155],[8.095191668182006,44.30296260790107],[8.091802908689775,44.304080022743584],[8.08561895760341,44.30614893503332],[8.08463768855329,44.306551214063106],[8.084560936101115,44.30658267931888],[8.084522975956858,44.30659850124082],[8.084475253869817,44.30664441934238],[8.08387242670271,44.30722449420309],[8.083028150685063,44.308316072876295],[8.082458880460418,44.31017510418898],[8.082245082654273,44.31094686570419],[8.08212717369489,44.31116331160072]]]},"properties":{"name":"Perlo","op_id":"780","minint_elettorale":"1010271620","minint_finloc":"1010271620","prov_name":"Cuneo","prov_istat_code":"004","prov_istat_code_num":4,"prov_acr":"CN","prov_iso_3166_2":"IT-CN","reg_name":"Piemonte","reg_istat_code":"01","reg_istat_code_num":1,"reg_iso_3166_2":"IT-21","opdm_id":"649","com_catasto_code":"G458","com_istat_code":"004162","com_istat_code_num":4162}},
{"type":"Feature","geometry":{"type":"Polygon","coordinates":[[[7.604101465561072,44.378820978782635],[7.6080614221709215,44.37683757832737],[7.620076279237271,44.37227610592259],[7.625080049549509,44.37111885335124],[7.630909495246819,44.36609102168779],[7.632632134348638,44.36166879245693],[7.635839388890513,44.35770991966002],[7.639375399636605,44.35536634566186],[7.640599751480878,44.35456168021778],[7.641330475005343,44.354117862701216],[7.641626592832717,44.353939195489666],[7.6419904558522065,44.353774643847416],[7.642561739491261,44.35351778229629],[7.644110445279739,44.35287487319408],[7.644996024489038,44.35252525722465],[7.647270026628256,44.35178247461745],[7.648075468939485,44.35153931607391],[7.648711609948471,44.351312096950245],[7.6497435774549505,44.35071753722736],[7.64976961278346,44.350699266667235],[7.650047830970522,44.35049621739763],[7.650174060430789,44.35038666679773],[7.650795067270146,44.34983877566887],[7.651587020035214,44.34892560658463],[7.651735361759522,44.34869778855633],[7.652169961240939,44.34802321041626],[7.65503753617979,44.34342957094799],[7.657824032693863,44.33743944494936],[7.65258794382628,44.33436634758304],[7.652047011017785,44.33198770654916],[7.654333766595492,44.324546809402605],[7.656577909495278,44.31726288739484],[7.658012067009223,44.30633223734893],[7.654470888311358,44.290526485524616],[7.650270742531049,44.278714619213176],[7.644319492298594,44.26435644728585],[7.640798434404876,44.25787298158066],[7.632467277986445,44.251079823591816],[7.62226620992145,44.24565446982733],[7.611425553763981,44.242525203224496],[7.603365476514578,44.24020317755195],[7.60028013107103,44.24305535934088],[7.599767110985876,44.24353072872713],[7.599660190513564,44.2436329664239],[7.599528894168985,44.24388794164946],[7.598660957513504,44.24612353349264],[7.59867026976249,44.246605306142456],[7.598860083978002,44.247413399214324],[7.600017896809218,44.25156895781801],[7.600500457271655,44.253024363379055],[7.600947901196081,44.25422723167642],[7.602074380521183,44.25588405944163],[7.6021541597863,44.25720848219504],[7.6012260717929,44.260028540870785],[7.6005254474782005,44.26178905124521],[7.5915780974035405,44.26551430405827],[7.588286327770881,44.2730316278742],[7.588497542929458,44.27819293503267],[7.589347420732052,44.278680591452435],[7.593247057230902,44.280961401866364],[7.593445346022284,44.28115290871198],[7.594028898457,44.28175879384181],[7.594403105115609,44.282227039513],[7.594429988482522,44.282380427513644],[7.59434875568804,44.282798062313745],[7.593771109413749,44.284488001287265],[7.591508401266053,44.290880648973385],[7.589192749506779,44.295563638099246],[7.587044003490274,44.29672994919426],[7.58609033246339,44.297537420335466],[7.585135612964241,44.29910560027305],[7.584440990172792,44.30042942699923],[7.583217224087949,44.30283603449176],[7.581281172259345,44.30689929956377],[7.581179508723804,44.30733018375107],[7.579549984967345,44.31525665153975],[7.581501007054872,44.326055655439674],[7.581802115416018,44.326311457048604],[7.582232535537103,44.326730933854705],[7.582523672029641,44.32705864843378],[7.582581712983446,44.32717191344068],[7.582791817788628,44.32806580658486],[7.582845744522964,44.32833205474351],[7.582907650596659,44.32896752612108],[7.582918646344846,44.329210748604694],[7.582902633902109,44.329404109993845],[7.582120477701716,44.33517425391298],[7.581312356475975,44.33957309860891],[7.578222777633299,44.35237241049527],[7.577768537145469,44.35265311829078],[7.5775628397579515,44.35280722015382],[7.577486868065944,44.3531132461217],[7.577424499967897,44.35337356728405],[7.577197356233061,44.35438355295275],[7.577095258032954,44.35534557841264],[7.577006901065585,44.356663385860124],[7.577748139824593,44.358896783786776],[7.577989494038952,44.35950261638874],[7.578217671005613,44.35946500471111],[7.580053407444061,44.35933029831492],[7.580787917143527,44.35928106734902],[7.581299695693217,44.3592467628268],[7.5817016392631835,44.35922631137461],[7.582081850286873,44.35920696882408],[7.589269643876306,44.35916545792707],[7.59080629995257,44.359432002340625],[7.602835184990334,44.36348066820943],[7.6041034328571495,44.36557320187305],[7.603719198657725,44.37209093224673],[7.603623748870845,44.374179261592005],[7.6036457853727955,44.376762321738845],[7.603661321173188,44.377694427354],[7.603723108471051,44.37857745841308],[7.603783203676584,44.37882125744],[7.603857701287699,44.378857865401265],[7.604003473967129,44.378866554385354],[7.604101465561072,44.378820978782635]]]},"properties":{"name":"Peveragno","op_id":"781","minint_elettorale":"1010271630","minint_finloc":"1010271630","prov_name":"Cuneo","prov_istat_code":"004","prov_istat_code_num":4,"prov_acr":"CN","prov_iso_3166_2":"IT-CN","reg_name":"Piemonte","reg_istat_code":"01","reg_istat_code_num":1,"reg_iso_3166_2":"IT-21","opdm_id":"650","com_catasto_code":"G526","com_istat_code":"004163","com_istat_code_num":4163}},
{"type":"Feature","geometry":{"type":"Polygon","coordinates":[[[8.184382080411032,44.53840732683871],[8.189099648240537,44.53978680945334],[8.189416461631208,44.53988808569586],[8.189695622011852,44.540038616533884],[8.189886731016575,44.54024252267087],[8.19027228593095,44.541167625789676],[8.190509873130951,44.54174137539673],[8.190627549804308,44.54210680538307],[8.190772870973573,44.54283254821786],[8.190759606739105,44.542967487452664],[8.190666245621545,44.54314688577886],[8.188781418984023,44.5463609613885],[8.188222509123088,44.550372124457105],[8.18793625263635,44.55355699280626],[8.189705930161598,44.55617130489584],[8.191288236080535,44.55812699106897],[8.193865127942578,44.55791569399679],[8.201799090187802,44.558016450832284],[8.204165453962032,44.5581859877987],[8.206058662157318,44.55840146773064],[8.208677579339945,44.559130211791334],[8.211260963488716,44.56041384930928],[8.212728650840884,44.561904889648574],[8.214041243258318,44.56345378536615],[8.21462000395452,44.56402448434618],[8.215527496713984,44.564697746722416],[8.215839705491604,44.564867900973326],[8.215935612814176,44.56491995799941],[8.216002017308497,44.56494503238103],[8.216105416702634,44.56498366199967],[8.216268792947295,44.5650446883771],[8.216936389877263,44.565102699069584],[8.217633233019908,44.56508046346762],[8.218529694702413,44.56499207378346],[8.21975838938696,44.564806921380395],[8.220808894342785,44.564616042466895],[8.221744700008319,44.564442406342614],[8.230841484014311,44.562194868006024],[8.232301565653634,44.56168632637107],[8.23348807275334,44.561428285028384],[8.235926094623752,44.56032045094429],[8.236766519740218,44.559793636332216],[8.240119261087516,44.55528358205049],[8.241280366413303,44.549359525185146],[8.242062824880724,44.549819344245655],[8.24279443845405,44.55010328312583],[8.243274751593843,44.55004794504884],[8.243917114009186,44.54966059420773],[8.246023153323902,44.548256617807816],[8.248912119574502,44.54144079624272],[8.251354199941407,44.53193666556442],[8.252777440115311,44.52874738628847],[8.246509041827993,44.52447950418892],[8.241534328236307,44.52079798122274],[8.23277334973396,44.517510085729285],[8.227181983155965,44.51600495945033],[8.22577066446786,44.515392224952855],[8.22416292305791,44.51417497093149],[8.223437112195953,44.512990694929975],[8.221842662637487,44.509837930583195],[8.218306654754318,44.502467636538086],[8.21704667025373,44.49983856182591],[8.21648955678159,44.49823227165092],[8.21619960959133,44.497303689473895],[8.216483053929565,44.49586515428327],[8.216692074209815,44.49528147764496],[8.216718843033584,44.495226854537755],[8.212811688839919,44.49784756906357],[8.209613728819726,44.50115644840304],[8.202926766485415,44.50799248193105],[8.197257821731483,44.51022237565724],[8.196194649876134,44.51050654359966],[8.194941832486268,44.51083532548421],[8.194719738563773,44.51086075158309],[8.193511627053512,44.510883735391154],[8.189567440713384,44.510711782357056],[8.182317945180483,44.51368947427382],[8.182162736767694,44.51615507597799],[8.18193468858936,44.51806648223515],[8.18174311114902,44.518803321758604],[8.179737195301993,44.517299011826246],[8.180057124271302,44.51854819468625],[8.182201812516942,44.525139933914886],[8.184479519824201,44.53001762310609],[8.186208941991874,44.534981391033526],[8.18628807570673,44.53542758318058],[8.186159383947198,44.53599833510792],[8.186041438518142,44.536276555864646],[8.18599649703674,44.536363138088475],[8.185848221772478,44.536648788396846],[8.185410827479672,44.53732535741164],[8.184771876194926,44.53812652669912],[8.184382080411032,44.53840732683871]]]},"properties":{"name":"Pezzolo Valle Uzzone","op_id":"782","minint_elettorale":"1010271640","minint_finloc":"1010271640","prov_name":"Cuneo","prov_istat_code":"004","prov_istat_code_num":4,"prov_acr":"CN","prov_iso_3166_2":"IT-CN","reg_name":"Piemonte","reg_istat_code":"01","reg_istat_code_num":1,"reg_iso_3166_2":"IT-21","opdm_id":"651","com_catasto_code":"G532","com_istat_code":"004164","com_istat_code_num":4164}},
{"type":"Feature","geometry":{"type":"Polygon","coordinates":[[[7.71568145820419,44.32725851552247],[7.714007648450611,44.32824737299006],[7.713973908273365,44.328267716926355],[7.71331569310177,44.32878530673048],[7.712788747136475,44.329200201121424],[7.712756426652198,44.329226754712046],[7.7123963266611275,44.32988487911238],[7.712381987216781,44.32991117166019],[7.711997900937249,44.330996017938084],[7.7116195602061,44.33400769596302],[7.7116261186439665,44.33415630559835],[7.711661447884744,44.334314255310765],[7.711718166133944,44.334517472601824],[7.71179259917669,44.33466234906037],[7.711990371285673,44.33490316520751],[7.712142105668664,44.33504441351839],[7.712556799410331,44.335260663969684],[7.713096875603438,44.33757598026008],[7.710994236812228,44.343548155658226],[7.707688581003275,44.35095165067025],[7.7076114531848585,44.351082563241505],[7.707380565549427,44.35146132653604],[7.705772589744335,44.35398927536671],[7.702505190796759,44.35724895877187],[7.68695395270701,44.37026389179303],[7.686571547473193,44.370531329857954],[7.68652781184842,44.37056198218969],[7.685165652300053,44.37152713338539],[7.68501024510404,44.37166941606006],[7.684836350424868,44.37182963089909],[7.684613533154538,44.37209692296025],[7.684328125048815,44.372440246553346],[7.684006316325578,44.372832661222446],[7.683744975889717,44.37321248366276],[7.683656010625689,44.37334178282316],[7.683027883803515,44.37457240058367],[7.683010719143226,44.374761262730225],[7.682971240957265,44.37522396683894],[7.685304153735559,44.37847881937886],[7.688074478228079,44.390574403362464],[7.688220931772328,44.39069312794879],[7.689400132651455,44.39110728010816],[7.689888780006166,44.391274954910955],[7.691236995703702,44.39144690590838],[7.69864871835851,44.39167669395181],[7.708740672904505,44.39016625046217],[7.71410018248074,44.388138371461544],[7.7176307525273975,44.394839810916174],[7.721223154388687,44.3998766234155],[7.721531082783213,44.40030783212726],[7.722198292062408,44.40106690194783],[7.722534235607882,44.40130022775088],[7.722729172317975,44.40134291090685],[7.722945897504456,44.4013903621935],[7.7242199966687926,44.40119752919663],[7.728016862811192,44.39972292626191],[7.7287493960432485,44.39938447381122],[7.730411941569391,44.39832661863339],[7.730440249676169,44.39830841540383],[7.730817408945843,44.39806520340734],[7.731435772146272,44.39766330291366],[7.734328485948276,44.395678950702894],[7.74030750882535,44.39219780793734],[7.738713852592152,44.39114276836141],[7.7307722138754364,44.38509744575689],[7.730289084253172,44.384649079453446],[7.730070026684796,44.38444556696397],[7.72795993317939,44.38168524660978],[7.724508928090358,44.375871496941954],[7.724187616099445,44.37529622887324],[7.723111227049543,44.37324056068023],[7.72289562250449,44.37211731271611],[7.723201201213945,44.36866817252794],[7.723510754124058,44.367757814072604],[7.723837376480366,44.36752246402888],[7.727037139793281,44.36594259126723],[7.7299968896955304,44.364859192700294],[7.730772249714812,44.36291419233457],[7.729828780594723,44.35982474637198],[7.728675803791343,44.35692651406738],[7.727778538967402,44.355552588774195],[7.72527386148296,44.35248619303241],[7.721160491856628,44.35011748954104],[7.718622744310324,44.344475763355184],[7.717865440945727,44.342779242740164],[7.713920179349284,44.33299828662874],[7.713785527954702,44.33259615354719],[7.713615424110078,44.33169845273461],[7.7139832867608975,44.33059523613129],[7.71568145820419,44.32725851552247]]]},"properties":{"name":"Pianfei","op_id":"783","minint_elettorale":"1010271650","minint_finloc":"1010271650","prov_name":"Cuneo","prov_istat_code":"004","prov_istat_code_num":4,"prov_acr":"CN","prov_iso_3166_2":"IT-CN","reg_name":"Piemonte","reg_istat_code":"01","reg_istat_code_num":1,"reg_iso_3166_2":"IT-21","opdm_id":"652","com_catasto_code":"G561","com_istat_code":"004165","com_istat_code_num":4165}},
{"type":"Feature","geometry":{"type":"Polygon","coordinates":[[[7.478081194914568,44.57238759077445],[7.473087673871838,44.56749559637312],[7.463725180623151,44.5579758823375],[7.463314972291028,44.55774530104221],[7.460904960056251,44.557042172490654],[7.460412722225952,44.55690581230358],[7.45918611841905,44.556566006540066],[7.458838226862412,44.556469628519665],[7.453795380744057,44.55510959325052],[7.451610640636199,44.55488193745809],[7.4495512860860105,44.55467392686923],[7.448134956571161,44.55453768038392],[7.446401442669381,44.55449159494915],[7.444725783574079,44.55446878305088],[7.442517097726099,44.554438678294645],[7.441629213635675,44.55452108768216],[7.441562142982536,44.554527562521535],[7.440936874809649,44.55458813258499],[7.440708422735225,44.55461202536939],[7.43496397694346,44.55537516270896],[7.434594165471041,44.5555092264356],[7.4343298495325,44.555605045875716],[7.434170564905034,44.555663068228135],[7.433913047786913,44.55575687422999],[7.430162634630058,44.557255065770974],[7.426959874304361,44.55728999819102],[7.425557309211381,44.55838922692843],[7.423207541546438,44.560425880988056],[7.421291009590603,44.56237991659544],[7.421053885491277,44.56323188036315],[7.4206304794485956,44.5649184951808],[7.4205748336286375,44.56518977020299],[7.420492723643353,44.5655919003939],[7.420528073763948,44.5677708629922],[7.420582022826623,44.568104693835764],[7.420954987211206,44.57014442176471],[7.4211212519201,44.57051581196997],[7.421314463916526,44.570824598042414],[7.421520979994323,44.57100299200752],[7.42522915200056,44.57285470561336],[7.428282458466854,44.57677233816464],[7.428413922011325,44.57703521774938],[7.428651859854923,44.57895601988626],[7.4281200424447364,44.580956571919074],[7.427663518285811,44.582444365064546],[7.4271963334519615,44.58388734311238],[7.427123201092601,44.58398535638683],[7.427872131099349,44.583801724324964],[7.430805354375077,44.5827124029318],[7.431451954300799,44.582559471940804],[7.432006955254908,44.582531086279786],[7.444826450101151,44.5822022646299],[7.453032178209394,44.581998660773415],[7.4570789448203065,44.58235049054901],[7.460981055545772,44.58150290971551],[7.462746270431826,44.58095952633926],[7.47024335765972,44.577513287753256],[7.475493665989575,44.574216582961505],[7.478081194914568,44.57238759077445]]]},"properties":{"name":"Piasco","op_id":"784","minint_elettorale":"1010271660","minint_finloc":"1010271660","prov_name":"Cuneo","prov_istat_code":"004","prov_istat_code_num":4,"prov_acr":"CN","prov_iso_3166_2":"IT-CN","reg_name":"Piemonte","reg_istat_code":"01","reg_istat_code_num":1,"reg_iso_3166_2":"IT-21","opdm_id":"653","com_catasto_code":"G575","com_istat_code":"004166","com_istat_code_num":4166}},
{"type":"Feature","geometry":{"type":"Polygon","coordinates":[[[6.952920781247955,44.319236137261115],[6.953504729355087,44.322073378152396],[6.957103718605329,44.32836832921434],[6.957448235937582,44.32873864351612],[6.959351130492275,44.330105069650656],[6.960001790389371,44.330499315615526],[6.966045730200328,44.332934364592376],[6.978981871819688,44.33909239155902],[6.984365634351428,44.34196491817227],[6.984905539301702,44.34231224222815],[6.9855340232799925,44.34292181972702],[6.992731876158835,44.35089900467992],[6.997785929748839,44.36220065600126],[7.000706212549783,44.366262542519536],[7.008331477867509,44.37225658393449],[7.009070318266135,44.37274661471605],[7.010658545924417,44.3736475556179],[7.01097488896611,44.373815115256875],[7.0117822645880326,44.3741352782331],[7.012642276771604,44.3744641894975],[7.013304283470783,44.374607407499866],[7.014154877562502,44.37471673376222],[7.01452974162786,44.37473225118394],[7.016536878593127,44.374488045527166],[7.018026495046153,44.37407279464968],[7.0183680575313865,44.373889662658954],[7.019656240571679,44.373479872799706],[7.0219769423387834,44.373065467510095],[7.023403616966844,44.3729686325744],[7.025440308886848,44.37292735725046],[7.0271280716017355,44.37303304751132],[7.02757655610599,44.37312182995708],[7.027803305289856,44.373202264195946],[7.027926958651287,44.3733979555337],[7.030482496067196,44.3780018529509],[7.036784456048269,44.37969945500365],[7.036936886801425,44.37970731992016],[7.037059216577765,44.37971244706592],[7.042452213586869,44.3781897859358],[7.042926385919123,44.37797677968234],[7.045251067484384,44.375753256329475],[7.045804657838548,44.37512552176901],[7.046045007616628,44.37485280184589],[7.045620297441506,44.374507921971386],[7.045226940585385,44.37414108468829],[7.044641404874415,44.373572895401246],[7.040696480537781,44.3656638894738],[7.040747606369795,44.36550721853662],[7.040933755508117,44.365402042146634],[7.043959590834396,44.36417587452807],[7.04433847813646,44.36405632436196],[7.04627909734992,44.3634503519208],[7.0472820701874435,44.36319742015258],[7.04825673473958,44.36266014511747],[7.048744905650247,44.36222762798485],[7.049422112866823,44.361082284991035],[7.050487062637512,44.35849874779659],[7.0505355483295675,44.35834036077365],[7.050562305714573,44.358251862557246],[7.050576696081351,44.35820314011248],[7.050571125459978,44.358116932145215],[7.050546437149843,44.35778403023574],[7.048883172993777,44.34345939500595],[7.050871035794459,44.33771790620997],[7.054516397330899,44.33645667377911],[7.054876387899015,44.33630975651982],[7.0554340659069155,44.335945652192926],[7.056005187722341,44.33555474383602],[7.056554190083325,44.33507344470274],[7.056882559885643,44.334732422453214],[7.056953310958054,44.334513056541695],[7.0570809150094975,44.33333136074947],[7.057170128152648,44.3314017887058],[7.05716579789793,44.32961015884497],[7.0569919605224145,44.32834679775651],[7.056857964778748,44.32779984894074],[7.056606609437302,44.32734093478988],[7.056205638927141,44.32680745482406],[7.05574960586942,44.326399057053486],[7.055042393648604,44.325918860509084],[7.054243740913915,44.32551363836848],[7.053529381824855,44.32524938028043],[7.053444705795573,44.316634938613205],[7.057203063828933,44.31115408610116],[7.051545587614091,44.30811921613996],[7.038639719172481,44.30315377761606],[7.022460742806782,44.29821125219604],[7.013002922053855,44.29354960929291],[7.010405651031005,44.288256275623894],[7.002883733196251,44.28253292023518],[7.000460463056485,44.281442455779576],[6.995748880574193,44.28013904373984],[6.995676891049453,44.28019842739369],[6.994965084427837,44.28071189752452],[6.991130501864153,44.28258010325145],[6.9820766398433705,44.286849862531945],[6.981240950384895,44.28713217781576],[6.980986191292544,44.287217707945075],[6.979863835763752,44.28705380055253],[6.978884871719729,44.28665816911716],[6.9786523730912,44.286564206342234],[6.978449247943673,44.28644992949882],[6.970190489607066,44.28929408678878],[6.963376048734403,44.29386414221777],[6.962235570868867,44.29387080408894],[6.960463728271614,44.29436132827007],[6.959309527574254,44.29476383413111],[6.958344815982035,44.29548481787168],[6.9566602203374295,44.29744432398005],[6.956256617210616,44.29823835065564],[6.957774281068555,44.30255084838038],[6.9596510974294485,44.30663565687634],[6.956847360367218,44.314111862142546],[6.954021297844135,44.317158221832564],[6.952920781247955,44.319236137261115]]]},"properties":{"name":"Pietraporzio","op_id":"785","minint_elettorale":"1010271670","minint_finloc":"1010271670","prov_name":"Cuneo","prov_istat_code":"004","prov_istat_code_num":4,"prov_acr":"CN","prov_iso_3166_2":"IT-CN","reg_name":"Piemonte","reg_istat_code":"01","reg_istat_code_num":1,"reg_iso_3166_2":"IT-21","opdm_id":"654","com_catasto_code":"G625","com_istat_code":"004167","com_istat_code_num":4167}},
{"type":"Feature","geometry":{"type":"Polygon","coordinates":[[[8.001968979778598,44.72729709971846],[7.995146237438132,44.7242890069188],[7.990583285952236,44.721994043514165],[7.980432947835439,44.72159744932264],[7.977448142341308,44.7214942323749],[7.9772568970869555,44.721469523231704],[7.977035189371932,44.7214410380756],[7.976617471699882,44.72145502824579],[7.976043504914535,44.72149066738575],[7.975805542165132,44.72153151243715],[7.975420545754156,44.721597597523406],[7.975159666020512,44.72177980838867],[7.973233699654048,44.72345371712472],[7.972551559949256,44.7243580270385],[7.970306773741138,44.72773166226846],[7.969721383172574,44.72863865800791],[7.968922889163712,44.730392855152346],[7.968976049713479,44.73065678223597],[7.968987138312938,44.73070849995144],[7.970983188041822,44.738234401506425],[7.971037617407907,44.73841494477205],[7.971100082302476,44.73856403246275],[7.971162357835071,44.73871149439006],[7.971445658954477,44.73904427870344],[7.9730719680560505,44.74090886922126],[7.9754784099401,44.74259139083184],[7.977182974683554,44.7437724656748],[7.977723416716205,44.74388083702889],[7.979835384710571,44.74385019662726],[7.98001749415552,44.74379780314544],[7.982635546702197,44.74192169854329],[7.98402734467543,44.74063775611064],[7.985356075022863,44.73934425805501],[7.9855488712073734,44.738679799752646],[7.985618082227757,44.73815377219022],[7.98559603668122,44.73776648081491],[7.985554473087645,44.73769263370402],[7.986326530283232,44.736698479317326],[7.9898759839219435,44.73507674427754],[7.991947808749238,44.73418133134952],[7.994039661302588,44.733857686386614],[7.997831191305444,44.73397655076189],[7.998708621117709,44.734245308026836],[8.001968979778598,44.72729709971846]]]},"properties":{"name":"Piobesi d'Alba","op_id":"786","minint_elettorale":"1010271680","minint_finloc":"1010271680","prov_name":"Cuneo","prov_istat_code":"004","prov_istat_code_num":4,"prov_acr":"CN","prov_iso_3166_2":"IT-CN","reg_name":"Piemonte","reg_istat_code":"01","reg_istat_code_num":1,"reg_iso_3166_2":"IT-21","opdm_id":"655","com_catasto_code":"G683","com_istat_code":"004168","com_istat_code_num":4168}},
{"type":"Feature","geometry":{"type":"Polygon","coordinates":[[[7.848939252507437,44.504837292129466],[7.850028197619221,44.50545684082674],[7.85049358255547,44.50574061358515],[7.85074518700858,44.50666139975228],[7.85073880137432,44.50684589210282],[7.8500504560457385,44.508700574161885],[7.849890761045209,44.509088001102555],[7.849310535726914,44.51020297956825],[7.849217847916078,44.51051713809647],[7.849280454667219,44.510792354820055],[7.849961142936066,44.51196503978864],[7.851113586164351,44.513903190656514],[7.852190841525114,44.514827794985514],[7.8579532900052325,44.5193013353963],[7.858525613102153,44.519653661380815],[7.860068101249192,44.52054781944253],[7.860878972140027,44.52096902154762],[7.863205937428803,44.52184746144788],[7.864263296127962,44.522010894566854],[7.8666462006321165,44.52301147334337],[7.867286014150493,44.523355426844496],[7.875927389201755,44.5280906498088],[7.879135179465933,44.53131809540175],[7.885492810180259,44.536187685644634],[7.89328330752212,44.54097629991988],[7.895592005521181,44.54213747111385],[7.897268213075311,44.541234211273],[7.90267719133914,44.538379665215466],[7.907853910919188,44.534009031114344],[7.908756506755907,44.53302287614989],[7.909139521490342,44.532585409738154],[7.909805718888402,44.53060670469884],[7.9097335187338915,44.524484263382085],[7.909408625739195,44.52287402952906],[7.909369888782893,44.52270118227778],[7.9092754799301375,44.52228793841866],[7.908749075921577,44.520509219191055],[7.90830074817185,44.51973522341636],[7.907812346393591,44.5190418457575],[7.907341795599892,44.51842517103378],[7.905355948516861,44.51683520300254],[7.904357995617225,44.516416011139036],[7.903417950427106,44.516222449344646],[7.902311404735109,44.51612178951312],[7.899542110659962,44.51578904126733],[7.898735756495151,44.515533710441794],[7.897994288529475,44.51525647179101],[7.897444053473626,44.51499458681215],[7.8972326946094515,44.51483949358357],[7.891461509000012,44.50807669074643],[7.890922546128763,44.507369252870596],[7.890845356972101,44.50683733546468],[7.8900064977641025,44.50055037454857],[7.889060518757258,44.49824951968656],[7.885916239742134,44.49464035037036],[7.881080375992791,44.494277971290764],[7.870614599453957,44.495907947696615],[7.865945691992761,44.4968474683109],[7.863432589092144,44.497364676500986],[7.8587852037957235,44.49854067006565],[7.851842678070351,44.50258528480405],[7.849973342455029,44.503829480421345],[7.8492539774028955,44.50452626774783],[7.848939252507437,44.504837292129466]]]},"properties":{"name":"Piozzo","op_id":"787","minint_elettorale":"1010271690","minint_finloc":"1010271690","prov_name":"Cuneo","prov_istat_code":"004","prov_istat_code_num":4,"prov_acr":"CN","prov_iso_3166_2":"IT-CN","reg_name":"Piemonte","reg_istat_code":"01","reg_istat_code_num":1,"reg_iso_3166_2":"IT-21","opdm_id":"656","com_catasto_code":"G697","com_istat_code":"004169","com_istat_code_num":4169}},
{"type":"Feature","geometry":{"type":"Polygon","coordinates":[[[7.91068879542039,44.69439214263239],[7.904803436279729,44.69475446512921],[7.901757912749583,44.694997529485406],[7.901279621758315,44.69503569719257],[7.895381006184715,44.69594203553285],[7.882846389682568,44.69786807856466],[7.881590127575577,44.698459018012336],[7.876695480013417,44.70164727731383],[7.875347977388802,44.70275030459088],[7.874821510219326,44.70327174303079],[7.869229374696591,44.71029686639324],[7.867636721535965,44.71385517720141],[7.8658792277200895,44.717933612026364],[7.863203864876865,44.721494149758065],[7.862122016031655,44.72289700072278],[7.860748838675848,44.72458473453095],[7.860717947513257,44.724620074718594],[7.860456180909603,44.724919417608135],[7.859992909514692,44.72526138562011],[7.858702987574616,44.72604741453801],[7.846688985666968,44.7327583707089],[7.843015018720417,44.73406578989831],[7.845388630168978,44.733923274909905],[7.845642606617127,44.73395285409319],[7.8470898762475585,44.73468764699939],[7.847228653511983,44.73494695210448],[7.847736433612118,44.735895978104885],[7.84783470136864,44.7361940409677],[7.848239777093905,44.73968650203903],[7.84941444142297,44.75046953486536],[7.846627749007432,44.75360119053903],[7.842059592223609,44.7552563774466],[7.842985736838377,44.75682315755144],[7.846188298255914,44.75689606649902],[7.8531933259208255,44.75687662638351],[7.853961457156587,44.75682582035615],[7.863710691619105,44.75358875756731],[7.8645430988734555,44.752964376608425],[7.865278065777328,44.75171754471114],[7.865299240787418,44.751633162291434],[7.865351305248034,44.751425683236185],[7.865553042425153,44.75061749380147],[7.878647979993101,44.74219021488703],[7.890078888019894,44.73158469987256],[7.905805475441795,44.720870756310504],[7.909575361387068,44.71817911097756],[7.90956577297016,44.71639954983769],[7.907903976581818,44.711929062809936],[7.906759761993996,44.7089158387833],[7.9049213914545335,44.70558986654018],[7.904253484361087,44.705417241621056],[7.90381830240955,44.70530472507172],[7.903279811674528,44.70510704974016],[7.902877308307134,44.704958095745056],[7.90320350781926,44.703750430445155],[7.903363902728151,44.703256852747494],[7.904210357675131,44.70092520780254],[7.907265819586542,44.699738330416736],[7.9090841094419835,44.69892300193202],[7.911463877362968,44.697505348558174],[7.911962313374118,44.695993186517136],[7.912052540692821,44.69566096857573],[7.9120814970425375,44.69523138215258],[7.911966532888264,44.69498947652483],[7.911697125424808,44.69484288099931],[7.9116334244849185,44.69480858605498],[7.911271520719643,44.69461375805131],[7.911073403140237,44.69453534332126],[7.91068879542039,44.69439214263239]]]},"properties":{"name":"Pocapaglia","op_id":"788","minint_elettorale":"1010271700","minint_finloc":"1010271700","prov_name":"Cuneo","prov_istat_code":"004","prov_istat_code_num":4,"prov_acr":"CN","prov_iso_3166_2":"IT-CN","reg_name":"Piemonte","reg_istat_code":"01","reg_istat_code_num":1,"reg_iso_3166_2":"IT-21","opdm_id":"657","com_catasto_code":"G742","com_istat_code":"004170","com_istat_code_num":4170}},
{"type":"Feature","geometry":{"type":"Polygon","coordinates":[[[7.591521421752934,44.808294906767145],[7.596712162404735,44.80989431417577],[7.597582507431994,44.81030497336387],[7.598414492747325,44.80994159643389],[7.604381853056073,44.80833580678168],[7.608794557109623,44.80780957788151],[7.620454105667391,44.802337648358666],[7.621537411948696,44.79560812763023],[7.621542030751619,44.79541415296489],[7.621560876571919,44.794622669552474],[7.618193623283066,44.79428940331546],[7.617317530697398,44.79262689391148],[7.61842136014407,44.78884526469267],[7.618812459047975,44.78779623726544],[7.6192635721873065,44.786729754902225],[7.619323256973552,44.78360401634133],[7.614915111646578,44.78395569205629],[7.600378242584761,44.780362081703785],[7.5916081046534005,44.78017773137883],[7.58649820821083,44.7791243481919],[7.5799692658501705,44.77362852521059],[7.581741052474498,44.76875335550101],[7.581668419447728,44.767429137084086],[7.581604281833863,44.76711325827402],[7.581364410656596,44.76692573091741],[7.580754414046379,44.76659857094284],[7.579815176169231,44.76623580701721],[7.578779247963967,44.765903338949165],[7.578160015612312,44.765760600261785],[7.577030601270824,44.76555713850049],[7.570298304077501,44.771374322494026],[7.569699267840718,44.77596243747729],[7.572206899039409,44.78180922074786],[7.577441910834489,44.7912908485078],[7.58142495238337,44.79785347347777],[7.58617133797261,44.80057247797387],[7.590253273271096,44.80602537627517],[7.591521421752934,44.808294906767145]]]},"properties":{"name":"Polonghera","op_id":"789","minint_elettorale":"1010271710","minint_finloc":"1010271710","prov_name":"Cuneo","prov_istat_code":"004","prov_istat_code_num":4,"prov_acr":"CN","prov_iso_3166_2":"IT-CN","reg_name":"Piemonte","reg_istat_code":"01","reg_istat_code_num":1,"reg_iso_3166_2":"IT-21","opdm_id":"658","com_catasto_code":"G800","com_istat_code":"004171","com_istat_code_num":4171}},
{"type":"Feature","geometry":{"type":"Polygon","coordinates":[[[7.046166010611047,44.599279893764816],[7.0460572427058885,44.59985868596939],[7.044691110115269,44.600438459451844],[7.038309106590715,44.602611102271204],[7.037728723198225,44.602785661955885],[7.035274447069136,44.603481648005165],[7.027778004962584,44.60523839674094],[7.027393142123415,44.60529922384453],[7.025919000123902,44.604967712797794],[7.011508580334298,44.604942683822806],[7.000209803246354,44.60184654266821],[6.9987858561927245,44.60111490596168],[6.998428370406331,44.60098710022034],[6.9973690192184455,44.600635441835365],[6.996517991388328,44.60038645416154],[6.996165183853523,44.600294732416785],[6.991757028461755,44.599506086982544],[6.990814112203989,44.5995526930738],[6.989380717674686,44.600076422546266],[6.984994632624084,44.602033081028246],[6.977916136272486,44.60545091921946],[6.9760903954263735,44.6065078564154],[6.9733651787190345,44.60829236861695],[6.972869390224138,44.60869196572493],[6.972529972049734,44.60901035831818],[6.972268744735346,44.609425484660974],[6.972245744777429,44.60946445650713],[6.971977299247811,44.61075601259773],[6.97183221744278,44.611541149440356],[6.97182529452286,44.612441263141854],[6.971842941204455,44.612851161383134],[6.971725884816065,44.613943373395344],[6.9715736484411845,44.61524554180954],[6.971523690607306,44.61546971366974],[6.971386840208931,44.61580067971663],[6.971052775448187,44.61617425226562],[6.97095444267276,44.616284115216175],[6.970653662196708,44.61660240891868],[6.970558323852641,44.616699866257],[6.9679541249376875,44.6188891298447],[6.9673363689400185,44.61928454612883],[6.968480331234057,44.62029037919961],[6.968584299807116,44.62598173069888],[6.968483869318987,44.62633103954515],[6.967860404796121,44.626869083016125],[6.966418123767232,44.62776164837089],[6.9634082205047285,44.629139354242525],[6.961934324429534,44.629491152639325],[6.958229328369326,44.631990621732406],[6.9549168492114175,44.63480308573454],[6.953794051758996,44.63626834660049],[6.952655445561642,44.63782335925199],[6.952470539252988,44.63829716947948],[6.952455045592573,44.63864798322604],[6.952790102898031,44.640850553971596],[6.949553446287339,44.64909261725118],[6.9488779943939205,44.65005274665766],[6.948290618146414,44.651041447641056],[6.947859191147517,44.65189791736194],[6.947599129050675,44.65262243389131],[6.947519862122589,44.65358425640008],[6.947936133258456,44.654789041341786],[6.94846389866678,44.655491713020446],[6.949604273897303,44.65695257267825],[6.9525598573983185,44.659553285054024],[6.95829119714824,44.667640976994306],[6.958034527010639,44.66884270226595],[6.958088514933908,44.67125627845267],[6.959140726584146,44.67434488085098],[6.959760724894541,44.67501313943098],[6.962142440875328,44.67689214185271],[6.964796082009252,44.67818581463422],[6.974656137170839,44.68029563735335],[6.98099147853351,44.684176828067464],[6.987115510117726,44.68952430785714],[6.987634598380959,44.689839527356064],[6.988920875310972,44.69023129360512],[6.989611446646302,44.69033348461519],[6.995735736253253,44.69059419324885],[6.998473232149983,44.69062422758204],[6.9991761973092395,44.69036647138082],[6.999918497217869,44.68981578199804],[7.00040410866575,44.68916377084504],[7.01230480285449,44.68914645113171],[7.022288110501479,44.69133634867965],[7.029219931616765,44.69160926494547],[7.030411015399205,44.691467780466894],[7.0358740825222705,44.68964441340297],[7.0395697660496515,44.68745737187887],[7.048941746455235,44.68307176811729],[7.06095205486748,44.680116580676014],[7.061894492703189,44.679931533721394],[7.0622602469806015,44.67985971693599],[7.070047235453581,44.67980257383427],[7.071117644663674,44.679865685588915],[7.071930160809434,44.680095450235044],[7.072761945423001,44.68050560964532],[7.0734036688716015,44.68093954397724],[7.073840955254044,44.68145105690213],[7.073866100137201,44.68173955598443],[7.077529791372617,44.68023766815857],[7.086287582371248,44.674908645085154],[7.086482587519257,44.674781383697606],[7.086534142263673,44.674730927023816],[7.087291635788624,44.67398909043812],[7.087543065600728,44.6736325006613],[7.08809508487583,44.67255330733745],[7.089532847318008,44.66946688229126],[7.089674899792187,44.66903735634164],[7.08975753995438,44.66866963496527],[7.0900244945519635,44.667467790419956],[7.094537918725657,44.66449593033419],[7.100796101609568,44.65841561226129],[7.105487045882777,44.64855046081037],[7.106878970420076,44.63996279259345],[7.107593775403785,44.638255040405035],[7.108199968194207,44.63703828936458],[7.108933193147295,44.636215484388906],[7.1039751289535005,44.63426113257323],[7.0886666216061425,44.62978375566788],[7.083367950086465,44.62676464695522],[7.07745378549414,44.62128628576637],[7.076532742262884,44.61996542359668],[7.076284058872467,44.61942110704526],[7.076120244231367,44.618788172119004],[7.075862111984493,44.61728942137233],[7.07617009604903,44.612293786625976],[7.074502472434599,44.60327677213937],[7.074414306121905,44.60283416104813],[7.074216007132209,44.602614773980015],[7.073150684894531,44.601881095990166],[7.066563884921027,44.59947865768241],[7.05101158050927,44.59871455119584],[7.046166010611047,44.599279893764816]]]},"properties":{"name":"Pontechianale","op_id":"790","minint_elettorale":"1010271720","minint_finloc":"1010271720","prov_name":"Cuneo","prov_istat_code":"004","prov_istat_code_num":4,"prov_acr":"CN","prov_iso_3166_2":"IT-CN","reg_name":"Piemonte","reg_istat_code":"01","reg_istat_code_num":1,"reg_iso_3166_2":"IT-21","opdm_id":"659","com_catasto_code":"G837","com_istat_code":"004172","com_istat_code_num":4172}},
{"type":"Feature","geometry":{"type":"Polygon","coordinates":[[[7.235247809870925,44.379639788215236],[7.235905357478366,44.383070993826074],[7.237245418057753,44.38735897536675],[7.241168535266094,44.39497715282367],[7.24237027485697,44.40253135568675],[7.24265985578479,44.40371032130855],[7.242833379369487,44.40428013417492],[7.242858588294415,44.404328638332494],[7.242910325364443,44.404422065819496],[7.243641017194034,44.40538523449372],[7.244466687789251,44.40633094829081],[7.247643646430771,44.40898146515907],[7.249947842462315,44.41019621687171],[7.252067533477855,44.412821462543874],[7.2536343663782965,44.41672559410201],[7.253749741393829,44.41706946700734],[7.253894483930735,44.41769285814295],[7.253975365556354,44.41835129889099],[7.254074143572446,44.419729403507056],[7.254014501229553,44.41999038258102],[7.253900768516871,44.42036044011458],[7.253890083715717,44.42039376516933],[7.253780793677975,44.4205999566607],[7.2536906982145855,44.420768403160864],[7.251689943369631,44.423384505043174],[7.250495812250501,44.42424880168312],[7.247720986386814,44.425880744520335],[7.244855574082234,44.4275562524091],[7.2445455408846415,44.42788007757384],[7.243853748839741,44.42872018204829],[7.242953418198435,44.42998021571996],[7.242808528375939,44.430360598900904],[7.242795852561426,44.43078352441096],[7.242788792425761,44.431661186214974],[7.242804901554005,44.43208005684168],[7.2433038889102885,44.433496650922805],[7.244384670005428,44.43355377917287],[7.254961208850489,44.436232156641424],[7.259063118563707,44.437600163366135],[7.269575088519587,44.44205410967689],[7.272229201979634,44.44380940198231],[7.272703609016464,44.44418119946984],[7.272985368849495,44.44440151041877],[7.273278271494291,44.44461751031434],[7.274001310214384,44.445015554304916],[7.274412105025806,44.445161315974154],[7.2746098448141145,44.445194801677026],[7.276649310400705,44.4445513975407],[7.276922572641459,44.4444651421972],[7.276955104748188,44.444448555842456],[7.277109166220971,44.44436927442536],[7.277294369861402,44.44427321612566],[7.2782952558371,44.44359944882455],[7.278456129096708,44.44339030407554],[7.2788049674687425,44.44289142924424],[7.279577631184613,44.441372619192705],[7.280004402626029,44.44049228078822],[7.280783305496864,44.43886552947613],[7.280989639396216,44.43826995523518],[7.281167604437735,44.43758492462107],[7.282651789701164,44.434626391528504],[7.285059319712209,44.431907740578936],[7.288385057656613,44.42940090016778],[7.293080315189325,44.42693241498902],[7.297985857898658,44.42583530435302],[7.307353713413826,44.42456332458097],[7.3029348239886795,44.42254850814825],[7.301803675215443,44.42199819446118],[7.301621574965208,44.421907917237725],[7.301543484449133,44.42186777650158],[7.299383076540262,44.42048658570544],[7.299147824344736,44.42030781704266],[7.298601453680352,44.41981692345484],[7.296585281930851,44.417842551368295],[7.296244698251565,44.41745935328747],[7.296100190943919,44.41724924766591],[7.294948585051565,44.41494625875],[7.290879688500333,44.408817158100014],[7.283088403393572,44.40088635478487],[7.278779250709633,44.39752648683326],[7.269281271215864,44.39343973563109],[7.264458570660731,44.390296609930445],[7.260364049399396,44.387759829389736],[7.253250493867839,44.38489512157116],[7.237275613950957,44.37966211364879],[7.2350478423812525,44.379132328656524],[7.235247809870925,44.379639788215236]]]},"properties":{"name":"Pradleves","op_id":"791","minint_elettorale":"1010271730","minint_finloc":"1010271730","prov_name":"Cuneo","prov_istat_code":"004","prov_istat_code_num":4,"prov_acr":"CN","prov_iso_3166_2":"IT-CN","reg_name":"Piemonte","reg_istat_code":"01","reg_istat_code_num":1,"reg_iso_3166_2":"IT-21","opdm_id":"660","com_catasto_code":"G970","com_istat_code":"004173","com_istat_code_num":4173}},
{"type":"Feature","geometry":{"type":"Polygon","coordinates":[[[7.0450076977045715,44.45084461294977],[7.041179399731518,44.45539283530456],[7.033938333703467,44.462204869416865],[7.0332958216262735,44.46221181623129],[7.032857494140059,44.46224477073276],[7.032771211743909,44.46226582410561],[7.032577043490976,44.46231651334913],[7.032131716341742,44.46245287155633],[7.0289755332579595,44.463636288968495],[7.026938729488503,44.464519380950186],[7.0233315329502926,44.466302506815644],[7.021872587155578,44.4670424600632],[7.021655748194205,44.46728627802498],[7.021421197757844,44.467565799283044],[7.020939460007257,44.46907887901135],[7.020514295135011,44.47077748806763],[7.020242605968889,44.471956617708074],[7.020110440968514,44.472530491363365],[7.019890352748479,44.47364749606333],[7.0198072111255465,44.47428621117237],[7.017334179550073,44.479066877949826],[7.014159056444179,44.484702116566275],[7.013981717328596,44.48496480596786],[7.013576235857866,44.48528163800072],[7.012913282514003,44.48554594607908],[7.012873869751058,44.48556091930663],[7.012232211540567,44.48574440016975],[7.011482826744865,44.48581152909499],[7.01103222996205,44.48576740771441],[7.010066421758279,44.48563660421749],[7.007712036782186,44.488595938013724],[7.006484038187218,44.494219163031204],[7.006396945636297,44.494618201421645],[7.006171339788847,44.49616286220963],[7.006177920008064,44.4973421475054],[7.00673662031673,44.499517020846966],[7.007122360325718,44.50058605339771],[7.008078015359373,44.502592290122216],[7.008429904281565,44.50315659625836],[7.008857913185321,44.50373570663061],[7.009764853945295,44.50454374976857],[7.010399728390946,44.50506346079587],[7.015298579434223,44.50817358885123],[7.015931427216129,44.51429278995132],[7.013510081367766,44.526107012647536],[7.0020114914296006,44.53710097914147],[7.000225815028124,44.538190524457214],[7.000181622437237,44.53844267464302],[7.0004796407221646,44.53891066029931],[7.001413776880594,44.53983176409438],[7.003046944401,44.54109818925389],[7.011677983718627,44.54643876464365],[7.015740487715567,44.54787782566831],[7.0193690869969645,44.5487863669511],[7.02186091685047,44.549392575344186],[7.027654446980456,44.547656641868265],[7.02976574661117,44.54725199104082],[7.0318334969429905,44.546878038588254],[7.033535557063738,44.546790329024795],[7.037481855134966,44.54676370509904],[7.039601644936446,44.54711071507934],[7.04015863573804,44.54729242274527],[7.041194657344299,44.54749365548096],[7.042019197340862,44.54755368055564],[7.042414435729423,44.54754608550184],[7.043329380010381,44.54752576124086],[7.0442503577677105,44.547478523536164],[7.044986424065338,44.5473966041491],[7.045078136853918,44.5473682086718],[7.045427282400637,44.54726010254788],[7.053179860821676,44.540978299992815],[7.066182176638261,44.530139711652154],[7.075634055498999,44.52394363482236],[7.080001124131307,44.522792818719935],[7.08466464284323,44.52124169107368],[7.088137742791647,44.51775290222653],[7.089423935985764,44.515852397186194],[7.089880086689822,44.51429808598991],[7.089860016000376,44.51369409048482],[7.089947749374394,44.51196305715134],[7.091440671098237,44.50836000536885],[7.093559224803615,44.50692798279481],[7.096302560015415,44.50507872510753],[7.096428273450679,44.50505771500628],[7.096609897310178,44.50494881522803],[7.09730967388083,44.504150234294286],[7.097503622347868,44.50392840254651],[7.098458388248126,44.50255342279153],[7.099402612930468,44.501029712365025],[7.100646556377065,44.49807056700027],[7.101504371340255,44.49403367349764],[7.096037223608921,44.49264175684936],[7.0927616387628065,44.48958023063754],[7.088112542671745,44.483281704987085],[7.082896895624813,44.473608831220254],[7.081557457721498,44.47168388893551],[7.079924358153424,44.469969019201024],[7.07944542422844,44.469501820029606],[7.078984862747209,44.469061955741616],[7.077686233287955,44.467829303198485],[7.07715439008234,44.46734186573257],[7.0769678669177845,44.46721812278744],[7.076742791733137,44.467205682834845],[7.075906491257237,44.46721410466134],[7.066151901050644,44.464947187506226],[7.065370714338182,44.46472688398828],[7.063472461989723,44.46380041607429],[7.058539594474976,44.46083382166113],[7.0570870036980935,44.459475794359356],[7.057047603128889,44.45939541687264],[7.0567542305248905,44.45873787400119],[7.0566763828922205,44.45845596974215],[7.056601665677325,44.45817710128899],[7.056813585249733,44.45754036829395],[7.056843622670209,44.457451763772845],[7.057171689039001,44.45722804117906],[7.057396362555281,44.45689563999961],[7.05761808866478,44.45656470967015],[7.057709691186876,44.45641575215557],[7.058050052791784,44.45585207159673],[7.058145005123309,44.45538104478473],[7.058039726339755,44.4551091836001],[7.056198239247313,44.45372745960031],[7.047316899300796,44.45120372196998],[7.0450076977045715,44.45084461294977]]]},"properties":{"name":"Prazzo","op_id":"792","minint_elettorale":"1010271740","minint_finloc":"1010271740","prov_name":"Cuneo","prov_istat_code":"004","prov_istat_code_num":4,"prov_acr":"CN","prov_iso_3166_2":"IT-CN","reg_name":"Piemonte","reg_istat_code":"01","reg_istat_code_num":1,"reg_iso_3166_2":"IT-21","opdm_id":"661","com_catasto_code":"H011","com_istat_code":"004174","com_istat_code_num":4174}},
{"type":"Feature","geometry":{"type":"Polygon","coordinates":[[[8.126378430239857,44.36206998981064],[8.125393902519773,44.36163480783628],[8.122148106513388,44.35996165765278],[8.119273243887196,44.35782459681855],[8.118503393688245,44.3566527781672],[8.117986396605435,44.35360581824052],[8.118218204458316,44.350672690891535],[8.118691070302237,44.34515307789072],[8.118800927906973,44.34410058621678],[8.119343271543222,44.342074630292615],[8.119516411315647,44.34171585551211],[8.119889079843723,44.341097519213044],[8.123711004531515,44.33675151844926],[8.126472078787696,44.33528696390409],[8.126860584417843,44.33541169489192],[8.127436155652251,44.33558654173751],[8.127833425723171,44.335707220215305],[8.128357543234738,44.33583726244208],[8.130291909882898,44.33547388463898],[8.130445067068957,44.3352949844596],[8.130298829036887,44.335005779240454],[8.130225283798149,44.334915205888905],[8.128961102906946,44.333991771456105],[8.128490072537087,44.33366407561358],[8.127769590209638,44.33324444180086],[8.127471103690718,44.333098107536514],[8.126971282039502,44.33302227093895],[8.125316959221633,44.33306363473622],[8.124917979594233,44.33307607008359],[8.112900764793974,44.33330150043565],[8.114811140771872,44.33549901124886],[8.115120096370326,44.335884008153386],[8.115085296376336,44.33624387100284],[8.114449916531951,44.33837713269444],[8.113895931449907,44.33898053159651],[8.113116443185948,44.3396947012055],[8.11288969924705,44.33978297162351],[8.11256206857154,44.33990646686318],[8.110081718720359,44.340764943037804],[8.084063172149108,44.34207173948923],[8.080278603100274,44.34146152656704],[8.079615104826315,44.341324756108435],[8.079403386040113,44.34130055150555],[8.078952818945018,44.3414094450124],[8.078640999591377,44.34164549812198],[8.078517106704782,44.34181211899729],[8.07809954413581,44.34237486419976],[8.077187139163305,44.34693195667739],[8.076943085230715,44.356761101777515],[8.076959499504852,44.36105765354283],[8.076687663604794,44.36168809356212],[8.074245775720906,44.364121608115084],[8.073515358293351,44.36433173907219],[8.072390858216583,44.36461925588165],[8.071564225752512,44.36470753352902],[8.064714044158082,44.36526833092572],[8.068303970049284,44.36668860008025],[8.06996630577312,44.36962358171837],[8.071135564105496,44.372176388439335],[8.07101991279136,44.37581560981537],[8.0713436788561,44.378516072539355],[8.072191712459388,44.38090422037217],[8.078379082177134,44.385782132413475],[8.082757735767787,44.38677467761471],[8.086057657152205,44.387110792956896],[8.088014487187245,44.38695999587629],[8.095014616080293,44.386340469676284],[8.09563622475917,44.38620133924494],[8.104063401110542,44.387204040501715],[8.116833074484521,44.3908821135414],[8.121262099292192,44.39373246289841],[8.122459721008664,44.39191579181429],[8.122921655504852,44.39119912604435],[8.123213285464796,44.39040910923218],[8.121806577748124,44.38164758794454],[8.118922775306142,44.374927266921816],[8.118961299040434,44.37209618824193],[8.120777460720342,44.36692455335461],[8.12362381663508,44.365992124302274],[8.125796042880824,44.363177386084814],[8.126378430239857,44.36206998981064]]]},"properties":{"name":"Priero","op_id":"793","minint_elettorale":"1010271750","minint_finloc":"1010271750","prov_name":"Cuneo","prov_istat_code":"004","prov_istat_code_num":4,"prov_acr":"CN","prov_iso_3166_2":"IT-CN","reg_name":"Piemonte","reg_istat_code":"01","reg_istat_code_num":1,"reg_iso_3166_2":"IT-21","opdm_id":"662","com_catasto_code":"H059","com_istat_code":"004175","com_istat_code_num":4175}},
{"type":"Feature","geometry":{"type":"Polygon","coordinates":[[[8.044556170963096,44.7953694911535],[8.04535382367874,44.799318509930636],[8.046282693008694,44.802331157642016],[8.047469511547638,44.804695138577024],[8.047677120636669,44.80494430076314],[8.048908098400142,44.80617409733964],[8.053450551875834,44.809631846800414],[8.056422897670911,44.81071628984979],[8.060931191330184,44.809950528746285],[8.065356488243848,44.80802519309383],[8.068786229808449,44.806803798472465],[8.071141507287729,44.80632643650172],[8.075118265528964,44.80119101625572],[8.079489368283442,44.791314942409],[8.081416449436807,44.78605968586426],[8.081868838959105,44.7830907442724],[8.075981002223092,44.779943888688905],[8.061725654239964,44.776186254396514],[8.05399828763023,44.7747564071593],[8.052787509530477,44.7752527178712],[8.051580231400292,44.775922378978834],[8.0457642202571,44.77917773323784],[8.042777412850521,44.78601240221962],[8.044619648563131,44.79069096386411],[8.044686114623662,44.7933426658167],[8.044556170963096,44.7953694911535]]]},"properties":{"name":"Priocca","op_id":"794","minint_elettorale":"1010271760","minint_finloc":"1010271760","prov_name":"Cuneo","prov_istat_code":"004","prov_istat_code_num":4,"prov_acr":"CN","prov_iso_3166_2":"IT-CN","reg_name":"Piemonte","reg_istat_code":"01","reg_istat_code_num":1,"reg_iso_3166_2":"IT-21","opdm_id":"663","com_catasto_code":"H068","com_istat_code":"004176","com_istat_code_num":4176}},
{"type":"Feature","geometry":{"type":"Polygon","coordinates":[[[8.002950092963031,44.28161865084262],[8.008938240534473,44.281233090848296],[8.022671908086224,44.278772110179005],[8.035796763164306,44.27469726012642],[8.038734933971915,44.273632668343126],[8.044827211781499,44.27074880096434],[8.049526584626241,44.26779002143391],[8.05145423515737,44.266226009539366],[8.056420265327983,44.260455720762344],[8.05842585977109,44.2578568972332],[8.061228184586986,44.254949642556454],[8.063096597996067,44.253074187949935],[8.071956999024454,44.24776520525652],[8.080619777280523,44.24171043661345],[8.080636133941738,44.24168402083729],[8.080896782671864,44.241248504051484],[8.080902067724319,44.24122066849147],[8.081020290196053,44.240557026438886],[8.081102908052863,44.240044104023674],[8.08104913486767,44.239431549016174],[8.080674132567589,44.23869965145053],[8.078085759039343,44.234104830573166],[8.070820307167281,44.22832971793365],[8.069308036364683,44.22724689550601],[8.068738502131467,44.22728781307089],[8.061171325709184,44.226427444538814],[8.05768449118438,44.22575951647953],[8.051821098901458,44.2262466636643],[8.04008690203854,44.22888558985597],[8.034929128147288,44.23034114036382],[8.017841718953084,44.23962618267345],[8.008710302783335,44.244962593058375],[7.9929696468601446,44.25114952029493],[7.989627374259996,44.25148461411799],[7.986330490373148,44.25225216934285],[7.982849750834723,44.2530774106347],[7.980932554161623,44.25397773931623],[7.980743882537742,44.25640234811458],[7.980808616667088,44.257132133425756],[7.98101688488497,44.25802532991614],[7.981194980255137,44.25863912136516],[7.981371190877045,44.25920338513599],[7.9815527159254325,44.25975418327547],[7.982743435332061,44.261943517741],[7.993932999777604,44.27463970920957],[7.994965119058178,44.27511502856132],[7.9957646091030306,44.27555870864195],[7.99702272445602,44.276276495958996],[7.997642262553341,44.27664204862802],[7.998153904415099,44.27697514008201],[7.99945852577423,44.277886869932296],[8.000486143046082,44.27872105513166],[8.001411524110397,44.27952450117522],[8.001708449723418,44.2798422036486],[8.002066213091867,44.280245951257754],[8.002433258041489,44.280726316233995],[8.002950092963031,44.28161865084262]]]},"properties":{"name":"Priola","op_id":"795","minint_elettorale":"1010271770","minint_finloc":"1010271770","prov_name":"Cuneo","prov_istat_code":"004","prov_istat_code_num":4,"prov_acr":"CN","prov_iso_3166_2":"IT-CN","reg_name":"Piemonte","reg_istat_code":"01","reg_istat_code_num":1,"reg_iso_3166_2":"IT-21","opdm_id":"664","com_catasto_code":"H069","com_istat_code":"004177","com_istat_code_num":4177}},
{"type":"Feature","geometry":{"type":"Polygon","coordinates":[[[8.170910282931255,44.5128432923276],[8.171359149084463,44.51247165311577],[8.171465890449339,44.51229236759841],[8.171533236941569,44.51192375879845],[8.17152081265991,44.51132948712427],[8.171480633335108,44.50978075467941],[8.169818917568088,44.50243155583841],[8.169093212747335,44.502322733004526],[8.167138341104216,44.50185388659177],[8.165193160456047,44.500952937191414],[8.164745099068503,44.500368975425665],[8.164661107094519,44.50005778418785],[8.162587686017302,44.48818158828385],[8.16204254613948,44.4871693024483],[8.161881144860603,44.48685751978474],[8.16070789623728,44.4830317843748],[8.160659039331913,44.48279284587591],[8.160654519194303,44.48188343905688],[8.160690867491933,44.48178029094005],[8.161091216489066,44.48129257460975],[8.152083139598457,44.47709832939523],[8.151822790569375,44.47724944541973],[8.1512150815039,44.47751050235292],[8.150556264338695,44.477609149223376],[8.149576963405355,44.47750733272305],[8.14837515156345,44.477088751339856],[8.147489045674359,44.47665902097423],[8.146484469438061,44.476003310198294],[8.1454830984464,44.475262103796624],[8.144943417564113,44.47484396031088],[8.144100867567879,44.47406755951656],[8.129448183875803,44.478255937243034],[8.119550665744464,44.47907133327041],[8.103893923994077,44.48175062478033],[8.099997051482458,44.48204283032522],[8.098648652046121,44.48299487225888],[8.09797870393748,44.48352584908253],[8.097359467737343,44.484259172684396],[8.096780076282073,44.48500632283391],[8.09751207750698,44.49077380357114],[8.098665943428433,44.4914671082474],[8.099111525039385,44.49170468627685],[8.099411831426686,44.491855605747894],[8.100571305454238,44.491905251463436],[8.101400282450166,44.49186235024048],[8.102894856406605,44.492013567147005],[8.113366266912745,44.49215836229797],[8.11883646022672,44.49683705762225],[8.121971553459822,44.50129049442751],[8.135229553851966,44.50482614886056],[8.14095248858984,44.504086113500385],[8.141202283631673,44.50381776458447],[8.14173745488098,44.50336729739271],[8.141853988276798,44.50333280238139],[8.142241660267292,44.50321805571942],[8.142809636762678,44.50316829669752],[8.143832166578221,44.50311295683328],[8.144179496330114,44.503097546578246],[8.144243555973741,44.50314110808421],[8.144420426086276,44.50326138312076],[8.145785089519398,44.504324906106206],[8.147887098698499,44.506132131560506],[8.148473273618638,44.506915244258124],[8.149174286315164,44.50882900969561],[8.15029205098318,44.51239788169601],[8.152769563558124,44.513474094232826],[8.162186515296492,44.512727912743465],[8.165288485177474,44.51238605445114],[8.167977729805685,44.51209597450795],[8.169947689051021,44.5123893956049],[8.170910282931255,44.5128432923276]]]},"properties":{"name":"Prunetto","op_id":"796","minint_elettorale":"1010271780","minint_finloc":"1010271780","prov_name":"Cuneo","prov_istat_code":"004","prov_istat_code_num":4,"prov_acr":"CN","prov_iso_3166_2":"IT-CN","reg_name":"Piemonte","reg_istat_code":"01","reg_istat_code_num":1,"reg_iso_3166_2":"IT-21","opdm_id":"665","com_catasto_code":"H085","com_istat_code":"004178","com_istat_code_num":4178}},
{"type":"Feature","geometry":{"type":"Polygon","coordinates":[[[7.657087966713352,44.81640361903438],[7.660793692363163,44.819341356103905],[7.6675529123972,44.82056308314387],[7.667553876044965,44.820397163281314],[7.667660110766945,44.82009232204673],[7.667778278464978,44.819801134014334],[7.668252578196001,44.81932833158933],[7.6685639336427895,44.819018350356394],[7.668868033570338,44.81872754027105],[7.668969632166825,44.81863044225651],[7.669393231814093,44.8182259981079],[7.669496883510926,44.81812732294994],[7.669536937707713,44.81808934578017],[7.673203562469955,44.81487262304866],[7.6735178631330445,44.81468155615687],[7.674274465541559,44.8142228199515],[7.67459600114944,44.81402958351758],[7.675435775365563,44.813602440335636],[7.676273225109896,44.813234393168145],[7.677060850675764,44.812888320312275],[7.677264330829802,44.812809773004574],[7.680915542674173,44.81140733734081],[7.681424452794598,44.81121846592039],[7.682059368798214,44.81100074252628],[7.683627123027345,44.81048332689363],[7.683806222499857,44.81043642485227],[7.684461444222621,44.81027033463184],[7.684511836369391,44.81025789349293],[7.68461080049825,44.81023346999832],[7.684768595803678,44.81023185959594],[7.684821079914306,44.810247164715925],[7.685231264025075,44.810379856589265],[7.686182354836766,44.81070288682831],[7.687641902041021,44.811199207650624],[7.688717833654967,44.811573425562536],[7.689027560218277,44.8116811923799],[7.690086038571476,44.812049762355414],[7.700398654939545,44.81376133552048],[7.703124093672698,44.814110208843076],[7.704658500673693,44.81169142729697],[7.70632329389254,44.7984996840009],[7.704497495076767,44.793820358141645],[7.700293010716579,44.78680841592077],[7.699810324046837,44.78578223196814],[7.701360123847565,44.77409245572386],[7.711705186077747,44.76852024483968],[7.716260917851565,44.76655505975021],[7.721165994823163,44.765331805331805],[7.722168964965161,44.7644022919421],[7.722267711104722,44.76237790381556],[7.721525041248338,44.760425125127966],[7.720032856949,44.757833781826314],[7.720291908149823,44.75105350883947],[7.722287943243704,44.748456207763205],[7.72421778375593,44.74577260376169],[7.7250090657700765,44.741937886895926],[7.72605607851563,44.73667045431363],[7.719256399199805,44.73645773455376],[7.696165681926351,44.73568829279638],[7.692521638340766,44.736771901398875],[7.692894613330499,44.73780250767917],[7.692699954836358,44.73892329750204],[7.692624663944694,44.73909622609219],[7.691803629453748,44.74032001835448],[7.690888030563311,44.741074262561646],[7.686873634025186,44.741353062196424],[7.685376518895908,44.74110994998985],[7.684338606600173,44.74300202151041],[7.682104122801743,44.74570842539902],[7.6798287621966015,44.747078077556765],[7.67165481779679,44.749963066214924],[7.6668902464094755,44.75089272375366],[7.663845902666756,44.75091565958881],[7.645767050369293,44.751017055145645],[7.640516130615907,44.75178804576006],[7.6292084771962285,44.75618098344469],[7.623519027677751,44.75806142157196],[7.619323256973552,44.78360401634133],[7.6192635721873065,44.786729754902225],[7.623233623748064,44.78753569257025],[7.629476635955415,44.789226678054455],[7.635140720974392,44.78644948421919],[7.636398345326255,44.78406088536538],[7.640730395718453,44.78358631739481],[7.640919481832278,44.78357505395496],[7.64112621664877,44.78356851846053],[7.6412548308229375,44.783592559088426],[7.64155009022106,44.78366808650208],[7.641990405437133,44.78380835141661],[7.642766529489929,44.7841146650487],[7.642896229002705,44.784260232639646],[7.643038977413584,44.78573828462641],[7.643146891893428,44.786981869276275],[7.643289112392217,44.788819994574126],[7.64283306304326,44.79567283587746],[7.644770594912054,44.798604948323565],[7.646476552306337,44.79955690506336],[7.645042258212484,44.80340630279133],[7.644578341741144,44.80439084262625],[7.644517084954222,44.804520836640776],[7.6433071783848785,44.805631751567155],[7.642096404345309,44.80649056139186],[7.640378416019002,44.806281071490254],[7.639815194031474,44.80622487135966],[7.639661350113952,44.806209530832035],[7.639462756006238,44.80653572116916],[7.639271706757392,44.806911749076264],[7.639195177926697,44.8079323719528],[7.639273539829938,44.80864134399666],[7.641784853821507,44.81333298779263],[7.648774344233419,44.817735808781514],[7.651363994107302,44.81890627056467],[7.657087966713352,44.81640361903438]]]},"properties":{"name":"Racconigi","op_id":"797","minint_elettorale":"1010271790","minint_finloc":"1010271790","prov_name":"Cuneo","prov_istat_code":"004","prov_istat_code_num":4,"prov_acr":"CN","prov_iso_3166_2":"IT-CN","reg_name":"Piemonte","reg_istat_code":"01","reg_istat_code_num":1,"reg_iso_3166_2":"IT-21","opdm_id":"666","com_catasto_code":"H150","com_istat_code":"004179","com_istat_code_num":4179}},
{"type":"Feature","geometry":{"type":"Polygon","coordinates":[[[7.406019688345679,44.71657657474503],[7.408135253127786,44.718059966317135],[7.421232206238003,44.722009242995405],[7.426011600603404,44.72418626210297],[7.432296882284601,44.72754504882075],[7.439136153811842,44.73212188813691],[7.438932692013212,44.732906791974415],[7.438833031935452,44.73331053527705],[7.438832873547669,44.73352207486116],[7.438883886918679,44.73369382889332],[7.439526954442104,44.734656859941786],[7.44307985214856,44.73664084004875],[7.443330710605139,44.736779291425115],[7.444187521381626,44.73700252737461],[7.444661145811833,44.73707649460104],[7.4450087939629395,44.73710823930262],[7.445507178058749,44.73708351752676],[7.446556778244595,44.73693126600796],[7.447572755352028,44.73657598584122],[7.44942744160479,44.73589451001415],[7.449221059732542,44.732232306759606],[7.447717669694566,44.72478949805947],[7.447661016751126,44.724702290213756],[7.447498584897807,44.72444873770418],[7.4474824461640825,44.724416672535774],[7.44739404128923,44.72423274392822],[7.44731420223006,44.7237037608966],[7.447482716154087,44.72309839878014],[7.447664640763553,44.722904237115316],[7.447963065289639,44.722591801771415],[7.449413619589216,44.721526737074726],[7.450878367313914,44.72057887662814],[7.457816975724763,44.716675799463125],[7.461782648009875,44.71503686026714],[7.46244782029349,44.71473975236629],[7.462718463874899,44.714441809063196],[7.462763396605349,44.713996800770936],[7.462549667496146,44.71338177008388],[7.462162662570115,44.71309748304498],[7.461771783074893,44.71297520088195],[7.461034354896711,44.71296529819521],[7.459609885897797,44.71251904568256],[7.45507525297147,44.708995800408424],[7.454452590652127,44.70843407764942],[7.454016593673657,44.70804073651851],[7.453285941552174,44.70709460756036],[7.453037675185575,44.70655110487645],[7.4524996231594995,44.70264873399206],[7.45197883244319,44.693262860637994],[7.454538281346641,44.68719400039938],[7.455503857196715,44.68300300232478],[7.452626671748517,44.678248839792595],[7.450692516652715,44.673763005145375],[7.448802235049642,44.665257783440445],[7.44842830307344,44.660153619478045],[7.448497208430863,44.65925431993528],[7.448299227030802,44.658387404215574],[7.448212395742679,44.65812515568826],[7.447785085834024,44.65761071419029],[7.445424401838945,44.65521097810171],[7.443196090431743,44.653218112007465],[7.441211846997787,44.651520354210724],[7.435697979645415,44.64704188700627],[7.431992115787771,44.64477984886447],[7.437054444160311,44.63790000647276],[7.43785842892493,44.636472825273444],[7.438217618380896,44.635523483911676],[7.438245945782816,44.6352556764847],[7.438231982073699,44.63521644453837],[7.438154155380493,44.635009468616225],[7.435394044592342,44.62978180386958],[7.4350379090593615,44.62935016596754],[7.434655876196493,44.62895091296731],[7.434142950824034,44.628687904847716],[7.433626416753908,44.628474721273626],[7.432930951947027,44.62840775374567],[7.430101681296622,44.6281832411714],[7.428467063588705,44.62808388752435],[7.424318153778766,44.62711780758628],[7.423562956296017,44.6267833019536],[7.422674117532396,44.62627564087656],[7.422602952624984,44.62620655949976],[7.422397126483338,44.62600548331497],[7.422136417104965,44.62574947958584],[7.422031785433303,44.62564533347928],[7.421980225388628,44.625569236040405],[7.421696546622929,44.62514630602718],[7.420382760931554,44.6233559775936],[7.415804286087305,44.62087387138566],[7.411729454105692,44.61873320687546],[7.404400737839276,44.61644112295514],[7.400795634476074,44.61542973751547],[7.398049562970941,44.61468459643834],[7.391418361643218,44.61128294297014],[7.39108285084597,44.61520327541221],[7.39075037713929,44.62105014551],[7.390597646070394,44.624054796108595],[7.390996121579938,44.62829771750065],[7.388261878773583,44.62996793732572],[7.384188964765605,44.631476788300496],[7.37833879999632,44.632906238356966],[7.371848460552226,44.63383115151041],[7.370704271471566,44.634057902798894],[7.368719254591594,44.63452468266888],[7.367756734313805,44.63476299316025],[7.366874839943549,44.6350069508743],[7.359837971453938,44.637219699590986],[7.35632381195404,44.63974386441377],[7.35647279960902,44.64025914482861],[7.3572276102112415,44.64221902538012],[7.357431924958558,44.64267208326957],[7.358071161050112,44.64341098825601],[7.3618349168480295,44.6453634698478],[7.373133579165604,44.651552640867024],[7.373472959564491,44.65212912927465],[7.373635437264442,44.652802119171355],[7.373938810182206,44.65441335773464],[7.373647841929551,44.656052155031844],[7.373160413506092,44.658471329320825],[7.373055464756283,44.65867240097847],[7.372925670551504,44.65885960225286],[7.37244333251176,44.65933435270127],[7.371687954370918,44.66003026528887],[7.3713684091525895,44.66013822810742],[7.367141255526169,44.66306212505691],[7.363322137750516,44.66585668192309],[7.3709652731498245,44.66994978897881],[7.374726931510617,44.67171362263457],[7.379788993310439,44.67372558279998],[7.395416454993657,44.6770926012703],[7.405852050367925,44.67837759240082],[7.411780198660852,44.68393809019427],[7.416217600966691,44.694595382900715],[7.416275887739095,44.698561701073764],[7.4140132135363075,44.70466535559612],[7.412603762926148,44.7072339084589],[7.411516904235886,44.706903729714284],[7.4112515842895315,44.70728713658197],[7.409655727631741,44.709655010866165],[7.409226778722401,44.710364729136415],[7.408328025062261,44.71187807424698],[7.406187534304462,44.71588123403519],[7.40610273575633,44.71610962430197],[7.406016309590393,44.7164414934353],[7.406019688345679,44.71657657474503]]]},"properties":{"name":"Revello","op_id":"798","minint_elettorale":"1010271800","minint_finloc":"1010271800","prov_name":"Cuneo","prov_istat_code":"004","prov_istat_code_num":4,"prov_acr":"CN","prov_iso_3166_2":"IT-CN","reg_name":"Piemonte","reg_istat_code":"01","reg_istat_code_num":1,"reg_iso_3166_2":"IT-21","opdm_id":"667","com_catasto_code":"H247","com_istat_code":"004180","com_istat_code_num":4180}},
{"type":"Feature","geometry":{"type":"Polygon","coordinates":[[[7.344087810549679,44.67059816050027],[7.345153859921344,44.67034805365111],[7.348234250594161,44.669604947876635],[7.35226386856016,44.66840285317576],[7.35679760554043,44.666694316304465],[7.363322137750516,44.66585668192309],[7.367141255526169,44.66306212505691],[7.3713684091525895,44.66013822810742],[7.371687954370918,44.66003026528887],[7.37244333251176,44.65933435270127],[7.372925670551504,44.65885960225286],[7.373055464756283,44.65867240097847],[7.373160413506092,44.658471329320825],[7.373647841929551,44.656052155031844],[7.373938810182206,44.65441335773464],[7.373635437264442,44.652802119171355],[7.373472959564491,44.65212912927465],[7.373133579165604,44.651552640867024],[7.3618349168480295,44.6453634698478],[7.358071161050112,44.64341098825601],[7.357431924958558,44.64267208326957],[7.3572276102112415,44.64221902538012],[7.35647279960902,44.64025914482861],[7.35632381195404,44.63974386441377],[7.359837971453938,44.637219699590986],[7.355847189612842,44.6376169268828],[7.354834614448649,44.63776888327769],[7.3538501752608125,44.63799774542934],[7.353531103452396,44.638092169074945],[7.353168245447335,44.63823098333676],[7.352383977457415,44.638570762614904],[7.349410016516654,44.640298113227416],[7.3445077397386385,44.64313357908628],[7.343340022470759,44.64371980295723],[7.343083992894952,44.64323715539632],[7.34221637730146,44.6440725814282],[7.33450970107449,44.65193653517042],[7.334628764915407,44.65325711544753],[7.33510720005951,44.65429036094566],[7.335503609029167,44.65510634770366],[7.335900930476881,44.65590435044229],[7.337191955712168,44.658074717629695],[7.33859756313883,44.66039078266],[7.338845465200434,44.66069596237281],[7.342655596150381,44.66770565461503],[7.344087810549679,44.67059816050027]]]},"properties":{"name":"Rifreddo","op_id":"799","minint_elettorale":"1010271810","minint_finloc":"1010271810","prov_name":"Cuneo","prov_istat_code":"004","prov_istat_code_num":4,"prov_acr":"CN","prov_iso_3166_2":"IT-CN","reg_name":"Piemonte","reg_istat_code":"01","reg_istat_code_num":1,"reg_iso_3166_2":"IT-21","opdm_id":"668","com_catasto_code":"H285","com_istat_code":"004181","com_istat_code_num":4181}},
{"type":"Feature","geometry":{"type":"Polygon","coordinates":[[[7.3726646264440445,44.377170142839326],[7.375747941705013,44.37499967342538],[7.380541872864399,44.3711696433901],[7.3855094890773705,44.36666198356326],[7.393398002693533,44.362185436702205],[7.396555767714197,44.36136644614586],[7.399914616428089,44.36061681137842],[7.405903310989853,44.359925453166184],[7.405747110438293,44.359865632736295],[7.405483990413358,44.35960537950423],[7.404958442167034,44.35904437339514],[7.4039898466121405,44.35780194842799],[7.403687094412589,44.35735321316874],[7.403539321773343,44.35576213694415],[7.403486257369173,44.35478799469526],[7.403562161161153,44.350751284313674],[7.403595406237272,44.3506842482423],[7.404086007801131,44.349696281016065],[7.404475500390974,44.349040029510235],[7.404859782818994,44.34866278029717],[7.4057891992531095,44.348031028796576],[7.406201396257898,44.347767718840664],[7.406622600638977,44.34758416979281],[7.41053684242405,44.34607259656579],[7.414215136652666,44.34453023285974],[7.415264171912741,44.343441958423085],[7.412354285490801,44.34431983197363],[7.401436227627781,44.34205636824432],[7.393189322826508,44.34400524776523],[7.389290216457988,44.34453687101091],[7.3809871709833414,44.34620215879408],[7.374720281632997,44.34717076937786],[7.365599112246727,44.349030394432184],[7.361907444562598,44.35100180963988],[7.351239810752581,44.35692648932406],[7.341614231255675,44.36137401712329],[7.33768648903622,44.36175804854416],[7.334871520568248,44.36166301326622],[7.330955452450765,44.360764089225576],[7.331971076117051,44.3647311382637],[7.333412446095288,44.36667730032353],[7.341065925520125,44.36917888438792],[7.345246061355776,44.36768905543646],[7.348775773796104,44.3668749498355],[7.353171984012481,44.36635326126875],[7.361679084171854,44.36957259357634],[7.365654803069011,44.372394151308356],[7.367851691889807,44.37509415829135],[7.368184966389929,44.37537268017753],[7.368345837865361,44.37550633198091],[7.368973850939025,44.375929431028965],[7.369415396174941,44.37616080565624],[7.3701104527119705,44.37647233295165],[7.372274233360084,44.37710638456905],[7.3726646264440445,44.377170142839326]]]},"properties":{"name":"Rittana","op_id":"800","minint_elettorale":"1010271820","minint_finloc":"1010271820","prov_name":"Cuneo","prov_istat_code":"004","prov_istat_code_num":4,"prov_acr":"CN","prov_iso_3166_2":"IT-CN","reg_name":"Piemonte","reg_istat_code":"01","reg_istat_code_num":1,"reg_iso_3166_2":"IT-21","opdm_id":"669","com_catasto_code":"H326","com_istat_code":"004182","com_istat_code_num":4182}},
{"type":"Feature","geometry":{"type":"Polygon","coordinates":[[[7.467617146647712,44.218021210435516],[7.467438782959426,44.21800530086593],[7.466941467705289,44.217994126755556],[7.466395152128396,44.21798304968222],[7.465934305704497,44.217976103450766],[7.46558111511017,44.21797087815012],[7.464582468526535,44.218025458156646],[7.464368468367241,44.21808560251096],[7.4618138148545405,44.21989232869687],[7.458055825307967,44.22263259863136],[7.457773592597975,44.22290325348959],[7.457733545862701,44.22294333453929],[7.456947436594557,44.22417513184873],[7.45562330699854,44.22675459541111],[7.455420806974573,44.22732340165229],[7.45494759592182,44.229864999595684],[7.455202805604984,44.23081827384289],[7.454318029287147,44.23472259126425],[7.453807166811342,44.23688089841738],[7.448108637324754,44.24128708432661],[7.432494584415552,44.25329534101494],[7.430382340858856,44.254297183037295],[7.428436754250892,44.25826771615794],[7.425546376450998,44.26161751301319],[7.423350371038465,44.26569256736223],[7.424122888842859,44.2700426293197],[7.428153621437859,44.282585425792206],[7.431429111881005,44.29014767753364],[7.437792431195475,44.29285024330507],[7.441880384460836,44.28865222177849],[7.44375574052359,44.28693122498764],[7.447233990058727,44.28400762805259],[7.450204136871355,44.282193374270086],[7.4539521664730986,44.28032138987307],[7.454042215546846,44.28027824669464],[7.454254510678278,44.28018658808604],[7.45494514430836,44.279954464680465],[7.4552562267169185,44.27993456103249],[7.455500970249664,44.27996488641686],[7.456956548676129,44.28014661132993],[7.469290320422575,44.27249356042067],[7.475063645377122,44.26964483456892],[7.478441315843835,44.268469990073626],[7.481221886563168,44.26754818890499],[7.481587844829386,44.267431511778184],[7.485485199900748,44.25788612585038],[7.485884529493157,44.257396268297974],[7.48741245005691,44.25461660639043],[7.487933786028235,44.253214547766994],[7.487997991689679,44.25290928962732],[7.488044674982503,44.252599301556714],[7.4880430135279,44.25229768637558],[7.488008379675614,44.25212166080094],[7.487943404530424,44.25184622365493],[7.487904948842155,44.25169715741176],[7.487856184441053,44.25153895884136],[7.487801715988056,44.25140319588506],[7.487574945204974,44.25112396675524],[7.486831976303352,44.24221511640504],[7.486868184854022,44.23381703839302],[7.48704387484185,44.233175654937995],[7.487035379138681,44.23199615059675],[7.4870286652004925,44.23112727412991],[7.484965028669246,44.22983049269173],[7.484328045875363,44.22956995290007],[7.483643058058682,44.22933578677677],[7.476366636283594,44.227325825324854],[7.475657504312035,44.22718073543948],[7.475578398891784,44.22716013217011],[7.474164168466562,44.22676584379148],[7.473303228709117,44.22609200502002],[7.472842773630748,44.22559069327902],[7.471745168976179,44.22435644771989],[7.470746438827256,44.22312733804013],[7.470044791696837,44.22222663846766],[7.4694908836991925,44.22140895457791],[7.467617146647712,44.218021210435516]]]},"properties":{"name":"Roaschia","op_id":"801","minint_elettorale":"1010271830","minint_finloc":"1010271830","prov_name":"Cuneo","prov_istat_code":"004","prov_istat_code_num":4,"prov_acr":"CN","prov_iso_3166_2":"IT-CN","reg_name":"Piemonte","reg_istat_code":"01","reg_istat_code_num":1,"reg_iso_3166_2":"IT-21","opdm_id":"670","com_catasto_code":"H362","com_istat_code":"004183","com_istat_code_num":4183}},
{"type":"Feature","geometry":{"type":"Polygon","coordinates":[[[8.004725556242729,44.41194228158979],[8.00656067613854,44.414749344406964],[8.012162241204383,44.42512045159979],[8.013749833810495,44.42819670239887],[8.021157630087416,44.430965756887346],[8.023663860144236,44.42867352061121],[8.028154173676445,44.4269652765985],[8.028468545439404,44.42690042927884],[8.029235037100936,44.426843929901224],[8.030070660191608,44.426810524010264],[8.04274522959956,44.426332268018015],[8.046217523989863,44.42617677218993],[8.04382653932516,44.42283476169994],[8.043344219228677,44.42200696794484],[8.043336284054911,44.4214111401933],[8.043504892277316,44.42026629038277],[8.044461066178314,44.417085677202806],[8.047166660172369,44.41378789528338],[8.043394570068367,44.41236994166066],[8.036821706649812,44.40991097230334],[8.029916583997286,44.40775937659315],[8.015783891173426,44.404401959401966],[8.0137937406446,44.40435779974286],[8.013387545742203,44.4043812838958],[8.01231178093536,44.4047816160143],[8.01069640949489,44.40548336707255],[8.00855020685949,44.406567586039756],[8.007322560030879,44.40721864081152],[8.005962214467585,44.408404163633804],[8.005807110484472,44.40863913795382],[8.00576723217044,44.40869955183209],[8.005539348666593,44.40908468513375],[8.004725556242729,44.41194228158979]]]},"properties":{"name":"Roascio","op_id":"802","minint_elettorale":"1010271840","minint_finloc":"1010271840","prov_name":"Cuneo","prov_istat_code":"004","prov_istat_code_num":4,"prov_acr":"CN","prov_iso_3166_2":"IT-CN","reg_name":"Piemonte","reg_istat_code":"01","reg_istat_code_num":1,"reg_iso_3166_2":"IT-21","opdm_id":"671","com_catasto_code":"H363","com_istat_code":"004184","com_istat_code_num":4184}},
{"type":"Feature","geometry":{"type":"Polygon","coordinates":[[[7.519492962356627,44.31341634348088],[7.520858558016339,44.31110680928821],[7.531345680149147,44.3057369093772],[7.54304834658585,44.3010972534192],[7.549152083006778,44.297002119135314],[7.548728834427054,44.286323791776084],[7.545858926357045,44.27999875904141],[7.5487550903991565,44.27315286191562],[7.549674823416443,44.27164304072134],[7.550975413936608,44.26999431327874],[7.553575720494033,44.26483677747227],[7.550993254235828,44.26467800110552],[7.5467357427689175,44.26406572979097],[7.540436718234267,44.26188320842676],[7.526335946321986,44.26103141178178],[7.524282373771381,44.261783589848626],[7.523715641271995,44.26195638439199],[7.523263037164221,44.262067578552205],[7.523083486263843,44.26209787201711],[7.52281130590507,44.26214275304597],[7.522179957761305,44.26221562153077],[7.52176438233658,44.26219222927304],[7.5183324333927475,44.26180989843969],[7.500867730657489,44.258435695741035],[7.500086740139947,44.25820486860555],[7.497872227446732,44.25764909899736],[7.4940027686231465,44.25675187306738],[7.49367527102842,44.25669922499771],[7.493545067516136,44.256678297000576],[7.49300568592419,44.25663067290807],[7.492936011495999,44.256631263332686],[7.492591039581012,44.25663419757571],[7.491800312298081,44.25673418116153],[7.491370809099626,44.256789155512585],[7.485485199900748,44.25788612585038],[7.481587844829386,44.267431511778184],[7.482247785516507,44.26789492824968],[7.486345443214073,44.27107333447946],[7.487231789892235,44.27262007812886],[7.488449986081516,44.27498596338831],[7.488758450950208,44.27572378473524],[7.488759220753149,44.2780915644551],[7.488744216967565,44.278478489794445],[7.488735793997544,44.27860891982061],[7.488708341298326,44.27867157653848],[7.488493233422564,44.27888930385036],[7.487466873330145,44.27980301655619],[7.486627817299681,44.28019253928118],[7.483199911520725,44.285962948081504],[7.492845223627252,44.294170737724116],[7.496819552755979,44.303180994018454],[7.496887694981315,44.30333494554154],[7.4973195921400615,44.30372775147848],[7.500053980922584,44.305803462646274],[7.501348160575995,44.306602505441404],[7.503898635175849,44.307923932911606],[7.504212276784985,44.307977565532944],[7.5049578729455835,44.307838774518856],[7.510263293359688,44.30892093147657],[7.519492962356627,44.31341634348088]]]},"properties":{"name":"Robilante","op_id":"803","minint_elettorale":"1010271850","minint_finloc":"1010271850","prov_name":"Cuneo","prov_istat_code":"004","prov_istat_code_num":4,"prov_acr":"CN","prov_iso_3166_2":"IT-CN","reg_name":"Piemonte","reg_istat_code":"01","reg_istat_code_num":1,"reg_iso_3166_2":"IT-21","opdm_id":"672","com_catasto_code":"H377","com_istat_code":"004185","com_istat_code_num":4185}},
{"type":"Feature","geometry":{"type":"Polygon","coordinates":[[[7.834777703323629,44.22228059448313],[7.835740575533938,44.22430259211413],[7.839976549020127,44.23733255603506],[7.845476715666446,44.24541896938811],[7.849016024589295,44.24965458327325],[7.850412522536103,44.25353543398755],[7.847927013131232,44.258480033935655],[7.850981567553918,44.2619634501685],[7.85165941474422,44.26223584887104],[7.853157625627617,44.262624550663304],[7.85428060251488,44.26283838012128],[7.85837427397499,44.26354109628824],[7.862662167554186,44.26367029360496],[7.864746143331499,44.263942189045395],[7.869068518173348,44.265816437541396],[7.869506379034166,44.266042740312116],[7.869562387428587,44.2660717415532],[7.86977099469565,44.266179769053004],[7.869848135073263,44.2664866276269],[7.869911987344672,44.26681136524263],[7.870759973133512,44.272356576726565],[7.870605764908299,44.274560777223236],[7.870326975493664,44.27764604455075],[7.869773409665905,44.28017039741368],[7.869524636957011,44.28087016643539],[7.869321314996163,44.28136818149648],[7.8691001616337095,44.28163061861293],[7.868930094671837,44.28183209039553],[7.867890907128086,44.28263655614757],[7.866684238347281,44.28608171942945],[7.869268245588973,44.29104995527795],[7.872502914262283,44.296963962999875],[7.873439806135905,44.29889218754316],[7.874172204137601,44.303144292811],[7.874694376031759,44.31135110906548],[7.874375621345687,44.313945299884345],[7.877767588091269,44.32287803772577],[7.881806843592096,44.32500632808196],[7.883429998692637,44.324045391752726],[7.890764343132836,44.31804892037357],[7.902708011911963,44.30827907815543],[7.9077055705472645,44.304725807705026],[7.907758982868808,44.30458949472228],[7.907821545068279,44.30442982543097],[7.907700506328272,44.30394251481727],[7.907251334530167,44.302412217365],[7.906800949261088,44.30092683917405],[7.906352488128753,44.299738752492736],[7.906139742068704,44.299192036843266],[7.905090477648817,44.296102989285],[7.902722933026518,44.291790384915],[7.89979292887991,44.28806198486229],[7.896468689072577,44.28643639093031],[7.895875090051971,44.280407685605745],[7.895514903702593,44.275677644850845],[7.894443652503569,44.273313034487195],[7.891468050313032,44.268021934157176],[7.890826882717193,44.26703439715649],[7.889608681144909,44.265379506535496],[7.889261591062504,44.26511954681893],[7.88833971937468,44.26465690230459],[7.88829159435596,44.26463297827973],[7.887915125915279,44.264498752222345],[7.886300353977435,44.26415441670654],[7.885369964006911,44.26395627452158],[7.877551510103465,44.26055760934185],[7.87825351958231,44.25590094750154],[7.879323330593578,44.248276901911574],[7.877075998474272,44.23714062237631],[7.873624513691095,44.22014631028142],[7.871615648179033,44.21660490779984],[7.8717919914585455,44.21563900907855],[7.871883902692341,44.215135560375316],[7.872049236181364,44.21393562149892],[7.872083836244236,44.213679053713996],[7.872251312329831,44.21211867286478],[7.87232300887067,44.21016571703852],[7.872024612693906,44.209568560787176],[7.871627407777237,44.2088243411002],[7.871493251660386,44.208572976373326],[7.870446133041359,44.20757228754125],[7.86891346854838,44.206764867979516],[7.867228170171219,44.20639254627874],[7.861554204384071,44.20508471010236],[7.859766553124913,44.20635431527977],[7.857405180824464,44.20777570488124],[7.852618916186686,44.210631218315186],[7.848354810792928,44.212884068503705],[7.842781128569879,44.21589327823234],[7.834777703323629,44.22228059448313]]]},"properties":{"name":"Roburent","op_id":"804","minint_elettorale":"1010271860","minint_finloc":"1010271860","prov_name":"Cuneo","prov_istat_code":"004","prov_istat_code_num":4,"prov_acr":"CN","prov_iso_3166_2":"IT-CN","reg_name":"Piemonte","reg_istat_code":"01","reg_istat_code_num":1,"reg_iso_3166_2":"IT-21","opdm_id":"673","com_catasto_code":"H378","com_istat_code":"004186","com_istat_code_num":4186}},
{"type":"Feature","geometry":{"type":"Polygon","coordinates":[[[7.3232030959833585,44.51534619012774],[7.32653690730694,44.51309207865597],[7.332616295664534,44.509476457428875],[7.348261235931704,44.50810139540913],[7.357009517841874,44.507944022119105],[7.357099633767688,44.503260018918965],[7.359606088471708,44.49341519019333],[7.359099864694905,44.493106319542036],[7.358983060385708,44.492983123977154],[7.358625338691518,44.492536852172485],[7.357412858205252,44.490309284395174],[7.35704390861862,44.48948023275197],[7.356829493182499,44.48874258679369],[7.356338360751047,44.487034876846636],[7.356389764251612,44.48657649152993],[7.356619735603609,44.486163648688645],[7.35630433239146,44.48613413375336],[7.355572371943545,44.486002057152355],[7.355113305135478,44.48576588155821],[7.354583317271965,44.48542513796903],[7.353335174666726,44.484475378230236],[7.353165595764194,44.484189347611256],[7.353054244256463,44.48399870532653],[7.3517496203740835,44.47983867334789],[7.351257733785716,44.47816159054935],[7.3458873399494236,44.46988348883111],[7.339408962502174,44.46318690333076],[7.335088733650042,44.46329322480782],[7.320204707043479,44.46640620950917],[7.309249294242308,44.46914336273275],[7.306995192340386,44.47016776989773],[7.305988553256116,44.471107101602456],[7.305004528472838,44.47211879583794],[7.302432215389786,44.47428621842057],[7.30160328466525,44.474742023153894],[7.3000183095245195,44.47545665055646],[7.299427488330203,44.4756819135565],[7.29760238868151,44.47595181761335],[7.297074516308492,44.47584941816415],[7.296897825139773,44.47580627535148],[7.299259801450696,44.48133308022998],[7.296919022847352,44.48808164899366],[7.294746856866693,44.49517476125746],[7.292421567822192,44.50642924164291],[7.287242610241253,44.51745632755373],[7.285366762735939,44.523896477148206],[7.293905819264872,44.521953796614824],[7.303426156693028,44.517797171506515],[7.313297685338093,44.51451772511275],[7.3232030959833585,44.51534619012774]]]},"properties":{"name":"Roccabruna","op_id":"807","minint_elettorale":"1010271870","minint_finloc":"1010271870","prov_name":"Cuneo","prov_istat_code":"004","prov_istat_code_num":4,"prov_acr":"CN","prov_iso_3166_2":"IT-CN","reg_name":"Piemonte","reg_istat_code":"01","reg_istat_code_num":1,"reg_iso_3166_2":"IT-21","opdm_id":"674","com_catasto_code":"H385","com_istat_code":"004187","com_istat_code_num":4187}},
{"type":"Feature","geometry":{"type":"Polygon","coordinates":[[[7.966406285035281,44.43571845893716],[7.962892347259425,44.42794876364006],[7.962276517886598,44.42800618758139],[7.961616639148756,44.428045194911554],[7.957936335834713,44.42744899406609],[7.95739054604942,44.427277470965066],[7.956919940000276,44.42709312863204],[7.956518127111553,44.426904892603176],[7.956242759783462,44.4266052955886],[7.955961218649172,44.42625611704013],[7.955386038011666,44.42546310870112],[7.954122970990531,44.42368701274634],[7.95321366722476,44.42230576477041],[7.952710064117433,44.421796985175604],[7.951120974043181,44.42069757088067],[7.950723716284495,44.420500363206976],[7.95002420983882,44.42054345805642],[7.949487992444804,44.42065105236046],[7.948832532113746,44.42082058439163],[7.947439084503109,44.42149194995831],[7.947023275567548,44.421780705681755],[7.94351772468488,44.42520088092655],[7.943101619166594,44.42576421211889],[7.943189736644235,44.42614764303665],[7.944077892487273,44.43043666637609],[7.942577511437768,44.43397436757394],[7.942167275118992,44.440281468908694],[7.938245218805467,44.4468028514566],[7.936265405549107,44.44892326037552],[7.935449912142561,44.45282282994738],[7.934853376454315,44.45670642067263],[7.934846830578008,44.457066461708955],[7.934968421488433,44.45761675646014],[7.9355201126176595,44.458842031279474],[7.935775340160379,44.45940682256102],[7.93629033702908,44.45983925911179],[7.936364750038044,44.459875988372225],[7.9364566487526425,44.464000321149264],[7.9424876324344424,44.46438018274892],[7.945276596486596,44.46315765563681],[7.945911374253866,44.46313345331696],[7.949035449512721,44.463617118364795],[7.94918681378122,44.4637442696117],[7.9497032198617035,44.464280160216525],[7.949818622503689,44.4644387685768],[7.9498691986115135,44.462472156235705],[7.951679653843247,44.4580459631241],[7.954745779281164,44.452460900450475],[7.954948166333786,44.4521251426531],[7.955807444967976,44.45089512574256],[7.957655135597186,44.44916548989703],[7.958851368719635,44.448550706234315],[7.964611192926767,44.44024406303167],[7.966406285035281,44.43571845893716]]]},"properties":{"name":"Rocca Cigliè","op_id":"805","minint_elettorale":"1010271880","minint_finloc":"1010271880","prov_name":"Cuneo","prov_istat_code":"004","prov_istat_code_num":4,"prov_acr":"CN","prov_iso_3166_2":"IT-CN","reg_name":"Piemonte","reg_istat_code":"01","reg_istat_code_num":1,"reg_iso_3166_2":"IT-21","opdm_id":"675","com_catasto_code":"H391","com_istat_code":"004188","com_istat_code_num":4188}},
{"type":"Feature","geometry":{"type":"Polygon","coordinates":[[[7.772748590742742,44.45932872126192],[7.773509241515066,44.450221674972596],[7.773941746000531,44.44477520459476],[7.773688153711478,44.4412028988562],[7.771933640796865,44.436084026584076],[7.772501840695125,44.433508848890845],[7.7736244062426625,44.43173137405647],[7.773636298702526,44.431706365093966],[7.773850433318068,44.43124764804835],[7.774646234581765,44.42918952723082],[7.774612184148689,44.425984742595276],[7.770547135321118,44.41575671474586],[7.770188654410333,44.41558742125488],[7.7700034175625925,44.415500019465796],[7.768568661464648,44.41483735973042],[7.7672027882423835,44.414386003875094],[7.765552658575195,44.41438617607726],[7.756783530832433,44.40864183674314],[7.7509120237299935,44.40174916696072],[7.750454236210516,44.40165498163498],[7.750281369653294,44.401620746581465],[7.7494153419376035,44.40152007156488],[7.749298026331477,44.401506434984654],[7.748413977589751,44.40181832288026],[7.748160052098597,44.401908094254765],[7.736512548769719,44.40733003378759],[7.732184527831156,44.40957775452696],[7.723462512177394,44.415291869420706],[7.721888408381463,44.4163573278133],[7.721764583361935,44.4164427235614],[7.721667152430724,44.416510651190585],[7.724212694423912,44.41926147548519],[7.724997812488148,44.420028718322236],[7.725436543113255,44.42045899951965],[7.726441533048102,44.42145592909068],[7.728619115816511,44.423640933420685],[7.730276908928625,44.42532937380486],[7.724791226332659,44.430804934265424],[7.719613142057275,44.43216041742876],[7.713080984270517,44.434553733784924],[7.712651399169604,44.434994531151],[7.712085696640905,44.43744589133144],[7.7119979686658,44.437935542041814],[7.71185640198419,44.43915385903752],[7.710839150491153,44.44805949158659],[7.715848525055161,44.45189706461225],[7.723714324499187,44.45794049829839],[7.7288281519014195,44.46199921430756],[7.732173786953095,44.46214893979561],[7.7324115308262105,44.46220108944634],[7.732553008213417,44.462234171073746],[7.733954439117682,44.4629159174491],[7.734611211384218,44.463301311373414],[7.734857695066047,44.46352910783287],[7.735289282825551,44.4641910921153],[7.735373064258467,44.46433155323794],[7.735755190260254,44.46502899705683],[7.736682588846885,44.46627261393532],[7.7369250016308095,44.466563380785104],[7.73712211437222,44.46669609844936],[7.737391892121997,44.46684762913605],[7.737915822590957,44.46712799198784],[7.7383066838543435,44.46729435817602],[7.738632499965275,44.467396998127505],[7.747912289254242,44.469902819272164],[7.748935766065613,44.46995905230257],[7.757291172093007,44.46985222230891],[7.7583507054074206,44.469670190209584],[7.762729570593944,44.468583370157624],[7.764756641272862,44.467921118152645],[7.766048748544817,44.4669177829736],[7.766156569919008,44.46681542195645],[7.766568009444713,44.46641924139265],[7.767609941404364,44.465165625273606],[7.772130644216575,44.459929749504354],[7.772748590742742,44.45932872126192]]]},"properties":{"name":"Rocca de' Baldi","op_id":"806","minint_elettorale":"1010271890","minint_finloc":"1010271890","prov_name":"Cuneo","prov_istat_code":"004","prov_istat_code_num":4,"prov_acr":"CN","prov_iso_3166_2":"IT-CN","reg_name":"Piemonte","reg_istat_code":"01","reg_istat_code_num":1,"reg_iso_3166_2":"IT-21","opdm_id":"676","com_catasto_code":"H395","com_istat_code":"004189","com_istat_code_num":4189}},
{"type":"Feature","geometry":{"type":"Polygon","coordinates":[[[7.756648443288768,44.16469246962064],[7.754039210505869,44.168233761727905],[7.751913979047054,44.169718579688585],[7.7494384675775745,44.17140210274897],[7.748737351704526,44.171876089861655],[7.748431636306938,44.17204379180244],[7.747931677734546,44.17220938461074],[7.7368989177978245,44.17563417748227],[7.735223299980574,44.176124512068164],[7.733859489837141,44.17597510439311],[7.721272462388991,44.17402993016931],[7.717289946431411,44.17334589537741],[7.712040865946241,44.17244502633185],[7.709430354342837,44.1723570557691],[7.708953864499305,44.17242819082688],[7.703380324963338,44.17342741932803],[7.703626619526166,44.17397939894019],[7.703823523939785,44.17493146728224],[7.703729313150893,44.17591174193499],[7.701506636990907,44.180982237268054],[7.700238010581412,44.187936198249496],[7.700130465542634,44.191943509929956],[7.700636332873221,44.197443449123995],[7.705883359490897,44.20662311341937],[7.707059763763631,44.20861261055968],[7.7075120835296085,44.209427996373925],[7.707644044928673,44.20969059417263],[7.7079367409661295,44.210418638830646],[7.708033478945084,44.210770851673416],[7.708041985484338,44.21089840941333],[7.70805796712151,44.21115375900141],[7.708054603862068,44.21118495454487],[7.708020997950845,44.21149653843818],[7.708016116509876,44.21153579619545],[7.707969988300378,44.211665772666],[7.707934060962706,44.21172015647328],[7.706783195449299,44.21343961059499],[7.702237476126019,44.220023277892075],[7.705136202456158,44.22731266335235],[7.707013629604167,44.23098910647932],[7.70681717946541,44.235402857730485],[7.706303647065236,44.23909556989803],[7.7035200864954545,44.24499868478778],[7.7022294029490554,44.255422979223866],[7.696075996900158,44.26407201518807],[7.69545124569687,44.264533835268004],[7.695021896790813,44.26485698188433],[7.6947250048985145,44.26509217762247],[7.694471370171054,44.26533686646172],[7.694114239534402,44.265714625459275],[7.694072060527871,44.26575964088252],[7.692134189950916,44.268393271401166],[7.691933481893173,44.26871093758842],[7.688576837912387,44.274392022996174],[7.683377566697474,44.284453874235155],[7.683215853174282,44.28866030336839],[7.68786051046737,44.2912571117193],[7.691529901664501,44.296300322946976],[7.7001203118527695,44.310082829316386],[7.707137997562183,44.31649178557945],[7.707509188390189,44.31647320308333],[7.707770015307962,44.316498667272356],[7.707981892238272,44.31653032573648],[7.708030516286875,44.31653762260136],[7.70826595706022,44.31657629570572],[7.708670848953547,44.31664389501146],[7.708798461158869,44.31668586547691],[7.709667704584167,44.31727188085349],[7.71185976915471,44.31877758703847],[7.712321045478087,44.31915189691447],[7.7126214724217546,44.31945446874411],[7.7127280061318295,44.31956483656896],[7.712750114144894,44.31958825663051],[7.715774229663319,44.3240208230502],[7.71568145820419,44.32725851552247],[7.716656892114332,44.32841963401664],[7.716966638045004,44.328720224423115],[7.7174111777633225,44.328968282298604],[7.717942037453035,44.32912279646434],[7.718559009285393,44.32908471492696],[7.723862252729054,44.328711948221525],[7.726396264251468,44.32666057225294],[7.727082159250771,44.32616993059655],[7.729628431770244,44.32526510787103],[7.731058538130111,44.32504693775609],[7.731702601468655,44.324968558499926],[7.732447516585621,44.32488229740525],[7.7330199733056295,44.32485263934803],[7.733658159567247,44.324882230846555],[7.734871606524033,44.325296300648944],[7.7356929626945545,44.325647493274815],[7.736477310486918,44.325989290124376],[7.737001631768505,44.32624824136522],[7.737185848643334,44.32633922200852],[7.737749841632739,44.32681361300207],[7.737936703406049,44.327292831916765],[7.737721452211804,44.327790099898785],[7.738949731755591,44.33137781874504],[7.746294453473006,44.335140859786605],[7.746810933854125,44.33527706873706],[7.747358962609813,44.334814942994136],[7.749733174189801,44.33267575133939],[7.754055091725739,44.33037775575106],[7.753882165625268,44.33017780909648],[7.753661983322868,44.32991430794891],[7.7536455841087,44.32987362118632],[7.753620381087401,44.329805825940866],[7.753480619027763,44.329075058389414],[7.753762037181208,44.325778018772084],[7.754347240265323,44.32455608378627],[7.762819866992613,44.31852169588883],[7.765570792083366,44.31669236692061],[7.767341489018726,44.31595075405055],[7.768122121166759,44.31566658670066],[7.76934415004991,44.315337664596825],[7.769943287632471,44.31539362518122],[7.770984261071901,44.3123798658285],[7.773399187105546,44.30263316408295],[7.772034190983437,44.29777043813049],[7.771826530282659,44.29726403813544],[7.771640642739815,44.296879412201605],[7.771386031865574,44.29640302470422],[7.770985632798298,44.2958865441438],[7.770742945770595,44.295728584077196],[7.7703738353608545,44.29548833643485],[7.76435149965597,44.28790588445122],[7.760958538122403,44.27901474861542],[7.760516585777272,44.270676875914035],[7.759011746869854,44.263652592437246],[7.757184598895933,44.256857777745374],[7.757132096261516,44.256703400222904],[7.757043265704094,44.256442306778446],[7.755735796018242,44.254902058997295],[7.754963894925483,44.25423194229307],[7.75424005030136,44.25371537919998],[7.751341254934698,44.25166311408704],[7.750694547918788,44.25151872321186],[7.750549263512657,44.251486546134906],[7.750446108746537,44.251463704093275],[7.748874050305832,44.25133844551666],[7.747921144404114,44.25169713494724],[7.747475717344807,44.25191731938611],[7.744244053479801,44.250076714608866],[7.743606570315034,44.24959256379532],[7.740938977185994,44.24629508664189],[7.739312511647002,44.244107441619235],[7.7388667399984366,44.24335525908303],[7.737220641260789,44.232578487850155],[7.743128137790357,44.2293440434189],[7.752696443748112,44.22458730006333],[7.755823333987761,44.22280279181777],[7.755564711043109,44.22209775626973],[7.755540046737597,44.221615807424165],[7.756320889453644,44.21990924522772],[7.75702108482147,44.218593429153565],[7.757844810772331,44.21739147994463],[7.758824837338374,44.21668703402075],[7.755786986460716,44.208145468797284],[7.756082971037727,44.200737772047944],[7.765551637747254,44.195250984727934],[7.774564064749162,44.188469699778636],[7.781344449136599,44.179057501591515],[7.784939803888637,44.17439165679623],[7.7848198347639155,44.17349457208755],[7.784027484860662,44.17157299506343],[7.78169659419028,44.169292869382666],[7.7788380638676,44.169020434450374],[7.7704014333676295,44.1689627186449],[7.7586500062962305,44.165205004451074],[7.756648443288768,44.16469246962064]]]},"properties":{"name":"Roccaforte Mondovì","op_id":"808","minint_elettorale":"1010271900","minint_finloc":"1010271900","prov_name":"Cuneo","prov_istat_code":"004","prov_istat_code_num":4,"prov_acr":"CN","prov_iso_3166_2":"IT-CN","reg_name":"Piemonte","reg_istat_code":"01","reg_istat_code_num":1,"reg_iso_3166_2":"IT-21","opdm_id":"677","com_catasto_code":"H407","com_istat_code":"004190","com_istat_code_num":4190}},
{"type":"Feature","geometry":{"type":"Polygon","coordinates":[[[7.405903310989853,44.359925453166184],[7.4107326735012,44.359989147587186],[7.418023472474427,44.35833802728836],[7.420433074143614,44.358084598574905],[7.424161027721372,44.35807308310875],[7.425760279220256,44.358068125411805],[7.426368032159674,44.35808551905001],[7.43135160727825,44.35955833872804],[7.432520356574312,44.35965558823589],[7.434261663184403,44.35976212144715],[7.435538517653942,44.35964747151927],[7.444719564683612,44.35785076541198],[7.44741097501591,44.35710545611075],[7.4498544735235726,44.35483176754168],[7.450731507653689,44.353989222044625],[7.452990412045297,44.35159162796505],[7.459071529617509,44.3438704483658],[7.463297866928421,44.34371581929138],[7.464782710762376,44.34448751567062],[7.464579057353353,44.34006437641171],[7.454842999756832,44.33580283871378],[7.439317825736759,44.33065609707405],[7.435271093295002,44.32544659668901],[7.424479021306988,44.324136853665706],[7.421780086614119,44.32423432636462],[7.422479721971731,44.32464042806432],[7.423723169875322,44.32610704909962],[7.4242810560139425,44.332173653792815],[7.424017305566383,44.332773211217344],[7.416036978902927,44.3427684735865],[7.415264171912741,44.343441958423085],[7.414215136652666,44.34453023285974],[7.41053684242405,44.34607259656579],[7.406622600638977,44.34758416979281],[7.406201396257898,44.347767718840664],[7.4057891992531095,44.348031028796576],[7.404859782818994,44.34866278029717],[7.404475500390974,44.349040029510235],[7.404086007801131,44.349696281016065],[7.403595406237272,44.3506842482423],[7.403562161161153,44.350751284313674],[7.403486257369173,44.35478799469526],[7.403539321773343,44.35576213694415],[7.403687094412589,44.35735321316874],[7.4039898466121405,44.35780194842799],[7.404958442167034,44.35904437339514],[7.405483990413358,44.35960537950423],[7.405747110438293,44.359865632736295],[7.405903310989853,44.359925453166184]]]},"properties":{"name":"Roccasparvera","op_id":"809","minint_elettorale":"1010271910","minint_finloc":"1010271910","prov_name":"Cuneo","prov_istat_code":"004","prov_istat_code_num":4,"prov_acr":"CN","prov_iso_3166_2":"IT-CN","reg_name":"Piemonte","reg_istat_code":"01","reg_istat_code_num":1,"reg_iso_3166_2":"IT-21","opdm_id":"678","com_catasto_code":"H447","com_istat_code":"004191","com_istat_code_num":4191}},
{"type":"Feature","geometry":{"type":"Polygon","coordinates":[[[7.452696605270287,44.29825231959628],[7.452697331833945,44.29822532778579],[7.45365057637004,44.29865237295245],[7.45453799823094,44.299290094163865],[7.454700816187152,44.299444431047036],[7.455096828366549,44.29981981730166],[7.457252920803141,44.303378347953625],[7.4580450639305775,44.306944939251295],[7.458087827851607,44.30761621222681],[7.458189218100584,44.308424247092354],[7.458663023499363,44.30980915537129],[7.458994993159811,44.3104238425742],[7.459845171903425,44.311938790537724],[7.460663270848209,44.31294463651663],[7.461656430131503,44.31407437519108],[7.461791253605594,44.3141932176083],[7.46183043396304,44.31422117095135],[7.46209400931011,44.31440886930743],[7.462478307454278,44.314607605879935],[7.471698238337398,44.31864761409921],[7.476418101080668,44.32032009158058],[7.494200469579491,44.324739850157904],[7.5028505591445835,44.3259519512413],[7.505142913714158,44.32695427145845],[7.505697545170131,44.327137093988235],[7.5062805168646785,44.32728425753371],[7.506737831251508,44.3273802717103],[7.507278096734121,44.32741884396807],[7.507577869368573,44.3274168937285],[7.507917065930059,44.32741466012993],[7.508369278267437,44.3274107731873],[7.508460833259872,44.32740937972971],[7.511190115577935,44.322905459849125],[7.511275210267581,44.32274901710903],[7.512100760511208,44.32114377255374],[7.512131320745079,44.321004614561616],[7.517263489515292,44.315638151668225],[7.519492962356627,44.31341634348088],[7.510263293359688,44.30892093147657],[7.5049578729455835,44.307838774518856],[7.504212276784985,44.307977565532944],[7.503898635175849,44.307923932911606],[7.501348160575995,44.306602505441404],[7.500053980922584,44.305803462646274],[7.4973195921400615,44.30372775147848],[7.496887694981315,44.30333494554154],[7.496819552755979,44.303180994018454],[7.492845223627252,44.294170737724116],[7.483199911520725,44.285962948081504],[7.486627817299681,44.28019253928118],[7.487466873330145,44.27980301655619],[7.488493233422564,44.27888930385036],[7.488708341298326,44.27867157653848],[7.488735793997544,44.27860891982061],[7.488744216967565,44.278478489794445],[7.488759220753149,44.2780915644551],[7.488758450950208,44.27572378473524],[7.488449986081516,44.27498596338831],[7.487231789892235,44.27262007812886],[7.486345443214073,44.27107333447946],[7.482247785516507,44.26789492824968],[7.481587844829386,44.267431511778184],[7.481221886563168,44.26754818890499],[7.478441315843835,44.268469990073626],[7.475063645377122,44.26964483456892],[7.469290320422575,44.27249356042067],[7.456956548676129,44.28014661132993],[7.455500970249664,44.27996488641686],[7.4552562267169185,44.27993456103249],[7.45494514430836,44.279954464680465],[7.454254510678278,44.28018658808604],[7.454042215546846,44.28027824669464],[7.4539521664730986,44.28032138987307],[7.450204136871355,44.282193374270086],[7.447233990058727,44.28400762805259],[7.44375574052359,44.28693122498764],[7.441880384460836,44.28865222177849],[7.437792431195475,44.29285024330507],[7.452696605270287,44.29825231959628]]]},"properties":{"name":"Roccavione","op_id":"810","minint_elettorale":"1010271920","minint_finloc":"1010271920","prov_name":"Cuneo","prov_istat_code":"004","prov_istat_code_num":4,"prov_acr":"CN","prov_iso_3166_2":"IT-CN","reg_name":"Piemonte","reg_istat_code":"01","reg_istat_code_num":1,"reg_iso_3166_2":"IT-21","opdm_id":"679","com_catasto_code":"H453","com_istat_code":"004192","com_istat_code_num":4192}},
{"type":"Feature","geometry":{"type":"Polygon","coordinates":[[[8.194472012006297,44.62857032183837],[8.193658516215015,44.6290600786971],[8.192881314333286,44.629340183919545],[8.192333550344541,44.62938462148052],[8.189717840814511,44.629135558574035],[8.184604125949313,44.628505967322305],[8.181963852005506,44.62707370530854],[8.17725656706351,44.62724244020435],[8.172171794814416,44.629303292660204],[8.171135213521762,44.62975039130186],[8.169013185868664,44.63165640856587],[8.167542039063926,44.63393636660074],[8.161805160238522,44.640655206249576],[8.158884290959893,44.64271881449309],[8.158497292144474,44.64302203611668],[8.158168914200115,44.64333020598765],[8.156150840147157,44.64532285267734],[8.152881596300546,44.64911566305223],[8.152300730002457,44.649845050442146],[8.15217698873865,44.65008719939203],[8.167513373537433,44.651856456231585],[8.168426401691724,44.64866727629431],[8.168726243622121,44.6481473069319],[8.169047171531094,44.647722034117436],[8.169538970665162,44.64758608214487],[8.17223750059444,44.646849468509835],[8.175701867201628,44.64646041436414],[8.184977904719636,44.64149416802579],[8.187108807900504,44.638079913139144],[8.191198594732533,44.635025596263816],[8.19332005599243,44.63376225688108],[8.19705495984209,44.63167180078614],[8.194472012006297,44.62857032183837]]]},"properties":{"name":"Rocchetta Belbo","op_id":"811","minint_elettorale":"1010271930","minint_finloc":"1010271930","prov_name":"Cuneo","prov_istat_code":"004","prov_istat_code_num":4,"prov_acr":"CN","prov_iso_3166_2":"IT-CN","reg_name":"Piemonte","reg_istat_code":"01","reg_istat_code_num":1,"reg_iso_3166_2":"IT-21","opdm_id":"680","com_catasto_code":"H462","com_istat_code":"004193","com_istat_code_num":4193}},
{"type":"Feature","geometry":{"type":"Polygon","coordinates":[[[7.985943081465888,44.690660563293115],[7.986372446213147,44.69080520962228],[7.98665665643383,44.69090095089136],[7.991126570947121,44.69183460361647],[7.992817697279629,44.69214826055955],[7.993590978497566,44.69222259419938],[7.993818699508298,44.69198604812738],[7.993832710293109,44.689969646796584],[7.989947914134279,44.686154410760786],[7.986715835084791,44.67747001112116],[7.982125673336691,44.6687644134698],[7.981135912847718,44.66781032808709],[7.97935925054075,44.66618754272743],[7.972659277647484,44.663552781422815],[7.966398550022367,44.65985934896502],[7.965663494305972,44.65950160813437],[7.96541713604594,44.65943635937527],[7.964969289004631,44.65932877936167],[7.964514032349309,44.65930663924205],[7.962571468445544,44.65942404164537],[7.961509209600211,44.65964394088785],[7.961459284838233,44.659697402519136],[7.961299430689461,44.65987162688102],[7.9600104803908875,44.66144434487485],[7.959657127245195,44.663186412635866],[7.959788880168735,44.66377386612611],[7.959779788742443,44.66388370129767],[7.9597687746017645,44.664016755148],[7.959645399346718,44.66457412273974],[7.959136440363444,44.665275821581595],[7.958837675633539,44.66553061367928],[7.958390065646684,44.66573271915096],[7.957704699583747,44.665987531024236],[7.956887200086191,44.666290636293624],[7.956138234165607,44.66646384666436],[7.9553191390007,44.66659138941492],[7.955022124117598,44.66659765995626],[7.954690240381409,44.668957678410436],[7.951301876063684,44.675273282680514],[7.939644398144558,44.67964291725437],[7.939588805367334,44.68104338632048],[7.939576568460599,44.681253510521906],[7.939477536276717,44.682843081890624],[7.938034232931933,44.685696907878864],[7.936951645920187,44.68768386004242],[7.9368602964056745,44.68785104486964],[7.940559062066688,44.68843005499729],[7.958268557903425,44.690722025064275],[7.967116480663134,44.691417286103224],[7.969118075007294,44.69062243796605],[7.985943081465888,44.690660563293115]]]},"properties":{"name":"Roddi","op_id":"812","minint_elettorale":"1010271940","minint_finloc":"1010271940","prov_name":"Cuneo","prov_istat_code":"004","prov_istat_code_num":4,"prov_acr":"CN","prov_iso_3166_2":"IT-CN","reg_name":"Piemonte","reg_istat_code":"01","reg_istat_code_num":1,"reg_iso_3166_2":"IT-21","opdm_id":"681","com_catasto_code":"H472","com_istat_code":"004194","com_istat_code_num":4194}},
{"type":"Feature","geometry":{"type":"Polygon","coordinates":[[[8.040237896635814,44.59421888872811],[8.047496514468568,44.585256448813524],[8.049046005677736,44.57960500725872],[8.049559999782911,44.57644490355192],[8.049525347663913,44.57608451836189],[8.049113920356406,44.5749557819227],[8.048915776086176,44.574531018799426],[8.04825278573895,44.57401235289833],[8.042175007366273,44.57420459533553],[8.040649339784954,44.57502451981572],[8.038028125668198,44.57633034979867],[8.036545113765715,44.57666034853532],[8.036263549077376,44.57666657116804],[8.036027738239376,44.57666908044583],[8.031549461241333,44.57571293454608],[8.029922734531624,44.57509596171938],[8.020544000492809,44.56870515181195],[8.011649245467265,44.562529317537845],[8.005252030072297,44.55802199603417],[8.006366487861795,44.55542547241754],[8.007451418773742,44.55252258232117],[8.00793151250167,44.550802766876295],[8.007740817807013,44.55065707914319],[8.005943575579261,44.54957463423017],[8.00453937641687,44.54888721218949],[7.9973763295356655,44.545474910440525],[7.997008585724352,44.54540486745606],[7.9951096589198105,44.54634242971781],[7.9941334188210265,44.547018041821346],[7.992519892400058,44.548327185931804],[7.989907974477995,44.550727607540914],[7.989353288593588,44.55128354407255],[7.989846610449298,44.55230534883711],[7.991827721013894,44.55628832683519],[8.000798442927618,44.565918852337],[8.004546502035957,44.57876668140551],[8.002238837552405,44.58333780056473],[8.000450877607292,44.58570333696712],[7.99794390268321,44.587986060039455],[7.998240000032803,44.58783871836034],[7.998819242607649,44.58761115654213],[7.999529745290766,44.587477833618124],[8.001913555864034,44.58713520500019],[8.00364644283676,44.58710872333771],[8.005445701393558,44.588092169231516],[8.00547232422248,44.589558039745704],[8.008130909320117,44.59258521496902],[8.008229083532152,44.5924059688677],[8.008926453839972,44.5915657804388],[8.009260604363032,44.59121766308377],[8.01194949528263,44.589116298972556],[8.014189712741063,44.588560355056515],[8.016723969877024,44.588171740515925],[8.019066870361218,44.58907864161246],[8.01937816644019,44.58922534515693],[8.019792202190656,44.58946747546604],[8.020188296832748,44.58982564902144],[8.020341359734614,44.589962819707395],[8.020547424241098,44.590140144233075],[8.020928947679918,44.59037406658975],[8.021639085101391,44.59077799519001],[8.021779305270064,44.59085677407134],[8.022160573732178,44.591064174881716],[8.022572659553864,44.591287301861136],[8.022757997224028,44.5913849155085],[8.023102623473699,44.59156641974387],[8.024013836080917,44.59195681832931],[8.025018763154254,44.59229848759586],[8.025469956935098,44.59244930176255],[8.025557682958826,44.59247862262883],[8.031878881189858,44.59447241842336],[8.035621562307131,44.59489401764063],[8.040237896635814,44.59421888872811]]]},"properties":{"name":"Roddino","op_id":"813","minint_elettorale":"1010271950","minint_finloc":"1010271950","prov_name":"Cuneo","prov_istat_code":"004","prov_istat_code_num":4,"prov_acr":"CN","prov_iso_3166_2":"IT-CN","reg_name":"Piemonte","reg_istat_code":"01","reg_istat_code_num":1,"reg_iso_3166_2":"IT-21","opdm_id":"682","com_catasto_code":"H473","com_istat_code":"004195","com_istat_code_num":4195}},
{"type":"Feature","geometry":{"type":"Polygon","coordinates":[[[8.0633391961092,44.60781267876133],[8.052128978275427,44.61023456339763],[8.050346635340698,44.61274044999105],[8.053759344448164,44.614074141370494],[8.05395357412708,44.61462797135442],[8.054550706726188,44.61683545152722],[8.05468183124215,44.61732266740393],[8.054775283140915,44.617841676951066],[8.04916597553406,44.63261700242281],[8.048992329330455,44.63314220759688],[8.048668444066257,44.63401273882685],[8.047745994382971,44.636210644731115],[8.047449487757843,44.63677983782173],[8.046339821035835,44.638616057717734],[8.046040418674192,44.63892414628635],[8.043892688513557,44.640981242324564],[8.043955507079874,44.641494868028154],[8.044021598491028,44.641842059863535],[8.044138934492088,44.64220763150814],[8.0459571981399,44.64775482503844],[8.046073674387173,44.648052874049114],[8.046209750758106,44.64838260966273],[8.046453280044325,44.64874473298186],[8.048050587210739,44.65076558242362],[8.048674000613547,44.650838274243014],[8.048938660141205,44.650868863408064],[8.04934590798716,44.65091591619943],[8.049859910381008,44.65078965993102],[8.055004997797823,44.64912989856048],[8.056633916912626,44.647523924939414],[8.0643074527099,44.642847295306346],[8.076407836148348,44.63582938742771],[8.079333161110718,44.63471869392877],[8.081018184593388,44.635793646517094],[8.081396295557534,44.63563104730348],[8.08194456108519,44.635342879744215],[8.082522402989571,44.634978415200294],[8.082950592856802,44.6345587473539],[8.083123158329743,44.634083001009465],[8.083837164048761,44.6317751143358],[8.08394088639105,44.63114127327452],[8.083927625895054,44.63074595559364],[8.083921852970526,44.63057398233689],[8.08338792695938,44.624272490825284],[8.083149041908122,44.62398249576205],[8.082761651350683,44.62368559633475],[8.082612634082874,44.623572015688346],[8.081580978911223,44.6229481161092],[8.080182001059464,44.6223607008907],[8.080972286375346,44.62060708545804],[8.076370963169435,44.61542506766864],[8.070576918746962,44.61128540337863],[8.0633391961092,44.60781267876133]]]},"properties":{"name":"Rodello","op_id":"814","minint_elettorale":"1010271960","minint_finloc":"1010271960","prov_name":"Cuneo","prov_istat_code":"004","prov_istat_code_num":4,"prov_acr":"CN","prov_iso_3166_2":"IT-CN","reg_name":"Piemonte","reg_istat_code":"01","reg_istat_code_num":1,"reg_iso_3166_2":"IT-21","opdm_id":"683","com_catasto_code":"H474","com_istat_code":"004196","com_istat_code_num":4196}},
{"type":"Feature","geometry":{"type":"Polygon","coordinates":[[[7.453143056558892,44.54075971554972],[7.45102595152035,44.53585166383071],[7.450513200108324,44.53276131648626],[7.448031007522382,44.529446189809185],[7.444506152174941,44.52497797947192],[7.4427672883883975,44.523423839933805],[7.440347740104372,44.52213946416354],[7.437670433811544,44.52108557152994],[7.435402538257095,44.52025328493083],[7.4302104904075295,44.518669604199104],[7.423486209382961,44.51719507183588],[7.421376729284453,44.51682783257286],[7.418865839248918,44.51662254018859],[7.409605535564144,44.51595648700219],[7.400251182236424,44.51359946773562],[7.385742782063165,44.51383191245392],[7.384483637115612,44.51486290766707],[7.383621041512775,44.515442630346904],[7.382891685844348,44.51589817238401],[7.382008923857317,44.516397911318634],[7.380961374655371,44.516910604244316],[7.378780852311051,44.51789695975401],[7.378475738901047,44.518009667733914],[7.378206538616648,44.51804317484869],[7.378084325286595,44.51805812083507],[7.378036044903963,44.51805758808591],[7.377935419817988,44.51805629914245],[7.377821960976251,44.51805457841574],[7.373947731604914,44.517918263508186],[7.370394795430509,44.5174219838844],[7.367409081357052,44.51705974267402],[7.362679660764019,44.51694701882681],[7.3616074117552035,44.51701715186288],[7.360190352656876,44.51711384712133],[7.358351882922143,44.51726297044917],[7.356852144344948,44.51739920390488],[7.356889305416868,44.51781810043365],[7.357105518341032,44.51863146007743],[7.357244048100927,44.51907456268001],[7.35730108210715,44.51922842955133],[7.3585540555448805,44.52179387970049],[7.359992066943695,44.52383141287031],[7.362646717160295,44.52744352612863],[7.365899501607335,44.53147823804622],[7.3658392616109944,44.53223344511527],[7.365808047736864,44.53262475291243],[7.365630760914065,44.53412563894516],[7.365546296496704,44.53476810405695],[7.370820601616763,44.53623887666838],[7.373163472917653,44.53617600052396],[7.379928740016625,44.535495210308476],[7.384062182877172,44.53440146027299],[7.385620714257123,44.53356827943051],[7.389905273602229,44.531549190874095],[7.393692699716656,44.53172407394116],[7.394788261590347,44.5318880306949],[7.396648822349795,44.532337285445664],[7.397592057013306,44.532584618100664],[7.406242629588203,44.53611762703656],[7.406762725386996,44.536430976207264],[7.407886807305957,44.5372118740948],[7.4080960499803945,44.53738583357018],[7.41361537847031,44.54317926355015],[7.416668133988013,44.55036962671197],[7.419185823725859,44.55316827344746],[7.421643340475686,44.553544371874395],[7.423409905217332,44.5538658538358],[7.423834668628102,44.55398875763849],[7.42419406457,44.5542007673222],[7.424677140324404,44.55449551351117],[7.425183432864314,44.554862611938674],[7.425453550418657,44.55511840906236],[7.4265941675128015,44.55624141305022],[7.42671249173797,44.556522124939626],[7.426995246320198,44.55723698500207],[7.426959874304361,44.55728999819102],[7.430162634630058,44.557255065770974],[7.433913047786913,44.55575687422999],[7.434170564905034,44.555663068228135],[7.4343298495325,44.555605045875716],[7.434594165471041,44.5555092264356],[7.43496397694346,44.55537516270896],[7.440708422735225,44.55461202536939],[7.440936874809649,44.55458813258499],[7.441562142982536,44.554527562521535],[7.441629213635675,44.55452108768216],[7.442517097726099,44.554438678294645],[7.444725783574079,44.55446878305088],[7.446401442669381,44.55449159494915],[7.448134956571161,44.55453768038392],[7.4495512860860105,44.55467392686923],[7.449796952943698,44.55347991063635],[7.450563093311509,44.548331874275306],[7.450671339564089,44.543778054928744],[7.45080505770215,44.54348279084998],[7.452239171595603,44.54114357167109],[7.452484679300758,44.54090384167503],[7.453143056558892,44.54075971554972]]]},"properties":{"name":"Rossana","op_id":"815","minint_elettorale":"1010271970","minint_finloc":"1010271970","prov_name":"Cuneo","prov_istat_code":"004","prov_istat_code_num":4,"prov_acr":"CN","prov_iso_3166_2":"IT-CN","reg_name":"Piemonte","reg_istat_code":"01","reg_istat_code_num":1,"reg_iso_3166_2":"IT-21","opdm_id":"684","com_catasto_code":"H578","com_istat_code":"004197","com_istat_code_num":4197}},
{"type":"Feature","geometry":{"type":"Polygon","coordinates":[[[7.61826635828176,44.726152579330154],[7.624431245371669,44.71558631103048],[7.62350601132354,44.706829402285656],[7.619575940339699,44.70687198483534],[7.619020862026237,44.70685627427361],[7.616745306896253,44.706284091667285],[7.616615662062157,44.7062285042094],[7.616567036003811,44.70619841885165],[7.616270088607098,44.7060124527475],[7.615340347367798,44.705348781943236],[7.615529393180471,44.70498203406042],[7.615632804557102,44.704830242267036],[7.6157724938906854,44.70467889466305],[7.616659398018253,44.703528477273196],[7.617708443073084,44.701916137202446],[7.617165146636418,44.7016260096308],[7.615478021016799,44.701430029280665],[7.611602815042137,44.70112336149449],[7.600023682752249,44.70039085245398],[7.592246363817996,44.70032681413916],[7.589732800242366,44.69942699163383],[7.587371464630956,44.69815548503149],[7.585800994018373,44.69831159797953],[7.580655240095865,44.69910417664221],[7.580486652875721,44.69914940100833],[7.580453555082879,44.699158974972384],[7.580255136331254,44.69944960992655],[7.578005091694577,44.70424181031991],[7.577526969543389,44.70533660621934],[7.576652686733006,44.70832100131217],[7.575981434805963,44.710774759717886],[7.575959547708936,44.71107155628233],[7.577637720170229,44.71237979392265],[7.5820544092236615,44.71205662596527],[7.589627613173255,44.712708583912395],[7.600921591404511,44.71962172580325],[7.600844288067014,44.72624669830447],[7.599381850413875,44.72946942454098],[7.599644905526017,44.72962459217237],[7.601066296558719,44.73046222861977],[7.601170612205218,44.73052202349621],[7.601850004902684,44.73075989914824],[7.602491045354163,44.73070473124139],[7.604766633003623,44.72947225185802],[7.608644136352435,44.72448218556835],[7.61196006625335,44.72257867237304],[7.612546693456027,44.722270718298766],[7.612633308833321,44.72226277467894],[7.612862620653746,44.72229255140955],[7.613120046021812,44.72233620325786],[7.613324713056181,44.72237469646717],[7.613900535614131,44.72268325528581],[7.6159903495198,44.72427050051466],[7.61826635828176,44.726152579330154]]]},"properties":{"name":"Ruffia","op_id":"816","minint_elettorale":"1010271980","minint_finloc":"1010271980","prov_name":"Cuneo","prov_istat_code":"004","prov_istat_code_num":4,"prov_acr":"CN","prov_iso_3166_2":"IT-CN","reg_name":"Piemonte","reg_istat_code":"01","reg_istat_code_num":1,"reg_iso_3166_2":"IT-21","opdm_id":"685","com_catasto_code":"H633","com_istat_code":"004198","com_istat_code_num":4198}},
{"type":"Feature","geometry":{"type":"Polygon","coordinates":[[[8.102723580853349,44.42070635852675],[8.106422417197015,44.4192003871062],[8.10785095011105,44.41850034247684],[8.108501091671474,44.417848227298094],[8.1165660516184,44.40860203858852],[8.116906868041273,44.408180701731766],[8.11723034014368,44.4077789171833],[8.117741497308156,44.403983692929636],[8.117835570228673,44.40265484842948],[8.117589712653254,44.40136722526754],[8.116515174645182,44.39955654478752],[8.121262099292192,44.39373246289841],[8.116833074484521,44.3908821135414],[8.104063401110542,44.387204040501715],[8.09563622475917,44.38620133924494],[8.095014616080293,44.386340469676284],[8.088014487187245,44.38695999587629],[8.086057657152205,44.387110792956896],[8.082757735767787,44.38677467761471],[8.078379082177134,44.385782132413475],[8.072191712459388,44.38090422037217],[8.0713436788561,44.378516072539355],[8.07101991279136,44.37581560981537],[8.071135564105496,44.372176388439335],[8.06996630577312,44.36962358171837],[8.068303970049284,44.36668860008025],[8.064714044158082,44.36526833092572],[8.060352202072147,44.3674967475754],[8.058991326486293,44.36933111249303],[8.058961729977932,44.36970899209227],[8.059152173131142,44.37099346726084],[8.059555769734406,44.37114083836977],[8.060067632876331,44.37122965026836],[8.060347861985079,44.37127789872675],[8.063132309844338,44.374645312342864],[8.063150976568272,44.37792699764591],[8.062644268282146,44.38070022376999],[8.062607861139787,44.381064531669615],[8.062569679368426,44.38251922286216],[8.063301845185046,44.383964612271626],[8.063563790737522,44.38438990702301],[8.064154936678726,44.3850834567421],[8.071130382559767,44.39193396720659],[8.074068346823214,44.39447316733961],[8.089223471606653,44.40913410619943],[8.095867346743637,44.41030363407798],[8.100887053599122,44.418360219100705],[8.102723580853349,44.42070635852675]]]},"properties":{"name":"Sale delle Langhe","op_id":"817","minint_elettorale":"1010271990","minint_finloc":"1010271990","prov_name":"Cuneo","prov_istat_code":"004","prov_istat_code_num":4,"prov_acr":"CN","prov_iso_3166_2":"IT-CN","reg_name":"Piemonte","reg_istat_code":"01","reg_istat_code_num":1,"reg_iso_3166_2":"IT-21","opdm_id":"686","com_catasto_code":"H695","com_istat_code":"004199","com_istat_code_num":4199}},
{"type":"Feature","geometry":{"type":"Polygon","coordinates":[[[8.100432183020754,44.43343371098412],[8.101560482567463,44.43344059180973],[8.101836756541589,44.43342476906429],[8.102116605530036,44.43335426463857],[8.102944327883565,44.432847317482675],[8.103009063699902,44.43279617234675],[8.103052103239886,44.43276152277297],[8.103281172695201,44.432576766355005],[8.103739414097847,44.43209380861456],[8.104952603506604,44.42826365478975],[8.105417875364232,44.425715018613],[8.105476506803777,44.425246235934615],[8.105354002750298,44.42468819221425],[8.10368872259585,44.421717756504044],[8.102723580853349,44.42070635852675],[8.100887053599122,44.418360219100705],[8.095867346743637,44.41030363407798],[8.089223471606653,44.40913410619943],[8.074068346823214,44.39447316733961],[8.071130382559767,44.39193396720659],[8.064154936678726,44.3850834567421],[8.063563790737522,44.38438990702301],[8.063301845185046,44.383964612271626],[8.062569679368426,44.38251922286216],[8.062607861139787,44.381064531669615],[8.062644268282146,44.38070022376999],[8.063150976568272,44.37792699764591],[8.060921910138935,44.37838135504435],[8.057118590334316,44.37907923347118],[8.055560798649076,44.37758875026133],[8.054412664679335,44.37690969351452],[8.0535398812349,44.376447826804885],[8.052574391276346,44.376358805976366],[8.051555867441566,44.37724613248687],[8.051547415181254,44.37743060611185],[8.05198256606091,44.379171775116426],[8.054801451723872,44.38214805430269],[8.057026575593252,44.38407954892701],[8.057609992191768,44.38480907660772],[8.058605856676891,44.38742601863508],[8.058976217409528,44.38976737539834],[8.061111529654097,44.40736801029918],[8.056720645508605,44.41247628218487],[8.062570641404516,44.41573392847472],[8.06453963064313,44.41681239321305],[8.065107868571111,44.417091638393224],[8.065751037036488,44.41732646966723],[8.067935297812634,44.41780796665009],[8.06952817204832,44.418131538537494],[8.07014689410047,44.41817708299738],[8.071038976985907,44.41821135351688],[8.071658339546762,44.41821638950043],[8.07678691143016,44.41801489950129],[8.08091071417809,44.41654919594703],[8.081778974904065,44.416200582488294],[8.082197072970343,44.41604639359737],[8.08348283209548,44.41608867772568],[8.084824519210647,44.41630604315475],[8.086639430021544,44.416617674567775],[8.088013520935787,44.41700675645766],[8.088512415320784,44.41718179179403],[8.091306327808017,44.41823036944318],[8.091748575375338,44.418467954265225],[8.096611978967621,44.4256186966728],[8.098792545866342,44.42903447327216],[8.098916941395633,44.43003475543123],[8.09890300004574,44.431094702256104],[8.100432183020754,44.43343371098412]]]},"properties":{"name":"Sale San Giovanni","op_id":"818","minint_elettorale":"1010272000","minint_finloc":"1010272000","prov_name":"Cuneo","prov_istat_code":"004","prov_istat_code_num":4,"prov_acr":"CN","prov_iso_3166_2":"IT-CN","reg_name":"Piemonte","reg_istat_code":"01","reg_istat_code_num":1,"reg_iso_3166_2":"IT-21","opdm_id":"687","com_catasto_code":"H704","com_istat_code":"004200","com_istat_code_num":4200}},
{"type":"Feature","geometry":{"type":"Polygon","coordinates":[[[8.148142889463573,44.39534226199809],[8.146979147678442,44.399389339872265],[8.149052689858989,44.40350107446678],[8.157729658013968,44.41922121296666],[8.15870719869244,44.41989912356938],[8.15881772481365,44.41999485981809],[8.159171684735336,44.42030315614771],[8.160284835389154,44.421985872310465],[8.16185481526338,44.42549496667733],[8.163247735844083,44.43119496114106],[8.16331710491406,44.43266291854924],[8.162971373567984,44.43446542484427],[8.162274632093478,44.435495617938216],[8.16194887973649,44.43635745188668],[8.163112791943576,44.440232662761325],[8.163846798295657,44.441734977964664],[8.165105918570898,44.44378025260442],[8.165445066239666,44.44132059083691],[8.166991846418643,44.440225002022515],[8.170484747188507,44.439840797758244],[8.182296136988388,44.43996647969028],[8.187732766896398,44.44550143815757],[8.194113632119096,44.44819344291081],[8.196793833387453,44.4485274230178],[8.199934501772494,44.44841892994254],[8.202996498389137,44.448089231558896],[8.207149203014577,44.44813509845808],[8.20764109386464,44.447765918357135],[8.210409603107912,44.445120290391465],[8.221680326808277,44.43271087087546],[8.220101214468718,44.427361472440126],[8.219503781692994,44.42628549808722],[8.213295130183093,44.42265743814794],[8.209863939994491,44.41898157582453],[8.208035280525605,44.4157819284385],[8.206357260348122,44.40427375004395],[8.193647748135907,44.39995342160997],[8.192656741671321,44.39896511216424],[8.19136431793351,44.39798367312821],[8.189733248110707,44.39699080464763],[8.189205120737956,44.39668063812758],[8.187964362276567,44.3959519249711],[8.187326866492576,44.395667377491975],[8.186505622456746,44.39530234577971],[8.186187319260926,44.39538694868415],[8.185157954885467,44.39566139654797],[8.18125634210703,44.39714634847857],[8.18070207607449,44.39749161379939],[8.18002444593533,44.398145875534276],[8.17074756280426,44.39484817950278],[8.170672952223946,44.39444123140067],[8.169845818772997,44.39255363627184],[8.169081099211503,44.391620937705255],[8.167175166300115,44.38966229589031],[8.166319029445336,44.38890871444308],[8.166009732853116,44.38863648278367],[8.164582234766051,44.387500522035744],[8.163240429767788,44.38655458077672],[8.16262464409552,44.386215139220454],[8.161931700152111,44.385833765382884],[8.161230230825357,44.3857926055629],[8.159044775637513,44.38587556611137],[8.15565344381179,44.38600359489753],[8.15421003939206,44.385992915386815],[8.152495347916469,44.38568310463374],[8.150882585990676,44.385229996113615],[8.149519229390407,44.384792023943334],[8.148142889463573,44.39534226199809]]]},"properties":{"name":"Saliceto","op_id":"819","minint_elettorale":"1010272010","minint_finloc":"1010272010","prov_name":"Cuneo","prov_istat_code":"004","prov_istat_code_num":4,"prov_acr":"CN","prov_iso_3166_2":"IT-CN","reg_name":"Piemonte","reg_istat_code":"01","reg_istat_code_num":1,"reg_iso_3166_2":"IT-21","opdm_id":"688","com_catasto_code":"H710","com_istat_code":"004201","com_istat_code_num":4201}},
{"type":"Feature","geometry":{"type":"Polygon","coordinates":[[[7.82422428977932,44.583809448105235],[7.819798353298324,44.58193115314313],[7.818382848005091,44.58108714572473],[7.818092859303195,44.58091423138888],[7.816293108795178,44.579752281357074],[7.816090902574879,44.57925538283374],[7.816076048362204,44.57921887739121],[7.815868858254737,44.57853896227798],[7.815618886807086,44.57767470854473],[7.815087034703852,44.57571626561377],[7.813546433040832,44.570694277865165],[7.812437599282016,44.56919282777673],[7.812020232492856,44.568661848568134],[7.810338960942059,44.56673130082383],[7.809798150707193,44.56611799590264],[7.809543386568467,44.56583625855891],[7.809225078655387,44.56548634139422],[7.8086911218091375,44.56502165509402],[7.807992585447644,44.56448320890621],[7.8046281483764295,44.56197685553218],[7.802475343852878,44.56055440170214],[7.79824847828116,44.558134322090204],[7.793875082712352,44.56026122813508],[7.792255454203732,44.56104454507674],[7.788360748654345,44.56244458906512],[7.784999156314245,44.56364671831568],[7.783133706321496,44.564900714719236],[7.781283596943634,44.56616141594799],[7.775627291691672,44.57219352534899],[7.775565416701961,44.57816150721207],[7.779845699294271,44.58779048511456],[7.783054672920589,44.596746162677235],[7.78713779875938,44.602591702730734],[7.788515752115118,44.60699951875165],[7.790423351895134,44.605520829848544],[7.795702299846763,44.6017055678691],[7.797600951873047,44.601234944601934],[7.798816659467996,44.60094164642679],[7.803019836980415,44.60011255079329],[7.804063433545289,44.60012295096963],[7.806089478258653,44.60117546371352],[7.807336330361559,44.601841180420706],[7.808517003208165,44.60254668273217],[7.808596850943264,44.60259267158056],[7.810607199187842,44.60086701055468],[7.814837382072706,44.59665682923742],[7.815122999182909,44.59633170469224],[7.81622117139631,44.59496566515855],[7.816249720020217,44.59492733300482],[7.816415713955601,44.594703124064615],[7.8165221471113115,44.5945592376543],[7.816620614397924,44.59442534873641],[7.816738720957354,44.59426439183557],[7.817147383530072,44.59358432177597],[7.817188919738741,44.59348795939133],[7.817204542504725,44.59345038975914],[7.817224756590449,44.59340162890726],[7.817309445866777,44.59301195601379],[7.817321492882989,44.5929560606676],[7.8173534726957445,44.592778481843084],[7.8174069683349705,44.5924752558822],[7.8174082353955034,44.592409802519256],[7.817413746253974,44.59211287022493],[7.817416849563369,44.591878856962076],[7.817417746222464,44.59174171610896],[7.817407799223718,44.591644950996134],[7.820583372587375,44.58778637333299],[7.822348373879501,44.58633717911248],[7.82422428977932,44.583809448105235]]]},"properties":{"name":"Salmour","op_id":"820","minint_elettorale":"1010272020","minint_finloc":"1010272020","prov_name":"Cuneo","prov_istat_code":"004","prov_istat_code_num":4,"prov_acr":"CN","prov_iso_3166_2":"IT-CN","reg_name":"Piemonte","reg_istat_code":"01","reg_istat_code_num":1,"reg_iso_3166_2":"IT-21","opdm_id":"689","com_catasto_code":"H716","com_istat_code":"004202","com_istat_code_num":4202}},
{"type":"Feature","geometry":{"type":"Polygon","coordinates":[[[7.461034354896711,44.71296529819521],[7.461951916093089,44.70970985945209],[7.462010403446247,44.7095125811964],[7.462530342230026,44.70885792786191],[7.463063383852547,44.70839248162128],[7.463586064070748,44.70797641176544],[7.463865286709362,44.707980177625174],[7.464170453827771,44.7080157838045],[7.467260005708092,44.711950774201995],[7.47335093583989,44.71675407816511],[7.478336843653533,44.71851756087323],[7.482295490238887,44.71897084021717],[7.489223206463352,44.72023301873814],[7.491568031618114,44.72465710981132],[7.492927859465584,44.72616045188958],[7.497951684969762,44.731497456774996],[7.499110707313387,44.73258397618589],[7.499239233106352,44.73290974354565],[7.500219579424031,44.736496523364075],[7.500220301057041,44.73671257210107],[7.500232657335908,44.741668468462784],[7.4996107888323476,44.75008187922956],[7.498041230529586,44.75699746008996],[7.500099110338942,44.75838292823562],[7.503313093650992,44.75532476167035],[7.511289119824049,44.74962259454259],[7.51633350349639,44.746204567402735],[7.516376924831352,44.741883915666726],[7.5180363813104805,44.72742086217459],[7.517420244286956,44.72241445742246],[7.5184010334675015,44.71873389802417],[7.523629116845057,44.71356228274391],[7.524452692723474,44.71164751901149],[7.525077680678942,44.70698230613691],[7.5255257201844765,44.703490708813334],[7.52693059553228,44.697184739109474],[7.528638075969913,44.68990792417645],[7.5324865953478355,44.68848847090876],[7.534646960940226,44.684109081145394],[7.536054985692644,44.676899566026435],[7.536631905668004,44.67416519025279],[7.53712329889307,44.672032706751075],[7.538822330010102,44.665905862840766],[7.539123130317565,44.66483916120551],[7.539165077427679,44.66469041345325],[7.539346950468164,44.66420529781003],[7.539432111859767,44.66397814970661],[7.539513128886353,44.66381202724437],[7.5396479689206615,44.66354428958361],[7.540445482004325,44.66245936526707],[7.540576840636027,44.66228235967689],[7.541593631010675,44.66094957320506],[7.54313421961494,44.65893569954921],[7.5458105744223385,44.65566936574501],[7.547340256049667,44.653852360582505],[7.548033476157044,44.65308470932902],[7.548561909006672,44.65249953262008],[7.540650443788792,44.65044068189815],[7.537775972443123,44.64949488978202],[7.53693887500595,44.64861972291748],[7.531862340065936,44.63727459240593],[7.529828736611723,44.63203603818321],[7.5294370934523815,44.63085167804354],[7.528728594257637,44.6285964548066],[7.528489934325256,44.6278146781934],[7.528807414500915,44.62204870688177],[7.525252635952181,44.621509812352954],[7.515704804510772,44.62118023583813],[7.5133398494056225,44.62112699925258],[7.511939858275957,44.6211319437602],[7.508901078036766,44.6211553195449],[7.504181285424288,44.62631049535543],[7.494993554956281,44.62587917718172],[7.488278923065159,44.62225253274869],[7.475282603295167,44.619275527261436],[7.460313533292045,44.61833943491364],[7.4602560994088565,44.618344176267875],[7.459773660272888,44.61835612566771],[7.459486226764822,44.61835224812202],[7.459417277212687,44.61832721102008],[7.45921586842256,44.61825407419319],[7.458205528096671,44.617763306513716],[7.45794183508376,44.61760669981344],[7.45709873850633,44.61706415959157],[7.45694082554898,44.61695850432644],[7.454755987570045,44.61483590243962],[7.4544334557798,44.614507452120904],[7.453836980740876,44.61383657940279],[7.45373682701096,44.613719258515545],[7.453690553053704,44.61366467004992],[7.45344188432945,44.613314705493615],[7.45162096524297,44.60922993132342],[7.451301976502524,44.608080565130756],[7.447252751882944,44.61154725441375],[7.437540221649842,44.61793705473931],[7.433314619346925,44.625274590578776],[7.431454850754791,44.62716207181084],[7.430101681296622,44.6281832411714],[7.432930951947027,44.62840775374567],[7.433626416753908,44.628474721273626],[7.434142950824034,44.628687904847716],[7.434655876196493,44.62895091296731],[7.4350379090593615,44.62935016596754],[7.435394044592342,44.62978180386958],[7.438154155380493,44.635009468616225],[7.438231982073699,44.63521644453837],[7.438245945782816,44.6352556764847],[7.438217618380896,44.635523483911676],[7.43785842892493,44.636472825273444],[7.437054444160311,44.63790000647276],[7.431992115787771,44.64477984886447],[7.435697979645415,44.64704188700627],[7.441211846997787,44.651520354210724],[7.443196090431743,44.653218112007465],[7.445424401838945,44.65521097810171],[7.447785085834024,44.65761071419029],[7.448212395742679,44.65812515568826],[7.448299227030802,44.658387404215574],[7.448497208430863,44.65925431993528],[7.44842830307344,44.660153619478045],[7.448802235049642,44.665257783440445],[7.450692516652715,44.673763005145375],[7.452626671748517,44.678248839792595],[7.455503857196715,44.68300300232478],[7.454538281346641,44.68719400039938],[7.45197883244319,44.693262860637994],[7.4524996231594995,44.70264873399206],[7.453037675185575,44.70655110487645],[7.453285941552174,44.70709460756036],[7.454016593673657,44.70804073651851],[7.454452590652127,44.70843407764942],[7.45507525297147,44.708995800408424],[7.459609885897797,44.71251904568256],[7.461034354896711,44.71296529819521]]]},"properties":{"name":"Saluzzo","op_id":"821","minint_elettorale":"1010272030","minint_finloc":"1010272030","prov_name":"Cuneo","prov_istat_code":"004","prov_istat_code_num":4,"prov_acr":"CN","prov_iso_3166_2":"IT-CN","reg_name":"Piemonte","reg_istat_code":"01","reg_istat_code_num":1,"reg_iso_3166_2":"IT-21","opdm_id":"690","com_catasto_code":"H727","com_istat_code":"004203","com_istat_code_num":4203}},
{"type":"Feature","geometry":{"type":"Polygon","coordinates":[[[7.046045007616628,44.37485280184589],[7.046383627995246,44.37782918905884],[7.046423397626127,44.377969826885284],[7.0464459656719205,44.37804663589773],[7.0466144063113685,44.37830157599305],[7.047199810865192,44.37900480698753],[7.047350913952956,44.37914822718868],[7.047586172348411,44.379371517611254],[7.049358765583566,44.380662206991225],[7.049825672366112,44.38093125709566],[7.050461915463525,44.381275215368284],[7.050626103744214,44.38132754205067],[7.050887698723125,44.3812824844567],[7.058396591395773,44.381838062201915],[7.062020009635212,44.384577915546146],[7.065184570709394,44.38664369250527],[7.065867509166473,44.387087402716055],[7.067181748334398,44.38785237758807],[7.068459442568811,44.38819562759369],[7.070640019590403,44.38857257258727],[7.08486108192715,44.390958958338544],[7.088867451145676,44.39152956160239],[7.091656218299431,44.390244656265644],[7.098403100891656,44.38823256691143],[7.10287791391653,44.38678105799262],[7.10150234866758,44.381255131531425],[7.10139585572573,44.380359996586115],[7.101441585279146,44.37910035401121],[7.101504667048961,44.37900724173461],[7.1015487777832185,44.37894448832951],[7.104817795089336,44.37672120710234],[7.106537789124631,44.375700938352395],[7.108048526824367,44.37512279261528],[7.109647130499945,44.374612754441074],[7.11911496087752,44.36840052007173],[7.118395681085761,44.3677629885141],[7.117993225917184,44.36718917683711],[7.117846898735572,44.36695719949711],[7.116031361159277,44.36356651724373],[7.115740202587827,44.361409342923096],[7.1156881797534215,44.36093910968786],[7.115769412090219,44.35995030074002],[7.116685562981494,44.35868702367264],[7.116768859239544,44.358618596775685],[7.117018986887611,44.35841377429649],[7.117081690516073,44.358383374928],[7.117446718953535,44.358208932002995],[7.118357322592945,44.358133911242696],[7.119875085638174,44.355898428717474],[7.121369866977649,44.35356508414675],[7.121516024664484,44.35326140493687],[7.121545764304551,44.35287027897837],[7.1215341282451625,44.35282444588273],[7.1213437728096425,44.352074707254204],[7.12117057843969,44.351617222496714],[7.12108068605867,44.35139967077933],[7.120502162715467,44.35066991918812],[7.119474900233459,44.349334102613284],[7.114543221442984,44.34177781745872],[7.117363530808388,44.33220303380039],[7.120764886302044,44.326083141235586],[7.121916897349576,44.32407646759094],[7.122166515165034,44.323634933182156],[7.122657179259425,44.32115371882874],[7.120821748915079,44.31892685585843],[7.109639208722583,44.309874504097124],[7.099568522254089,44.30301825366883],[7.097826568609015,44.30299372734427],[7.0934838334094845,44.30327241608171],[7.085985099102862,44.3037737963954],[7.078991591818311,44.30472369886952],[7.062093410070719,44.310661962733185],[7.057203063828933,44.31115408610116],[7.053444705795573,44.316634938613205],[7.053529381824855,44.32524938028043],[7.054243740913915,44.32551363836848],[7.055042393648604,44.325918860509084],[7.05574960586942,44.326399057053486],[7.056205638927141,44.32680745482406],[7.056606609437302,44.32734093478988],[7.056857964778748,44.32779984894074],[7.0569919605224145,44.32834679775651],[7.05716579789793,44.32961015884497],[7.057170128152648,44.3314017887058],[7.0570809150094975,44.33333136074947],[7.056953310958054,44.334513056541695],[7.056882559885643,44.334732422453214],[7.056554190083325,44.33507344470274],[7.056005187722341,44.33555474383602],[7.0554340659069155,44.335945652192926],[7.054876387899015,44.33630975651982],[7.054516397330899,44.33645667377911],[7.050871035794459,44.33771790620997],[7.048883172993777,44.34345939500595],[7.050546437149843,44.35778403023574],[7.050571125459978,44.358116932145215],[7.050576696081351,44.35820314011248],[7.050562305714573,44.358251862557246],[7.0505355483295675,44.35834036077365],[7.050487062637512,44.35849874779659],[7.049422112866823,44.361082284991035],[7.048744905650247,44.36222762798485],[7.04825673473958,44.36266014511747],[7.0472820701874435,44.36319742015258],[7.04627909734992,44.3634503519208],[7.04433847813646,44.36405632436196],[7.043959590834396,44.36417587452807],[7.040933755508117,44.365402042146634],[7.040747606369795,44.36550721853662],[7.040696480537781,44.3656638894738],[7.044641404874415,44.373572895401246],[7.045226940585385,44.37414108468829],[7.045620297441506,44.374507921971386],[7.046045007616628,44.37485280184589]]]},"properties":{"name":"Sambuco","op_id":"822","minint_elettorale":"1010272040","minint_finloc":"1010272040","prov_name":"Cuneo","prov_istat_code":"004","prov_istat_code_num":4,"prov_acr":"CN","prov_iso_3166_2":"IT-CN","reg_name":"Piemonte","reg_istat_code":"01","reg_istat_code_num":1,"reg_iso_3166_2":"IT-21","opdm_id":"691","com_catasto_code":"H746","com_istat_code":"004204","com_istat_code_num":4204}},
{"type":"Feature","geometry":{"type":"Polygon","coordinates":[[[7.273240042331401,44.61494927489327],[7.273326400697025,44.61242090637279],[7.273165279602217,44.611837815133185],[7.271988270961085,44.60908328480282],[7.267277648960847,44.600306549221195],[7.263628923771479,44.596623127318345],[7.258489887492402,44.592444250822524],[7.257334474310527,44.592993780648],[7.257180519667755,44.59291491756781],[7.256929178320974,44.59273552380885],[7.255304377878623,44.59141920780741],[7.255264733576935,44.59138554120214],[7.254751712481515,44.59094228349234],[7.253983463630846,44.590210351573],[7.253249701704801,44.58920885678086],[7.252160306610572,44.587661767335824],[7.251775521580847,44.58680063844367],[7.250236136154641,44.58328860952422],[7.250043388797454,44.58278603367991],[7.247140820709165,44.57240667991585],[7.246886907458886,44.56346333200829],[7.24730271321159,44.55340492683513],[7.24795497977623,44.543993831194925],[7.2479947111697,44.543809883549756],[7.248040017204915,44.54372954834625],[7.248066671597086,44.543706807202234],[7.2482427314835345,44.54355715427985],[7.2485213985062265,44.54333765225093],[7.248904996959087,44.543036120404686],[7.24932432375738,44.542812990259094],[7.239986317481553,44.54196722872594],[7.2348331842348035,44.54134302970941],[7.231898333045732,44.54039286999768],[7.2259051377949195,44.53824283678806],[7.218644483548055,44.537144007833156],[7.217078413211852,44.537069397135646],[7.206954442612207,44.53795597226117],[7.200813650708529,44.53870542659562],[7.198884591494601,44.53907461995272],[7.197859789289201,44.539325030153705],[7.194913907348192,44.54042181805629],[7.190532795261086,44.54215746445239],[7.185492435632455,44.54213599336487],[7.1726504248469976,44.54176014083698],[7.166386742611838,44.54021032198805],[7.160995622173244,44.537341837903746],[7.16092175771823,44.53731731798315],[7.160258751163692,44.53722192248816],[7.15961829192131,44.53717559502605],[7.158977299603636,44.53714637197471],[7.158153925012921,44.537174491802396],[7.155748537957413,44.537428241927685],[7.155697438707521,44.537440644009784],[7.155487727961519,44.53749154636045],[7.150101382454097,44.539911590952336],[7.147010414902965,44.54168447658809],[7.13284012180717,44.544663023553106],[7.128152468921484,44.54562154599373],[7.115481332267086,44.55290021390627],[7.115450001435985,44.55387943178406],[7.115449242834491,44.554461615965025],[7.115779313481945,44.55999752908028],[7.116302789613398,44.5671001190453],[7.11713367972271,44.57309596094789],[7.117414781787745,44.57453199292661],[7.118401666729998,44.58035932956561],[7.119016218121658,44.58766593379594],[7.119505398380052,44.5960552581896],[7.119495273607151,44.60037175112159],[7.116082035647439,44.615489032122746],[7.114142276093604,44.62210527754452],[7.11358437788722,44.62422511470856],[7.1129228018155555,44.626892394903955],[7.112886764250073,44.62711685771554],[7.1128996167252385,44.62760769537702],[7.113045555627626,44.6279792140683],[7.1131361217434135,44.628016716154164],[7.117983689504919,44.62651681930933],[7.127266838322921,44.62455841149699],[7.136024443256006,44.62417058023457],[7.141946349202844,44.6259955676173],[7.145527501265852,44.62747166078108],[7.151763726741473,44.628656877523134],[7.152244959894837,44.62874263342304],[7.152436503955536,44.6287764054544],[7.152646676711962,44.62880053538441],[7.153223130572305,44.62886574573455],[7.153864871683753,44.628903136226036],[7.154841572101663,44.62890091212768],[7.155451537484171,44.62873523049051],[7.156059064564778,44.62854699468538],[7.156468479806265,44.62838254983709],[7.156939846970585,44.628105620549],[7.15701280378721,44.628062755579386],[7.157420733226023,44.62774525518625],[7.158512690875222,44.62674892316682],[7.159116574180475,44.62617918828573],[7.163223284023365,44.62307199120882],[7.1663575188187485,44.62075024765741],[7.168506668886972,44.619434386888344],[7.173580240925406,44.61667540214978],[7.17856570338989,44.61490060739451],[7.178829066865301,44.614859730533205],[7.1794331332178025,44.61483787372866],[7.179725220016905,44.61485602647091],[7.180178466576942,44.615143489574365],[7.188527087774468,44.618354221549765],[7.200106970361071,44.62155285562019],[7.205202475597338,44.6212104835674],[7.219277955909476,44.61971662328372],[7.2293699192516945,44.618855032428016],[7.229618450364026,44.61884772512289],[7.231033571581873,44.61880885272179],[7.23505513556594,44.61883139870753],[7.241569895635565,44.61969116467983],[7.243933673735035,44.62021832342376],[7.246540526442788,44.62138397437148],[7.252232015267233,44.62396061336404],[7.259225978125697,44.627285825088144],[7.269396339819135,44.62052603900637],[7.270529406197792,44.619648027330435],[7.271150552522601,44.61914429719958],[7.271614962075238,44.61869219421979],[7.272100178965628,44.61812338558763],[7.272515038822798,44.617535515323056],[7.272898418347589,44.616893126364246],[7.272971374839373,44.61674369687041],[7.273084825326208,44.61650434732898],[7.2733006500158695,44.616002632093895],[7.273337310771605,44.61591390087075],[7.2733370946803655,44.61588066947073],[7.273334040924938,44.615782783499164],[7.273329971226911,44.61567533323749],[7.273240042331401,44.61494927489327]]]},"properties":{"name":"Sampeyre","op_id":"823","minint_elettorale":"1010272050","minint_finloc":"1010272050","prov_name":"Cuneo","prov_istat_code":"004","prov_istat_code_num":4,"prov_acr":"CN","prov_iso_3166_2":"IT-CN","reg_name":"Piemonte","reg_istat_code":"01","reg_istat_code_num":1,"reg_iso_3166_2":"IT-21","opdm_id":"692","com_catasto_code":"H755","com_istat_code":"004205","com_istat_code_num":4205}},
{"type":"Feature","geometry":{"type":"Polygon","coordinates":[[[8.051751851804887,44.50428956849623],[8.054100992725482,44.50524534117203],[8.05452467002333,44.50121567935442],[8.054685242905725,44.500037661029545],[8.054779669126589,44.49988539585726],[8.05505692949825,44.49970762912102],[8.060355351281425,44.499022148268416],[8.061110473364256,44.498947326196955],[8.062261680150835,44.498907280354885],[8.063199023462683,44.49889245984753],[8.063966221743158,44.49911529849748],[8.064538351815305,44.49930404633457],[8.068287646359604,44.4993482088748],[8.071320305502342,44.49909831260805],[8.072968899575134,44.498949659526154],[8.076064948506442,44.49839408160055],[8.076528726148366,44.49822229078013],[8.07703428719055,44.49801930739621],[8.077701651643636,44.49765108220055],[8.077960296016752,44.49750014092832],[8.079135960924356,44.4963527793601],[8.069268430433471,44.483358506132575],[8.060623648610887,44.477827605684475],[8.05861018715486,44.47576511494893],[8.05369733838969,44.474421446628305],[8.051914726521332,44.4771119510876],[8.051016604031178,44.47974677911654],[8.04878893724039,44.484027009440325],[8.0465602212853,44.488545763389155],[8.045362309547675,44.49769955262387],[8.048655419373464,44.500725793757915],[8.049165331037171,44.5005049746444],[8.049273506271255,44.50048389423347],[8.049994522938347,44.50034983111663],[8.051040361271236,44.50033601647322],[8.051605176985326,44.50041272255498],[8.052348758351355,44.501076096121324],[8.052636164108232,44.501389077072176],[8.052614700033073,44.5019380569606],[8.051751851804887,44.50428956849623]]]},"properties":{"name":"San Benedetto Belbo","op_id":"824","minint_elettorale":"1010272060","minint_finloc":"1010272060","prov_name":"Cuneo","prov_istat_code":"004","prov_istat_code_num":4,"prov_acr":"CN","prov_iso_3166_2":"IT-CN","reg_name":"Piemonte","reg_istat_code":"01","reg_istat_code_num":1,"reg_iso_3166_2":"IT-21","opdm_id":"693","com_catasto_code":"H770","com_istat_code":"004206","com_istat_code_num":4206}},
{"type":"Feature","geometry":{"type":"Polygon","coordinates":[[[7.284307062650165,44.52432168589477],[7.283847136677086,44.52340552517047],[7.283536259278148,44.52267614045643],[7.281237690003399,44.51468330786118],[7.28108551185311,44.51400132726488],[7.2807110616070005,44.512109676145236],[7.280692689321223,44.51175829895082],[7.280978048681921,44.510862148317685],[7.283086137607942,44.50612720343146],[7.284233269251924,44.497646031638155],[7.286104922617186,44.48878408572596],[7.287617819052695,44.48828012328081],[7.28785470997126,44.48812921249113],[7.288126855766614,44.487954667522075],[7.2885498652421115,44.48756038392608],[7.2888927282035425,44.487124410957605],[7.288952064848259,44.48692605863886],[7.288962232632146,44.486891565161024],[7.289694458473043,44.484395126913164],[7.2896661419931865,44.48348093041036],[7.2896007329513,44.483016325921035],[7.289232509457032,44.48239863452206],[7.2890517097201455,44.482292401166276],[7.287740902886537,44.481777598431485],[7.286704443151616,44.48181157509245],[7.281062264686991,44.48268105308199],[7.280223837644013,44.48288897015076],[7.280107524879249,44.482927732050314],[7.27968861431905,44.48312847286649],[7.277631573150489,44.484137270442915],[7.277407421735522,44.484273858002204],[7.277338341247846,44.484317802134726],[7.276954368621764,44.48470321573574],[7.276654152436265,44.485022778213136],[7.276626949167804,44.48514390808662],[7.276695657565533,44.48526646482203],[7.270089778336608,44.483663147449455],[7.267053897590033,44.47705873509453],[7.26767179891365,44.47318796762002],[7.2658423683187445,44.47185031525221],[7.25917367021611,44.4703849466093],[7.2460698701034305,44.46902757764635],[7.23222885729511,44.47043008914173],[7.229508849707954,44.46823632383499],[7.229721757244693,44.461001292912485],[7.232801493954328,44.44719867168222],[7.234064171109576,44.44065527683865],[7.2342962068919485,44.4362115555764],[7.234204598814182,44.43613812162364],[7.232780387894416,44.43560353495825],[7.23227800179385,44.435420581596006],[7.232078597128368,44.435348995322606],[7.231722670495058,44.43523057712799],[7.23159624177902,44.435201930578316],[7.231187804092678,44.435110133273085],[7.2306218524107315,44.43498434195037],[7.2238936749584175,44.43374375626207],[7.218341481173498,44.43467690599483],[7.200114180283672,44.436542000842074],[7.197086621302723,44.43709751941796],[7.195972530913335,44.440073294524055],[7.19572409108477,44.44098859975292],[7.195787501785148,44.441465790582825],[7.1959223590413455,44.44202157768924],[7.195987360296286,44.442117132307544],[7.197048555681129,44.4434662927587],[7.197246174894276,44.44366747002168],[7.198044970071242,44.444292257100464],[7.198411246841487,44.444577121856604],[7.198515677981333,44.44465528539398],[7.198917018586059,44.4448596899041],[7.199105440863845,44.44493917681604],[7.201994537092509,44.449526561629796],[7.203042838031898,44.45125356917048],[7.2042866063982975,44.45333866781012],[7.205282443901128,44.455263450775455],[7.205945835372505,44.45673609958723],[7.20712024874872,44.45946055454557],[7.2073689244938075,44.46117258557394],[7.208843110869149,44.4766060446298],[7.20912443484435,44.48036905152563],[7.201685922580443,44.48848500180673],[7.198267584612103,44.48954293354442],[7.200259977485018,44.49352196743728],[7.209084732547083,44.49793245721084],[7.214187152580475,44.50019999285734],[7.219892484597701,44.5050019235883],[7.21997941490421,44.505232839562765],[7.21996707598799,44.505637763682714],[7.219873294613212,44.50799498525115],[7.219722969236066,44.50895591327279],[7.21923437955521,44.51030767128172],[7.219195480537902,44.51041058754356],[7.21540724307245,44.512115956739734],[7.207134093544185,44.51588895304912],[7.20596588715239,44.51691488675357],[7.205395324754267,44.51742806187714],[7.2038319731275635,44.519946688990515],[7.196088342667802,44.525792431455834],[7.194117187104626,44.52708696453095],[7.188850197665246,44.53087316107051],[7.1883054140437155,44.53169722154173],[7.188219302647173,44.531834150204965],[7.187927263166137,44.53421645781866],[7.187922410121086,44.535526227897876],[7.187948951184738,44.53597679354129],[7.187981756009866,44.53636441977842],[7.188089252028691,44.5367631332421],[7.188154472231503,44.536997323359216],[7.188544439618816,44.53813334014019],[7.189204977599744,44.539791268908004],[7.190532795261086,44.54215746445239],[7.194913907348192,44.54042181805629],[7.197859789289201,44.539325030153705],[7.198884591494601,44.53907461995272],[7.200813650708529,44.53870542659562],[7.206954442612207,44.53795597226117],[7.217078413211852,44.537069397135646],[7.218644483548055,44.537144007833156],[7.2259051377949195,44.53824283678806],[7.231898333045732,44.54039286999768],[7.2348331842348035,44.54134302970941],[7.239986317481553,44.54196722872594],[7.24932432375738,44.542812990259094],[7.255483091262746,44.539517805492295],[7.258350209389041,44.537909627193464],[7.265329715338976,44.53515306565725],[7.265775371543414,44.534993294645176],[7.266558537039496,44.53472610313058],[7.267949215444585,44.53427908884117],[7.270831460716727,44.534025678939244],[7.274277010601233,44.532637403613556],[7.278005317120348,44.52977687604412],[7.2837568040590135,44.52535311117293],[7.283920030224615,44.5251480265113],[7.284004192890988,44.525029227240225],[7.2841362909961385,44.524838772711895],[7.284174751951209,44.52478332025609],[7.2842823859083,44.52453288266096],[7.284307062650165,44.52432168589477]]]},"properties":{"name":"San Damiano Macra","op_id":"825","minint_elettorale":"1010272070","minint_finloc":"1010272070","prov_name":"Cuneo","prov_istat_code":"004","prov_istat_code_num":4,"prov_acr":"CN","prov_iso_3166_2":"IT-CN","reg_name":"Piemonte","reg_istat_code":"01","reg_istat_code_num":1,"reg_iso_3166_2":"IT-21","opdm_id":"694","com_catasto_code":"H812","com_istat_code":"004207","com_istat_code_num":4207}},
{"type":"Feature","geometry":{"type":"Polygon","coordinates":[[[7.843015018720417,44.73406578989831],[7.842379526396893,44.73416736832764],[7.840538657756031,44.734549307047196],[7.839251233893071,44.73502234627782],[7.8345736822923495,44.737450334952776],[7.832273320274031,44.738954543914765],[7.830947697336877,44.7399876008778],[7.828159506299218,44.74216069388876],[7.8279985592020935,44.742446802932726],[7.8277732882713655,44.74271455019209],[7.827557221534039,44.74289004305849],[7.82750786787943,44.742929464282504],[7.82656019044662,44.743597813808826],[7.8262971863059105,44.74373915597317],[7.822807545431028,44.74555770383636],[7.822090214157856,44.74591039095758],[7.819782506878699,44.74639519182046],[7.811136298623825,44.747466775582986],[7.81039509940288,44.7475355679378],[7.806331646419067,44.74666045597539],[7.800496623656654,44.745330001722245],[7.779861722490436,44.739881059891715],[7.774169749499431,44.733113440775384],[7.7682235845146375,44.727134968284176],[7.765687485317691,44.7239568196818],[7.751754008195303,44.73080007350906],[7.7594835166753,44.7351603872361],[7.764972019089855,44.73834364517946],[7.766384292813717,44.743575712839544],[7.773285002113461,44.7508563428242],[7.781302462176113,44.7541740022216],[7.784228277964299,44.75446175505079],[7.7892855422084395,44.75562726779075],[7.791191035170146,44.75657019276133],[7.792951421072345,44.75750704998524],[7.792469989177852,44.75819512285794],[7.790463974533173,44.76047845997224],[7.78998067901286,44.761139501697514],[7.788975238690268,44.76252030277858],[7.788660310859457,44.762952953794475],[7.791066220529628,44.76492294231718],[7.7919459595201115,44.76547236787189],[7.795656408563193,44.76733000355645],[7.805300109531827,44.77022649448733],[7.8094914918413165,44.76908647115154],[7.810304591105448,44.76760507239792],[7.811699170864879,44.76574714295564],[7.814060558812073,44.76439885394846],[7.814513584775158,44.76433604267639],[7.82020661378926,44.764331987539315],[7.8239491704741635,44.76443361107317],[7.834335354940262,44.763545364948115],[7.8370460946264515,44.762150643023325],[7.842985736838377,44.75682315755144],[7.842059592223609,44.7552563774466],[7.846627749007432,44.75360119053903],[7.84941444142297,44.75046953486536],[7.848239777093905,44.73968650203903],[7.84783470136864,44.7361940409677],[7.847736433612118,44.735895978104885],[7.847228653511983,44.73494695210448],[7.8470898762475585,44.73468764699939],[7.845642606617127,44.73395285409319],[7.845388630168978,44.733923274909905],[7.843015018720417,44.73406578989831]]]},"properties":{"name":"Sanfrè","op_id":"827","minint_elettorale":"1010272080","minint_finloc":"1010272080","prov_name":"Cuneo","prov_istat_code":"004","prov_istat_code_num":4,"prov_acr":"CN","prov_iso_3166_2":"IT-CN","reg_name":"Piemonte","reg_istat_code":"01","reg_istat_code_num":1,"reg_iso_3166_2":"IT-21","opdm_id":"695","com_catasto_code":"H851","com_istat_code":"004208","com_istat_code_num":4208}},
{"type":"Feature","geometry":{"type":"Polygon","coordinates":[[[7.308701182083779,44.68240362125221],[7.31468498980353,44.68158737529059],[7.31658153352126,44.68130476791256],[7.319204048533831,44.68088428982228],[7.321169695087561,44.67906772755892],[7.3306524030334606,44.67822101109374],[7.338375295893353,44.681119900415474],[7.3378962219697215,44.68016780758073],[7.337469217590646,44.6754486188048],[7.337417888385203,44.67461528869521],[7.3375017256339525,44.674116742460924],[7.337548506045498,44.6739462853888],[7.337702356432518,44.67340861665875],[7.337768417535472,44.67324083751821],[7.33778694371539,44.67319378793528],[7.337942268085751,44.67294706800625],[7.338177249658688,44.672573818182464],[7.338412677808463,44.67240183553422],[7.3385901557828195,44.67231794204912],[7.338680968220673,44.67227506166531],[7.344087810549679,44.67059816050027],[7.342655596150381,44.66770565461503],[7.338845465200434,44.66069596237281],[7.33859756313883,44.66039078266],[7.337191955712168,44.658074717629695],[7.335900930476881,44.65590435044229],[7.335503609029167,44.65510634770366],[7.33510720005951,44.65429036094566],[7.334628764915407,44.65325711544753],[7.33450970107449,44.65193653517042],[7.34221637730146,44.6440725814282],[7.343083992894952,44.64323715539632],[7.341674523653404,44.64040977328318],[7.339442338805883,44.63451228456591],[7.338514319413621,44.633508493710664],[7.336313570630067,44.63161745657739],[7.33404784640389,44.63041861861424],[7.33215302926063,44.62943670100924],[7.3306090012352945,44.62897301417477],[7.324639176348265,44.623790223536425],[7.323956724468424,44.618950407988244],[7.322323140806522,44.60879419341383],[7.321459949301463,44.60460443766688],[7.3210889759404605,44.60336559663817],[7.3198779405180465,44.60208745688413],[7.314698839184377,44.59988655763113],[7.313207193137795,44.59934048465453],[7.312646580392768,44.59928329785552],[7.311687886966264,44.59922989416329],[7.31054888490262,44.59922176284605],[7.309740964830594,44.59923711559799],[7.308708869212555,44.599361361996486],[7.306777965491944,44.5996838396482],[7.302981829113003,44.60037017786884],[7.301863822135024,44.600673474761145],[7.2994723915534525,44.601744592304826],[7.2990479138682325,44.60196931589534],[7.2989207375533,44.60203772443489],[7.294371178843672,44.60534479911344],[7.2889590771417225,44.60872670501286],[7.284511179796844,44.61131115779539],[7.276384143226141,44.61439363986095],[7.273240042331401,44.61494927489327],[7.273329971226911,44.61567533323749],[7.273334040924938,44.615782783499164],[7.2733370946803655,44.61588066947073],[7.273337310771605,44.61591390087075],[7.2733006500158695,44.616002632093895],[7.273084825326208,44.61650434732898],[7.272971374839373,44.61674369687041],[7.272898418347589,44.616893126364246],[7.272515038822798,44.617535515323056],[7.272100178965628,44.61812338558763],[7.271614962075238,44.61869219421979],[7.271150552522601,44.61914429719958],[7.270529406197792,44.619648027330435],[7.269396339819135,44.62052603900637],[7.259225978125697,44.627285825088144],[7.252232015267233,44.62396061336404],[7.246540526442788,44.62138397437148],[7.2462332501458615,44.62154605080625],[7.245578365672899,44.62189155105898],[7.242919092270104,44.62337345305525],[7.242612727235367,44.623569765561086],[7.2423938620556205,44.623710562892036],[7.242180728783113,44.623959352438575],[7.242720945167953,44.62695645375352],[7.242925613239443,44.627576261940646],[7.243277225373177,44.628508918074054],[7.243478852898729,44.62862905837584],[7.244496511667915,44.628861506111754],[7.245884310252489,44.62917917582516],[7.247448972084231,44.62957680982298],[7.248425754182164,44.630068926159154],[7.248503102065969,44.630118527018915],[7.249853933232396,44.63136464865514],[7.252729958273365,44.6345010242886],[7.254634913529685,44.638338165352785],[7.256907406098522,44.640015808830825],[7.265445484063998,44.645601285087274],[7.271819265890037,44.64858319259164],[7.280229863967455,44.654651751657894],[7.2909073066924215,44.66290069600026],[7.295572907136633,44.66739993146818],[7.295017504645608,44.66827802171245],[7.294656817885481,44.669204374367055],[7.294448115306181,44.670110502779],[7.294411062012125,44.6705663816075],[7.29440061301905,44.67069493998398],[7.302067082782825,44.67932989307049],[7.302598481921841,44.67983293090477],[7.303343126104937,44.680487663768375],[7.307808702705222,44.68213833344753],[7.308701182083779,44.68240362125221]]]},"properties":{"name":"Sanfront","op_id":"828","minint_elettorale":"1010272090","minint_finloc":"1010272090","prov_name":"Cuneo","prov_istat_code":"004","prov_istat_code_num":4,"prov_acr":"CN","prov_iso_3166_2":"IT-CN","reg_name":"Piemonte","reg_istat_code":"01","reg_istat_code_num":1,"reg_iso_3166_2":"IT-21","opdm_id":"696","com_catasto_code":"H852","com_istat_code":"004209","com_istat_code_num":4209}},
{"type":"Feature","geometry":{"type":"Polygon","coordinates":[[[7.942223802730609,44.39944104835505],[7.948373871644622,44.39772429993349],[7.948053527561366,44.39565069939198],[7.943260609647255,44.393919365212405],[7.941025176173843,44.391903623258635],[7.939421275959447,44.389613320852504],[7.940691735095454,44.3820284616948],[7.941852078976482,44.378978760927694],[7.9427687296116565,44.37765482694533],[7.943552687198753,44.37690133982695],[7.944834606046097,44.37573416871601],[7.944862294164694,44.3757124160735],[7.945069336453135,44.375560442399134],[7.9453172475764635,44.375426166391655],[7.940540610295429,44.372219003410024],[7.939386719366913,44.370826363536715],[7.939098468851056,44.37045456173129],[7.937718581703366,44.367188277061004],[7.938386723842599,44.361773482813724],[7.940482702897616,44.353632121402576],[7.944841455324028,44.346090390704454],[7.946013577547162,44.344528015792626],[7.947603576857621,44.3423970525534],[7.948360714661572,44.33946773968152],[7.939187357406938,44.339319072092245],[7.938649822604502,44.33971469175922],[7.937005581201721,44.34078424785376],[7.936671278090961,44.34095218182515],[7.935745784072458,44.3412946734603],[7.931584023085872,44.34276379561023],[7.928879351004324,44.342549421144156],[7.919574453073869,44.34726454988624],[7.90794699369948,44.35317715179157],[7.906476255912262,44.3540183356187],[7.905016100555258,44.35500367716249],[7.897956154245832,44.35131702951666],[7.895640342667218,44.34954317431836],[7.893818135246298,44.35622365100312],[7.893776175168796,44.356785930675784],[7.8939000301129765,44.3595825026833],[7.895160806000824,44.374120747398884],[7.898618881668946,44.38324249397347],[7.902456975535184,44.38961402523497],[7.9024943049812,44.38984282780712],[7.903066849494604,44.39032097901192],[7.904457853211802,44.39132463802399],[7.905148512575775,44.39171838182169],[7.9066595233640395,44.392286518677444],[7.90990464756326,44.393244825629516],[7.912793320365824,44.39256564289676],[7.921521608582027,44.39096037702916],[7.928485106754871,44.39079185220805],[7.928907394868723,44.39084981511431],[7.931468062222169,44.39185511198462],[7.933248818614129,44.392794550908405],[7.93832087620191,44.39566418247474],[7.941452718528646,44.39783141510455],[7.942223802730609,44.39944104835505]]]},"properties":{"name":"San Michele Mondovì","op_id":"826","minint_elettorale":"1010272100","minint_finloc":"1010272100","prov_name":"Cuneo","prov_istat_code":"004","prov_istat_code_num":4,"prov_acr":"CN","prov_iso_3166_2":"IT-CN","reg_name":"Piemonte","reg_istat_code":"01","reg_istat_code_num":1,"reg_iso_3166_2":"IT-21","opdm_id":"697","com_catasto_code":"I037","com_istat_code":"004210","com_istat_code_num":4210}},
{"type":"Feature","geometry":{"type":"Polygon","coordinates":[[[7.671747167386983,44.477846920935605],[7.6729561709821406,44.477833961288134],[7.673773831815561,44.47785246272267],[7.674445824684329,44.47816186268814],[7.679327716310532,44.48169793440911],[7.681053107766991,44.48306375975102],[7.682163060435969,44.483945327952284],[7.682390477430366,44.484177537080335],[7.6830033120161945,44.484972326904156],[7.6901790080604675,44.49439507352766],[7.7061235373533945,44.50596064617371],[7.719025966855647,44.51689120731188],[7.72577364854884,44.525172532702854],[7.729771760880926,44.531095758133176],[7.73226791587524,44.53730303277503],[7.73193890288528,44.53942921577021],[7.7330331949904085,44.539283788049566],[7.735808457626276,44.53813070945124],[7.737099293935586,44.536754110639976],[7.737215937863029,44.53659785466505],[7.737640524629701,44.53524765781198],[7.7378682687863805,44.53448721260851],[7.74018397897482,44.52666029834476],[7.740755174985013,44.524663538257684],[7.74082987253194,44.52373258950987],[7.741101286093552,44.519310810804406],[7.7411118361008615,44.518820284568974],[7.741086162639552,44.51876024106551],[7.741052443110883,44.51868275534789],[7.74014671019935,44.5162754283514],[7.73919954007292,44.51348316650712],[7.738666175739489,44.511469694704374],[7.73864225074884,44.50862461452122],[7.739073440780733,44.507224989401855],[7.739983839227297,44.5052409488873],[7.745060272422619,44.48955579668272],[7.755956723724931,44.48352620093511],[7.757363564298927,44.483064396039815],[7.75865321955081,44.482587774367424],[7.760850077062144,44.48059503116218],[7.762373982423156,44.4785859773613],[7.766767276719435,44.47257021754494],[7.767468613704322,44.4715962745133],[7.767545057900439,44.47148987800438],[7.767760888972284,44.471189471601036],[7.769172661473637,44.46873852839847],[7.7696099481645176,44.46744685859039],[7.769415568872604,44.46738624288023],[7.769300982340116,44.46726796722195],[7.771160252056057,44.46570352976707],[7.7730276168632235,44.464197651913125],[7.7733947968072385,44.463922507921566],[7.7744035621708525,44.46332565911768],[7.775098887608667,44.4629531496782],[7.775904363028178,44.46252234011666],[7.772748590742742,44.45932872126192],[7.772130644216575,44.459929749504354],[7.767609941404364,44.465165625273606],[7.766568009444713,44.46641924139265],[7.766156569919008,44.46681542195645],[7.766048748544817,44.4669177829736],[7.764756641272862,44.467921118152645],[7.762729570593944,44.468583370157624],[7.7583507054074206,44.469670190209584],[7.757291172093007,44.46985222230891],[7.748935766065613,44.46995905230257],[7.747912289254242,44.469902819272164],[7.738632499965275,44.467396998127505],[7.7383066838543435,44.46729435817602],[7.737915822590957,44.46712799198784],[7.737391892121997,44.46684762913605],[7.73712211437222,44.46669609844936],[7.7369250016308095,44.466563380785104],[7.736682588846885,44.46627261393532],[7.735755190260254,44.46502899705683],[7.735373064258467,44.46433155323794],[7.735289282825551,44.4641910921153],[7.734857695066047,44.46352910783287],[7.734611211384218,44.463301311373414],[7.733954439117682,44.4629159174491],[7.732553008213417,44.462234171073746],[7.7324115308262105,44.46220108944634],[7.732173786953095,44.46214893979561],[7.7288281519014195,44.46199921430756],[7.7245883539423925,44.46387401383148],[7.723228195564657,44.465609838831774],[7.721458394131149,44.46685040048394],[7.719710335745677,44.46766808165085],[7.714576858175736,44.46776794127012],[7.713890118966955,44.46767919473125],[7.709255459856459,44.466978436638044],[7.7092565893078095,44.46619999005678],[7.709294438790575,44.46551622234772],[7.704999705907811,44.464841904219774],[7.7046638250084865,44.464824599826635],[7.7041014671908234,44.46492174394474],[7.703531547004652,44.46502332060725],[7.699741167591887,44.466533175511486],[7.697155981614059,44.46842242608074],[7.688866486083873,44.47152685241264],[7.681836009611475,44.47389914422876],[7.680995678456419,44.47419102237252],[7.680778759124335,44.47426679710764],[7.67981074937723,44.47460494727406],[7.674836918920735,44.47654995216783],[7.672168234085344,44.47759524232293],[7.671747167386983,44.477846920935605]]]},"properties":{"name":"Sant'Albano Stura","op_id":"830","minint_elettorale":"1010272110","minint_finloc":"1010272110","prov_name":"Cuneo","prov_istat_code":"004","prov_istat_code_num":4,"prov_acr":"CN","prov_iso_3166_2":"IT-CN","reg_name":"Piemonte","reg_istat_code":"01","reg_istat_code_num":1,"reg_iso_3166_2":"IT-21","opdm_id":"698","com_catasto_code":"I210","com_istat_code":"004211","com_istat_code_num":4211}},
{"type":"Feature","geometry":{"type":"Polygon","coordinates":[[[7.914862371810624,44.68566810708935],[7.91068879542039,44.69439214263239],[7.911073403140237,44.69453534332126],[7.911271520719643,44.69461375805131],[7.9116334244849185,44.69480858605498],[7.911697125424808,44.69484288099931],[7.911966532888264,44.69498947652483],[7.9120814970425375,44.69523138215258],[7.912052540692821,44.69566096857573],[7.911962313374118,44.695993186517136],[7.911463877362968,44.697505348558174],[7.9090841094419835,44.69892300193202],[7.907265819586542,44.699738330416736],[7.904210357675131,44.70092520780254],[7.903363902728151,44.703256852747494],[7.90320350781926,44.703750430445155],[7.902877308307134,44.704958095745056],[7.903279811674528,44.70510704974016],[7.90381830240955,44.70530472507172],[7.904253484361087,44.705417241621056],[7.9049213914545335,44.70558986654018],[7.905149299596526,44.70521846774103],[7.905902532532594,44.7044964954757],[7.906427197167955,44.704118921903614],[7.907044517998488,44.70367921790618],[7.907373895370612,44.70352462394381],[7.907486265914056,44.70347188284978],[7.9081430642860395,44.703262123766514],[7.909205856764425,44.70302471155927],[7.910017128109115,44.702969441321564],[7.91308685287459,44.70357135777259],[7.915448377135105,44.70430398629872],[7.915915985294985,44.704546825495484],[7.916292431833335,44.704775629009454],[7.916547960456115,44.705034619568416],[7.933452371859552,44.710014469320576],[7.943815476395118,44.71241539003836],[7.952057536429224,44.712324784231384],[7.955374006189381,44.71143242337729],[7.957872113552777,44.71073001811187],[7.960518523514076,44.70962157433378],[7.967016105401073,44.69852505669919],[7.96795916538335,44.6954260667777],[7.9690519800417094,44.69130151155262],[7.96906117410473,44.691253771117246],[7.969153192126963,44.690775796647614],[7.969118075007294,44.69062243796605],[7.967116480663134,44.691417286103224],[7.958268557903425,44.690722025064275],[7.940559062066688,44.68843005499729],[7.9368602964056745,44.68785104486964],[7.931547546622699,44.687162294729546],[7.924179983053938,44.686665498024155],[7.914862371810624,44.68566810708935]]]},"properties":{"name":"Santa Vittoria d'Alba","op_id":"829","minint_elettorale":"1010272120","minint_finloc":"1010272120","prov_name":"Cuneo","prov_istat_code":"004","prov_istat_code_num":4,"prov_acr":"CN","prov_iso_3166_2":"IT-CN","reg_name":"Piemonte","reg_istat_code":"01","reg_istat_code_num":1,"reg_iso_3166_2":"IT-21","opdm_id":"699","com_catasto_code":"I316","com_istat_code":"004212","com_istat_code_num":4212}},
{"type":"Feature","geometry":{"type":"Polygon","coordinates":[[[8.16465378549733,44.71841241513881],[8.16456396919731,44.718731341957145],[8.165000123642084,44.720174898662634],[8.165156765492283,44.72050464167786],[8.165547273884519,44.72073255202111],[8.166317165331904,44.721030746199276],[8.166648021766568,44.72106504288215],[8.168702372270381,44.721169341475445],[8.169495886010584,44.72118938997546],[8.171300194277757,44.72040534024],[8.171958896349084,44.72009053718737],[8.181835797058932,44.71545352879673],[8.185456024049703,44.71470070107642],[8.19249424394606,44.713904456596616],[8.195024399458998,44.713733270223],[8.197906332834032,44.71368603193602],[8.198769862341145,44.71375061359444],[8.201295375872231,44.7140878877892],[8.213776882629697,44.71834255896026],[8.216692532715195,44.72029137855944],[8.220190859746328,44.72328378186054],[8.21924099407844,44.726162520939596],[8.217727328244113,44.728135822068595],[8.221385585597014,44.72907044117001],[8.222349872976515,44.72916516611458],[8.223783932776874,44.7278398624466],[8.224228771477962,44.72732119537997],[8.224323149081583,44.72615873187538],[8.225663543117198,44.72490993133319],[8.227694490768096,44.72361384956021],[8.228386696452642,44.723370962038146],[8.229197815071133,44.72311537574073],[8.229363593094861,44.723092327713616],[8.229492939165349,44.723074498078525],[8.229804626693292,44.72303394381684],[8.237416595367955,44.723327130583606],[8.244462034058104,44.725966665195436],[8.24494144352498,44.72749564523545],[8.250567614534205,44.73110645561001],[8.256829179622693,44.73224650942273],[8.256704745978617,44.729036674151104],[8.257121644867922,44.72341297444986],[8.257523786306011,44.72124495818412],[8.261494458555418,44.716116747394295],[8.261550155250562,44.716054924596],[8.262145271283082,44.71540112924338],[8.265895815205278,44.71264348691874],[8.26622507272393,44.70889949992992],[8.260952754636719,44.70069739236263],[8.25952314188835,44.696641655259825],[8.250598590174354,44.69345889032142],[8.245688833157068,44.69139228896785],[8.243107735265038,44.689200816864236],[8.238154485572688,44.68554580838886],[8.233860126366453,44.68285236909992],[8.227317732322982,44.68074570542098],[8.223719487247198,44.67645887020152],[8.223391006611308,44.673062767176575],[8.220065433789228,44.67515651274305],[8.21336864171494,44.681632793449516],[8.209121181555592,44.68686982160535],[8.203843407778121,44.688782161625426],[8.200557125775303,44.688097519789764],[8.195512968948703,44.68842706734276],[8.194764293055165,44.6885294470975],[8.194226928705195,44.68863367678488],[8.188898551600182,44.6897167487107],[8.181181917423459,44.69178681009078],[8.180505908163322,44.691790397290035],[8.178988511330353,44.6920270664583],[8.177894477275858,44.69233428193387],[8.175310894953366,44.69308085113453],[8.173019436194268,44.697934546261926],[8.172964096301783,44.698330240919354],[8.172947827113171,44.69844716050992],[8.17298945510498,44.69868150978522],[8.17366132172667,44.701666140172556],[8.170659341447234,44.706154537518195],[8.167581109375112,44.70932797056677],[8.164972231574326,44.71344548588821],[8.164121315957878,44.71653605536026],[8.16465378549733,44.71841241513881]]]},"properties":{"name":"Santo Stefano Belbo","op_id":"831","minint_elettorale":"1010272130","minint_finloc":"1010272130","prov_name":"Cuneo","prov_istat_code":"004","prov_istat_code_num":4,"prov_acr":"CN","prov_iso_3166_2":"IT-CN","reg_name":"Piemonte","reg_istat_code":"01","reg_istat_code_num":1,"reg_iso_3166_2":"IT-21","opdm_id":"700","com_catasto_code":"I367","com_istat_code":"004213","com_istat_code_num":4213}},
{"type":"Feature","geometry":{"type":"Polygon","coordinates":[[[7.898423633200517,44.82288826920669],[7.902628946332974,44.821533804904426],[7.904374156058779,44.82048442619112],[7.915738070013018,44.81336866948195],[7.93469226693564,44.80400089480962],[7.945456455269867,44.79822426728989],[7.95854596764199,44.79424732613807],[7.960008943420618,44.79348958844407],[7.9626536969392845,44.791321620554676],[7.965300779984691,44.789698246734076],[7.968829234844117,44.788442844266676],[7.971242757686079,44.78847401107865],[7.972758748334419,44.78861779928552],[7.975931481231362,44.78854275173533],[7.976482965485375,44.78845382141663],[7.977103095334924,44.78778808735021],[7.976780348283967,44.78666892128297],[7.974550708897882,44.7834396284542],[7.974310648589624,44.782964872913404],[7.97419639548955,44.78276512720958],[7.974149732641577,44.782684352978194],[7.970442104929449,44.780913568814746],[7.969593650985268,44.78060433143123],[7.968033709493945,44.78021214828235],[7.9677293279841495,44.78013738542078],[7.961963116954895,44.77886981483582],[7.959318083414589,44.77923266692188],[7.944919597570541,44.781792368371356],[7.938573680517507,44.78433068465905],[7.932236140777405,44.78711179601277],[7.931966409968476,44.78762239821078],[7.9316574223521705,44.78794815118655],[7.931127077490643,44.78842925118991],[7.929440243081774,44.78932806447227],[7.924432196444437,44.791659438869445],[7.910200126063597,44.79745416956261],[7.906133286379259,44.79871510503733],[7.901622204775553,44.79856926472815],[7.89967105356525,44.79856052984888],[7.89814087748945,44.799319914903165],[7.897737929388621,44.79987315970759],[7.893286226626576,44.80747293968284],[7.893125858699552,44.81660657241315],[7.889157318707425,44.81931565843242],[7.882964587965877,44.82502038230038],[7.878291671734557,44.8276579347381],[7.875255438172821,44.82925745775546],[7.87229362454496,44.83009244992814],[7.8713636561558875,44.82987878569387],[7.870620835287657,44.82963480555915],[7.868278612464342,44.82858087984278],[7.8652014333427225,44.82679471327552],[7.8657255306238785,44.82921271146837],[7.865794708639291,44.829514961856795],[7.86589590327347,44.82981753016879],[7.866038885508415,44.82998550401195],[7.866220083197976,44.83014032412874],[7.866440446172636,44.83027304169523],[7.875389665392012,44.83518118239366],[7.879836734678188,44.834572153736886],[7.8817694295877825,44.82892531450538],[7.889163846107169,44.82433648154343],[7.892151699336162,44.82381285493046],[7.8927419238936025,44.82079659569907],[7.898423633200517,44.82288826920669]]]},"properties":{"name":"Santo Stefano Roero","op_id":"832","minint_elettorale":"1010272140","minint_finloc":"1010272140","prov_name":"Cuneo","prov_istat_code":"004","prov_istat_code_num":4,"prov_acr":"CN","prov_iso_3166_2":"IT-CN","reg_name":"Piemonte","reg_istat_code":"01","reg_istat_code_num":1,"reg_iso_3166_2":"IT-21","opdm_id":"701","com_catasto_code":"I372","com_istat_code":"004214","com_istat_code_num":4214}},
{"type":"Feature","geometry":{"type":"Polygon","coordinates":[[[7.633951187570086,44.68762689291408],[7.635645763267728,44.68838083589731],[7.636414038926666,44.68871409352415],[7.636546908979573,44.6887398137336],[7.636959346389275,44.68881964835399],[7.64478466493957,44.68746790089482],[7.653026153472836,44.688510669392315],[7.656723270884574,44.688734280543024],[7.661877887209336,44.68764250641402],[7.666121580992906,44.685923186439204],[7.666738510007721,44.68443601180961],[7.679324492502213,44.682318178961644],[7.679370217602733,44.682385870196846],[7.679507556474654,44.68250484976633],[7.679613139970185,44.68257808358657],[7.679831217867104,44.68259410054361],[7.680812567433349,44.6825649365523],[7.6916936638280875,44.681785395683136],[7.6919715852515065,44.681752573576695],[7.696288179372016,44.67855208654659],[7.696831337270577,44.6775050148181],[7.698341939943555,44.67556423917954],[7.6987876757177345,44.6749391477972],[7.698893895627307,44.6747558258034],[7.699076056776424,44.674438317412005],[7.699329155060001,44.67391005462967],[7.700654874400132,44.67072481296289],[7.702681663481123,44.65953992997884],[7.704841075208276,44.64513813479347],[7.705859279931267,44.64180980239695],[7.707308281817826,44.64167988165482],[7.710798727478057,44.6391379560809],[7.712194924643353,44.637384723709665],[7.712356482132497,44.637170503424144],[7.713631756299819,44.63541138802667],[7.7121215187147705,44.63071764599775],[7.710029643744761,44.62579668478368],[7.708931140620036,44.62067088936257],[7.712036299468047,44.62035053951138],[7.712169156216651,44.612150895938086],[7.70271485479351,44.60581845085163],[7.692632991428381,44.60305224733091],[7.687673913730889,44.602009586380305],[7.675362138850771,44.60234007651089],[7.656766917950959,44.60481007970908],[7.6528010538095605,44.60584815510019],[7.649590051324269,44.60212370982728],[7.647613233324866,44.599088994548175],[7.646901741538665,44.59633933055796],[7.639289920487713,44.58450066738488],[7.633924404024195,44.58102014652491],[7.637631287754893,44.57677478865149],[7.642954576327128,44.57664912677366],[7.645053839064048,44.57221781501531],[7.643020458584993,44.568313553359104],[7.641731258931205,44.56484578254775],[7.640105045774734,44.557109848263025],[7.639182825336252,44.55454806819979],[7.638868650814182,44.55386463822514],[7.635694021005078,44.55160312103123],[7.632650752492634,44.55063046159642],[7.631304084792088,44.55027672593159],[7.630784047500873,44.55015616952458],[7.630714826269793,44.55049022702636],[7.61328615969452,44.54385660984707],[7.613095260319319,44.54372825503267],[7.613014347144038,44.54248041972707],[7.612970475112068,44.541413073560655],[7.612961155442585,44.54109337051838],[7.608460126482713,44.53933717666674],[7.606498027273298,44.53874610257562],[7.5933695212291985,44.53706819778168],[7.5892731290360915,44.537026660905475],[7.584717157660936,44.53975207031472],[7.582951405798837,44.54151716955021],[7.580308586664841,44.54373946367126],[7.584479955008583,44.545965358832646],[7.592038530258852,44.55621814733012],[7.594272153370513,44.56015082841417],[7.595166703305122,44.562557820394574],[7.595774294369342,44.56541915033358],[7.596149925729933,44.56709427382095],[7.596725131790335,44.56826265964793],[7.602021003833915,44.57380113125656],[7.588163150504767,44.57948224801888],[7.586643038037376,44.58066936518795],[7.582344194817048,44.583920393534186],[7.575938187414241,44.588377824120094],[7.565741561229405,44.591135595723564],[7.559856965549823,44.59371723980966],[7.558530095868672,44.5995207967604],[7.5617477794208225,44.60363082698047],[7.567833932020377,44.60942783679375],[7.5801644234693635,44.62360759456922],[7.580516018948769,44.6241476153037],[7.58203246899862,44.62716424958518],[7.585663844971071,44.63457775835168],[7.586236011888461,44.63705601579281],[7.586227031576706,44.64441534128375],[7.582987794263406,44.64807471822864],[7.580078783273515,44.65104597758699],[7.580102373467725,44.65367924862277],[7.59154637609296,44.65829071071729],[7.592516637536127,44.658460217834964],[7.601511095948101,44.66014161728525],[7.602156127371836,44.66029808425055],[7.614070536657104,44.663580639683],[7.615068578458064,44.66388082372487],[7.615617651406178,44.66413053560797],[7.616135111171186,44.66438437553374],[7.617315762512732,44.66514586648835],[7.629009226645569,44.67033719757476],[7.637940422515359,44.672150033029716],[7.638780592882508,44.67419589839578],[7.638775440544814,44.6769165843007],[7.63438304676608,44.687750793732285],[7.633951187570086,44.68762689291408]]]},"properties":{"name":"Savigliano","op_id":"833","minint_elettorale":"1010272150","minint_finloc":"1010272150","prov_name":"Cuneo","prov_istat_code":"004","prov_istat_code_num":4,"prov_acr":"CN","prov_iso_3166_2":"IT-CN","reg_name":"Piemonte","reg_istat_code":"01","reg_istat_code_num":1,"reg_iso_3166_2":"IT-21","opdm_id":"702","com_catasto_code":"I470","com_istat_code":"004215","com_istat_code_num":4215}},
{"type":"Feature","geometry":{"type":"Polygon","coordinates":[[[7.995933551647818,44.34115994202554],[7.997174162631003,44.33916771572368],[7.9977166990893975,44.33829468770733],[7.9978141220072825,44.33789040664826],[7.997932899745985,44.336487017740296],[7.997819630899277,44.33625643447422],[7.9949488275010685,44.33211690376236],[7.999683562535494,44.32677924702064],[7.9990588543483625,44.323959973611416],[7.995431328049812,44.32075050568115],[7.9934099448214315,44.31894112943778],[7.988505862054857,44.31990612043019],[7.981679472708299,44.32228108576072],[7.971717939214923,44.31750548763834],[7.960244102231006,44.31104623798369],[7.957838172166418,44.31007832989376],[7.955847248510136,44.31870294956508],[7.958607577559283,44.322536364177125],[7.963110620246701,44.32940601866631],[7.965297856946552,44.33444506952072],[7.966451161290058,44.341680214996096],[7.976312171039266,44.34620600051698],[7.983423097723652,44.35083088904109],[7.9875108933883,44.35368509662788],[7.98759211963126,44.353773962399366],[7.987780680162079,44.353980079966014],[7.9885162951652635,44.35448174374021],[7.989150197613877,44.35469443093258],[7.99013179905488,44.35480214454041],[7.990929619150155,44.3547866841359],[7.991399198302694,44.35461810459568],[7.991651622822651,44.35452748183982],[7.992978307041109,44.35206790314431],[7.9934553097086685,44.35114031553478],[7.995005559377389,44.34712942867249],[7.996057075545393,44.34425801535329],[7.99607506409075,44.3438935466453],[7.99602822966292,44.34291633391554],[7.995962209184296,44.34163158404842],[7.995933551647818,44.34115994202554]]]},"properties":{"name":"Scagnello","op_id":"834","minint_elettorale":"1010272160","minint_finloc":"1010272160","prov_name":"Cuneo","prov_istat_code":"004","prov_istat_code_num":4,"prov_acr":"CN","prov_iso_3166_2":"IT-CN","reg_name":"Piemonte","reg_istat_code":"01","reg_istat_code_num":1,"reg_iso_3166_2":"IT-21","opdm_id":"703","com_catasto_code":"I484","com_istat_code":"004216","com_istat_code_num":4216}},
{"type":"Feature","geometry":{"type":"Polygon","coordinates":[[[7.580102373467725,44.65367924862277],[7.576359662452408,44.654238258235864],[7.571882916591701,44.654670591372216],[7.567048086216322,44.65511863635582],[7.566080487067634,44.65515151170535],[7.564103559146591,44.65521217942471],[7.563821041982569,44.655177135897816],[7.563264694890156,44.65470186193429],[7.552016448583842,44.65273694674134],[7.548561909006672,44.65249953262008],[7.548033476157044,44.65308470932902],[7.547340256049667,44.653852360582505],[7.5458105744223385,44.65566936574501],[7.54313421961494,44.65893569954921],[7.541593631010675,44.66094957320506],[7.540576840636027,44.66228235967689],[7.540445482004325,44.66245936526707],[7.5396479689206615,44.66354428958361],[7.539513128886353,44.66381202724437],[7.539432111859767,44.66397814970661],[7.539346950468164,44.66420529781003],[7.539165077427679,44.66469041345325],[7.539123130317565,44.66483916120551],[7.538822330010102,44.665905862840766],[7.53712329889307,44.672032706751075],[7.536631905668004,44.67416519025279],[7.536054985692644,44.676899566026435],[7.534646960940226,44.684109081145394],[7.5324865953478355,44.68848847090876],[7.528638075969913,44.68990792417645],[7.52693059553228,44.697184739109474],[7.5255257201844765,44.703490708813334],[7.525077680678942,44.70698230613691],[7.524452692723474,44.71164751901149],[7.523629116845057,44.71356228274391],[7.5253170738561845,44.71134046537222],[7.52546268858647,44.71119134049052],[7.525865545178844,44.710990265036585],[7.525963931775871,44.71097252132578],[7.526097343400527,44.710952356996074],[7.526858797569798,44.71089864758202],[7.527493534748792,44.71086214633795],[7.5277865117936695,44.71087484191578],[7.527902362926427,44.710888395121614],[7.527997210697437,44.71090020556133],[7.529520889346498,44.711369709723066],[7.530038554079267,44.71153841293633],[7.536226179746301,44.7146831866514],[7.539437926592383,44.71680833708682],[7.540371994977389,44.71996643060893],[7.540835905824788,44.72177741110025],[7.541378177242804,44.72398184055625],[7.5405644007174555,44.72781896356977],[7.539914949543303,44.73173565007375],[7.54356588431519,44.73164273107163],[7.551853541443194,44.72704446465315],[7.557029600844218,44.723117511814536],[7.566252598626226,44.72012791704836],[7.568702460901683,44.71950451170297],[7.573370879453401,44.71707075618856],[7.576375605767929,44.714488613203194],[7.577274779748395,44.71314893245258],[7.577637720170229,44.71237979392265],[7.575959547708936,44.71107155628233],[7.575981434805963,44.710774759717886],[7.576652686733006,44.70832100131217],[7.577526969543389,44.70533660621934],[7.578005091694577,44.70424181031991],[7.580255136331254,44.69944960992655],[7.580453555082879,44.699158974972384],[7.580486652875721,44.69914940100833],[7.580655240095865,44.69910417664221],[7.585800994018373,44.69831159797953],[7.587371464630956,44.69815548503149],[7.5871160744088595,44.69326582684912],[7.586501250305309,44.688224175212895],[7.586549974615534,44.687641398474845],[7.586638578339831,44.68658295644233],[7.587047625765478,44.68349570277366],[7.590236622045587,44.66252244262064],[7.591044045488414,44.659778910666326],[7.59154637609296,44.65829071071729],[7.580102373467725,44.65367924862277]]]},"properties":{"name":"Scarnafigi","op_id":"835","minint_elettorale":"1010272170","minint_finloc":"1010272170","prov_name":"Cuneo","prov_istat_code":"004","prov_istat_code_num":4,"prov_acr":"CN","prov_iso_3166_2":"IT-CN","reg_name":"Piemonte","reg_istat_code":"01","reg_istat_code_num":1,"reg_iso_3166_2":"IT-21","opdm_id":"704","com_catasto_code":"I512","com_istat_code":"004217","com_istat_code_num":4217}},
{"type":"Feature","geometry":{"type":"Polygon","coordinates":[[[7.9775381848899,44.64617736156351],[7.97891125331884,44.647958579218326],[7.980365742825197,44.64633735835176],[7.994492587242869,44.63536718300052],[8.004437962377759,44.63331623228025],[8.004506614379443,44.63330551012111],[8.00515420636955,44.63320281388953],[8.005192723550682,44.633196500186294],[8.00682016810427,44.632134969755434],[8.007520171420973,44.63077958984575],[8.008405753479526,44.62815632371297],[8.007846524805688,44.62738084386916],[8.007722013572929,44.62737744662213],[8.005273362802617,44.62730987491147],[8.005340063131252,44.62467275062362],[8.006662213205646,44.6226226080746],[8.009966270689077,44.61827161113301],[8.010291700812063,44.615012536703134],[8.009126316318008,44.61169262802327],[8.004640182400093,44.60356941789097],[8.006638183561089,44.60091757100759],[8.007764358859715,44.59828063714372],[8.008873603155166,44.594617266296034],[8.008130909320117,44.59258521496902],[8.00547232422248,44.589558039745704],[8.005445701393558,44.588092169231516],[8.00364644283676,44.58710872333771],[8.001913555864034,44.58713520500019],[7.999529745290766,44.587477833618124],[7.998819242607649,44.58761115654213],[7.998240000032803,44.58783871836034],[7.99794390268321,44.587986060039455],[7.994153763963712,44.591724474185355],[7.990607857914401,44.60018625970544],[7.9894594994885315,44.60302639317139],[7.987977258810156,44.60819867777946],[7.986747488575813,44.61311382982833],[7.98634135567445,44.615066618359755],[7.985391885908133,44.621548952472],[7.985946068123844,44.62189599156128],[7.986049539876456,44.62217599244863],[7.9862171170436085,44.62451726120405],[7.984521201683988,44.630001662784544],[7.982152146511363,44.637471372758085],[7.980686604364369,44.640464131348615],[7.979412149826901,44.64303399209167],[7.9775381848899,44.64617736156351]]]},"properties":{"name":"Serralunga d'Alba","op_id":"836","minint_elettorale":"1010272180","minint_finloc":"1010272180","prov_name":"Cuneo","prov_istat_code":"004","prov_istat_code_num":4,"prov_acr":"CN","prov_iso_3166_2":"IT-CN","reg_name":"Piemonte","reg_istat_code":"01","reg_istat_code_num":1,"reg_iso_3166_2":"IT-21","opdm_id":"705","com_catasto_code":"I646","com_istat_code":"004218","com_istat_code_num":4218}},
{"type":"Feature","geometry":{"type":"Polygon","coordinates":[[[8.083490615075394,44.5415281632356],[8.07431111374089,44.544460062778036],[8.067541768985718,44.546520219537264],[8.06287190707856,44.54719319024885],[8.051309338175232,44.549416305014255],[8.044231473025201,44.55279583118514],[8.042116475486688,44.553313763134476],[8.042660282426548,44.553453355895314],[8.04463117234646,44.554311591897076],[8.047756580965734,44.561994350964426],[8.047796348746065,44.56283019302682],[8.047821107081216,44.563538816553795],[8.047838243398484,44.56405662043459],[8.047834208703694,44.56442568152423],[8.04776093988345,44.56524880266512],[8.046195830792387,44.56984952376063],[8.045978715435728,44.57039686083778],[8.045636243151174,44.57114571891903],[8.04500424428178,44.57210370056174],[8.044555391795132,44.57259507933699],[8.044107240837036,44.573068463313795],[8.042175007366273,44.57420459533553],[8.04825278573895,44.57401235289833],[8.051381552573924,44.57451100207042],[8.054399579514032,44.57482860871894],[8.05473423299514,44.57482238287581],[8.055051419854166,44.574752991669165],[8.066436522579808,44.57187130187529],[8.072601076503638,44.56989148697019],[8.074643274021133,44.56897177603436],[8.076775383568389,44.56708948785162],[8.088316178703776,44.561078477743685],[8.092992724812321,44.559369236220995],[8.09234563328146,44.55642026504279],[8.089523841681936,44.55446674358918],[8.086874427205048,44.55025942132383],[8.084560326966768,44.546519255702336],[8.083395645570809,44.54442490299943],[8.083178896097351,44.54203393183677],[8.083490615075394,44.5415281632356]]]},"properties":{"name":"Serravalle Langhe","op_id":"837","minint_elettorale":"1010272190","minint_finloc":"1010272190","prov_name":"Cuneo","prov_istat_code":"004","prov_istat_code_num":4,"prov_acr":"CN","prov_iso_3166_2":"IT-CN","reg_name":"Piemonte","reg_istat_code":"01","reg_istat_code_num":1,"reg_iso_3166_2":"IT-21","opdm_id":"706","com_catasto_code":"I659","com_istat_code":"004219","com_istat_code_num":4219}},
{"type":"Feature","geometry":{"type":"Polygon","coordinates":[[[8.052128978275427,44.61023456339763],[8.052390587178689,44.60785559033167],[8.04885932303538,44.60239774751016],[8.042365459160116,44.59578516850511],[8.04311894128009,44.594321142205516],[8.040237896635814,44.59421888872811],[8.035621562307131,44.59489401764063],[8.031878881189858,44.59447241842336],[8.025557682958826,44.59247862262883],[8.025469956935098,44.59244930176255],[8.025018763154254,44.59229848759586],[8.024013836080917,44.59195681832931],[8.023102623473699,44.59156641974387],[8.022757997224028,44.5913849155085],[8.022572659553864,44.591287301861136],[8.022160573732178,44.591064174881716],[8.021779305270064,44.59085677407134],[8.021639085101391,44.59077799519001],[8.020928947679918,44.59037406658975],[8.020547424241098,44.590140144233075],[8.020341359734614,44.589962819707395],[8.020188296832748,44.58982564902144],[8.019792202190656,44.58946747546604],[8.01937816644019,44.58922534515693],[8.019066870361218,44.58907864161246],[8.016723969877024,44.588171740515925],[8.014189712741063,44.588560355056515],[8.01194949528263,44.589116298972556],[8.009260604363032,44.59121766308377],[8.008926453839972,44.5915657804388],[8.008229083532152,44.5924059688677],[8.008130909320117,44.59258521496902],[8.008873603155166,44.594617266296034],[8.007764358859715,44.59828063714372],[8.006638183561089,44.60091757100759],[8.004640182400093,44.60356941789097],[8.009126316318008,44.61169262802327],[8.010291700812063,44.615012536703134],[8.009966270689077,44.61827161113301],[8.006662213205646,44.6226226080746],[8.005340063131252,44.62467275062362],[8.005273362802617,44.62730987491147],[8.007722013572929,44.62737744662213],[8.007846524805688,44.62738084386916],[8.00821658307524,44.627110324749815],[8.009057665386278,44.626086732038665],[8.010899743361353,44.62072235251734],[8.020823939755305,44.61912592885559],[8.04029880636278,44.610297803985084],[8.043393767693683,44.61143557713223],[8.047163449767899,44.6127454425513],[8.049926134026006,44.61308325427522],[8.050346635340698,44.61274044999105],[8.052128978275427,44.61023456339763]]]},"properties":{"name":"Sinio","op_id":"838","minint_elettorale":"1010272200","minint_finloc":"1010272200","prov_name":"Cuneo","prov_istat_code":"004","prov_istat_code_num":4,"prov_acr":"CN","prov_iso_3166_2":"IT-CN","reg_name":"Piemonte","reg_istat_code":"01","reg_istat_code_num":1,"reg_iso_3166_2":"IT-21","opdm_id":"707","com_catasto_code":"I750","com_istat_code":"004220","com_istat_code_num":4220}},
{"type":"Feature","geometry":{"type":"Polygon","coordinates":[[[8.033113003769417,44.51547659131761],[8.029057507833125,44.5171031689881],[8.027495669180528,44.51753099178371],[8.027292769210861,44.517578787499836],[8.025745595783537,44.5177141488747],[8.02479319772115,44.51776452048505],[8.022218500873837,44.517710499676404],[8.021511540431248,44.517601865685364],[8.020065403189376,44.51725517929091],[8.018731357823112,44.51692937953944],[8.017026457752541,44.51622602837473],[8.016204553941114,44.51583634051328],[8.014896144200193,44.515104844866],[8.014544965142775,44.51482722650945],[8.014336266571158,44.514636388325364],[8.011186522481239,44.51293466184948],[8.008618560235437,44.512223711598786],[8.004100357102637,44.5114601953143],[7.998082309103002,44.512226282544155],[7.999164323077199,44.516291427004404],[7.993032332647066,44.523417103051045],[7.9869693551988465,44.52699602050432],[7.989154844916541,44.53119708916029],[7.995467775668362,44.54066083198104],[7.997699726956658,44.542633645413396],[8.001101109675535,44.54489608885192],[8.00401473834483,44.54615487750951],[8.005279099154645,44.54668803752677],[8.016191184144528,44.54949683293704],[8.016816509738101,44.549907338565454],[8.01918696442421,44.55081021984995],[8.02391241871717,44.5506298840853],[8.025397645926859,44.54914366070456],[8.029241255314911,44.543351750472524],[8.033063942604874,44.53722882490573],[8.038487813229997,44.5250107075147],[8.037534625981836,44.51626565753656],[8.03751371001701,44.51619397576448],[8.037372811825183,44.515751132565754],[8.03675780112607,44.515444368404445],[8.034700337196247,44.51515240800387],[8.033113003769417,44.51547659131761]]]},"properties":{"name":"Somano","op_id":"839","minint_elettorale":"1010272210","minint_finloc":"1010272210","prov_name":"Cuneo","prov_istat_code":"004","prov_istat_code_num":4,"prov_acr":"CN","prov_iso_3166_2":"IT-CN","reg_name":"Piemonte","reg_istat_code":"01","reg_istat_code_num":1,"reg_iso_3166_2":"IT-21","opdm_id":"708","com_catasto_code":"I817","com_istat_code":"004221","com_istat_code_num":4221}},
{"type":"Feature","geometry":{"type":"Polygon","coordinates":[[[7.748968792784047,44.815584846304716],[7.754117967138426,44.815594295420475],[7.760561942726891,44.81543025144236],[7.766192521697578,44.81545028473577],[7.767580906467632,44.81354017444064],[7.776950605644508,44.804958335744615],[7.786209513981016,44.79975485752015],[7.7957876025883,44.79943318479825],[7.8069229798023345,44.79713342802206],[7.818367533880915,44.79408324455705],[7.82535725730151,44.790306936416584],[7.8285864194897385,44.78829661220946],[7.833505616127596,44.78619095351282],[7.839920561492139,44.785198544800025],[7.836201152315402,44.78080812411951],[7.836909357942867,44.77824969323933],[7.839031621822703,44.76802932771821],[7.838944510410186,44.76664856485207],[7.837501335847062,44.76297898833728],[7.837274035931756,44.76249955577374],[7.8370460946264515,44.762150643023325],[7.834335354940262,44.763545364948115],[7.8239491704741635,44.76443361107317],[7.82020661378926,44.764331987539315],[7.814513584775158,44.76433604267639],[7.814060558812073,44.76439885394846],[7.811699170864879,44.76574714295564],[7.810304591105448,44.76760507239792],[7.8094914918413165,44.76908647115154],[7.805300109531827,44.77022649448733],[7.795656408563193,44.76733000355645],[7.7919459595201115,44.76547236787189],[7.791066220529628,44.76492294231718],[7.788660310859457,44.762952953794475],[7.788975238690268,44.76252030277858],[7.78998067901286,44.761139501697514],[7.790463974533173,44.76047845997224],[7.792469989177852,44.75819512285794],[7.792951421072345,44.75750704998524],[7.791191035170146,44.75657019276133],[7.7892855422084395,44.75562726779075],[7.784228277964299,44.75446175505079],[7.781302462176113,44.7541740022216],[7.773285002113461,44.7508563428242],[7.766384292813717,44.743575712839544],[7.764972019089855,44.73834364517946],[7.7594835166753,44.7351603872361],[7.751754008195303,44.73080007350906],[7.750275341177632,44.731388540711734],[7.746756111997114,44.732786849715566],[7.736310477489352,44.73686217547845],[7.729919340308471,44.73698751710983],[7.72605607851563,44.73667045431363],[7.7250090657700765,44.741937886895926],[7.72888607263067,44.74148284937423],[7.731762474932988,44.74364656067176],[7.735981275469013,44.75037301187123],[7.747144230967386,44.7618028081901],[7.756086921441885,44.771870527500575],[7.757924930276485,44.77454168606177],[7.75777578627338,44.77718669629034],[7.757678642931518,44.777536725789396],[7.757241130628181,44.778193632868934],[7.756764918247813,44.77885011415578],[7.755980736638625,44.77979579218588],[7.754989495550335,44.78142340469165],[7.754109518588542,44.78321833800233],[7.754787151573721,44.787124077303545],[7.757456315981355,44.78848997984827],[7.759465643460117,44.790647767690864],[7.759895742358611,44.79746912950016],[7.759073357025845,44.79901312743084],[7.7577895432150195,44.80802854766655],[7.755618455411098,44.8121861238773],[7.751924892111869,44.81227636135705],[7.750104162508701,44.81405692255389],[7.748968792784047,44.815584846304716]]]},"properties":{"name":"Sommariva del Bosco","op_id":"840","minint_elettorale":"1010272220","minint_finloc":"1010272220","prov_name":"Cuneo","prov_istat_code":"004","prov_istat_code_num":4,"prov_acr":"CN","prov_iso_3166_2":"IT-CN","reg_name":"Piemonte","reg_istat_code":"01","reg_istat_code_num":1,"reg_iso_3166_2":"IT-21","opdm_id":"709","com_catasto_code":"I822","com_istat_code":"004222","com_istat_code_num":4222}},
{"type":"Feature","geometry":{"type":"Polygon","coordinates":[[[7.836201152315402,44.78080812411951],[7.841938260947922,44.77714869105179],[7.854539714095382,44.76866503034254],[7.872460855524644,44.76132203548296],[7.890940345931901,44.758734850925364],[7.902757784865097,44.755009584269764],[7.903323059920219,44.754785460275556],[7.903791126774093,44.75433534648369],[7.904885876922073,44.75284872009902],[7.906013642922273,44.75121036642192],[7.9079281314340815,44.748087906354414],[7.908317995785159,44.7471003825721],[7.923240745306414,44.74364911438346],[7.927080462123418,44.74336996887861],[7.92924215367711,44.74227990384869],[7.9334243531687525,44.73956418529114],[7.935638478001994,44.73550681891354],[7.928311611341704,44.7282004848202],[7.9263609013168805,44.727007345888936],[7.922111137977718,44.72441244979961],[7.9149584038862235,44.716551458143144],[7.910002278692972,44.710400693821036],[7.906759761993996,44.7089158387833],[7.907903976581818,44.711929062809936],[7.90956577297016,44.71639954983769],[7.909575361387068,44.71817911097756],[7.905805475441795,44.720870756310504],[7.890078888019894,44.73158469987256],[7.878647979993101,44.74219021488703],[7.865553042425153,44.75061749380147],[7.865351305248034,44.751425683236185],[7.865299240787418,44.751633162291434],[7.865278065777328,44.75171754471114],[7.8645430988734555,44.752964376608425],[7.863710691619105,44.75358875756731],[7.853961457156587,44.75682582035615],[7.8531933259208255,44.75687662638351],[7.846188298255914,44.75689606649902],[7.842985736838377,44.75682315755144],[7.8370460946264515,44.762150643023325],[7.837274035931756,44.76249955577374],[7.837501335847062,44.76297898833728],[7.838944510410186,44.76664856485207],[7.839031621822703,44.76802932771821],[7.836909357942867,44.77824969323933],[7.836201152315402,44.78080812411951]]]},"properties":{"name":"Sommariva Perno","op_id":"841","minint_elettorale":"1010272230","minint_finloc":"1010272230","prov_name":"Cuneo","prov_istat_code":"004","prov_istat_code_num":4,"prov_acr":"CN","prov_iso_3166_2":"IT-CN","reg_name":"Piemonte","reg_istat_code":"01","reg_istat_code_num":1,"reg_iso_3166_2":"IT-21","opdm_id":"710","com_catasto_code":"I823","com_istat_code":"004223","com_istat_code_num":4223}},
{"type":"Feature","geometry":{"type":"Polygon","coordinates":[[[7.089880086689822,44.51429808598991],[7.098920037733204,44.51572732413991],[7.099289912247265,44.515828009524625],[7.099927417049322,44.516034157982],[7.1002373250429285,44.516136363952505],[7.100829347246075,44.51635777789672],[7.102486989300494,44.517002009074396],[7.102735778210509,44.51723570355294],[7.103946870169634,44.51838565474391],[7.104502868847956,44.51910158436367],[7.104818617548651,44.51964697909251],[7.105057077853702,44.520272103651],[7.105161066545769,44.52067895083962],[7.111026623350376,44.529456934181475],[7.120274772836993,44.538924799424244],[7.120852404864782,44.53950597119463],[7.1225358442184605,44.54096505020129],[7.124080399006004,44.54226879480579],[7.125575247188106,44.543517700347],[7.128019378977218,44.54555184652731],[7.128152468921484,44.54562154599373],[7.13284012180717,44.544663023553106],[7.147010414902965,44.54168447658809],[7.150101382454097,44.539911590952336],[7.155487727961519,44.53749154636045],[7.155697438707521,44.537440644009784],[7.155748537957413,44.537428241927685],[7.158153925012921,44.537174491802396],[7.158977299603636,44.53714637197471],[7.15961829192131,44.53717559502605],[7.160258751163692,44.53722192248816],[7.16092175771823,44.53731731798315],[7.160995622173244,44.537341837903746],[7.162125391716848,44.53344377164892],[7.161412441486061,44.526473506744445],[7.1639654113199125,44.51537850059139],[7.16518303557231,44.51100933665687],[7.165176770110411,44.510658135758355],[7.164974280641699,44.508566296847675],[7.16481955109907,44.50772205695264],[7.164661301996084,44.5069768070021],[7.164400874729001,44.50619390541899],[7.164145023942158,44.50552809823263],[7.163882782321394,44.505078255110064],[7.162930587145976,44.50375306310298],[7.16241542451531,44.50309659493933],[7.162190478070423,44.50283640225934],[7.160839210039312,44.50155429165619],[7.160267835544523,44.501324537511444],[7.159684559445533,44.501184604157565],[7.152157190906121,44.49767351064852],[7.141463678731436,44.49133320165571],[7.132767010493526,44.48371013958155],[7.12671341384894,44.47664657156658],[7.117936871045621,44.478479209823426],[7.114132697532001,44.48017011280126],[7.1103319015979025,44.48330113785515],[7.102427060706854,44.488588740576894],[7.096037223608921,44.49264175684936],[7.101504371340255,44.49403367349764],[7.100646556377065,44.49807056700027],[7.099402612930468,44.501029712365025],[7.098458388248126,44.50255342279153],[7.097503622347868,44.50392840254651],[7.09730967388083,44.504150234294286],[7.096609897310178,44.50494881522803],[7.096428273450679,44.50505771500628],[7.096302560015415,44.50507872510753],[7.093559224803615,44.50692798279481],[7.091440671098237,44.50836000536885],[7.089947749374394,44.51196305715134],[7.089860016000376,44.51369409048482],[7.089880086689822,44.51429808598991]]]},"properties":{"name":"Stroppo","op_id":"842","minint_elettorale":"1010272240","minint_finloc":"1010272240","prov_name":"Cuneo","prov_istat_code":"004","prov_istat_code_num":4,"prov_acr":"CN","prov_iso_3166_2":"IT-CN","reg_name":"Piemonte","reg_istat_code":"01","reg_istat_code_num":1,"reg_iso_3166_2":"IT-21","opdm_id":"711","com_catasto_code":"I985","com_istat_code":"004224","com_istat_code_num":4224}},
{"type":"Feature","geometry":{"type":"Polygon","coordinates":[[[7.510678549543167,44.47100215378492],[7.510545025267893,44.47104619551623],[7.510284888638496,44.47118685353869],[7.509970127317225,44.47135828877135],[7.5095475834420595,44.47175763233709],[7.508302469895062,44.47304702344652],[7.508045036712501,44.47331420316104],[7.504428525260066,44.4774301825389],[7.504272790382913,44.479048602193224],[7.509583821592729,44.482942892142006],[7.5122229581168805,44.49080630873426],[7.518592717123102,44.501903795183644],[7.528653504156497,44.50892971499382],[7.527792814171385,44.523565947173886],[7.52783457990939,44.5278204343397],[7.529970496911803,44.5277711883174],[7.535413134475902,44.5260721141722],[7.535526133180801,44.52550189946052],[7.536417731231469,44.5218403097662],[7.548687295357539,44.52249129434119],[7.549626826380656,44.522545390713994],[7.5498986465233235,44.52164767588003],[7.550241252468091,44.520360165391665],[7.550342603442192,44.519951833141164],[7.550877216127122,44.51498023744626],[7.551278672215871,44.50975932083282],[7.551294046141963,44.50907532799303],[7.551093116320794,44.506315925289016],[7.551019646173064,44.50223434862177],[7.551201593613185,44.49155507848832],[7.551403554601643,44.490382792165],[7.551544684782749,44.489937306809644],[7.545740451761728,44.48683258390334],[7.531254325522783,44.479402735978475],[7.52115147731751,44.47683694091109],[7.519757180932143,44.47646346636768],[7.519150598558484,44.47628171658466],[7.518781696657322,44.476131220752116],[7.518261612727952,44.475876898415734],[7.517398449457003,44.475361545748314],[7.512118691543875,44.471961351343296],[7.510773062895868,44.471066624990044],[7.510678549543167,44.47100215378492]]]},"properties":{"name":"Tarantasca","op_id":"843","minint_elettorale":"1010272250","minint_finloc":"1010272250","prov_name":"Cuneo","prov_istat_code":"004","prov_istat_code_num":4,"prov_acr":"CN","prov_iso_3166_2":"IT-CN","reg_name":"Piemonte","reg_istat_code":"01","reg_istat_code_num":1,"reg_iso_3166_2":"IT-21","opdm_id":"712","com_catasto_code":"L048","com_istat_code":"004225","com_istat_code_num":4225}},
{"type":"Feature","geometry":{"type":"Polygon","coordinates":[[[8.169277090737626,44.56153405682387],[8.161811134076174,44.5587112297679],[8.15515619923068,44.557892477621834],[8.14317616313171,44.55951371032578],[8.138459400191486,44.555355051705966],[8.14039763332701,44.55112946481387],[8.142602851888205,44.54812567354715],[8.140182577939,44.545213164772115],[8.138912149358024,44.544595911119515],[8.133846076818577,44.54453059122276],[8.13033452731494,44.54483249310733],[8.126692113314515,44.54551591337704],[8.119042983484752,44.55294730086211],[8.121056156075444,44.552926801824825],[8.121649130714866,44.55297636888799],[8.12222094056115,44.55309780553685],[8.12258591051067,44.55331665667695],[8.12288936843685,44.55357106000796],[8.129182300931008,44.56121286797005],[8.133739703774264,44.564668470836736],[8.135669221291002,44.56604698101595],[8.137333092282242,44.567405459409045],[8.13870250985391,44.56925230184343],[8.140541718497433,44.573519850284896],[8.141492630370692,44.580846034125045],[8.140779454159022,44.58295175600084],[8.142645200222107,44.58360495752931],[8.145424196839828,44.5813346514404],[8.150315737385487,44.57796821054709],[8.156294016541588,44.57583883585623],[8.16199622381894,44.57265299640393],[8.162116463872316,44.5725655902468],[8.162587746968667,44.57221620487062],[8.167040488345933,44.56867028280582],[8.167354660834281,44.5683350215192],[8.168063803375581,44.56756142630629],[8.168820196000137,44.56427200890417],[8.169277090737626,44.56153405682387]]]},"properties":{"name":"Torre Bormida","op_id":"844","minint_elettorale":"1010272260","minint_finloc":"1010272260","prov_name":"Cuneo","prov_istat_code":"004","prov_istat_code_num":4,"prov_acr":"CN","prov_iso_3166_2":"IT-CN","reg_name":"Piemonte","reg_istat_code":"01","reg_istat_code_num":1,"reg_iso_3166_2":"IT-21","opdm_id":"713","com_catasto_code":"L252","com_istat_code":"004226","com_istat_code_num":4226}},
{"type":"Feature","geometry":{"type":"Polygon","coordinates":[[[7.939187357406938,44.339319072092245],[7.936340775272045,44.337334460303815],[7.935420871930213,44.3314785320817],[7.931045265403101,44.323609652212504],[7.930434961936598,44.314578532960866],[7.93020726331926,44.30952639823676],[7.9297403594712,44.3094768714804],[7.928565986667406,44.30910075967858],[7.928198250881443,44.308982011014805],[7.927923115795397,44.308891864060904],[7.927883065408801,44.30887134936247],[7.9272906507831165,44.30856210930393],[7.926873330425161,44.30832861672669],[7.923455085333578,44.30587454450489],[7.922175954235698,44.30490378282655],[7.920252230251797,44.299456863344005],[7.920262341605209,44.29926789604938],[7.920298939522222,44.29891712702076],[7.920387229868267,44.29850382741034],[7.921266853601697,44.296538804767245],[7.92296297714764,44.29465272302922],[7.924100670125845,44.293906865477844],[7.923911942643231,44.29304530973207],[7.922369993472061,44.2925228298274],[7.918524358844233,44.292566950200346],[7.915909865108594,44.29336128076296],[7.9144195562742095,44.29405383642813],[7.912245712639851,44.2953610782777],[7.911220221391526,44.29614357044175],[7.906139742068704,44.299192036843266],[7.906352488128753,44.299738752492736],[7.906800949261088,44.30092683917405],[7.907251334530167,44.302412217365],[7.907700506328272,44.30394251481727],[7.907821545068279,44.30442982543097],[7.907758982868808,44.30458949472228],[7.9077055705472645,44.304725807705026],[7.902708011911963,44.30827907815543],[7.890764343132836,44.31804892037357],[7.883429998692637,44.324045391752726],[7.881806843592096,44.32500632808196],[7.881669195536424,44.32504490307944],[7.881077893396533,44.32521072970369],[7.880262056244188,44.32549082606928],[7.879560084731298,44.32574052423316],[7.879388233901649,44.32601793153032],[7.879223255999108,44.326407933870875],[7.880156279376413,44.333151247970704],[7.880438555062481,44.33380671576386],[7.88087117285121,44.33447267336185],[7.882296059582761,44.33628719465189],[7.886345831723549,44.34061178070405],[7.888968237004545,44.343262029505695],[7.8938492970272645,44.348022362218046],[7.895640342667218,44.34954317431836],[7.897956154245832,44.35131702951666],[7.905016100555258,44.35500367716249],[7.906476255912262,44.3540183356187],[7.90794699369948,44.35317715179157],[7.919574453073869,44.34726454988624],[7.928879351004324,44.342549421144156],[7.931584023085872,44.34276379561023],[7.935745784072458,44.3412946734603],[7.936671278090961,44.34095218182515],[7.937005581201721,44.34078424785376],[7.938649822604502,44.33971469175922],[7.939187357406938,44.339319072092245]]]},"properties":{"name":"Torre Mondovì","op_id":"845","minint_elettorale":"1010272270","minint_finloc":"1010272270","prov_name":"Cuneo","prov_istat_code":"004","prov_istat_code_num":4,"prov_acr":"CN","prov_iso_3166_2":"IT-CN","reg_name":"Piemonte","reg_istat_code":"01","reg_istat_code_num":1,"reg_iso_3166_2":"IT-21","opdm_id":"714","com_catasto_code":"L241","com_istat_code":"004227","com_istat_code_num":4227}},
{"type":"Feature","geometry":{"type":"Polygon","coordinates":[[[7.51633350349639,44.746204567402735],[7.522148878278051,44.74412825925587],[7.526416956025667,44.742662054224205],[7.526781223216842,44.74256730084842],[7.52695056716368,44.742524893641374],[7.527925152738082,44.74241592954058],[7.52872946821977,44.742358780694225],[7.533913348041932,44.73644346520408],[7.537505039007903,44.73435597410572],[7.539914949543303,44.73173565007375],[7.5405644007174555,44.72781896356977],[7.541378177242804,44.72398184055625],[7.540835905824788,44.72177741110025],[7.540371994977389,44.71996643060893],[7.539437926592383,44.71680833708682],[7.536226179746301,44.7146831866514],[7.530038554079267,44.71153841293633],[7.529520889346498,44.711369709723066],[7.527997210697437,44.71090020556133],[7.527902362926427,44.710888395121614],[7.5277865117936695,44.71087484191578],[7.527493534748792,44.71086214633795],[7.526858797569798,44.71089864758202],[7.526097343400527,44.710952356996074],[7.525963931775871,44.71097252132578],[7.525865545178844,44.710990265036585],[7.52546268858647,44.71119134049052],[7.5253170738561845,44.71134046537222],[7.523629116845057,44.71356228274391],[7.5184010334675015,44.71873389802417],[7.517420244286956,44.72241445742246],[7.5180363813104805,44.72742086217459],[7.516376924831352,44.741883915666726],[7.51633350349639,44.746204567402735]]]},"properties":{"name":"Torre San Giorgio","op_id":"846","minint_elettorale":"1010272280","minint_finloc":"1010272280","prov_name":"Cuneo","prov_istat_code":"004","prov_istat_code_num":4,"prov_acr":"CN","prov_iso_3166_2":"IT-CN","reg_name":"Piemonte","reg_istat_code":"01","reg_istat_code_num":1,"reg_iso_3166_2":"IT-21","opdm_id":"715","com_catasto_code":"L278","com_istat_code":"004228","com_istat_code_num":4228}},
{"type":"Feature","geometry":{"type":"Polygon","coordinates":[[[8.021157630087416,44.430965756887346],[8.022615026334648,44.43355269623373],[8.023173929529024,44.43728702338532],[8.023039268741991,44.44004282228454],[8.023169275657018,44.44438804776863],[8.023580692482767,44.44579653668663],[8.027255907105785,44.4465385630705],[8.031550157447226,44.447290766200084],[8.03777160152005,44.446094664188465],[8.04820558107831,44.43991800729336],[8.046934213098728,44.439497789002644],[8.04637441008024,44.43819321789975],[8.04544772967068,44.43569973110739],[8.04529025800284,44.435243782786614],[8.045277324567,44.4349285777635],[8.045297953046989,44.43477119858946],[8.045337026641425,44.43461397628845],[8.046217523989863,44.42617677218993],[8.04274522959956,44.426332268018015],[8.030070660191608,44.426810524010264],[8.029235037100936,44.426843929901224],[8.028468545439404,44.42690042927884],[8.028154173676445,44.4269652765985],[8.023663860144236,44.42867352061121],[8.021157630087416,44.430965756887346]]]},"properties":{"name":"Torresina","op_id":"847","minint_elettorale":"1010272290","minint_finloc":"1010272290","prov_name":"Cuneo","prov_istat_code":"004","prov_istat_code_num":4,"prov_acr":"CN","prov_iso_3166_2":"IT-CN","reg_name":"Piemonte","reg_istat_code":"01","reg_istat_code_num":1,"reg_iso_3166_2":"IT-21","opdm_id":"716","com_catasto_code":"L281","com_istat_code":"004229","com_istat_code_num":4229}},
{"type":"Feature","geometry":{"type":"Polygon","coordinates":[[[8.098520683245958,44.65808446924075],[8.094831462729072,44.66033289342637],[8.091187716526514,44.66288312600889],[8.088798242903701,44.665267718118535],[8.084942519370989,44.67100740915986],[8.081242607159327,44.67639263827968],[8.073869961332168,44.68060018764876],[8.073351271898765,44.68254049290989],[8.072533527077056,44.68782272483603],[8.070412374683048,44.68890376632943],[8.062110314914245,44.690973941586876],[8.061498916919298,44.69103685710085],[8.061002610041925,44.691405945731795],[8.060663625867818,44.69371226512904],[8.06070226566198,44.69498191809242],[8.060816097355795,44.69621166400587],[8.061051916187816,44.69777550826751],[8.061270349364818,44.69865952205223],[8.061880078249775,44.70056853753449],[8.065668092961577,44.70261609973504],[8.07060104720852,44.70499246545482],[8.071066970590058,44.705014251248045],[8.071386742228771,44.70494933588636],[8.072665012313475,44.70466715199393],[8.081999754815412,44.704872132310015],[8.088928670194116,44.70650398700361],[8.09596077626262,44.709008502213145],[8.096941524767571,44.70922797527579],[8.100161374863797,44.70941978162068],[8.100704805124765,44.70943305838508],[8.10168701981349,44.709413779071554],[8.103155220098888,44.709321804070946],[8.103679899915301,44.70927190370127],[8.10396997667064,44.70916166119062],[8.104484915967172,44.70887312766479],[8.104709164301937,44.70874628700101],[8.104913548069844,44.70862892364044],[8.104043071587384,44.707573346877524],[8.098470060415345,44.69972449090091],[8.099015827285923,44.69583979626835],[8.100472677322164,44.693677190385955],[8.101107388255917,44.69259375933993],[8.102217444351709,44.68951831790477],[8.102531215245254,44.686524425707674],[8.099965934122629,44.68382013651481],[8.097098188444901,44.68149740731405],[8.09453490058103,44.679285048634085],[8.094143765282931,44.67893085504171],[8.09380474657524,44.678545565179206],[8.0936573645729,44.678345050461814],[8.09359487770155,44.678259192656924],[8.09356260095508,44.6778144364729],[8.093610939169814,44.67724316897571],[8.095414068100931,44.671158388320094],[8.098524486584424,44.666362204085516],[8.100171903879435,44.66394004853044],[8.10026457334894,44.66365719896893],[8.100324982350736,44.663446111133524],[8.100337178057885,44.6632706703342],[8.100149805805032,44.66197735564644],[8.100013616332108,44.66148114153283],[8.099106911242062,44.65878080686106],[8.098520683245958,44.65808446924075]]]},"properties":{"name":"Treiso","op_id":"848","minint_elettorale":"1010272291","minint_finloc":"1010272291","prov_name":"Cuneo","prov_istat_code":"004","prov_istat_code_num":4,"prov_acr":"CN","prov_iso_3166_2":"IT-CN","reg_name":"Piemonte","reg_istat_code":"01","reg_istat_code_num":1,"reg_iso_3166_2":"IT-21","opdm_id":"717","com_catasto_code":"L367","com_istat_code":"004230","com_istat_code_num":4230}},
{"type":"Feature","geometry":{"type":"Polygon","coordinates":[[[8.095624204505068,44.65325428510686],[8.098520683245958,44.65808446924075],[8.099106911242062,44.65878080686106],[8.100013616332108,44.66148114153283],[8.100149805805032,44.66197735564644],[8.100337178057885,44.6632706703342],[8.100324982350736,44.663446111133524],[8.10026457334894,44.66365719896893],[8.100171903879435,44.66394004853044],[8.098524486584424,44.666362204085516],[8.095414068100931,44.671158388320094],[8.093610939169814,44.67724316897571],[8.09356260095508,44.6778144364729],[8.09359487770155,44.678259192656924],[8.0936573645729,44.678345050461814],[8.09380474657524,44.678545565179206],[8.094143765282931,44.67893085504171],[8.09453490058103,44.679285048634085],[8.097098188444901,44.68149740731405],[8.099965934122629,44.68382013651481],[8.102531215245254,44.686524425707674],[8.102217444351709,44.68951831790477],[8.101107388255917,44.69259375933993],[8.100472677322164,44.693677190385955],[8.109421791293135,44.68586579773055],[8.123473315908226,44.67428945427949],[8.129027481560337,44.670330397765355],[8.130419344532543,44.667817327913355],[8.135428869357028,44.65783358316997],[8.134588220537724,44.654276425177265],[8.13399092468764,44.65309707887052],[8.133773839817877,44.652721826687426],[8.132817919992444,44.652786606086664],[8.130872243397897,44.653149899664186],[8.130658867843085,44.65110021063744],[8.131213248966173,44.64836321237685],[8.132242413694676,44.645573174268726],[8.132747450881777,44.644585320574556],[8.121203875431902,44.6424305599912],[8.120755973416566,44.642265072347854],[8.117148823571442,44.641904141281],[8.116260683935973,44.64187478015751],[8.115593702380359,44.64187965640028],[8.115471351068415,44.64190467736628],[8.114790616065504,44.64204792932128],[8.111853098720577,44.645405890184186],[8.109120207865613,44.64957036695795],[8.108811681177759,44.64982452463052],[8.107589252086587,44.65043613890009],[8.107273441250063,44.65057321871402],[8.10639219124671,44.65085890206869],[8.099010565587474,44.65284444799169],[8.097978030043555,44.6530355963122],[8.095624204505068,44.65325428510686]]]},"properties":{"name":"Trezzo Tinella","op_id":"849","minint_elettorale":"1010272300","minint_finloc":"1010272300","prov_name":"Cuneo","prov_istat_code":"004","prov_istat_code_num":4,"prov_acr":"CN","prov_iso_3166_2":"IT-CN","reg_name":"Piemonte","reg_istat_code":"01","reg_istat_code_num":1,"reg_iso_3166_2":"IT-21","opdm_id":"718","com_catasto_code":"L410","com_istat_code":"004231","com_istat_code_num":4231}},
{"type":"Feature","geometry":{"type":"Polygon","coordinates":[[[7.786060884024904,44.535590390087506],[7.7847310427371275,44.53476824044574],[7.775653038004984,44.529031151393895],[7.772649026701323,44.52684288885211],[7.772965896922468,44.52649098503595],[7.773682291057638,44.525940150204775],[7.773903928636547,44.52581649307789],[7.774629501919985,44.525797272094465],[7.775328550462979,44.52578675838809],[7.77551584119787,44.52574375895046],[7.775831857662975,44.525621110005375],[7.776317163919784,44.52535622485749],[7.777075247946115,44.524931329260426],[7.780108719327119,44.52299309051485],[7.780613842391133,44.52262489163847],[7.78116035554392,44.52219230961102],[7.781292786195698,44.52208748453305],[7.785219725616427,44.518589805132834],[7.785421008913409,44.51828284812555],[7.785464526691653,44.51817528722921],[7.785552839362521,44.517955661431],[7.7863522955068465,44.51581254580036],[7.786558028863798,44.51521276400175],[7.7865799741982125,44.51514877132702],[7.786828447241456,44.514296159604854],[7.786931869176884,44.513595055338754],[7.787103144507043,44.51223749082283],[7.7871203112686755,44.511846069959994],[7.787158337664493,44.50993792444183],[7.786754265090796,44.50885331423147],[7.78481198357587,44.50662702561071],[7.7826111413439465,44.50438444946034],[7.780889078641258,44.503092206037564],[7.779412746215391,44.50106887365843],[7.7794682274481,44.50085789289782],[7.785703746779188,44.49715225936366],[7.785980341209892,44.497006667476604],[7.7866888123268145,44.49677111886739],[7.789870350370305,44.495724565869224],[7.7920095370985,44.495108030184106],[7.797695654530877,44.49246420679565],[7.796872396864285,44.48941119266043],[7.793747741072053,44.48575917933813],[7.786424540369603,44.477336157491905],[7.780120435999575,44.46799765070592],[7.776126028699944,44.46241237072015],[7.775904363028178,44.46252234011666],[7.775098887608667,44.4629531496782],[7.7744035621708525,44.46332565911768],[7.7733947968072385,44.463922507921566],[7.7730276168632235,44.464197651913125],[7.771160252056057,44.46570352976707],[7.769300982340116,44.46726796722195],[7.769415568872604,44.46738624288023],[7.7696099481645176,44.46744685859039],[7.769172661473637,44.46873852839847],[7.767760888972284,44.471189471601036],[7.767545057900439,44.47148987800438],[7.767468613704322,44.4715962745133],[7.766767276719435,44.47257021754494],[7.762373982423156,44.4785859773613],[7.760850077062144,44.48059503116218],[7.75865321955081,44.482587774367424],[7.757363564298927,44.483064396039815],[7.755956723724931,44.48352620093511],[7.745060272422619,44.48955579668272],[7.739983839227297,44.5052409488873],[7.739073440780733,44.507224989401855],[7.73864225074884,44.50862461452122],[7.738666175739489,44.511469694704374],[7.73919954007292,44.51348316650712],[7.74014671019935,44.5162754283514],[7.741052443110883,44.51868275534789],[7.741086162639552,44.51876024106551],[7.7411118361008615,44.518820284568974],[7.741101286093552,44.519310810804406],[7.74082987253194,44.52373258950987],[7.740755174985013,44.524663538257684],[7.74018397897482,44.52666029834476],[7.7378682687863805,44.53448721260851],[7.737640524629701,44.53524765781198],[7.737215937863029,44.53659785466505],[7.737099293935586,44.536754110639976],[7.735808457626276,44.53813070945124],[7.7330331949904085,44.539283788049566],[7.73193890288528,44.53942921577021],[7.7329029507795815,44.54099289944999],[7.733222081791479,44.54463344759026],[7.737006190086727,44.549685283228044],[7.746923686940162,44.553279201873224],[7.754787814879424,44.55472292097672],[7.758576920173862,44.554296898816716],[7.764407260412324,44.55152443859176],[7.764786615480315,44.55122244778527],[7.765311494083134,44.55075726806383],[7.765341828352036,44.55071831407755],[7.766259143349354,44.54951440531191],[7.766499205196716,44.54902634855439],[7.766567567824786,44.5485094443603],[7.766551402824043,44.54791509416722],[7.766390523915677,44.54686416464145],[7.765791606813615,44.545165620480184],[7.765340059017456,44.544120935994364],[7.766112290195964,44.539759542585074],[7.768210475989213,44.53880891169417],[7.782984219148697,44.53526089521884],[7.784217564642621,44.53534220116213],[7.786060884024904,44.535590390087506]]]},"properties":{"name":"Trinità","op_id":"850","minint_elettorale":"1010272310","minint_finloc":"1010272310","prov_name":"Cuneo","prov_istat_code":"004","prov_istat_code_num":4,"prov_acr":"CN","prov_iso_3166_2":"IT-CN","reg_name":"Piemonte","reg_istat_code":"01","reg_istat_code_num":1,"reg_iso_3166_2":"IT-21","opdm_id":"719","com_catasto_code":"L427","com_istat_code":"004232","com_istat_code_num":4232}},
{"type":"Feature","geometry":{"type":"Polygon","coordinates":[[[7.219883175445898,44.23163311251961],[7.221191098439195,44.23409328885697],[7.220022909771513,44.241520523243004],[7.218056020593518,44.24797195067564],[7.224895446332611,44.253862853285774],[7.235977078372204,44.25606472138817],[7.245208426986338,44.25733547927107],[7.252754334859659,44.25833030519348],[7.253432995718757,44.25848024374019],[7.254114848078121,44.258999317945644],[7.255714021639234,44.260257163868594],[7.256645034088021,44.26150027137147],[7.263176021389328,44.26068148424885],[7.272502136681665,44.262619044318775],[7.281886018261085,44.261167088027804],[7.282356989733568,44.26096660885029],[7.283989588611382,44.26038396219922],[7.284375551742161,44.26025020403164],[7.284920667238663,44.26025839194908],[7.285474880034089,44.26031623927851],[7.2858788504460215,44.260398820774284],[7.292606900615145,44.26313289400462],[7.296660322443156,44.26839717949142],[7.299085279630639,44.273209361026645],[7.300095126136221,44.27663200470254],[7.301016916630525,44.27804565801275],[7.301171056942375,44.278241513022905],[7.301966827849958,44.278973588763705],[7.302304480991513,44.27922119725454],[7.303041980948924,44.27957925247745],[7.303887604756231,44.27996994205527],[7.304135140778572,44.28006364875017],[7.309632119788366,44.281284004031676],[7.309899489217443,44.28130147562638],[7.31197852931347,44.28138625044071],[7.312360991980277,44.28137838785084],[7.3126535110900495,44.28135120084657],[7.312851600098301,44.281288838045214],[7.313873452365825,44.28074802501064],[7.314064223615339,44.28064647919716],[7.314194379349384,44.28057719798945],[7.316332116056894,44.279474590316674],[7.320423591968372,44.27855264349734],[7.320460043322295,44.27854561529992],[7.320769592895272,44.27849087658084],[7.320982259545214,44.278476007456554],[7.321374040287086,44.278503578378654],[7.327361807070377,44.27910078519068],[7.335287943600948,44.28063748679262],[7.33634869332264,44.280771554035105],[7.336633141934825,44.28078161241077],[7.33721487950961,44.28080218048185],[7.339289985766404,44.28081886119578],[7.339743342678647,44.280712926757055],[7.350650777540205,44.27792703375188],[7.35683047553366,44.27634608394692],[7.360340187565896,44.276040915724835],[7.3646258006623455,44.27616538777754],[7.3651197455042325,44.276230963115765],[7.365572519380804,44.2764488527121],[7.377558274734517,44.28800860036218],[7.377704174513267,44.288172725392656],[7.378854606850157,44.28953499345024],[7.379242361789108,44.29014819219553],[7.379409964599994,44.29053194220139],[7.379488486645902,44.29085067260037],[7.379523065416367,44.29100745545876],[7.379706831505804,44.29252620976452],[7.38603469198621,44.292387071674455],[7.386176529610564,44.29237717421426],[7.386624926135656,44.29234588643583],[7.3873055027988315,44.29238350108083],[7.387504248083858,44.29239965255754],[7.388344113362923,44.292473710427814],[7.394154975652556,44.29352337593074],[7.400507758227638,44.29764582050743],[7.401608573209066,44.29840846502317],[7.40176350791688,44.29874824929558],[7.402336696578975,44.30160568325478],[7.402391929905693,44.30238519685404],[7.4022646697524355,44.30282001047917],[7.402248237897767,44.30287375591371],[7.402072444205539,44.30339946455821],[7.40201885376293,44.30355935593828],[7.414196827220303,44.30791994779475],[7.423641276817407,44.30870790264121],[7.429140669153177,44.30572721801004],[7.42973492023783,44.30540679576095],[7.440299850927798,44.30454774797837],[7.442913746045148,44.30457891442267],[7.446537711967619,44.3046237687209],[7.449787087647401,44.304949991078225],[7.452449567757589,44.30154295267733],[7.452696605270287,44.29825231959628],[7.437792431195475,44.29285024330507],[7.431429111881005,44.29014767753364],[7.428153621437859,44.282585425792206],[7.424122888842859,44.2700426293197],[7.423350371038465,44.26569256736223],[7.425546376450998,44.26161751301319],[7.428436754250892,44.25826771615794],[7.430382340858856,44.254297183037295],[7.423489694345071,44.25132580110728],[7.419925186718041,44.251245029503416],[7.41448067641479,44.2517141426473],[7.408904833826007,44.253486814036755],[7.405087470867631,44.256818655971756],[7.396322179009211,44.26173789107877],[7.392461656890549,44.263569401708196],[7.38985804030585,44.263730781392404],[7.376670068905461,44.2623376865963],[7.3672011917025175,44.26077124378741],[7.369463283964318,44.25674774833614],[7.37122301492697,44.2490303190492],[7.369606794634413,44.23876189659707],[7.368898421697808,44.23646953767288],[7.358777462720136,44.226632835080935],[7.355870956202754,44.22489846773203],[7.353989210265611,44.22386753694539],[7.348896702736739,44.21884687980778],[7.346627588564729,44.214042467169186],[7.344165991559514,44.2084429507503],[7.343451320885951,44.20735673973705],[7.342703574533713,44.206697658567826],[7.3401324709018425,44.20464364652759],[7.33934325516906,44.20416852777094],[7.338574272597205,44.203711693222104],[7.331031682472595,44.19997351201114],[7.325631480875177,44.19866554659189],[7.322432112800674,44.19495887547534],[7.322585036400217,44.19180105803496],[7.322558803851127,44.19123799391168],[7.322255972509131,44.189135832031624],[7.321750285679522,44.18813356830188],[7.32149977071409,44.187715747061915],[7.31888827078189,44.18484137484935],[7.316888601729443,44.18329491835253],[7.314618524785834,44.18181645679105],[7.312636235918337,44.18236788002495],[7.311305316428727,44.182726339147976],[7.307639710420584,44.18314474439349],[7.307482219776844,44.183155906218694],[7.306989159293728,44.18317111229886],[7.306836235672509,44.18314633122704],[7.306520522403103,44.182948086300094],[7.305718249657531,44.182292471920114],[7.305261551090644,44.18056161228464],[7.304670861719107,44.177041654238764],[7.305581084217912,44.17452530726936],[7.307144850439425,44.1701640144957],[7.308954224249685,44.16428482409023],[7.307954360091195,44.1584630294262],[7.307233375333089,44.15657522008576],[7.307609128072743,44.152344828590216],[7.308181016237585,44.15028710413858],[7.310023461182634,44.14804110450158],[7.310544507701113,44.147472615800325],[7.3056763136695055,44.1446320403537],[7.292098545812156,44.14591532431114],[7.285429674781855,44.144347898730466],[7.278342673141696,44.141693405110296],[7.26526293893891,44.14859891884177],[7.259634628686395,44.15120520574739],[7.250588209319133,44.15647783520704],[7.2484182579669865,44.15796610162889],[7.247594271786414,44.158763732286],[7.247010693135772,44.1594660118371],[7.24415051566207,44.16397763415685],[7.243641813267054,44.16826426131102],[7.243229711525734,44.17162505889142],[7.2372498471039055,44.17423381966471],[7.233629974470665,44.17229627030816],[7.233493650597566,44.171834994312775],[7.233120293456859,44.17135205584917],[7.2324769999214755,44.170693888718816],[7.229180862802178,44.16883756632476],[7.227005004911526,44.16842133530703],[7.219666448596628,44.168352180206206],[7.218872446483825,44.16856487234732],[7.218158069716552,44.169039890563454],[7.217399030509502,44.16973930016808],[7.205988537810042,44.18207523949031],[7.199012659434348,44.18640351035259],[7.193274766143158,44.18791541388904],[7.190061745405721,44.19523800805517],[7.188674215965192,44.19890273213708],[7.1909977843720005,44.200137312064115],[7.197654293554641,44.20129555451294],[7.199478705447155,44.20223364546843],[7.202120249484906,44.20368423034098],[7.208469649258523,44.20761476869204],[7.209685908256749,44.208394599998115],[7.211918338205441,44.211179987286506],[7.213480847134072,44.21330664439104],[7.2143024318158915,44.21931996503484],[7.213845350084955,44.22257189301014],[7.216445802318072,44.22672919153726],[7.219883175445898,44.23163311251961]]]},"properties":{"name":"Valdieri","op_id":"851","minint_elettorale":"1010272320","minint_finloc":"1010272320","prov_name":"Cuneo","prov_istat_code":"004","prov_istat_code_num":4,"prov_acr":"CN","prov_iso_3166_2":"IT-CN","reg_name":"Piemonte","reg_istat_code":"01","reg_istat_code_num":1,"reg_iso_3166_2":"IT-21","opdm_id":"720","com_catasto_code":"L558","com_istat_code":"004233","com_istat_code_num":4233}},
{"type":"Feature","geometry":{"type":"Polygon","coordinates":[[[7.388708249731744,44.39208594487232],[7.388555392392314,44.39175068762052],[7.3882156554020595,44.391133710009264],[7.387030694898192,44.389856116306866],[7.386189282560578,44.38918750121269],[7.384348507182454,44.388000124655356],[7.383898533471487,44.38774167862111],[7.383414377237362,44.38750074083116],[7.383056034282042,44.387351078596524],[7.382655261109593,44.38732794214415],[7.380445539298659,44.38629317943239],[7.378093798056495,44.38513410483681],[7.377199109397559,44.38463073324844],[7.376713958355817,44.38422772368694],[7.376524799041074,44.38403999246963],[7.376221101626272,44.383738414882366],[7.376153044082878,44.38365855811665],[7.375772339770643,44.383210332962804],[7.375751589623056,44.38317910143349],[7.375312121976431,44.38250177055494],[7.374216731074335,44.380577592322055],[7.373028006347642,44.37800387427742],[7.3726646264440445,44.377170142839326],[7.372274233360084,44.37710638456905],[7.3701104527119705,44.37647233295165],[7.369415396174941,44.37616080565624],[7.368973850939025,44.375929431028965],[7.368345837865361,44.37550633198091],[7.368184966389929,44.37537268017753],[7.367851691889807,44.37509415829135],[7.365654803069011,44.372394151308356],[7.361679084171854,44.36957259357634],[7.353171984012481,44.36635326126875],[7.348775773796104,44.3668749498355],[7.345246061355776,44.36768905543646],[7.341065925520125,44.36917888438792],[7.340943162201269,44.36948927605046],[7.3409151370455925,44.3695624931794],[7.340811465680779,44.36984746796624],[7.340360307260408,44.371101291686486],[7.339987485394004,44.372302248660816],[7.3399336596720355,44.37271073222246],[7.339930059754779,44.372738054798766],[7.339996993595166,44.373090136432765],[7.340182293961997,44.373556464018186],[7.3404046923934665,44.37383428721],[7.340580631232672,44.37403873428327],[7.341036252996905,44.37456817380955],[7.341343394878399,44.37492083425046],[7.341513468333801,44.37511527534366],[7.342293009940794,44.37583330730926],[7.342739703140541,44.376100869309845],[7.3431174651786515,44.376322422491356],[7.344588160606199,44.37747359221977],[7.345832931820866,44.37848645233636],[7.34698358324212,44.37987601795371],[7.347743724606982,44.38082781733512],[7.347831685389898,44.38111717844921],[7.348613727694041,44.385197730549784],[7.349131507500074,44.38813110051306],[7.346944717602285,44.39421682221414],[7.346097211077221,44.39590156473567],[7.344691780009506,44.398541525037615],[7.343110660871781,44.3999973806381],[7.341630272914189,44.400887311123675],[7.340900506126426,44.40134036331598],[7.339542444725715,44.40229290886382],[7.336936783247606,44.40631636452615],[7.336372348489869,44.407333303923025],[7.334536529075325,44.41157382311285],[7.333551261091482,44.41515604082807],[7.333611023732059,44.41533245705984],[7.333787790165293,44.41585268758472],[7.336315411269593,44.42096707020901],[7.336430257850754,44.42134685665538],[7.336593802202178,44.42178135991217],[7.336835226016185,44.422126984949315],[7.338010924468624,44.42363855532174],[7.338822607040893,44.424253549074415],[7.3427960036274875,44.426849834740175],[7.368337438537234,44.42134810858268],[7.369287798898292,44.420102485508444],[7.369829276013331,44.41964991618198],[7.3708184244258,44.41884442895676],[7.37131468759156,44.418635996260015],[7.375241334998181,44.41699981168315],[7.375309999131811,44.417003017724674],[7.375768216699136,44.417024735579126],[7.376457660485367,44.41707956370644],[7.376551796076851,44.417089533913504],[7.377046200941937,44.417141934787146],[7.377128197285215,44.417160364745584],[7.377420628503221,44.417228288770055],[7.379086987390455,44.417837123560766],[7.379147258645702,44.4179144954146],[7.379014158752775,44.418695927138984],[7.3788518226971505,44.41964889010613],[7.378843557226915,44.41969719864751],[7.378723250952465,44.420073606825696],[7.378674452445789,44.4201366823767],[7.37833574523474,44.42057226382316],[7.378269301344014,44.420654654318014],[7.379022562572927,44.42356191307673],[7.380918860468696,44.425744955179916],[7.38891696761775,44.43299989268258],[7.398108086438958,44.43723624426042],[7.3992090381382205,44.43314195924128],[7.398630877042874,44.43086519110302],[7.398165615787036,44.42837842021538],[7.398128643261475,44.428170162970986],[7.397885241481687,44.42679902146619],[7.397873115931352,44.426690947880424],[7.397803804993226,44.42607315587875],[7.397589244852995,44.42282017519534],[7.397155403747807,44.415035753549844],[7.397174587422198,44.41456339598379],[7.399219661455057,44.410000682001176],[7.395370560794046,44.403969115078496],[7.391012653686277,44.39905504843529],[7.388972981588322,44.393377066111256],[7.388708249731744,44.39208594487232]]]},"properties":{"name":"Valgrana","op_id":"852","minint_elettorale":"1010272330","minint_finloc":"1010272330","prov_name":"Cuneo","prov_istat_code":"004","prov_istat_code_num":4,"prov_acr":"CN","prov_iso_3166_2":"IT-CN","reg_name":"Piemonte","reg_istat_code":"01","reg_istat_code_num":1,"reg_iso_3166_2":"IT-21","opdm_id":"721","com_catasto_code":"L580","com_istat_code":"004234","com_istat_code_num":4234}},
{"type":"Feature","geometry":{"type":"Polygon","coordinates":[[[7.3546021704778335,44.32226465166662],[7.351142033433239,44.32323205935974],[7.345691295152206,44.32418043956398],[7.34437351033998,44.324358511887375],[7.34210183073203,44.32487923937804],[7.337874453024395,44.325887281006246],[7.3277459756124115,44.32973400101075],[7.324619518089063,44.33154724891604],[7.321257550240259,44.334199351337666],[7.314553489100862,44.342784912396766],[7.308384935255725,44.350848490005895],[7.308247773639244,44.35607525104436],[7.314231848902342,44.3552607913267],[7.3191648241693,44.35529749913527],[7.319544931314704,44.35534520419352],[7.319611122749393,44.355354633713894],[7.320110538789886,44.355450972143686],[7.322441436728819,44.355939874711794],[7.323743330178251,44.35635060956568],[7.325848443728633,44.35710172297019],[7.3273425548000235,44.35771779245003],[7.329965163786628,44.35931816256531],[7.330101569896547,44.35942821676195],[7.330127676286695,44.35946156425556],[7.330304174339647,44.35968755617758],[7.330726364274494,44.360371586267014],[7.330955452450765,44.360764089225576],[7.334871520568248,44.36166301326622],[7.33768648903622,44.36175804854416],[7.341614231255675,44.36137401712329],[7.351239810752581,44.35692648932406],[7.361907444562598,44.35100180963988],[7.365599112246727,44.349030394432184],[7.374720281632997,44.34717076937786],[7.3809871709833414,44.34620215879408],[7.389290216457988,44.34453687101091],[7.387662236453273,44.34264596750114],[7.387034410085733,44.34090856186628],[7.386728752012152,44.334642788387235],[7.386762943177987,44.33453972463746],[7.387099418080359,44.33374772500785],[7.3871759233552075,44.33357325900218],[7.387731839942262,44.33296892017817],[7.388055474971729,44.332802441047015],[7.388410348232238,44.33265439952341],[7.388709540681752,44.33256408829107],[7.39228186436033,44.331561101052266],[7.392405570313898,44.33135126546469],[7.39232397839083,44.33121057824623],[7.392083124192548,44.33097312004196],[7.391208138145151,44.33043412105935],[7.390071588623055,44.3297563883293],[7.389885260302426,44.32964733362083],[7.389576177640666,44.329470335773735],[7.388858939281875,44.32906859832845],[7.388074474866238,44.32867490767498],[7.387331588403347,44.32839432332607],[7.386063592884677,44.32792626961169],[7.385541875241071,44.327770340964946],[7.385001472504246,44.32771066309767],[7.381781946722708,44.327550119210514],[7.381314587494331,44.32753946237813],[7.378857185384279,44.327994375290785],[7.377715628763003,44.32824366606737],[7.376093820135305,44.32879776697908],[7.370675745072486,44.330732575843435],[7.368037625193401,44.33050149486216],[7.358688909644008,44.328418397386606],[7.35565467258902,44.32410739048066],[7.3546021704778335,44.32226465166662]]]},"properties":{"name":"Valloriate","op_id":"853","minint_elettorale":"1010272340","minint_finloc":"1010272340","prov_name":"Cuneo","prov_istat_code":"004","prov_istat_code_num":4,"prov_acr":"CN","prov_iso_3166_2":"IT-CN","reg_name":"Piemonte","reg_istat_code":"01","reg_istat_code_num":1,"reg_iso_3166_2":"IT-21","opdm_id":"722","com_catasto_code":"L631","com_istat_code":"004235","com_istat_code_num":4235}},
{"type":"Feature","geometry":{"type":"Polygon","coordinates":[[[7.390873301086596,44.58913377119536],[7.396052785567467,44.585407625644685],[7.397990307927529,44.584713923260516],[7.404225365463847,44.583676624181486],[7.405515176625883,44.58358210115292],[7.4056884757587795,44.5835792536288],[7.406752154065683,44.58356336225909],[7.4170615648623075,44.58367524523558],[7.424609029839688,44.58385167742113],[7.427123201092601,44.58398535638683],[7.4271963334519615,44.58388734311238],[7.427663518285811,44.582444365064546],[7.4281200424447364,44.580956571919074],[7.428651859854923,44.57895601988626],[7.428413922011325,44.57703521774938],[7.428282458466854,44.57677233816464],[7.42522915200056,44.57285470561336],[7.421520979994323,44.57100299200752],[7.421314463916526,44.570824598042414],[7.4211212519201,44.57051581196997],[7.420954987211206,44.57014442176471],[7.420582022826623,44.568104693835764],[7.420528073763948,44.5677708629922],[7.420492723643353,44.5655919003939],[7.4205748336286375,44.56518977020299],[7.4206304794485956,44.5649184951808],[7.421053885491277,44.56323188036315],[7.421291009590603,44.56237991659544],[7.423207541546438,44.560425880988056],[7.425557309211381,44.55838922692843],[7.426959874304361,44.55728999819102],[7.426995246320198,44.55723698500207],[7.42671249173797,44.556522124939626],[7.4265941675128015,44.55624141305022],[7.425453550418657,44.55511840906236],[7.425183432864314,44.554862611938674],[7.424677140324404,44.55449551351117],[7.42419406457,44.5542007673222],[7.423834668628102,44.55398875763849],[7.423409905217332,44.5538658538358],[7.421643340475686,44.553544371874395],[7.419185823725859,44.55316827344746],[7.416668133988013,44.55036962671197],[7.41361537847031,44.54317926355015],[7.4080960499803945,44.53738583357018],[7.407886807305957,44.5372118740948],[7.406762725386996,44.536430976207264],[7.406242629588203,44.53611762703656],[7.397592057013306,44.532584618100664],[7.396648822349795,44.532337285445664],[7.394788261590347,44.5318880306949],[7.393692699716656,44.53172407394116],[7.389905273602229,44.531549190874095],[7.385620714257123,44.53356827943051],[7.384062182877172,44.53440146027299],[7.379928740016625,44.535495210308476],[7.373163472917653,44.53617600052396],[7.370820601616763,44.53623887666838],[7.365546296496704,44.53476810405695],[7.365161228049789,44.53562684176248],[7.364782104441867,44.53680524632152],[7.365077611609969,44.54625761981621],[7.367088760090993,44.55041854695291],[7.368583876205901,44.55278056880485],[7.372095472868628,44.55688182112048],[7.375552934497542,44.55932573030389],[7.379047997219178,44.56389759916583],[7.380085759970502,44.567702095851395],[7.380206654042535,44.569932534391654],[7.380417880555237,44.572772548962256],[7.380983373620038,44.57508516904336],[7.381255548497396,44.57616930663056],[7.381313019867907,44.576368195241066],[7.382243813931987,44.57686751470824],[7.382555683857612,44.5769812020959],[7.384266957665623,44.57744980706981],[7.385611857877445,44.5780494900462],[7.385806972272892,44.578215142224145],[7.385864908483974,44.578277287426914],[7.385981102622906,44.57848569208697],[7.3862190496751134,44.579256953600876],[7.386644749916486,44.58260133716615],[7.386430372287205,44.583975683185166],[7.385733692431344,44.58456900262336],[7.386447006490833,44.58565036938572],[7.3870461134341845,44.5863070257192],[7.388944975441323,44.58825135832243],[7.389169066707675,44.58845598644826],[7.389215328550461,44.5884982280277],[7.389550101427749,44.58869200316139],[7.390136005361116,44.58891632764869],[7.390873301086596,44.58913377119536]]]},"properties":{"name":"Venasca","op_id":"855","minint_elettorale":"1010272360","minint_finloc":"1010272360","prov_name":"Cuneo","prov_istat_code":"004","prov_istat_code_num":4,"prov_acr":"CN","prov_iso_3166_2":"IT-CN","reg_name":"Piemonte","reg_istat_code":"01","reg_istat_code_num":1,"reg_iso_3166_2":"IT-21","opdm_id":"724","com_catasto_code":"L729","com_istat_code":"004237","com_istat_code_num":4237}},
{"type":"Feature","geometry":{"type":"Polygon","coordinates":[[[7.91412161364473,44.68561606265489],[7.914862371810624,44.68566810708935],[7.924179983053938,44.686665498024155],[7.931547546622699,44.687162294729546],[7.9368602964056745,44.68785104486964],[7.936951645920187,44.68768386004242],[7.938034232931933,44.685696907878864],[7.939477536276717,44.682843081890624],[7.939576568460599,44.681253510521906],[7.939588805367334,44.68104338632048],[7.939644398144558,44.67964291725437],[7.951301876063684,44.675273282680514],[7.954690240381409,44.668957678410436],[7.955022124117598,44.66659765995626],[7.951367167341065,44.66648267252275],[7.951286467034636,44.66647366451533],[7.950370708669755,44.66636597405152],[7.94788068823439,44.66585241663963],[7.945729154485663,44.665328456361834],[7.939912068253474,44.662267811719744],[7.936541782649278,44.660435979136935],[7.936050974724513,44.66009382749432],[7.9349811987997185,44.65933207585193],[7.934819663381053,44.658961481567154],[7.9346803912758475,44.65858481011501],[7.934549360188388,44.65822526599244],[7.934545732251651,44.65812171030427],[7.934534943929317,44.65780652128938],[7.934671298449328,44.65750620149704],[7.933041150908583,44.65673029803189],[7.927557089481615,44.65641781463274],[7.926999519623426,44.656417116972],[7.926426041054413,44.65643871823896],[7.92602102647449,44.65656997369336],[7.925791656669701,44.65664433444242],[7.924407401518249,44.65739201446153],[7.924239418294497,44.657492175108025],[7.923775709275138,44.657768667876454],[7.923256250007756,44.65812835945629],[7.919156555586495,44.66160953831177],[7.918522016590895,44.66237331327829],[7.917477361979611,44.6640647771681],[7.9162680527863625,44.66778480184927],[7.915186927109843,44.67295090027968],[7.915331957522216,44.67367245556603],[7.915525343967094,44.674327346853396],[7.916119066935544,44.67507979120935],[7.916835063932145,44.67564548293305],[7.91709936276475,44.675854296186465],[7.918396577147969,44.67720793871095],[7.919234365072247,44.678611221841436],[7.919076295089379,44.67906438189963],[7.919021536470783,44.67922136260919],[7.918257382259713,44.68034393125942],[7.91412161364473,44.68561606265489]]]},"properties":{"name":"Verduno","op_id":"856","minint_elettorale":"1010272370","minint_finloc":"1010272370","prov_name":"Cuneo","prov_istat_code":"004","prov_istat_code_num":4,"prov_acr":"CN","prov_iso_3166_2":"IT-CN","reg_name":"Piemonte","reg_istat_code":"01","reg_istat_code_num":1,"reg_iso_3166_2":"IT-21","opdm_id":"725","com_catasto_code":"L758","com_istat_code":"004238","com_istat_code_num":4238}},
{"type":"Feature","geometry":{"type":"Polygon","coordinates":[[[7.553575720494033,44.26483677747227],[7.556413849938446,44.262356355967334],[7.56516654646015,44.25242836855362],[7.567881148698284,44.2500091272485],[7.571402293251255,44.24746466160024],[7.57604336656136,44.244511337113344],[7.576225526891424,44.24445508287281],[7.577163177839875,44.24434524376548],[7.5775438704485305,44.24431847505563],[7.57809835495798,44.244338876871055],[7.580196054101755,44.244473000632425],[7.586543809662262,44.24517745064977],[7.588548182344814,44.24399583380554],[7.588577408960776,44.24382064636635],[7.588571673536773,44.243536979487104],[7.588498126484598,44.24322546452033],[7.588228598572411,44.24250938977803],[7.5879104038753775,44.24194427268195],[7.58759121093125,44.241593727321586],[7.58507050989621,44.23973040462823],[7.581144029813662,44.237665026064846],[7.580726178657248,44.237466270499546],[7.580033361316959,44.23719657587479],[7.578943064583266,44.2367913888235],[7.578418478119386,44.236604794113816],[7.577788358073323,44.23638089228946],[7.576805677287496,44.23610364920552],[7.576181127648464,44.236009749945524],[7.574964712882262,44.235837257146656],[7.573746548812642,44.23574078467486],[7.572300294719665,44.23562368340989],[7.571697619840668,44.2354850780929],[7.571628369203904,44.23546869708382],[7.570843508244238,44.235277343819554],[7.56942727846967,44.2347009315978],[7.568364797944227,44.234236879559255],[7.568238900603128,44.234181888047495],[7.568145611658835,44.23414019128088],[7.566822137929756,44.23338534614555],[7.5658029472777635,44.2326703308871],[7.564934783854594,44.232010361866905],[7.5645450858912335,44.2317137231961],[7.564066820120582,44.2312895793069],[7.563572171303386,44.230850687397854],[7.550397908706468,44.21782346246569],[7.5493380332234965,44.21561326142972],[7.548115399028836,44.21194250391493],[7.546318293206794,44.20466589438296],[7.540384564056581,44.199001379299716],[7.533749004560613,44.193941966844214],[7.528462850376322,44.178146221218206],[7.52717940755037,44.1720685435143],[7.52620064512827,44.17145429385489],[7.525495399540012,44.171084970279665],[7.524700722724617,44.170786610549776],[7.519605685748861,44.16919917528585],[7.514959687042421,44.16810801438556],[7.5137514237433844,44.15924759464143],[7.506053456177767,44.15461403120042],[7.503911493869751,44.1536980663066],[7.503467541875723,44.153517058574195],[7.502894144136915,44.15342850766559],[7.502554511156004,44.15341505591427],[7.501843797501118,44.153441746924734],[7.501316064445074,44.153587866788946],[7.501036647908766,44.15366523412244],[7.498293248625119,44.15391729576625],[7.497821526146066,44.15396511538434],[7.497382656019853,44.15405837569573],[7.496878702742374,44.15419128580095],[7.495100449466655,44.15469006290842],[7.494600337071903,44.1548631118497],[7.494167457447764,44.155127920268015],[7.493676281006183,44.155540084629195],[7.493636238949294,44.155598064524895],[7.493477433602008,44.15583005955756],[7.491146309715861,44.1605079067738],[7.491006173142467,44.16080765046747],[7.49094858048353,44.1610327139948],[7.4909189212569185,44.161148621331634],[7.490779494905438,44.16180401322888],[7.490716616540012,44.16314460945231],[7.490817453620952,44.16397876070636],[7.487088776728177,44.17263088928554],[7.485920786554407,44.174390703401336],[7.480061075992815,44.180923935999786],[7.472898100140475,44.18963788849685],[7.468712530987899,44.20250568864442],[7.469083204709223,44.21084296500092],[7.467617146647712,44.218021210435516],[7.4694908836991925,44.22140895457791],[7.470044791696837,44.22222663846766],[7.470746438827256,44.22312733804013],[7.471745168976179,44.22435644771989],[7.472842773630748,44.22559069327902],[7.473303228709117,44.22609200502002],[7.474164168466562,44.22676584379148],[7.475578398891784,44.22716013217011],[7.475657504312035,44.22718073543948],[7.476366636283594,44.227325825324854],[7.483643058058682,44.22933578677677],[7.484328045875363,44.22956995290007],[7.484965028669246,44.22983049269173],[7.4870286652004925,44.23112727412991],[7.487035379138681,44.23199615059675],[7.48704387484185,44.233175654937995],[7.486868184854022,44.23381703839302],[7.486831976303352,44.24221511640504],[7.487574945204974,44.25112396675524],[7.487801715988056,44.25140319588506],[7.487856184441053,44.25153895884136],[7.487904948842155,44.25169715741176],[7.487943404530424,44.25184622365493],[7.488008379675614,44.25212166080094],[7.4880430135279,44.25229768637558],[7.488044674982503,44.252599301556714],[7.487997991689679,44.25290928962732],[7.487933786028235,44.253214547766994],[7.48741245005691,44.25461660639043],[7.485884529493157,44.257396268297974],[7.485485199900748,44.25788612585038],[7.491370809099626,44.256789155512585],[7.491800312298081,44.25673418116153],[7.492591039581012,44.25663419757571],[7.492936011495999,44.256631263332686],[7.49300568592419,44.25663067290807],[7.493545067516136,44.256678297000576],[7.49367527102842,44.25669922499771],[7.4940027686231465,44.25675187306738],[7.497872227446732,44.25764909899736],[7.500086740139947,44.25820486860555],[7.500867730657489,44.258435695741035],[7.5183324333927475,44.26180989843969],[7.52176438233658,44.26219222927304],[7.522179957761305,44.26221562153077],[7.52281130590507,44.26214275304597],[7.523083486263843,44.26209787201711],[7.523263037164221,44.262067578552205],[7.523715641271995,44.26195638439199],[7.524282373771381,44.261783589848626],[7.526335946321986,44.26103141178178],[7.540436718234267,44.26188320842676],[7.5467357427689175,44.26406572979097],[7.550993254235828,44.26467800110552],[7.553575720494033,44.26483677747227]]]},"properties":{"name":"Vernante","op_id":"857","minint_elettorale":"1010272380","minint_finloc":"1010272380","prov_name":"Cuneo","prov_istat_code":"004","prov_istat_code_num":4,"prov_acr":"CN","prov_iso_3166_2":"IT-CN","reg_name":"Piemonte","reg_istat_code":"01","reg_istat_code_num":1,"reg_iso_3166_2":"IT-21","opdm_id":"726","com_catasto_code":"L771","com_istat_code":"004239","com_istat_code_num":4239}},
{"type":"Feature","geometry":{"type":"Polygon","coordinates":[[[7.526008410361071,44.58106000020139],[7.525411132117107,44.582900846079994],[7.523928113633866,44.583873417420044],[7.5191149385249645,44.58342399191415],[7.513293119729007,44.582508738164705],[7.496505830979101,44.578469744874184],[7.489247324122031,44.57761322678085],[7.4888059263659805,44.57763439723616],[7.488479849518896,44.57756731739897],[7.487317361837211,44.57723657859101],[7.486993035758142,44.57711526205709],[7.485040779118077,44.576144108298614],[7.480193925598628,44.57364004941056],[7.478081194914568,44.57238759077445],[7.475493665989575,44.574216582961505],[7.47024335765972,44.577513287753256],[7.462746270431826,44.58095952633926],[7.460981055545772,44.58150290971551],[7.4570789448203065,44.58235049054901],[7.453032178209394,44.581998660773415],[7.444826450101151,44.5822022646299],[7.432006955254908,44.582531086279786],[7.431451954300799,44.582559471940804],[7.430805354375077,44.5827124029318],[7.427872131099349,44.583801724324964],[7.428475442944279,44.583837405123084],[7.430541327339853,44.58437895905201],[7.430755666538111,44.584503440895745],[7.431757284525542,44.58509785960068],[7.43306035951865,44.58604751974835],[7.435878296786969,44.588143211918315],[7.436554421186438,44.58866561104253],[7.437976692196166,44.589801384804865],[7.438218506766288,44.590047746250654],[7.440223580745584,44.592226737183466],[7.440469423708398,44.592494381241906],[7.440672238412626,44.592998075579295],[7.440732553457541,44.59358407193842],[7.440712681248161,44.593845070739086],[7.440583884657658,44.59411574241753],[7.440389021273032,44.59837691112968],[7.440609756089657,44.59882180420437],[7.445355348130231,44.602436554193396],[7.451147864808874,44.60649145582151],[7.451807856373464,44.607013376885334],[7.452355398827563,44.60730435935373],[7.454677613882578,44.60821355801438],[7.459829399401182,44.60663514118767],[7.465605858439452,44.606006792923125],[7.472199753313216,44.605461845249756],[7.47471710089461,44.605953331853605],[7.477006033348141,44.606859526233166],[7.4783311206423635,44.60735894057644],[7.479934235549893,44.60734559731115],[7.480600254190543,44.60733712727895],[7.4890096527215375,44.60662474291255],[7.499651711904378,44.6055770237081],[7.512436474580165,44.60702262261383],[7.51673214518333,44.6144469767563],[7.517544426603123,44.61453404020092],[7.517732946257165,44.614558464438524],[7.518304398001746,44.614633931835314],[7.521788784484737,44.615196729454],[7.526509263692556,44.6160679717524],[7.528131455641018,44.61638596745866],[7.5285875191202285,44.61648187552116],[7.529385373182246,44.617329373704585],[7.5291864728482345,44.62076123780754],[7.533956200705445,44.61430061615422],[7.534152819937606,44.61376268916799],[7.534160405276027,44.61346121288351],[7.5340782012141405,44.61280162596823],[7.533266860581468,44.60882699926839],[7.531688692546568,44.605300271204484],[7.531544481333049,44.605100366082375],[7.531192538581516,44.60453317742548],[7.531077760704405,44.604338152445955],[7.530895033860123,44.60402522954471],[7.530473445295316,44.60325459595046],[7.530388229978747,44.60307344184977],[7.530379002713436,44.60300131021626],[7.530388753533073,44.60291140611114],[7.530821101931015,44.60028825691603],[7.531128007346501,44.599477419189654],[7.531925691258443,44.59915914967539],[7.533643078098511,44.59868157795803],[7.534080704065495,44.598565679194536],[7.535389891215187,44.598519462086855],[7.536227993474879,44.59854370448081],[7.53684423221051,44.59860562199185],[7.537366154228345,44.59870683403129],[7.537875827373044,44.5988889004878],[7.538268994572879,44.599037986114865],[7.538801123695035,44.600053057758686],[7.540122594922565,44.60219003324287],[7.540349438459327,44.602535033126166],[7.540727667223634,44.60280995080002],[7.540900775278402,44.602911188739476],[7.5422320108488226,44.603510780978674],[7.542955858075359,44.60365311723643],[7.544644506079729,44.60338207497736],[7.545684091904261,44.60319277259187],[7.548898072894978,44.602594487417456],[7.554748904575569,44.60127329238355],[7.554881847560968,44.60123186819598],[7.555498528109763,44.601039704443906],[7.555901321786223,44.600887336170054],[7.558530095868672,44.5995207967604],[7.559856965549823,44.59371723980966],[7.546740347922667,44.58908086429449],[7.529508878803484,44.58262434881242],[7.526008410361071,44.58106000020139]]]},"properties":{"name":"Verzuolo","op_id":"858","minint_elettorale":"1010272390","minint_finloc":"1010272390","prov_name":"Cuneo","prov_istat_code":"004","prov_istat_code_num":4,"prov_acr":"CN","prov_iso_3166_2":"IT-CN","reg_name":"Piemonte","reg_istat_code":"01","reg_istat_code_num":1,"reg_iso_3166_2":"IT-21","opdm_id":"727","com_catasto_code":"L804","com_istat_code":"004240","com_istat_code_num":4240}},
{"type":"Feature","geometry":{"type":"Polygon","coordinates":[[[7.9931707473471425,44.78342977793683],[7.995539603744245,44.784089795563816],[7.998363648547079,44.783718493508815],[8.002159381661505,44.78058712261564],[8.007761837574837,44.77839245112435],[8.010921056438246,44.77999303209948],[8.010976556101983,44.77997434966601],[8.011377118160164,44.77983944345577],[8.012516409628384,44.77908860963573],[8.013003852322292,44.77869221657436],[8.013169100999741,44.778488336343486],[8.013286966892165,44.778342912277544],[8.013351631900873,44.77826312667992],[8.015642072736332,44.775172644554885],[8.015794086564359,44.77487237063],[8.015882153661078,44.77457156432955],[8.015353411087169,44.771804919965824],[8.015613049479281,44.77027969257601],[8.015998576994162,44.768761632764814],[8.017041795393105,44.76730327411365],[8.019566766245385,44.765484030248984],[8.021522906819182,44.76488415858609],[8.022649765003072,44.76493881440699],[8.02310446039081,44.76488526322895],[8.023219874573224,44.76487166137932],[8.024068159739958,44.764608838250126],[8.026397046321735,44.76351247059931],[8.026637376111909,44.76335698017111],[8.0267698638696,44.763155545259075],[8.02678256222927,44.762917102714106],[8.026389382198815,44.76222958889359],[8.019605910652439,44.7516344184915],[8.017285653931632,44.74903085039235],[8.016760982119209,44.74861222963734],[8.014044961692553,44.74666231820762],[8.013378018060353,44.74625596667809],[8.013248792537015,44.74618403522735],[8.013033411906207,44.74606414910814],[8.012427180089913,44.745728459125935],[8.010834584701831,44.74703718274403],[8.010270451109458,44.747714425302306],[8.009764129457757,44.74821416720982],[8.008959081578118,44.74840522807368],[8.008025481532114,44.748518656906526],[8.007254155626958,44.74853896285443],[8.006417790838817,44.74823012236925],[8.005670578465576,44.74794904097665],[8.001317812196735,44.7448593045835],[8.00037072337037,44.74406331531014],[7.996452385083684,44.74585190040337],[7.995930256544,44.746049854757246],[7.994643549102181,44.74603853412029],[7.991583416427241,44.74594853617782],[7.977303564871238,44.74699130709376],[7.9673911549525185,44.74827100152853],[7.962494130879243,44.74932487541255],[7.959818202869906,44.76121497292261],[7.961584695202877,44.7613300697287],[7.97124557759535,44.76275885286182],[7.972999255054369,44.763588365407976],[7.977462935695666,44.76798647772976],[7.979932668304752,44.77247365102943],[7.984822111378446,44.77690128724246],[7.9925048229906945,44.78120035398145],[7.9928977182625545,44.781775460466456],[7.993297139001375,44.782566682679494],[7.993455477592205,44.78288765589039],[7.993455859794107,44.783162215518466],[7.9931707473471425,44.78342977793683]]]},"properties":{"name":"Vezza d'Alba","op_id":"859","minint_elettorale":"1010272400","minint_finloc":"1010272400","prov_name":"Cuneo","prov_istat_code":"004","prov_istat_code_num":4,"prov_acr":"CN","prov_iso_3166_2":"IT-CN","reg_name":"Piemonte","reg_istat_code":"01","reg_istat_code_num":1,"reg_iso_3166_2":"IT-21","opdm_id":"728","com_catasto_code":"L817","com_istat_code":"004241","com_istat_code_num":4241}},
{"type":"Feature","geometry":{"type":"Polygon","coordinates":[[[7.855530441065832,44.39436939763791],[7.856089984222519,44.394388498628096],[7.863016951513243,44.393867996661506],[7.864980297725397,44.393284335609074],[7.871972942516483,44.39084633037063],[7.874198092418907,44.38994100042367],[7.875700795347104,44.38891599066681],[7.8759933236081965,44.38872153011271],[7.876709002957835,44.38824620731508],[7.877272634652763,44.38790514037233],[7.87777584771488,44.38766700351805],[7.8791665958509425,44.38723953942207],[7.881732545926778,44.386472440787855],[7.882649266313057,44.38641839389709],[7.890884035463082,44.393741410009746],[7.902456975535184,44.38961402523497],[7.898618881668946,44.38324249397347],[7.895160806000824,44.374120747398884],[7.8939000301129765,44.3595825026833],[7.893776175168796,44.356785930675784],[7.893818135246298,44.35622365100312],[7.895640342667218,44.34954317431836],[7.8938492970272645,44.348022362218046],[7.893721566945141,44.34801958918862],[7.893101529269811,44.34800612285664],[7.892347481757423,44.347949287459876],[7.889935680556635,44.3477503286828],[7.888378471455281,44.34760012501542],[7.88725001868976,44.34731455725007],[7.871019493176029,44.34017355743643],[7.8691709182147305,44.33912444323152],[7.868484881657917,44.33867650603143],[7.868151720068837,44.33812403242485],[7.867902008313017,44.336352480369364],[7.86779918598463,44.33548268875218],[7.857004828988608,44.333817682256594],[7.856546510446573,44.33460983115295],[7.85578079035183,44.33556548647605],[7.853490846971887,44.334678246816935],[7.851551941998573,44.33380348810237],[7.850008912536078,44.33303171535545],[7.848436863452868,44.33222361823367],[7.846756139689914,44.331342383996294],[7.8461953120709325,44.329819744033024],[7.8461403805635435,44.32960311397466],[7.846065139820946,44.32906217994547],[7.845967047826867,44.32769077776711],[7.8459312769825145,44.327674391084344],[7.845298371287833,44.327690505115676],[7.844409280266196,44.32774003657429],[7.843887064049477,44.32784727770859],[7.841459733746215,44.3292046181174],[7.841126473184884,44.32944882167425],[7.839831396629394,44.330407976127134],[7.839419904541314,44.330823342410824],[7.839294264674972,44.33095171068628],[7.839129238984463,44.33150820221572],[7.839153663447115,44.33167981240448],[7.839257498476135,44.33213971328341],[7.8393673422876935,44.332408127694784],[7.839396232484034,44.332478722512334],[7.839699652461417,44.333202324842716],[7.840091700513267,44.33370567378143],[7.840273592523038,44.33778133171397],[7.839846405496543,44.3439979593813],[7.839208649959162,44.346813868929125],[7.837199293269119,44.3543516574863],[7.836049972411461,44.35828315439894],[7.836294032937953,44.35850591532012],[7.836650506531733,44.3591982739545],[7.836718410504886,44.35982916924734],[7.836304100643045,44.363363026185425],[7.834931158757866,44.365082069820616],[7.833719928013962,44.36643363947177],[7.836187047365812,44.370384021757914],[7.841043680205966,44.37494831562301],[7.852210740255866,44.38522527572811],[7.85561595047895,44.38929717806929],[7.855530441065832,44.39436939763791]]]},"properties":{"name":"Vicoforte","op_id":"860","minint_elettorale":"1010272410","minint_finloc":"1010272410","prov_name":"Cuneo","prov_istat_code":"004","prov_istat_code_num":4,"prov_acr":"CN","prov_iso_3166_2":"IT-CN","reg_name":"Piemonte","reg_istat_code":"01","reg_istat_code_num":1,"reg_iso_3166_2":"IT-21","opdm_id":"729","com_catasto_code":"L841","com_istat_code":"004242","com_istat_code_num":4242}},
{"type":"Feature","geometry":{"type":"Polygon","coordinates":[[[7.489887106462006,44.355778702267635],[7.48727159732806,44.35324515807168],[7.484608694800739,44.348434479291946],[7.4806751919326615,44.346289050842394],[7.467347326399133,44.34419336083912],[7.464782710762376,44.34448751567062],[7.463297866928421,44.34371581929138],[7.459071529617509,44.3438704483658],[7.452990412045297,44.35159162796505],[7.450731507653689,44.353989222044625],[7.454434441474681,44.35628027627596],[7.461260828230133,44.36262127642803],[7.468450273667103,44.37034780092577],[7.474702737301608,44.371938348382876],[7.47462843983848,44.371785405961425],[7.474480583155974,44.37096868856255],[7.474316435938847,44.369481027446376],[7.47431503758647,44.369278452742314],[7.480430594414091,44.369999201723594],[7.48834420259458,44.370950490067486],[7.489076932001368,44.37105471677762],[7.496869882010826,44.37224409822149],[7.501802393736148,44.37338301233407],[7.505972201959744,44.37368970843369],[7.505400136552751,44.37149004464643],[7.505221050570285,44.37100605451573],[7.505006010384074,44.3705936144046],[7.504731710695612,44.37030645319524],[7.502399413342829,44.368574354222474],[7.490965165151832,44.35722441726091],[7.489887106462006,44.355778702267635]]]},"properties":{"name":"Vignolo","op_id":"861","minint_elettorale":"1010272420","minint_finloc":"1010272420","prov_name":"Cuneo","prov_istat_code":"004","prov_istat_code_num":4,"prov_acr":"CN","prov_iso_3166_2":"IT-CN","reg_name":"Piemonte","reg_istat_code":"01","reg_istat_code_num":1,"reg_iso_3166_2":"IT-21","opdm_id":"730","com_catasto_code":"L888","com_istat_code":"004243","com_istat_code_num":4243}},
{"type":"Feature","geometry":{"type":"Polygon","coordinates":[[[7.52783457990939,44.5278204343397],[7.521905804537601,44.527779606674436],[7.5204162652208275,44.52778696034124],[7.519603051131144,44.52783080712415],[7.519510346394894,44.52784310376414],[7.51913655288751,44.527896773911785],[7.518739479879472,44.52796813799614],[7.515804600076612,44.52896983192317],[7.513988241874944,44.53242568144686],[7.514165663659536,44.534341033463996],[7.514248621124259,44.534985939013275],[7.515311376220262,44.54111895207641],[7.51498119631588,44.54410126062625],[7.513804562409477,44.54903163732638],[7.513435203211977,44.55040103480897],[7.510563898354605,44.55134490055878],[7.512562034156823,44.55707853899444],[7.516582429729615,44.56437156702557],[7.518790937098303,44.5647662266087],[7.521553889601582,44.56529793223547],[7.521610239320743,44.56531244833257],[7.5217494253350985,44.56534845282237],[7.5229709631325115,44.56567961528799],[7.5230079536243,44.565740181370785],[7.526054523777395,44.57406550013912],[7.527049353921539,44.57927756096785],[7.5268983988608404,44.57953859777929],[7.526589027281614,44.58007290347355],[7.526008410361071,44.58106000020139],[7.529508878803484,44.58262434881242],[7.546740347922667,44.58908086429449],[7.559856965549823,44.59371723980966],[7.565741561229405,44.591135595723564],[7.575938187414241,44.588377824120094],[7.582344194817048,44.583920393534186],[7.586643038037376,44.58066936518795],[7.588163150504767,44.57948224801888],[7.586212721610055,44.57896950850197],[7.5749090397064505,44.57331295755799],[7.569956622314575,44.570437765127735],[7.563576150431316,44.56588343105474],[7.561290515135945,44.563009866414106],[7.557761159247902,44.559233795806485],[7.553339133265934,44.556202547601245],[7.556989814602275,44.554371749506494],[7.563125145237866,44.55198617791674],[7.564932546033706,44.547674921389465],[7.570481828321496,44.54636262292719],[7.576756673408646,44.54513113945247],[7.580308586664841,44.54373946367126],[7.582951405798837,44.54151716955021],[7.578433256406668,44.529699191652895],[7.574820271641066,44.529616534866676],[7.563556641694797,44.52863075445423],[7.548355716109489,44.52710613843742],[7.548334703293281,44.52584551650954],[7.549626826380656,44.522545390713994],[7.548687295357539,44.52249129434119],[7.536417731231469,44.5218403097662],[7.535526133180801,44.52550189946052],[7.535413134475902,44.5260721141722],[7.529970496911803,44.5277711883174],[7.52783457990939,44.5278204343397]]]},"properties":{"name":"Villafalletto","op_id":"862","minint_elettorale":"1010272430","minint_finloc":"1010272430","prov_name":"Cuneo","prov_istat_code":"004","prov_istat_code_num":4,"prov_acr":"CN","prov_iso_3166_2":"IT-CN","reg_name":"Piemonte","reg_istat_code":"01","reg_istat_code_num":1,"reg_iso_3166_2":"IT-21","opdm_id":"731","com_catasto_code":"L942","com_istat_code":"004244","com_istat_code_num":4244}},
{"type":"Feature","geometry":{"type":"Polygon","coordinates":[[[7.783916959676293,44.34351520660424],[7.781813391078729,44.342867118716704],[7.762980058796695,44.337384527991986],[7.762094315642319,44.33705982868546],[7.756935277090771,44.33326755268165],[7.755189094545049,44.33157850379016],[7.754055091725739,44.33037775575106],[7.749733174189801,44.33267575133939],[7.747358962609813,44.334814942994136],[7.746810933854125,44.33527706873706],[7.746294453473006,44.335140859786605],[7.738949731755591,44.33137781874504],[7.737721452211804,44.327790099898785],[7.737936703406049,44.327292831916765],[7.737749841632739,44.32681361300207],[7.737185848643334,44.32633922200852],[7.737001631768505,44.32624824136522],[7.736477310486918,44.325989290124376],[7.7356929626945545,44.325647493274815],[7.734871606524033,44.325296300648944],[7.733658159567247,44.324882230846555],[7.7330199733056295,44.32485263934803],[7.732447516585621,44.32488229740525],[7.731702601468655,44.324968558499926],[7.731058538130111,44.32504693775609],[7.729628431770244,44.32526510787103],[7.727082159250771,44.32616993059655],[7.726396264251468,44.32666057225294],[7.723862252729054,44.328711948221525],[7.718559009285393,44.32908471492696],[7.717942037453035,44.32912279646434],[7.7174111777633225,44.328968282298604],[7.716966638045004,44.328720224423115],[7.716656892114332,44.32841963401664],[7.71568145820419,44.32725851552247],[7.7139832867608975,44.33059523613129],[7.713615424110078,44.33169845273461],[7.713785527954702,44.33259615354719],[7.713920179349284,44.33299828662874],[7.717865440945727,44.342779242740164],[7.718622744310324,44.344475763355184],[7.721160491856628,44.35011748954104],[7.72527386148296,44.35248619303241],[7.727778538967402,44.355552588774195],[7.728675803791343,44.35692651406738],[7.729828780594723,44.35982474637198],[7.730772249714812,44.36291419233457],[7.7299968896955304,44.364859192700294],[7.727037139793281,44.36594259126723],[7.723837376480366,44.36752246402888],[7.723510754124058,44.367757814072604],[7.723201201213945,44.36866817252794],[7.72289562250449,44.37211731271611],[7.723111227049543,44.37324056068023],[7.724187616099445,44.37529622887324],[7.724508928090358,44.375871496941954],[7.72795993317939,44.38168524660978],[7.730070026684796,44.38444556696397],[7.730289084253172,44.384649079453446],[7.7307722138754364,44.38509744575689],[7.738713852592152,44.39114276836141],[7.74030750882535,44.39219780793734],[7.741376707052355,44.39428471795391],[7.741896958648767,44.39507369971078],[7.7442915609793905,44.39689246047096],[7.744945738259156,44.39710034162443],[7.750744489637209,44.39549656116809],[7.752881386864864,44.39347763493369],[7.762129091840244,44.39020272707661],[7.76553125731423,44.384393267688644],[7.773269946361212,44.373236649121196],[7.780572453833848,44.36693368760984],[7.7904972977970965,44.35347022754572],[7.792795957050685,44.35095568543628],[7.783916959676293,44.34351520660424]]]},"properties":{"name":"Villanova Mondovì","op_id":"863","minint_elettorale":"1010272440","minint_finloc":"1010272440","prov_name":"Cuneo","prov_istat_code":"004","prov_istat_code_num":4,"prov_acr":"CN","prov_iso_3166_2":"IT-CN","reg_name":"Piemonte","reg_istat_code":"01","reg_istat_code_num":1,"reg_iso_3166_2":"IT-21","opdm_id":"732","com_catasto_code":"L974","com_istat_code":"004245","com_istat_code_num":4245}},
{"type":"Feature","geometry":{"type":"Polygon","coordinates":[[[7.537505039007903,44.73435597410572],[7.5373319591217385,44.73494339616779],[7.537710723374853,44.736154555740704],[7.547805948120865,44.74257145365463],[7.556203128666821,44.74657585639959],[7.568138554377905,44.751726934150504],[7.576832194229717,44.759852126688],[7.577844387992729,44.763159553461236],[7.578491909160769,44.76224488684045],[7.579296964202573,44.761377179870045],[7.582985236806971,44.75760158040068],[7.584782172138526,44.75583692516905],[7.588377715122436,44.74878746651206],[7.588288216134165,44.74577982179986],[7.58903902086311,44.74201716444487],[7.589132769122129,44.74166723556938],[7.5892083096513785,44.74143409542967],[7.589503598748281,44.74076707600095],[7.590619322262811,44.73841778236716],[7.595990398436958,44.73246595279765],[7.599381850413875,44.72946942454098],[7.600844288067014,44.72624669830447],[7.600921591404511,44.71962172580325],[7.589627613173255,44.712708583912395],[7.5820544092236615,44.71205662596527],[7.577637720170229,44.71237979392265],[7.577274779748395,44.71314893245258],[7.576375605767929,44.714488613203194],[7.573370879453401,44.71707075618856],[7.568702460901683,44.71950451170297],[7.566252598626226,44.72012791704836],[7.557029600844218,44.723117511814536],[7.551853541443194,44.72704446465315],[7.54356588431519,44.73164273107163],[7.539914949543303,44.73173565007375],[7.537505039007903,44.73435597410572]]]},"properties":{"name":"Villanova Solaro","op_id":"864","minint_elettorale":"1010272450","minint_finloc":"1010272450","prov_name":"Cuneo","prov_istat_code":"004","prov_istat_code_num":4,"prov_acr":"CN","prov_iso_3166_2":"IT-CN","reg_name":"Piemonte","reg_istat_code":"01","reg_istat_code_num":1,"reg_iso_3166_2":"IT-21","opdm_id":"733","com_catasto_code":"L990","com_istat_code":"004246","com_istat_code_num":4246}},
{"type":"Feature","geometry":{"type":"Polygon","coordinates":[[[7.357009517841874,44.507944022119105],[7.365243752840102,44.509255048709235],[7.365995355439628,44.50932882600753],[7.367531928031156,44.509474952245895],[7.3678418214715125,44.50950378388853],[7.368328247041099,44.50920463984657],[7.373106145964347,44.50613991759763],[7.379245330016399,44.501370349136515],[7.3860827461889675,44.49927955712809],[7.398828134431658,44.49989962414534],[7.412585553153545,44.50223446265635],[7.419292931535992,44.50128582949754],[7.420027482909332,44.50110919860497],[7.4206610593620255,44.50093790402197],[7.42070115893732,44.50090743819372],[7.420905066266116,44.500752223823554],[7.421326618628239,44.50041719869984],[7.423913332262262,44.49834503517196],[7.431478014545138,44.49018485867464],[7.435176930732721,44.48496008721948],[7.439068587287888,44.47955777853175],[7.4319500869768,44.47726361404223],[7.418801661986072,44.47246394490693],[7.408007383551686,44.46860938365808],[7.396516250188861,44.468075002275135],[7.376862911132757,44.46912071604326],[7.376400720583982,44.46924018210759],[7.375152743990689,44.46988412703261],[7.374807832093183,44.47009526701502],[7.373305861121939,44.47102817825688],[7.367808907613201,44.47547802602127],[7.366386491156924,44.476674933633156],[7.362518876274895,44.480061728365904],[7.360394145938592,44.48199837445337],[7.358367933926124,44.484153995782414],[7.356619735603609,44.486163648688645],[7.356389764251612,44.48657649152993],[7.356338360751047,44.487034876846636],[7.356829493182499,44.48874258679369],[7.35704390861862,44.48948023275197],[7.357412858205252,44.490309284395174],[7.358625338691518,44.492536852172485],[7.358983060385708,44.492983123977154],[7.359099864694905,44.493106319542036],[7.359606088471708,44.49341519019333],[7.357099633767688,44.503260018918965],[7.357009517841874,44.507944022119105]]]},"properties":{"name":"Villar San Costanzo","op_id":"865","minint_elettorale":"1010272460","minint_finloc":"1010272460","prov_name":"Cuneo","prov_istat_code":"004","prov_istat_code_num":4,"prov_acr":"CN","prov_iso_3166_2":"IT-CN","reg_name":"Piemonte","reg_istat_code":"01","reg_istat_code_num":1,"reg_iso_3166_2":"IT-21","opdm_id":"734","com_catasto_code":"M015","com_istat_code":"004247","com_istat_code_num":4247}},
{"type":"Feature","geometry":{"type":"Polygon","coordinates":[[[7.187698024489492,44.333957740878944],[7.1890296019169515,44.329896049165384],[7.188960774487082,44.323091900242794],[7.1891358187453545,44.321669163709146],[7.189216725592718,44.32153540970073],[7.189459243697332,44.321282674652956],[7.189819653445482,44.3209491983693],[7.190189976905399,44.32074080753865],[7.192822439004216,44.32008939062805],[7.192860934321158,44.32008480607424],[7.194039248359617,44.31995525620456],[7.194850744163284,44.319966535155736],[7.194994669274991,44.31996902180791],[7.195146267666889,44.31997748323808],[7.195240609238833,44.31998317686019],[7.202201480640117,44.31614083315386],[7.20855764942034,44.30335764724999],[7.208737820551332,44.30295985551171],[7.2087843031143475,44.3025779642664],[7.2087248927974485,44.302225917674214],[7.208422735095209,44.30173952863552],[7.207214079425578,44.29982546317577],[7.2069417015677555,44.299519580699496],[7.206563352816382,44.29923454512424],[7.204609915835479,44.298345467527845],[7.20286923392156,44.29756496343529],[7.202153222258043,44.29729261174974],[7.201154326907466,44.29707432418613],[7.200543192425063,44.29693413611916],[7.199957190227153,44.29667733713587],[7.199419875849305,44.296416781575545],[7.197585463539575,44.29512293216074],[7.194064642329193,44.292186390526055],[7.19271197485344,44.29077405575559],[7.190258466931833,44.28744465545119],[7.189558400600074,44.28516932431314],[7.191620247513193,44.27693763940703],[7.193617491500192,44.27301671433278],[7.196295055230705,44.26848556296181],[7.198736540522771,44.26206901662943],[7.199016334254885,44.253367615439046],[7.199868795970845,44.24761018798497],[7.199933937762053,44.24730962528986],[7.200990729815246,44.24465239982543],[7.2012520453734155,44.2442063706593],[7.212402377544081,44.23535601260304],[7.216951095207905,44.23291981203311],[7.219883175445898,44.23163311251961],[7.216445802318072,44.22672919153726],[7.213845350084955,44.22257189301014],[7.2143024318158915,44.21931996503484],[7.213480847134072,44.21330664439104],[7.211918338205441,44.211179987286506],[7.209685908256749,44.208394599998115],[7.208469649258523,44.20761476869204],[7.202120249484906,44.20368423034098],[7.199478705447155,44.20223364546843],[7.197654293554641,44.20129555451294],[7.1909977843720005,44.200137312064115],[7.188674215965192,44.19890273213708],[7.1891878070914705,44.19925749027199],[7.188423314400341,44.20010965786606],[7.1879203811088805,44.20063284223376],[7.187306701586822,44.201055255405635],[7.186626534912426,44.20119751381668],[7.1860881033274815,44.20120695829994],[7.185443711561971,44.20099865858447],[7.184915928254853,44.20069354949391],[7.184755125689885,44.20060058852496],[7.183900521054781,44.19990276161373],[7.176551347249932,44.198417213838646],[7.1720916976067315,44.20183907420813],[7.166684503224647,44.20472338621621],[7.160667612386424,44.207084432098455],[7.153402828641438,44.203690114939185],[7.147684805652481,44.20044647936436],[7.147182130304257,44.20011420057468],[7.146207373830558,44.20010737126478],[7.14405249551356,44.20017969932996],[7.142792866035801,44.200498965017495],[7.142752605050319,44.20050973693257],[7.14168985422325,44.200952108257844],[7.141649477456281,44.20096917283275],[7.14083603796875,44.20139403596073],[7.137962179492213,44.20290695886621],[7.132576832256359,44.206551516847355],[7.127339054161707,44.20998190483316],[7.118403498993489,44.21506506108823],[7.102733616315523,44.22018123694623],[7.093828256728738,44.220753177864005],[7.090643156389856,44.22250055081932],[7.090238683444987,44.224942577980144],[7.089106441047746,44.22743502750633],[7.086430040278518,44.22930827558497],[7.07696262969929,44.23197614979715],[7.070512030220887,44.23345186305128],[7.069629508702337,44.233635006742546],[7.068538372224866,44.233688576961676],[7.067574581825322,44.23329414562623],[7.0652468939563535,44.231724227931416],[7.05684721885464,44.22937590244844],[7.05568171359332,44.229788195290766],[7.054975590614632,44.229938222476974],[7.0542634803510404,44.22989008000037],[7.047423652489154,44.22809879176969],[7.04075831134651,44.225589840796296],[7.038193273238288,44.22441142279407],[7.037476816626239,44.22412003511312],[7.036103719696025,44.223997397596975],[7.034977893377271,44.22396901266556],[7.0340844063369605,44.22410668882381],[7.033387408866537,44.22435570517153],[7.032864774978486,44.22476387721989],[7.032834780947976,44.22478739854385],[7.032303181526649,44.225336412252226],[7.030410429762698,44.22746615578544],[7.029555874333082,44.229250332734736],[7.027339376092606,44.23150781357484],[7.022812763837991,44.23319409686434],[7.018682123916292,44.23314951150317],[7.013457252043231,44.233247796106596],[7.008493494209164,44.23562813199256],[7.003947705499513,44.23970810851462],[7.000787807321103,44.243154952501676],[6.997332936256007,44.24864019084168],[6.996954950697787,44.24944383586065],[6.996695430394805,44.25007848992631],[6.996494140004201,44.254495372452254],[6.996622211207572,44.25679348532825],[6.996725159296016,44.25838866082512],[6.9955925194190325,44.27073873915905],[6.9947054819103505,44.27618788801207],[6.994629061881295,44.276960807371765],[6.99468489002048,44.27789807928249],[6.994966452397915,44.27883031837252],[6.99523887567122,44.27966336766257],[6.99568410397651,44.28008981313328],[6.995748880574193,44.28013904373984],[7.000460463056485,44.281442455779576],[7.002883733196251,44.28253292023518],[7.010405651031005,44.288256275623894],[7.013002922053855,44.29354960929291],[7.022460742806782,44.29821125219604],[7.038639719172481,44.30315377761606],[7.051545587614091,44.30811921613996],[7.057203063828933,44.31115408610116],[7.062093410070719,44.310661962733185],[7.078991591818311,44.30472369886952],[7.085985099102862,44.3037737963954],[7.0934838334094845,44.30327241608171],[7.097826568609015,44.30299372734427],[7.099568522254089,44.30301825366883],[7.109639208722583,44.309874504097124],[7.120821748915079,44.31892685585843],[7.122657179259425,44.32115371882874],[7.122166515165034,44.323634933182156],[7.121916897349576,44.32407646759094],[7.120764886302044,44.326083141235586],[7.117363530808388,44.33220303380039],[7.114543221442984,44.34177781745872],[7.119474900233459,44.349334102613284],[7.120502162715467,44.35066991918812],[7.121043453929874,44.35090841429494],[7.124014387514363,44.351925056229916],[7.128273178550871,44.35269266501048],[7.130500314030297,44.35194540911746],[7.135888602115262,44.34994535519033],[7.146763239117525,44.34692638288048],[7.149259191042019,44.34625115232624],[7.149804349406329,44.346169953902695],[7.152073146233382,44.34584658884927],[7.153114121552822,44.34576890141056],[7.153732021714913,44.34574288501283],[7.1543873140271135,44.34576247488354],[7.154762839613023,44.345777542206115],[7.1552874081811195,44.3458895442994],[7.155638499530003,44.34600775936794],[7.156068607898173,44.34619476982938],[7.156872821423079,44.346666888056674],[7.157299948165995,44.3469483558322],[7.159358773150087,44.34677000794959],[7.163306454336476,44.3461538686033],[7.164355143421341,44.345954660610474],[7.167423820843064,44.344644520477104],[7.168026891498043,44.344213076497006],[7.172323606468068,44.338740715835435],[7.180354151068913,44.33499325043396],[7.187698024489492,44.333957740878944]]]},"properties":{"name":"Vinadio","op_id":"866","minint_elettorale":"1010272470","minint_finloc":"1010272470","prov_name":"Cuneo","prov_istat_code":"004","prov_istat_code_num":4,"prov_acr":"CN","prov_iso_3166_2":"IT-CN","reg_name":"Piemonte","reg_istat_code":"01","reg_istat_code_num":1,"reg_iso_3166_2":"IT-21","opdm_id":"735","com_catasto_code":"M055","com_istat_code":"004248","com_istat_code_num":4248}},
{"type":"Feature","geometry":{"type":"Polygon","coordinates":[[[8.002674919487005,44.287405041186304],[8.002950092963031,44.28161865084262],[8.002433258041489,44.280726316233995],[8.002066213091867,44.280245951257754],[8.001708449723418,44.2798422036486],[8.001411524110397,44.27952450117522],[8.000486143046082,44.27872105513166],[7.99945852577423,44.277886869932296],[7.998153904415099,44.27697514008201],[7.997642262553341,44.27664204862802],[7.99702272445602,44.276276495958996],[7.9957646091030306,44.27555870864195],[7.994965119058178,44.27511502856132],[7.993932999777604,44.27463970920957],[7.982743435332061,44.261943517741],[7.9815527159254325,44.25975418327547],[7.981371190877045,44.25920338513599],[7.981194980255137,44.25863912136516],[7.98101688488497,44.25802532991614],[7.980808616667088,44.257132133425756],[7.980743882537742,44.25640234811458],[7.980932554161623,44.25397773931623],[7.979960857849312,44.252920210232034],[7.97638689599401,44.24974619200158],[7.975674431839534,44.24926803401613],[7.975308918358803,44.24904778689406],[7.97478161596369,44.24880448458776],[7.968432014926669,44.246550576986486],[7.965217914998408,44.24551586987355],[7.958257746539051,44.24454961106571],[7.957384282809214,44.24445610599167],[7.9571793966791295,44.24443777710639],[7.956711762511466,44.24439594236204],[7.956600244248742,44.24439249649884],[7.956330103214399,44.244384150407654],[7.956091379871362,44.24437677504744],[7.955520231580213,44.24453810719793],[7.954177127959511,44.24525956427237],[7.954105430112121,44.24557401736985],[7.954044677084737,44.245821028631276],[7.953902596335328,44.24599056181353],[7.953754834411422,44.24616499266874],[7.953463050869291,44.246373897400694],[7.9514689422792735,44.24690029125612],[7.950298189714603,44.24716863621992],[7.947125776049296,44.24754906619196],[7.9502432263256155,44.250083529997966],[7.9513215378591315,44.25200364173785],[7.952031487723967,44.255534846398305],[7.951864486179397,44.25624320470642],[7.951698753700163,44.25694526048303],[7.95135629394809,44.25805540214764],[7.950885254221395,44.2593460865775],[7.9479126383732925,44.26483701608152],[7.946351800302682,44.26721028900258],[7.942097107091485,44.276775821256415],[7.942487893396505,44.277126059396],[7.942756172362875,44.27743013454372],[7.943532223485908,44.278441155592944],[7.943819617110994,44.27911685098017],[7.943967445120302,44.280160233496915],[7.9439886968561355,44.28064747833388],[7.943303202600903,44.282369730796844],[7.94173435911269,44.28544229909505],[7.940722775268781,44.287337498378804],[7.940099356605228,44.288438623850574],[7.939755158224829,44.2901324825463],[7.939726093034144,44.29185627988873],[7.939962391842243,44.29361404852107],[7.940925290479711,44.297422199922984],[7.941081576985522,44.298490504230166],[7.941504886750111,44.3002229905652],[7.943051502061936,44.30428411815781],[7.944683315382438,44.304312687111306],[7.949174009635314,44.30403450421952],[7.956443974418184,44.30340795349683],[7.96210929382198,44.30114371261612],[7.973266266705975,44.29900944562388],[7.982805293185446,44.2947418782273],[7.988342361668796,44.29142394117814],[7.997714759335879,44.28852659787424],[8.002674919487005,44.287405041186304]]]},"properties":{"name":"Viola","op_id":"867","minint_elettorale":"1010272480","minint_finloc":"1010272480","prov_name":"Cuneo","prov_istat_code":"004","prov_istat_code_num":4,"prov_acr":"CN","prov_iso_3166_2":"IT-CN","reg_name":"Piemonte","reg_istat_code":"01","reg_istat_code_num":1,"reg_iso_3166_2":"IT-21","opdm_id":"736","com_catasto_code":"M063","com_istat_code":"004249","com_istat_code_num":4249}},
{"type":"Feature","geometry":{"type":"Polygon","coordinates":[[[7.588163150504767,44.57948224801888],[7.602021003833915,44.57380113125656],[7.596725131790335,44.56826265964793],[7.596149925729933,44.56709427382095],[7.595774294369342,44.56541915033358],[7.595166703305122,44.562557820394574],[7.594272153370513,44.56015082841417],[7.592038530258852,44.55621814733012],[7.584479955008583,44.545965358832646],[7.580308586664841,44.54373946367126],[7.576756673408646,44.54513113945247],[7.570481828321496,44.54636262292719],[7.564932546033706,44.547674921389465],[7.563125145237866,44.55198617791674],[7.556989814602275,44.554371749506494],[7.553339133265934,44.556202547601245],[7.557761159247902,44.559233795806485],[7.561290515135945,44.563009866414106],[7.563576150431316,44.56588343105474],[7.569956622314575,44.570437765127735],[7.5749090397064505,44.57331295755799],[7.586212721610055,44.57896950850197],[7.588163150504767,44.57948224801888]]]},"properties":{"name":"Vottignasco","op_id":"868","minint_elettorale":"1010272490","minint_finloc":"1010272490","prov_name":"Cuneo","prov_istat_code":"004","prov_istat_code_num":4,"prov_acr":"CN","prov_iso_3166_2":"IT-CN","reg_name":"Piemonte","reg_istat_code":"01","reg_istat_code_num":1,"reg_iso_3166_2":"IT-21","opdm_id":"737","com_catasto_code":"M136","com_istat_code":"004250","com_istat_code_num":4250}}
]}